RaceYear,RaceName,Driver,pit_stops,completed_laps,pit_stop_bucket,Abbreviation,GridPosition,Position,TeamName,Status,places_gained_from_grid,finished_ahead_of_grid
2018,Abu Dhabi Grand Prix,ALO,1,54,1,ALO,15.0,11.0,McLaren,+1 Lap,4.0,True
2018,Abu Dhabi Grand Prix,BOT,2,55,2,BOT,2.0,5.0,Mercedes,Finished,-3.0,False
2018,Abu Dhabi Grand Prix,ERI,0,25,0,ERI,12.0,18.0,Sauber,Power loss,-6.0,False
2018,Abu Dhabi Grand Prix,GAS,1,47,1,GAS,17.0,16.0,Toro Rosso,Engine,1.0,True
2018,Abu Dhabi Grand Prix,GRO,1,54,1,GRO,7.0,9.0,Haas F1 Team,+1 Lap,-2.0,False
2018,Abu Dhabi Grand Prix,HAM,1,55,1,HAM,1.0,1.0,Mercedes,Finished,0.0,False
2018,Abu Dhabi Grand Prix,HAR,1,54,1,HAR,16.0,12.0,Toro Rosso,+1 Lap,4.0,True
2018,Abu Dhabi Grand Prix,HUL,0,1,0,HUL,10.0,20.0,Renault,Collision,-10.0,False
2018,Abu Dhabi Grand Prix,LEC,1,55,1,LEC,8.0,7.0,Sauber,Finished,1.0,True
2018,Abu Dhabi Grand Prix,MAG,1,54,1,MAG,13.0,10.0,Haas F1 Team,+1 Lap,3.0,True
2018,Abu Dhabi Grand Prix,OCO,2,45,2,OCO,9.0,17.0,Racing Point,Engine,-8.0,False
2018,Abu Dhabi Grand Prix,PER,1,55,1,PER,14.0,8.0,Racing Point,Finished,6.0,True
2018,Abu Dhabi Grand Prix,RAI,1,7,1,RAI,4.0,19.0,Ferrari,Power loss,-15.0,False
2018,Abu Dhabi Grand Prix,RIC,1,55,1,RIC,5.0,4.0,Red Bull Racing,Finished,1.0,True
2018,Abu Dhabi Grand Prix,SAI,1,55,1,SAI,11.0,6.0,Renault,Finished,5.0,True
2018,Abu Dhabi Grand Prix,SIR,1,54,1,SIR,19.0,15.0,Williams,+1 Lap,4.0,True
2018,Abu Dhabi Grand Prix,STR,1,54,1,STR,20.0,13.0,Williams,+1 Lap,7.0,True
2018,Abu Dhabi Grand Prix,VAN,1,54,1,VAN,18.0,14.0,McLaren,+1 Lap,4.0,True
2018,Abu Dhabi Grand Prix,VER,1,55,1,VER,6.0,3.0,Red Bull Racing,Finished,3.0,True
2018,Abu Dhabi Grand Prix,VET,1,55,1,VET,3.0,2.0,Ferrari,Finished,1.0,True
2018,Australian Grand Prix,ALO,1,58,1,ALO,10.0,5.0,McLaren,Finished,5.0,True
2018,Australian Grand Prix,BOT,1,58,1,BOT,15.0,8.0,Mercedes,Finished,7.0,True
2018,Australian Grand Prix,ERI,1,6,1,ERI,17.0,19.0,Sauber,Steering,-2.0,False
2018,Australian Grand Prix,GAS,1,14,1,GAS,20.0,18.0,Toro Rosso,Engine,2.0,True
2018,Australian Grand Prix,GRO,1,24,1,GRO,6.0,16.0,Haas F1 Team,Wheel,-10.0,False
2018,Australian Grand Prix,HAM,1,58,1,HAM,1.0,2.0,Mercedes,Finished,-1.0,False
2018,Australian Grand Prix,HAR,2,57,2,HAR,16.0,15.0,Toro Rosso,+1 Lap,1.0,True
2018,Australian Grand Prix,HUL,1,58,1,HUL,7.0,7.0,Renault,Finished,0.0,False
2018,Australian Grand Prix,LEC,2,58,2,LEC,18.0,13.0,Sauber,Finished,5.0,True
2018,Australian Grand Prix,MAG,1,22,1,MAG,5.0,17.0,Haas F1 Team,Wheel,-12.0,False
2018,Australian Grand Prix,OCO,1,58,1,OCO,14.0,12.0,Force India,Finished,2.0,True
2018,Australian Grand Prix,PER,1,58,1,PER,12.0,11.0,Force India,Finished,1.0,True
2018,Australian Grand Prix,RAI,1,58,1,RAI,2.0,3.0,Ferrari,Finished,-1.0,False
2018,Australian Grand Prix,RIC,1,58,1,RIC,8.0,4.0,Red Bull Racing,Finished,4.0,True
2018,Australian Grand Prix,SAI,1,58,1,SAI,9.0,10.0,Renault,Finished,-1.0,False
2018,Australian Grand Prix,SIR,0,5,0,SIR,19.0,20.0,Williams,Brakes,-1.0,False
2018,Australian Grand Prix,STR,2,58,2,STR,13.0,14.0,Williams,Finished,-1.0,False
2018,Australian Grand Prix,VAN,1,58,1,VAN,11.0,9.0,McLaren,Finished,2.0,True
2018,Australian Grand Prix,VER,1,58,1,VER,4.0,6.0,Red Bull Racing,Finished,-2.0,False
2018,Australian Grand Prix,VET,1,58,1,VET,3.0,1.0,Ferrari,Finished,2.0,True
2018,Austrian Grand Prix,ALO,1,70,1,ALO,13.0,8.0,McLaren,+1 Lap,5.0,True
2018,Austrian Grand Prix,BOT,0,14,0,BOT,1.0,19.0,Mercedes,Hydraulics,-18.0,False
2018,Austrian Grand Prix,ERI,1,70,1,ERI,20.0,10.0,Sauber,+1 Lap,10.0,True
2018,Austrian Grand Prix,GAS,1,70,1,GAS,12.0,11.0,Toro Rosso,+1 Lap,1.0,True
2018,Austrian Grand Prix,GRO,1,70,1,GRO,5.0,4.0,Haas F1 Team,+1 Lap,1.0,True
2018,Austrian Grand Prix,HAM,2,63,2,HAM,2.0,16.0,Mercedes,Fuel pressure,-14.0,False
2018,Austrian Grand Prix,HAR,0,55,0,HAR,19.0,17.0,Toro Rosso,Hydraulics,2.0,True
2018,Austrian Grand Prix,HUL,0,12,0,HUL,10.0,20.0,Renault,Engine,-10.0,False
2018,Austrian Grand Prix,LEC,1,70,1,LEC,18.0,9.0,Sauber,+1 Lap,9.0,True
2018,Austrian Grand Prix,MAG,1,70,1,MAG,8.0,5.0,Haas F1 Team,+1 Lap,3.0,True
2018,Austrian Grand Prix,OCO,1,70,1,OCO,11.0,6.0,Force India,+1 Lap,5.0,True
2018,Austrian Grand Prix,PER,1,70,1,PER,16.0,7.0,Force India,+1 Lap,9.0,True
2018,Austrian Grand Prix,RAI,1,71,1,RAI,3.0,2.0,Ferrari,Finished,1.0,True
2018,Austrian Grand Prix,RIC,2,54,2,RIC,7.0,18.0,Red Bull Racing,Exhaust,-11.0,False
2018,Austrian Grand Prix,SAI,2,70,2,SAI,9.0,12.0,Renault,+1 Lap,-3.0,False
2018,Austrian Grand Prix,SIR,2,69,2,SIR,17.0,13.0,Williams,+2 Laps,4.0,True
2018,Austrian Grand Prix,STR,2,69,2,STR,14.0,14.0,Williams,+2 Laps,0.0,False
2018,Austrian Grand Prix,VAN,3,65,3,VAN,15.0,15.0,McLaren,Collision damage,0.0,False
2018,Austrian Grand Prix,VER,1,71,1,VER,4.0,1.0,Red Bull Racing,Finished,3.0,True
2018,Austrian Grand Prix,VET,1,71,1,VET,6.0,3.0,Ferrari,Finished,3.0,True
2018,Azerbaijan Grand Prix,ALO,2,51,2,ALO,12.0,7.0,McLaren,Finished,5.0,True
2018,Azerbaijan Grand Prix,BOT,1,49,1,BOT,3.0,14.0,Mercedes,Puncture,-11.0,False
2018,Azerbaijan Grand Prix,ERI,4,51,4+,ERI,18.0,11.0,Sauber,Finished,7.0,True
2018,Azerbaijan Grand Prix,GAS,2,51,2,GAS,17.0,12.0,Toro Rosso,Finished,5.0,True
2018,Azerbaijan Grand Prix,GRO,2,43,2,GRO,20.0,15.0,Haas F1 Team,Accident,5.0,True
2018,Azerbaijan Grand Prix,HAM,2,51,2,HAM,2.0,1.0,Mercedes,Finished,1.0,True
2018,Azerbaijan Grand Prix,HAR,3,51,3,HAR,19.0,10.0,Toro Rosso,Finished,9.0,True
2018,Azerbaijan Grand Prix,HUL,0,11,0,HUL,14.0,18.0,Renault,Accident,-4.0,False
2018,Azerbaijan Grand Prix,LEC,2,51,2,LEC,13.0,6.0,Sauber,Finished,7.0,True
2018,Azerbaijan Grand Prix,MAG,2,51,2,MAG,15.0,13.0,Haas F1 Team,Finished,2.0,True
2018,Azerbaijan Grand Prix,OCO,0,1,0,OCO,7.0,19.0,Force India,Collision,-12.0,False
2018,Azerbaijan Grand Prix,PER,2,51,2,PER,8.0,3.0,Force India,Finished,5.0,True
2018,Azerbaijan Grand Prix,RAI,2,51,2,RAI,6.0,2.0,Ferrari,Finished,4.0,True
2018,Azerbaijan Grand Prix,RIC,1,40,1,RIC,4.0,17.0,Red Bull Racing,Collision,-13.0,False
2018,Azerbaijan Grand Prix,SAI,2,51,2,SAI,9.0,5.0,Renault,Finished,4.0,True
2018,Azerbaijan Grand Prix,SIR,0,1,0,SIR,11.0,20.0,Williams,Collision,-9.0,False
2018,Azerbaijan Grand Prix,STR,2,51,2,STR,10.0,8.0,Williams,Finished,2.0,True
2018,Azerbaijan Grand Prix,VAN,4,51,4+,VAN,16.0,9.0,McLaren,Finished,7.0,True
2018,Azerbaijan Grand Prix,VER,1,40,1,VER,5.0,16.0,Red Bull Racing,Collision,-11.0,False
2018,Azerbaijan Grand Prix,VET,2,51,2,VET,1.0,4.0,Ferrari,Finished,-3.0,False
2018,Bahrain Grand Prix,ALO,2,56,2,ALO,13.0,7.0,McLaren,+1 Lap,6.0,True
2018,Bahrain Grand Prix,BOT,1,57,1,BOT,3.0,2.0,Mercedes,Finished,1.0,True
2018,Bahrain Grand Prix,ERI,1,56,1,ERI,17.0,9.0,Sauber,+1 Lap,8.0,True
2018,Bahrain Grand Prix,GAS,2,57,2,GAS,5.0,4.0,Toro Rosso,Finished,1.0,True
2018,Bahrain Grand Prix,GRO,3,56,3,GRO,16.0,13.0,Haas F1 Team,+1 Lap,3.0,True
2018,Bahrain Grand Prix,HAM,1,57,1,HAM,9.0,3.0,Mercedes,Finished,6.0,True
2018,Bahrain Grand Prix,HAR,2,56,2,HAR,11.0,17.0,Toro Rosso,+1 Lap,-6.0,False
2018,Bahrain Grand Prix,HUL,2,57,2,HUL,7.0,6.0,Renault,Finished,1.0,True
2018,Bahrain Grand Prix,LEC,2,56,2,LEC,19.0,12.0,Sauber,+1 Lap,7.0,True
2018,Bahrain Grand Prix,MAG,2,57,2,MAG,6.0,5.0,Haas F1 Team,Finished,1.0,True
2018,Bahrain Grand Prix,OCO,2,56,2,OCO,8.0,10.0,Force India,+1 Lap,-2.0,False
2018,Bahrain Grand Prix,PER,2,56,2,PER,12.0,16.0,Force India,+1 Lap,-4.0,False
2018,Bahrain Grand Prix,RAI,2,34,2,RAI,2.0,18.0,Ferrari,Wheel,-16.0,False
2018,Bahrain Grand Prix,RIC,0,2,0,RIC,4.0,20.0,Red Bull Racing,Electrical,-16.0,False
2018,Bahrain Grand Prix,SAI,2,56,2,SAI,10.0,11.0,Renault,+1 Lap,-1.0,False
2018,Bahrain Grand Prix,SIR,2,56,2,SIR,18.0,15.0,Williams,+1 Lap,3.0,True
2018,Bahrain Grand Prix,STR,2,56,2,STR,20.0,14.0,Williams,+1 Lap,6.0,True
2018,Bahrain Grand Prix,VAN,2,56,2,VAN,14.0,8.0,McLaren,+1 Lap,6.0,True
2018,Bahrain Grand Prix,VER,1,4,1,VER,15.0,19.0,Red Bull Racing,Puncture,-4.0,False
2018,Bahrain Grand Prix,VET,1,57,1,VET,1.0,1.0,Ferrari,Finished,0.0,False
2018,Belgian Grand Prix,ALO,0,1,0,ALO,15.0,19.0,McLaren,Accident,-4.0,False
2018,Belgian Grand Prix,BOT,3,44,3,BOT,19.0,4.0,Mercedes,Finished,15.0,True
2018,Belgian Grand Prix,ERI,2,43,2,ERI,13.0,10.0,Sauber,+1 Lap,3.0,True
2018,Belgian Grand Prix,GAS,2,44,2,GAS,10.0,9.0,Toro Rosso,Finished,1.0,True
2018,Belgian Grand Prix,GRO,2,44,2,GRO,5.0,7.0,Haas F1 Team,Finished,-2.0,False
2018,Belgian Grand Prix,HAM,2,44,2,HAM,1.0,2.0,Mercedes,Finished,-1.0,False
2018,Belgian Grand Prix,HAR,2,43,2,HAR,11.0,14.0,Toro Rosso,+1 Lap,-3.0,False
2018,Belgian Grand Prix,HUL,0,1,0,HUL,20.0,20.0,Renault,Accident,0.0,False
2018,Belgian Grand Prix,LEC,0,1,0,LEC,12.0,18.0,Sauber,Accident,-6.0,False
2018,Belgian Grand Prix,MAG,2,44,2,MAG,9.0,8.0,Haas F1 Team,Finished,1.0,True
2018,Belgian Grand Prix,OCO,2,44,2,OCO,3.0,6.0,Racing Point,Finished,-3.0,False
2018,Belgian Grand Prix,PER,2,44,2,PER,4.0,5.0,Racing Point,Finished,-1.0,False
2018,Belgian Grand Prix,RAI,3,8,3,RAI,6.0,17.0,Ferrari,Brakes,-11.0,False
2018,Belgian Grand Prix,RIC,2,28,2,RIC,8.0,16.0,Red Bull Racing,Retired,-8.0,False
2018,Belgian Grand Prix,SAI,2,43,2,SAI,14.0,11.0,Renault,+1 Lap,3.0,True
2018,Belgian Grand Prix,SIR,2,43,2,SIR,16.0,12.0,Williams,+1 Lap,4.0,True
2018,Belgian Grand Prix,STR,2,43,2,STR,17.0,13.0,Williams,+1 Lap,4.0,True
2018,Belgian Grand Prix,VAN,3,43,3,VAN,18.0,15.0,McLaren,+1 Lap,3.0,True
2018,Belgian Grand Prix,VER,2,44,2,VER,7.0,3.0,Red Bull Racing,Finished,4.0,True
2018,Belgian Grand Prix,VET,2,44,2,VET,2.0,1.0,Ferrari,Finished,1.0,True
2018,Brazilian Grand Prix,ALO,2,69,2,ALO,17.0,17.0,McLaren,+2 Laps,0.0,False
2018,Brazilian Grand Prix,BOT,2,71,2,BOT,3.0,5.0,Mercedes,Finished,-2.0,False
2018,Brazilian Grand Prix,ERI,2,20,2,ERI,6.0,20.0,Sauber,Collision,-14.0,False
2018,Brazilian Grand Prix,GAS,1,70,1,GAS,9.0,13.0,Toro Rosso,+1 Lap,-4.0,False
2018,Brazilian Grand Prix,GRO,1,71,1,GRO,8.0,8.0,Haas F1 Team,Finished,0.0,False
2018,Brazilian Grand Prix,HAM,1,71,1,HAM,1.0,1.0,Mercedes,Finished,0.0,False
2018,Brazilian Grand Prix,HAR,1,70,1,HAR,16.0,11.0,Toro Rosso,+1 Lap,5.0,True
2018,Brazilian Grand Prix,HUL,1,32,1,HUL,13.0,19.0,Renault,Overheating,-6.0,False
2018,Brazilian Grand Prix,LEC,1,71,1,LEC,7.0,7.0,Sauber,Finished,0.0,False
2018,Brazilian Grand Prix,MAG,1,71,1,MAG,10.0,9.0,Haas F1 Team,Finished,1.0,True
2018,Brazilian Grand Prix,OCO,2,70,2,OCO,18.0,15.0,Racing Point,+1 Lap,3.0,True
2018,Brazilian Grand Prix,PER,1,70,1,PER,12.0,10.0,Racing Point,+1 Lap,2.0,True
2018,Brazilian Grand Prix,RAI,1,71,1,RAI,4.0,3.0,Ferrari,Finished,1.0,True
2018,Brazilian Grand Prix,RIC,1,71,1,RIC,11.0,4.0,Red Bull Racing,Finished,7.0,True
2018,Brazilian Grand Prix,SAI,2,70,2,SAI,15.0,12.0,Renault,+1 Lap,3.0,True
2018,Brazilian Grand Prix,SIR,1,69,1,SIR,14.0,16.0,Williams,+2 Laps,-2.0,False
2018,Brazilian Grand Prix,STR,2,69,2,STR,19.0,18.0,Williams,+2 Laps,1.0,True
2018,Brazilian Grand Prix,VAN,1,70,1,VAN,20.0,14.0,McLaren,+1 Lap,6.0,True
2018,Brazilian Grand Prix,VER,1,71,1,VER,5.0,2.0,Red Bull Racing,Finished,3.0,True
2018,Brazilian Grand Prix,VET,2,71,2,VET,2.0,6.0,Ferrari,Finished,-4.0,False
2018,British Grand Prix,ALO,2,52,2,ALO,13.0,8.0,McLaren,Finished,5.0,True
2018,British Grand Prix,BOT,1,52,1,BOT,4.0,4.0,Mercedes,Finished,0.0,False
2018,British Grand Prix,ERI,1,32,1,ERI,15.0,18.0,Sauber,Accident,-3.0,False
2018,British Grand Prix,GAS,2,52,2,GAS,14.0,13.0,Toro Rosso,Finished,1.0,True
2018,British Grand Prix,GRO,1,38,1,GRO,8.0,16.0,Haas F1 Team,Collision,-8.0,False
2018,British Grand Prix,HAM,1,52,1,HAM,1.0,2.0,Mercedes,Finished,-1.0,False
2018,British Grand Prix,HUL,1,52,1,HUL,11.0,6.0,Renault,Finished,5.0,True
2018,British Grand Prix,LEC,1,18,1,LEC,9.0,19.0,Sauber,Tyre,-10.0,False
2018,British Grand Prix,MAG,1,52,1,MAG,7.0,9.0,Haas F1 Team,Finished,-2.0,False
2018,British Grand Prix,OCO,1,52,1,OCO,10.0,7.0,Force India,Finished,3.0,True
2018,British Grand Prix,PER,2,52,2,PER,12.0,10.0,Force India,Finished,2.0,True
2018,British Grand Prix,RAI,2,52,2,RAI,3.0,3.0,Ferrari,Finished,0.0,False
2018,British Grand Prix,RIC,2,52,2,RIC,6.0,5.0,Red Bull Racing,Finished,1.0,True
2018,British Grand Prix,SAI,2,38,2,SAI,16.0,17.0,Renault,Collision,-1.0,False
2018,British Grand Prix,SIR,1,52,1,SIR,18.0,14.0,Williams,Finished,4.0,True
2018,British Grand Prix,STR,1,52,1,STR,19.0,12.0,Williams,Finished,7.0,True
2018,British Grand Prix,VAN,2,52,2,VAN,17.0,11.0,McLaren,Finished,6.0,True
2018,British Grand Prix,VER,2,47,2,VER,5.0,15.0,Red Bull Racing,Brakes,-10.0,False
2018,British Grand Prix,VET,2,52,2,VET,2.0,1.0,Ferrari,Finished,1.0,True
2018,Canadian Grand Prix,ALO,2,41,2,ALO,14.0,18.0,McLaren,Exhaust,-4.0,False
2018,Canadian Grand Prix,BOT,1,70,1,BOT,2.0,2.0,Mercedes,Finished,0.0,False
2018,Canadian Grand Prix,ERI,1,68,1,ERI,19.0,15.0,Sauber,+2 Laps,4.0,True
2018,Canadian Grand Prix,GAS,1,69,1,GAS,16.0,11.0,Toro Rosso,+1 Lap,5.0,True
2018,Canadian Grand Prix,GRO,1,69,1,GRO,20.0,12.0,Haas F1 Team,+1 Lap,8.0,True
2018,Canadian Grand Prix,HAM,1,70,1,HAM,4.0,5.0,Mercedes,Finished,-1.0,False
2018,Canadian Grand Prix,HAR,0,1,0,HAR,12.0,19.0,Toro Rosso,Collision,-7.0,False
2018,Canadian Grand Prix,HUL,1,69,1,HUL,7.0,7.0,Renault,+1 Lap,0.0,False
2018,Canadian Grand Prix,LEC,1,69,1,LEC,13.0,10.0,Sauber,+1 Lap,3.0,True
2018,Canadian Grand Prix,MAG,1,69,1,MAG,11.0,13.0,Haas F1 Team,+1 Lap,-2.0,False
2018,Canadian Grand Prix,OCO,1,69,1,OCO,8.0,9.0,Force India,+1 Lap,-1.0,False
2018,Canadian Grand Prix,PER,2,69,2,PER,10.0,14.0,Force India,+1 Lap,-4.0,False
2018,Canadian Grand Prix,RAI,1,70,1,RAI,5.0,6.0,Ferrari,Finished,-1.0,False
2018,Canadian Grand Prix,RIC,1,70,1,RIC,6.0,4.0,Red Bull Racing,Finished,2.0,True
2018,Canadian Grand Prix,SAI,1,69,1,SAI,9.0,8.0,Renault,+1 Lap,1.0,True
2018,Canadian Grand Prix,SIR,1,68,1,SIR,18.0,17.0,Williams,+2 Laps,1.0,True
2018,Canadian Grand Prix,STR,0,1,0,STR,17.0,20.0,Williams,Collision,-3.0,False
2018,Canadian Grand Prix,VAN,2,68,2,VAN,15.0,16.0,McLaren,+2 Laps,-1.0,False
2018,Canadian Grand Prix,VER,1,70,1,VER,3.0,3.0,Red Bull Racing,Finished,0.0,False
2018,Canadian Grand Prix,VET,1,70,1,VET,1.0,1.0,Ferrari,Finished,0.0,False
2018,Chinese Grand Prix,ALO,1,56,1,ALO,13.0,7.0,McLaren,Finished,6.0,True
2018,Chinese Grand Prix,BOT,1,56,1,BOT,3.0,2.0,Mercedes,Finished,1.0,True
2018,Chinese Grand Prix,ERI,1,56,1,ERI,20.0,16.0,Sauber,Finished,4.0,True
2018,Chinese Grand Prix,GAS,2,56,2,GAS,17.0,18.0,Toro Rosso,Finished,-1.0,False
2018,Chinese Grand Prix,GRO,2,56,2,GRO,10.0,17.0,Haas F1 Team,Finished,-7.0,False
2018,Chinese Grand Prix,HAM,1,56,1,HAM,4.0,4.0,Mercedes,Finished,0.0,False
2018,Chinese Grand Prix,HAR,3,51,3,HAR,15.0,20.0,Toro Rosso,Collision damage,-5.0,False
2018,Chinese Grand Prix,HUL,2,56,2,HUL,7.0,6.0,Renault,Finished,1.0,True
2018,Chinese Grand Prix,LEC,1,56,1,LEC,19.0,19.0,Sauber,Finished,0.0,False
2018,Chinese Grand Prix,MAG,1,56,1,MAG,11.0,10.0,Haas F1 Team,Finished,1.0,True
2018,Chinese Grand Prix,OCO,2,56,2,OCO,12.0,11.0,Force India,Finished,1.0,True
2018,Chinese Grand Prix,PER,2,56,2,PER,8.0,12.0,Force India,Finished,-4.0,False
2018,Chinese Grand Prix,RAI,1,56,1,RAI,2.0,3.0,Ferrari,Finished,-1.0,False
2018,Chinese Grand Prix,RIC,2,56,2,RIC,6.0,1.0,Red Bull Racing,Finished,5.0,True
2018,Chinese Grand Prix,SAI,2,56,2,SAI,9.0,9.0,Renault,Finished,0.0,False
2018,Chinese Grand Prix,SIR,2,56,2,SIR,16.0,15.0,Williams,Finished,1.0,True
2018,Chinese Grand Prix,STR,1,56,1,STR,18.0,14.0,Williams,Finished,4.0,True
2018,Chinese Grand Prix,VAN,1,56,1,VAN,14.0,13.0,McLaren,Finished,1.0,True
2018,Chinese Grand Prix,VER,2,56,2,VER,5.0,5.0,Red Bull Racing,Finished,0.0,False
2018,Chinese Grand Prix,VET,1,56,1,VET,1.0,8.0,Ferrari,Finished,-7.0,False
2018,French Grand Prix,ALO,3,51,3,ALO,16.0,16.0,McLaren,Wheel,0.0,False
2018,French Grand Prix,BOT,2,53,2,BOT,2.0,7.0,Mercedes,Finished,-5.0,False
2018,French Grand Prix,ERI,1,52,1,ERI,15.0,13.0,Sauber,+1 Lap,2.0,True
2018,French Grand Prix,GAS,0,1,0,GAS,14.0,20.0,Toro Rosso,Collision,-6.0,False
2018,French Grand Prix,GRO,1,52,1,GRO,10.0,11.0,Haas F1 Team,+1 Lap,-1.0,False
2018,French Grand Prix,HAM,1,53,1,HAM,1.0,1.0,Mercedes,Finished,0.0,False
2018,French Grand Prix,HAR,1,52,1,HAR,20.0,14.0,Toro Rosso,+1 Lap,6.0,True
2018,French Grand Prix,HUL,1,53,1,HUL,12.0,9.0,Renault,Finished,3.0,True
2018,French Grand Prix,LEC,1,53,1,LEC,8.0,10.0,Sauber,Finished,-2.0,False
2018,French Grand Prix,MAG,1,53,1,MAG,9.0,6.0,Haas F1 Team,Finished,3.0,True
2018,French Grand Prix,OCO,0,1,0,OCO,11.0,19.0,Force India,Collision,-8.0,False
2018,French Grand Prix,PER,1,28,1,PER,13.0,18.0,Force India,Engine,-5.0,False
2018,French Grand Prix,RAI,1,53,1,RAI,6.0,3.0,Ferrari,Finished,3.0,True
2018,French Grand Prix,RIC,1,53,1,RIC,5.0,4.0,Red Bull Racing,Finished,1.0,True
2018,French Grand Prix,SAI,1,53,1,SAI,7.0,8.0,Renault,Finished,-1.0,False
2018,French Grand Prix,SIR,1,52,1,SIR,18.0,15.0,Williams,+1 Lap,3.0,True
2018,French Grand Prix,STR,1,49,1,STR,19.0,17.0,Williams,Puncture,2.0,True
2018,French Grand Prix,VAN,1,52,1,VAN,17.0,12.0,McLaren,+1 Lap,5.0,True
2018,French Grand Prix,VER,1,53,1,VER,4.0,2.0,Red Bull Racing,Finished,2.0,True
2018,French Grand Prix,VET,2,53,2,VET,3.0,5.0,Ferrari,Finished,-2.0,False
2018,German Grand Prix,ALO,4,65,4+,ALO,11.0,16.0,McLaren,Retired,-5.0,False
2018,German Grand Prix,BOT,2,67,2,BOT,2.0,2.0,Mercedes,Finished,0.0,False
2018,German Grand Prix,ERI,1,67,1,ERI,13.0,9.0,Sauber,Finished,4.0,True
2018,German Grand Prix,GAS,2,66,2,GAS,16.0,14.0,Toro Rosso,+1 Lap,2.0,True
2018,German Grand Prix,GRO,3,67,3,GRO,6.0,6.0,Haas F1 Team,Finished,0.0,False
2018,German Grand Prix,HAM,1,67,1,HAM,14.0,1.0,Mercedes,Finished,13.0,True
2018,German Grand Prix,HAR,2,67,2,HAR,17.0,10.0,Toro Rosso,Finished,7.0,True
2018,German Grand Prix,HUL,3,67,3,HUL,7.0,5.0,Renault,Finished,2.0,True
2018,German Grand Prix,LEC,3,66,3,LEC,9.0,15.0,Sauber,+1 Lap,-6.0,False
2018,German Grand Prix,MAG,3,67,3,MAG,5.0,11.0,Haas F1 Team,Finished,-6.0,False
2018,German Grand Prix,OCO,1,67,1,OCO,15.0,8.0,Force India,Finished,7.0,True
2018,German Grand Prix,PER,1,67,1,PER,10.0,7.0,Force India,Finished,3.0,True
2018,German Grand Prix,RAI,2,67,2,RAI,3.0,3.0,Ferrari,Finished,0.0,False
2018,German Grand Prix,RIC,0,28,0,RIC,20.0,20.0,Red Bull Racing,Engine,0.0,False
2018,German Grand Prix,SAI,3,67,3,SAI,8.0,12.0,Renault,Finished,-4.0,False
2018,German Grand Prix,SIR,2,51,2,SIR,12.0,19.0,Williams,Engine,-7.0,False
2018,German Grand Prix,STR,3,53,3,STR,18.0,17.0,Williams,Engine,1.0,True
2018,German Grand Prix,VAN,2,67,2,VAN,19.0,13.0,McLaren,Finished,6.0,True
2018,German Grand Prix,VER,3,67,3,VER,4.0,4.0,Red Bull Racing,Finished,0.0,False
2018,German Grand Prix,VET,1,52,1,VET,1.0,18.0,Ferrari,Accident,-17.0,False
2018,Hungarian Grand Prix,ALO,1,69,1,ALO,11.0,8.0,McLaren,+1 Lap,3.0,True
2018,Hungarian Grand Prix,BOT,1,70,1,BOT,2.0,5.0,Mercedes,Finished,-3.0,False
2018,Hungarian Grand Prix,ERI,1,68,1,ERI,14.0,15.0,Sauber,+2 Laps,-1.0,False
2018,Hungarian Grand Prix,GAS,1,70,1,GAS,6.0,6.0,Toro Rosso,Finished,0.0,False
2018,Hungarian Grand Prix,GRO,1,69,1,GRO,10.0,10.0,Haas F1 Team,+1 Lap,0.0,False
2018,Hungarian Grand Prix,HAM,1,70,1,HAM,1.0,1.0,Mercedes,Finished,0.0,False
2018,Hungarian Grand Prix,HAR,1,69,1,HAR,8.0,11.0,Toro Rosso,+1 Lap,-3.0,False
2018,Hungarian Grand Prix,HUL,2,69,2,HUL,13.0,12.0,Renault,+1 Lap,1.0,True
2018,Hungarian Grand Prix,LEC,0,1,0,LEC,17.0,20.0,Sauber,Suspension,-3.0,False
2018,Hungarian Grand Prix,MAG,1,69,1,MAG,9.0,7.0,Haas F1 Team,+1 Lap,2.0,True
2018,Hungarian Grand Prix,OCO,1,69,1,OCO,18.0,13.0,Force India,+1 Lap,5.0,True
2018,Hungarian Grand Prix,PER,1,69,1,PER,19.0,14.0,Force India,+1 Lap,5.0,True
2018,Hungarian Grand Prix,RAI,2,70,2,RAI,3.0,3.0,Ferrari,Finished,0.0,False
2018,Hungarian Grand Prix,RIC,1,70,1,RIC,12.0,4.0,Red Bull Racing,Finished,8.0,True
2018,Hungarian Grand Prix,SAI,1,69,1,SAI,5.0,9.0,Renault,+1 Lap,-4.0,False
2018,Hungarian Grand Prix,SIR,1,68,1,SIR,20.0,16.0,Williams,+2 Laps,4.0,True
2018,Hungarian Grand Prix,STR,1,68,1,STR,15.0,17.0,Williams,+2 Laps,-2.0,False
2018,Hungarian Grand Prix,VAN,1,50,1,VAN,16.0,18.0,McLaren,Gearbox,-2.0,False
2018,Hungarian Grand Prix,VER,0,6,0,VER,7.0,19.0,Red Bull Racing,Power loss,-12.0,False
2018,Hungarian Grand Prix,VET,1,70,1,VET,4.0,2.0,Ferrari,Finished,2.0,True
2018,Japanese Grand Prix,ALO,1,52,1,ALO,18.0,14.0,McLaren,+1 Lap,4.0,True
2018,Japanese Grand Prix,BOT,1,53,1,BOT,2.0,2.0,Mercedes,Finished,0.0,False
2018,Japanese Grand Prix,ERI,1,52,1,ERI,20.0,12.0,Sauber,+1 Lap,8.0,True
2018,Japanese Grand Prix,GAS,1,52,1,GAS,7.0,11.0,Toro Rosso,+1 Lap,-4.0,False
2018,Japanese Grand Prix,GRO,1,53,1,GRO,5.0,8.0,Haas F1 Team,Finished,-3.0,False
2018,Japanese Grand Prix,HAM,1,53,1,HAM,1.0,1.0,Mercedes,Finished,0.0,False
2018,Japanese Grand Prix,HAR,1,52,1,HAR,6.0,13.0,Toro Rosso,+1 Lap,-7.0,False
2018,Japanese Grand Prix,HUL,2,37,2,HUL,16.0,19.0,Renault,Engine,-3.0,False
2018,Japanese Grand Prix,LEC,2,39,2,LEC,10.0,18.0,Sauber,Mechanical,-8.0,False
2018,Japanese Grand Prix,MAG,2,8,2,MAG,12.0,20.0,Haas F1 Team,Collision damage,-8.0,False
2018,Japanese Grand Prix,OCO,1,53,1,OCO,11.0,9.0,Racing Point,Finished,2.0,True
2018,Japanese Grand Prix,PER,1,53,1,PER,9.0,7.0,Racing Point,Finished,2.0,True
2018,Japanese Grand Prix,RAI,1,53,1,RAI,4.0,5.0,Ferrari,Finished,-1.0,False
2018,Japanese Grand Prix,RIC,1,53,1,RIC,15.0,4.0,Red Bull Racing,Finished,11.0,True
2018,Japanese Grand Prix,SAI,1,52,1,SAI,13.0,10.0,Renault,+1 Lap,3.0,True
2018,Japanese Grand Prix,SIR,2,52,2,SIR,17.0,16.0,Williams,+1 Lap,1.0,True
2018,Japanese Grand Prix,STR,2,52,2,STR,14.0,17.0,Williams,+1 Lap,-3.0,False
2018,Japanese Grand Prix,VAN,1,52,1,VAN,19.0,15.0,McLaren,+1 Lap,4.0,True
2018,Japanese Grand Prix,VER,1,53,1,VER,3.0,3.0,Red Bull Racing,Finished,0.0,False
2018,Japanese Grand Prix,VET,1,53,1,VET,8.0,6.0,Ferrari,Finished,2.0,True
2018,Mexican Grand Prix,ALO,0,4,0,ALO,12.0,20.0,McLaren,Engine,-8.0,False
2018,Mexican Grand Prix,BOT,3,70,3,BOT,5.0,5.0,Mercedes,+1 Lap,0.0,False
2018,Mexican Grand Prix,ERI,1,69,1,ERI,10.0,9.0,Sauber,+2 Laps,1.0,True
2018,Mexican Grand Prix,GAS,2,69,2,GAS,20.0,10.0,Toro Rosso,+2 Laps,10.0,True
2018,Mexican Grand Prix,GRO,2,68,2,GRO,18.0,16.0,Haas F1 Team,+3 Laps,2.0,True
2018,Mexican Grand Prix,HAM,2,71,2,HAM,3.0,4.0,Mercedes,Finished,-1.0,False
2018,Mexican Grand Prix,HAR,2,69,2,HAR,14.0,14.0,Toro Rosso,+2 Laps,0.0,False
2018,Mexican Grand Prix,HUL,1,69,1,HUL,7.0,6.0,Renault,+2 Laps,1.0,True
2018,Mexican Grand Prix,LEC,1,69,1,LEC,9.0,7.0,Sauber,+2 Laps,2.0,True
2018,Mexican Grand Prix,MAG,1,69,1,MAG,16.0,15.0,Haas F1 Team,+2 Laps,1.0,True
2018,Mexican Grand Prix,OCO,2,69,2,OCO,11.0,11.0,Racing Point,+2 Laps,0.0,False
2018,Mexican Grand Prix,PER,2,38,2,PER,13.0,18.0,Racing Point,Brakes,-5.0,False
2018,Mexican Grand Prix,RAI,1,71,1,RAI,6.0,3.0,Ferrari,Finished,3.0,True
2018,Mexican Grand Prix,RIC,1,62,1,RIC,1.0,17.0,Red Bull Racing,Engine,-16.0,False
2018,Mexican Grand Prix,SAI,1,29,1,SAI,8.0,19.0,Renault,Suspension,-11.0,False
2018,Mexican Grand Prix,SIR,1,69,1,SIR,19.0,13.0,Williams,+2 Laps,6.0,True
2018,Mexican Grand Prix,STR,2,69,2,STR,17.0,12.0,Williams,+2 Laps,5.0,True
2018,Mexican Grand Prix,VAN,1,69,1,VAN,15.0,8.0,McLaren,+2 Laps,7.0,True
2018,Mexican Grand Prix,VER,2,71,2,VER,2.0,1.0,Red Bull Racing,Finished,1.0,True
2018,Mexican Grand Prix,VET,2,71,2,VET,4.0,2.0,Ferrari,Finished,2.0,True
2018,Monaco Grand Prix,ALO,1,53,1,ALO,7.0,20.0,McLaren,Gearbox,-13.0,False
2018,Monaco Grand Prix,BOT,1,78,1,BOT,5.0,5.0,Mercedes,Finished,0.0,False
2018,Monaco Grand Prix,ERI,1,78,1,ERI,16.0,11.0,Sauber,Finished,5.0,True
2018,Monaco Grand Prix,GAS,1,78,1,GAS,10.0,7.0,Toro Rosso,Finished,3.0,True
2018,Monaco Grand Prix,GRO,2,77,2,GRO,18.0,15.0,Haas F1 Team,+1 Lap,3.0,True
2018,Monaco Grand Prix,HAM,1,78,1,HAM,3.0,3.0,Mercedes,Finished,0.0,False
2018,Monaco Grand Prix,HAR,2,71,2,HAR,15.0,19.0,Toro Rosso,Collision,-4.0,False
2018,Monaco Grand Prix,HUL,1,78,1,HUL,11.0,8.0,Renault,Finished,3.0,True
2018,Monaco Grand Prix,LEC,1,71,1,LEC,14.0,18.0,Sauber,Collision,-4.0,False
2018,Monaco Grand Prix,MAG,1,78,1,MAG,19.0,13.0,Haas F1 Team,Finished,6.0,True
2018,Monaco Grand Prix,OCO,1,78,1,OCO,6.0,6.0,Force India,Finished,0.0,False
2018,Monaco Grand Prix,PER,1,78,1,PER,9.0,12.0,Force India,Finished,-3.0,False
2018,Monaco Grand Prix,RAI,1,78,1,RAI,4.0,4.0,Ferrari,Finished,0.0,False
2018,Monaco Grand Prix,RIC,1,78,1,RIC,1.0,1.0,Red Bull Racing,Finished,0.0,False
2018,Monaco Grand Prix,SAI,1,78,1,SAI,8.0,10.0,Renault,Finished,-2.0,False
2018,Monaco Grand Prix,SIR,3,77,3,SIR,13.0,16.0,Williams,+1 Lap,-3.0,False
2018,Monaco Grand Prix,STR,3,76,3,STR,17.0,17.0,Williams,+2 Laps,0.0,False
2018,Monaco Grand Prix,VAN,2,77,2,VAN,12.0,14.0,McLaren,+1 Lap,-2.0,False
2018,Monaco Grand Prix,VER,1,78,1,VER,20.0,9.0,Red Bull Racing,Finished,11.0,True
2018,Monaco Grand Prix,VET,1,78,1,VET,2.0,2.0,Ferrari,Finished,0.0,False
2018,Russian Grand Prix,ALO,1,52,1,ALO,16.0,14.0,McLaren,+1 Lap,2.0,True
2018,Russian Grand Prix,BOT,1,53,1,BOT,1.0,2.0,Mercedes,Finished,-1.0,False
2018,Russian Grand Prix,ERI,2,52,2,ERI,10.0,13.0,Sauber,+1 Lap,-3.0,False
2018,Russian Grand Prix,GAS,1,4,1,GAS,17.0,19.0,Toro Rosso,Brakes,-2.0,False
2018,Russian Grand Prix,GRO,1,52,1,GRO,9.0,11.0,Haas F1 Team,+1 Lap,-2.0,False
2018,Russian Grand Prix,HAM,1,53,1,HAM,2.0,1.0,Mercedes,Finished,1.0,True
2018,Russian Grand Prix,HAR,2,4,2,HAR,20.0,20.0,Toro Rosso,Brakes,0.0,False
2018,Russian Grand Prix,HUL,1,52,1,HUL,12.0,12.0,Renault,+1 Lap,0.0,False
2018,Russian Grand Prix,LEC,1,53,1,LEC,7.0,7.0,Sauber,Finished,0.0,False
2018,Russian Grand Prix,MAG,1,52,1,MAG,5.0,8.0,Haas F1 Team,+1 Lap,-3.0,False
2018,Russian Grand Prix,OCO,1,52,1,OCO,6.0,9.0,Racing Point,+1 Lap,-3.0,False
2018,Russian Grand Prix,PER,1,52,1,PER,8.0,10.0,Racing Point,+1 Lap,-2.0,False
2018,Russian Grand Prix,RAI,1,53,1,RAI,4.0,4.0,Ferrari,Finished,0.0,False
2018,Russian Grand Prix,RIC,1,53,1,RIC,18.0,6.0,Red Bull Racing,Finished,12.0,True
2018,Russian Grand Prix,SAI,1,51,1,SAI,11.0,17.0,Renault,+2 Laps,-6.0,False
2018,Russian Grand Prix,SIR,1,51,1,SIR,13.0,18.0,Williams,+2 Laps,-5.0,False
2018,Russian Grand Prix,STR,1,52,1,STR,14.0,15.0,Williams,+1 Lap,-1.0,False
2018,Russian Grand Prix,VAN,1,51,1,VAN,15.0,16.0,McLaren,+2 Laps,-1.0,False
2018,Russian Grand Prix,VER,1,53,1,VER,19.0,5.0,Red Bull Racing,Finished,14.0,True
2018,Russian Grand Prix,VET,1,53,1,VET,3.0,3.0,Ferrari,Finished,0.0,False
2018,Singapore Grand Prix,ALO,1,61,1,ALO,11.0,7.0,McLaren,Finished,4.0,True
2018,Singapore Grand Prix,BOT,1,61,1,BOT,4.0,4.0,Mercedes,Finished,0.0,False
2018,Singapore Grand Prix,ERI,1,60,1,ERI,14.0,11.0,Sauber,+1 Lap,3.0,True
2018,Singapore Grand Prix,GAS,1,60,1,GAS,15.0,13.0,Toro Rosso,+1 Lap,2.0,True
2018,Singapore Grand Prix,GRO,1,60,1,GRO,8.0,15.0,Haas F1 Team,+1 Lap,-7.0,False
2018,Singapore Grand Prix,HAM,1,61,1,HAM,1.0,1.0,Mercedes,Finished,0.0,False
2018,Singapore Grand Prix,HAR,2,60,2,HAR,17.0,17.0,Toro Rosso,+1 Lap,0.0,False
2018,Singapore Grand Prix,HUL,1,60,1,HUL,10.0,10.0,Renault,+1 Lap,0.0,False
2018,Singapore Grand Prix,LEC,1,60,1,LEC,13.0,9.0,Sauber,+1 Lap,4.0,True
2018,Singapore Grand Prix,MAG,3,59,3,MAG,16.0,18.0,Haas F1 Team,+2 Laps,-2.0,False
2018,Singapore Grand Prix,OCO,0,1,0,OCO,9.0,20.0,Racing Point,Collision,-11.0,False
2018,Singapore Grand Prix,PER,3,60,3,PER,7.0,16.0,Racing Point,+1 Lap,-9.0,False
2018,Singapore Grand Prix,RAI,1,61,1,RAI,5.0,5.0,Ferrari,Finished,0.0,False
2018,Singapore Grand Prix,RIC,1,61,1,RIC,6.0,6.0,Red Bull Racing,Finished,0.0,False
2018,Singapore Grand Prix,SAI,1,60,1,SAI,12.0,8.0,Renault,+1 Lap,4.0,True
2018,Singapore Grand Prix,SIR,2,59,2,SIR,19.0,19.0,Williams,+2 Laps,0.0,False
2018,Singapore Grand Prix,STR,1,60,1,STR,20.0,14.0,Williams,+1 Lap,6.0,True
2018,Singapore Grand Prix,VAN,1,60,1,VAN,18.0,12.0,McLaren,+1 Lap,6.0,True
2018,Singapore Grand Prix,VER,1,61,1,VER,2.0,2.0,Red Bull Racing,Finished,0.0,False
2018,Singapore Grand Prix,VET,1,61,1,VET,3.0,3.0,Ferrari,Finished,0.0,False
2018,Spanish Grand Prix,ALO,1,65,1,ALO,8.0,8.0,McLaren,+1 Lap,0.0,False
2018,Spanish Grand Prix,BOT,1,66,1,BOT,2.0,2.0,Mercedes,Finished,0.0,False
2018,Spanish Grand Prix,ERI,1,64,1,ERI,17.0,13.0,Sauber,+2 Laps,4.0,True
2018,Spanish Grand Prix,GAS,0,1,0,GAS,12.0,19.0,Toro Rosso,Collision,-7.0,False
2018,Spanish Grand Prix,GRO,0,1,0,GRO,10.0,18.0,Haas F1 Team,Collision,-8.0,False
2018,Spanish Grand Prix,HAM,1,66,1,HAM,1.0,1.0,Mercedes,Finished,0.0,False
2018,Spanish Grand Prix,HAR,2,64,2,HAR,20.0,12.0,Toro Rosso,+2 Laps,8.0,True
2018,Spanish Grand Prix,HUL,0,1,0,HUL,16.0,20.0,Renault,Collision,-4.0,False
2018,Spanish Grand Prix,LEC,1,64,1,LEC,14.0,10.0,Sauber,+2 Laps,4.0,True
2018,Spanish Grand Prix,MAG,1,65,1,MAG,7.0,6.0,Haas F1 Team,+1 Lap,1.0,True
2018,Spanish Grand Prix,OCO,1,39,1,OCO,13.0,16.0,Force India,Oil leak,-3.0,False
2018,Spanish Grand Prix,PER,2,64,2,PER,15.0,9.0,Force India,+2 Laps,6.0,True
2018,Spanish Grand Prix,RAI,1,25,1,RAI,4.0,17.0,Ferrari,Turbo,-13.0,False
2018,Spanish Grand Prix,RIC,1,66,1,RIC,6.0,5.0,Red Bull Racing,Finished,1.0,True
2018,Spanish Grand Prix,SAI,1,65,1,SAI,9.0,7.0,Renault,+1 Lap,2.0,True
2018,Spanish Grand Prix,SIR,3,63,3,SIR,19.0,14.0,Williams,+3 Laps,5.0,True
2018,Spanish Grand Prix,STR,1,64,1,STR,18.0,11.0,Williams,+2 Laps,7.0,True
2018,Spanish Grand Prix,VAN,2,46,2,VAN,11.0,15.0,McLaren,Gearbox,-4.0,False
2018,Spanish Grand Prix,VER,1,66,1,VER,5.0,3.0,Red Bull Racing,Finished,2.0,True
2018,Spanish Grand Prix,VET,2,66,2,VET,3.0,4.0,Ferrari,Finished,-1.0,False
2018,United States Grand Prix,ALO,1,1,1,ALO,13.0,18.0,McLaren,Collision,-5.0,False
2018,United States Grand Prix,BOT,1,56,1,BOT,3.0,5.0,Mercedes,Finished,-2.0,False
2018,United States Grand Prix,ERI,1,55,1,ERI,16.0,10.0,Sauber,+1 Lap,6.0,True
2018,United States Grand Prix,GAS,2,55,2,GAS,19.0,12.0,Toro Rosso,+1 Lap,7.0,True
2018,United States Grand Prix,GRO,2,2,2,GRO,8.0,17.0,Haas F1 Team,Collision damage,-9.0,False
2018,United States Grand Prix,HAM,2,56,2,HAM,1.0,3.0,Mercedes,Finished,-2.0,False
2018,United States Grand Prix,HAR,1,55,1,HAR,20.0,9.0,Toro Rosso,+1 Lap,11.0,True
2018,United States Grand Prix,HUL,1,56,1,HUL,7.0,6.0,Renault,Finished,1.0,True
2018,United States Grand Prix,LEC,2,31,2,LEC,9.0,15.0,Sauber,Collision damage,-6.0,False
2018,United States Grand Prix,MAG,1,56,1,MAG,12.0,20.0,Haas F1 Team,Disqualified,-8.0,False
2018,United States Grand Prix,OCO,1,56,1,OCO,6.0,19.0,Racing Point,Disqualified,-13.0,False
2018,United States Grand Prix,PER,1,56,1,PER,10.0,8.0,Racing Point,Finished,2.0,True
2018,United States Grand Prix,RAI,1,56,1,RAI,2.0,1.0,Ferrari,Finished,1.0,True
2018,United States Grand Prix,RIC,0,9,0,RIC,4.0,16.0,Red Bull Racing,Battery,-12.0,False
2018,United States Grand Prix,SAI,1,56,1,SAI,11.0,7.0,Renault,Finished,4.0,True
2018,United States Grand Prix,SIR,2,55,2,SIR,14.0,13.0,Williams,+1 Lap,1.0,True
2018,United States Grand Prix,STR,3,54,3,STR,15.0,14.0,Williams,+2 Laps,1.0,True
2018,United States Grand Prix,VAN,2,55,2,VAN,17.0,11.0,McLaren,+1 Lap,6.0,True
2018,United States Grand Prix,VER,1,56,1,VER,18.0,2.0,Red Bull Racing,Finished,16.0,True
2018,United States Grand Prix,VET,1,56,1,VET,5.0,4.0,Ferrari,Finished,1.0,True
2019,Abu Dhabi Grand Prix,ALB,1,55,1,ALB,5.0,6.0,Red Bull Racing,Finished,-1.0,False
2019,Abu Dhabi Grand Prix,BOT,1,55,1,BOT,20.0,4.0,Mercedes,Finished,16.0,True
2019,Abu Dhabi Grand Prix,GAS,1,53,1,GAS,11.0,18.0,Toro Rosso,+2 Laps,-7.0,False
2019,Abu Dhabi Grand Prix,GIO,2,54,2,GIO,16.0,16.0,Alfa Romeo Racing,+1 Lap,0.0,False
2019,Abu Dhabi Grand Prix,GRO,1,54,1,GRO,15.0,15.0,Haas F1 Team,+1 Lap,0.0,False
2019,Abu Dhabi Grand Prix,HAM,1,55,1,HAM,1.0,1.0,Mercedes,Finished,0.0,False
2019,Abu Dhabi Grand Prix,HUL,1,54,1,HUL,9.0,12.0,Renault,+1 Lap,-3.0,False
2019,Abu Dhabi Grand Prix,KUB,1,53,1,KUB,19.0,19.0,Williams,+2 Laps,0.0,False
2019,Abu Dhabi Grand Prix,KVY,1,54,1,KVY,13.0,9.0,Toro Rosso,+1 Lap,4.0,True
2019,Abu Dhabi Grand Prix,LEC,2,55,2,LEC,3.0,3.0,Ferrari,Finished,0.0,False
2019,Abu Dhabi Grand Prix,MAG,1,54,1,MAG,14.0,14.0,Haas F1 Team,+1 Lap,0.0,False
2019,Abu Dhabi Grand Prix,NOR,1,54,1,NOR,6.0,8.0,McLaren,+1 Lap,-2.0,False
2019,Abu Dhabi Grand Prix,PER,1,54,1,PER,10.0,7.0,Racing Point,+1 Lap,3.0,True
2019,Abu Dhabi Grand Prix,RAI,1,54,1,RAI,17.0,13.0,Alfa Romeo Racing,+1 Lap,4.0,True
2019,Abu Dhabi Grand Prix,RIC,2,54,2,RIC,7.0,11.0,Renault,+1 Lap,-4.0,False
2019,Abu Dhabi Grand Prix,RUS,1,54,1,RUS,18.0,17.0,Williams,+1 Lap,1.0,True
2019,Abu Dhabi Grand Prix,SAI,2,54,2,SAI,8.0,10.0,McLaren,+1 Lap,-2.0,False
2019,Abu Dhabi Grand Prix,STR,3,45,3,STR,12.0,20.0,Racing Point,Brakes,-8.0,False
2019,Abu Dhabi Grand Prix,VER,1,55,1,VER,2.0,2.0,Red Bull Racing,Finished,0.0,False
2019,Abu Dhabi Grand Prix,VET,2,55,2,VET,4.0,5.0,Ferrari,Finished,-1.0,False
2019,Australian Grand Prix,ALB,1,57,1,ALB,13.0,14.0,Toro Rosso,+1 Lap,-1.0,False
2019,Australian Grand Prix,BOT,1,58,1,BOT,2.0,1.0,Mercedes,Finished,1.0,True
2019,Australian Grand Prix,GAS,1,57,1,GAS,17.0,11.0,Red Bull Racing,+1 Lap,6.0,True
2019,Australian Grand Prix,GIO,1,57,1,GIO,14.0,15.0,Alfa Romeo Racing,+1 Lap,-1.0,False
2019,Australian Grand Prix,GRO,1,30,1,GRO,6.0,18.0,Haas F1 Team,Wheel,-12.0,False
2019,Australian Grand Prix,HAM,1,58,1,HAM,1.0,2.0,Mercedes,Finished,-1.0,False
2019,Australian Grand Prix,HUL,1,57,1,HUL,11.0,7.0,Renault,+1 Lap,4.0,True
2019,Australian Grand Prix,KUB,3,55,3,KUB,20.0,17.0,Williams,+3 Laps,3.0,True
2019,Australian Grand Prix,KVY,1,57,1,KVY,15.0,10.0,Toro Rosso,+1 Lap,5.0,True
2019,Australian Grand Prix,LEC,1,58,1,LEC,5.0,5.0,Ferrari,Finished,0.0,False
2019,Australian Grand Prix,MAG,1,58,1,MAG,7.0,6.0,Haas F1 Team,Finished,1.0,True
2019,Australian Grand Prix,NOR,1,57,1,NOR,8.0,12.0,McLaren,+1 Lap,-4.0,False
2019,Australian Grand Prix,PER,1,57,1,PER,10.0,13.0,Racing Point,+1 Lap,-3.0,False
2019,Australian Grand Prix,RAI,1,57,1,RAI,9.0,8.0,Alfa Romeo Racing,+1 Lap,1.0,True
2019,Australian Grand Prix,RIC,2,29,2,RIC,12.0,19.0,Renault,Damage,-7.0,False
2019,Australian Grand Prix,RUS,2,56,2,RUS,19.0,16.0,Williams,+2 Laps,3.0,True
2019,Australian Grand Prix,SAI,0,10,0,SAI,18.0,20.0,McLaren,Engine,-2.0,False
2019,Australian Grand Prix,STR,1,57,1,STR,16.0,9.0,Racing Point,+1 Lap,7.0,True
2019,Australian Grand Prix,VER,1,58,1,VER,4.0,3.0,Red Bull Racing,Finished,1.0,True
2019,Australian Grand Prix,VET,1,58,1,VET,3.0,4.0,Ferrari,Finished,-1.0,False
2019,Austrian Grand Prix,ALB,1,70,1,ALB,18.0,15.0,Toro Rosso,+1 Lap,3.0,True
2019,Austrian Grand Prix,BOT,1,71,1,BOT,3.0,3.0,Mercedes,Finished,0.0,False
2019,Austrian Grand Prix,GAS,1,70,1,GAS,8.0,7.0,Red Bull Racing,+1 Lap,1.0,True
2019,Austrian Grand Prix,GIO,1,70,1,GIO,7.0,10.0,Alfa Romeo Racing,+1 Lap,-3.0,False
2019,Austrian Grand Prix,GRO,1,70,1,GRO,11.0,16.0,Haas F1 Team,+1 Lap,-5.0,False
2019,Austrian Grand Prix,HAM,1,71,1,HAM,4.0,5.0,Mercedes,Finished,-1.0,False
2019,Austrian Grand Prix,HUL,1,70,1,HUL,15.0,13.0,Renault,+1 Lap,2.0,True
2019,Austrian Grand Prix,KUB,1,68,1,KUB,17.0,20.0,Williams,+3 Laps,-3.0,False
2019,Austrian Grand Prix,KVY,1,70,1,KVY,16.0,17.0,Toro Rosso,+1 Lap,-1.0,False
2019,Austrian Grand Prix,LEC,1,71,1,LEC,1.0,2.0,Ferrari,Finished,-1.0,False
2019,Austrian Grand Prix,MAG,3,69,3,MAG,10.0,19.0,Haas F1 Team,+2 Laps,-9.0,False
2019,Austrian Grand Prix,NOR,1,70,1,NOR,5.0,6.0,McLaren,+1 Lap,-1.0,False
2019,Austrian Grand Prix,PER,1,70,1,PER,13.0,11.0,Racing Point,+1 Lap,2.0,True
2019,Austrian Grand Prix,RAI,1,70,1,RAI,6.0,9.0,Alfa Romeo Racing,+1 Lap,-3.0,False
2019,Austrian Grand Prix,RIC,1,70,1,RIC,12.0,12.0,Renault,+1 Lap,0.0,False
2019,Austrian Grand Prix,SAI,1,70,1,SAI,19.0,8.0,McLaren,+1 Lap,11.0,True
2019,Austrian Grand Prix,STR,1,70,1,STR,14.0,14.0,Racing Point,+1 Lap,0.0,False
2019,Austrian Grand Prix,VER,1,71,1,VER,2.0,1.0,Red Bull Racing,Finished,1.0,True
2019,Austrian Grand Prix,VET,2,71,2,VET,9.0,4.0,Ferrari,Finished,5.0,True
2019,Azerbaijan Grand Prix,ALB,1,50,1,ALB,11.0,11.0,Toro Rosso,+1 Lap,0.0,False
2019,Azerbaijan Grand Prix,BOT,1,51,1,BOT,1.0,1.0,Mercedes,Finished,0.0,False
2019,Azerbaijan Grand Prix,GIO,1,50,1,GIO,17.0,12.0,Alfa Romeo Racing,+1 Lap,5.0,True
2019,Azerbaijan Grand Prix,GRO,2,38,2,GRO,14.0,18.0,Haas F1 Team,Brakes,-4.0,False
2019,Azerbaijan Grand Prix,HAM,1,51,1,HAM,2.0,2.0,Mercedes,Finished,0.0,False
2019,Azerbaijan Grand Prix,HUL,2,50,2,HUL,15.0,14.0,Renault,+1 Lap,1.0,True
2019,Azerbaijan Grand Prix,KVY,2,33,2,KVY,6.0,19.0,Toro Rosso,Collision,-13.0,False
2019,Azerbaijan Grand Prix,LEC,2,51,2,LEC,8.0,5.0,Ferrari,Finished,3.0,True
2019,Azerbaijan Grand Prix,MAG,2,50,2,MAG,12.0,13.0,Haas F1 Team,+1 Lap,-1.0,False
2019,Azerbaijan Grand Prix,NOR,2,51,2,NOR,7.0,8.0,McLaren,Finished,-1.0,False
2019,Azerbaijan Grand Prix,PER,1,51,1,PER,5.0,6.0,Racing Point,Finished,-1.0,False
2019,Azerbaijan Grand Prix,RIC,2,31,2,RIC,10.0,20.0,Renault,Collision,-10.0,False
2019,Azerbaijan Grand Prix,RUS,2,49,2,RUS,16.0,15.0,Williams,+2 Laps,1.0,True
2019,Azerbaijan Grand Prix,SAI,1,51,1,SAI,9.0,7.0,McLaren,Finished,2.0,True
2019,Azerbaijan Grand Prix,STR,1,51,1,STR,13.0,9.0,Racing Point,Finished,4.0,True
2019,Azerbaijan Grand Prix,VER,1,51,1,VER,4.0,4.0,Red Bull Racing,Finished,0.0,False
2019,Azerbaijan Grand Prix,VET,1,51,1,VET,3.0,3.0,Ferrari,Finished,0.0,False
2019,Bahrain Grand Prix,ALB,2,57,2,ALB,12.0,9.0,Toro Rosso,Finished,3.0,True
2019,Bahrain Grand Prix,BOT,2,57,2,BOT,4.0,2.0,Mercedes,Finished,2.0,True
2019,Bahrain Grand Prix,GAS,2,57,2,GAS,13.0,8.0,Red Bull Racing,Finished,5.0,True
2019,Bahrain Grand Prix,GIO,2,57,2,GIO,16.0,11.0,Alfa Romeo Racing,Finished,5.0,True
2019,Bahrain Grand Prix,GRO,2,16,2,GRO,11.0,20.0,Haas F1 Team,Retired,-9.0,False
2019,Bahrain Grand Prix,HAM,2,57,2,HAM,3.0,1.0,Mercedes,Finished,2.0,True
2019,Bahrain Grand Prix,HUL,2,54,2,HUL,17.0,17.0,Renault,Engine,0.0,False
2019,Bahrain Grand Prix,KUB,2,55,2,KUB,20.0,16.0,Williams,+2 Laps,4.0,True
2019,Bahrain Grand Prix,KVY,2,56,2,KVY,15.0,12.0,Toro Rosso,+1 Lap,3.0,True
2019,Bahrain Grand Prix,LEC,2,57,2,LEC,1.0,3.0,Ferrari,Finished,-2.0,False
2019,Bahrain Grand Prix,MAG,2,56,2,MAG,6.0,13.0,Haas F1 Team,+1 Lap,-7.0,False
2019,Bahrain Grand Prix,NOR,2,57,2,NOR,9.0,6.0,McLaren,Finished,3.0,True
2019,Bahrain Grand Prix,PER,2,57,2,PER,14.0,10.0,Racing Point,Finished,4.0,True
2019,Bahrain Grand Prix,RAI,2,57,2,RAI,8.0,7.0,Alfa Romeo Racing,Finished,1.0,True
2019,Bahrain Grand Prix,RIC,1,54,1,RIC,10.0,18.0,Renault,Out of fuel,-8.0,False
2019,Bahrain Grand Prix,RUS,2,56,2,RUS,19.0,15.0,Williams,+1 Lap,4.0,True
2019,Bahrain Grand Prix,SAI,4,53,4+,SAI,7.0,19.0,McLaren,Collision damage,-12.0,False
2019,Bahrain Grand Prix,STR,2,56,2,STR,18.0,14.0,Racing Point,+1 Lap,4.0,True
2019,Bahrain Grand Prix,VER,2,57,2,VER,5.0,4.0,Red Bull Racing,Finished,1.0,True
2019,Bahrain Grand Prix,VET,3,57,3,VET,2.0,5.0,Ferrari,Finished,-3.0,False
2019,Belgian Grand Prix,ALB,1,44,1,ALB,17.0,5.0,Red Bull Racing,Finished,12.0,True
2019,Belgian Grand Prix,BOT,1,44,1,BOT,4.0,3.0,Mercedes,Finished,1.0,True
2019,Belgian Grand Prix,GAS,1,44,1,GAS,13.0,9.0,Toro Rosso,Finished,4.0,True
2019,Belgian Grand Prix,GIO,1,43,1,GIO,18.0,18.0,Alfa Romeo Racing,Accident,0.0,False
2019,Belgian Grand Prix,GRO,1,43,1,GRO,9.0,13.0,Haas F1 Team,+1 Lap,-4.0,False
2019,Belgian Grand Prix,HAM,1,44,1,HAM,3.0,2.0,Mercedes,Finished,1.0,True
2019,Belgian Grand Prix,HUL,2,44,2,HUL,12.0,8.0,Renault,Finished,4.0,True
2019,Belgian Grand Prix,KVY,1,44,1,KVY,19.0,7.0,Toro Rosso,Finished,12.0,True
2019,Belgian Grand Prix,LEC,1,44,1,LEC,1.0,1.0,Ferrari,Finished,0.0,False
2019,Belgian Grand Prix,MAG,1,43,1,MAG,8.0,12.0,Haas F1 Team,+1 Lap,-4.0,False
2019,Belgian Grand Prix,NOR,1,44,1,NOR,11.0,11.0,McLaren,Engine,0.0,False
2019,Belgian Grand Prix,PER,1,44,1,PER,7.0,6.0,Racing Point,Finished,1.0,True
2019,Belgian Grand Prix,RAI,3,43,3,RAI,6.0,16.0,Alfa Romeo Racing,+1 Lap,-10.0,False
2019,Belgian Grand Prix,RIC,1,43,1,RIC,10.0,14.0,Renault,+1 Lap,-4.0,False
2019,Belgian Grand Prix,RUS,1,43,1,RUS,14.0,15.0,Williams,+1 Lap,-1.0,False
2019,Belgian Grand Prix,SAI,1,1,1,SAI,15.0,19.0,McLaren,Power loss,-4.0,False
2019,Belgian Grand Prix,STR,2,44,2,STR,16.0,10.0,Racing Point,Finished,6.0,True
2019,Belgian Grand Prix,VER,0,1,0,VER,5.0,20.0,Red Bull Racing,Accident,-15.0,False
2019,Belgian Grand Prix,VET,2,44,2,VET,2.0,4.0,Ferrari,Finished,-2.0,False
2019,Brazilian Grand Prix,ALB,2,71,2,ALB,5.0,14.0,Red Bull Racing,Finished,-9.0,False
2019,Brazilian Grand Prix,BOT,2,52,2,BOT,4.0,20.0,Mercedes,Power Unit,-16.0,False
2019,Brazilian Grand Prix,GAS,2,71,2,GAS,6.0,2.0,Toro Rosso,Finished,4.0,True
2019,Brazilian Grand Prix,GIO,2,71,2,GIO,12.0,5.0,Alfa Romeo Racing,Finished,7.0,True
2019,Brazilian Grand Prix,GRO,2,71,2,GRO,7.0,13.0,Haas F1 Team,Finished,-6.0,False
2019,Brazilian Grand Prix,HAM,3,71,3,HAM,3.0,7.0,Mercedes,Finished,-4.0,False
2019,Brazilian Grand Prix,HUL,3,71,3,HUL,13.0,15.0,Renault,Finished,-2.0,False
2019,Brazilian Grand Prix,KUB,4,70,4+,KUB,19.0,16.0,Williams,+1 Lap,3.0,True
2019,Brazilian Grand Prix,KVY,2,71,2,KVY,16.0,10.0,Toro Rosso,Finished,6.0,True
2019,Brazilian Grand Prix,LEC,2,66,2,LEC,14.0,18.0,Ferrari,Collision,-4.0,False
2019,Brazilian Grand Prix,MAG,2,71,2,MAG,9.0,11.0,Haas F1 Team,Finished,-2.0,False
2019,Brazilian Grand Prix,NOR,2,71,2,NOR,10.0,8.0,McLaren,Finished,2.0,True
2019,Brazilian Grand Prix,PER,2,71,2,PER,15.0,9.0,Racing Point,Finished,6.0,True
2019,Brazilian Grand Prix,RAI,2,71,2,RAI,8.0,4.0,Alfa Romeo Racing,Finished,4.0,True
2019,Brazilian Grand Prix,RIC,2,71,2,RIC,11.0,6.0,Renault,Finished,5.0,True
2019,Brazilian Grand Prix,RUS,3,71,3,RUS,18.0,12.0,Williams,Finished,6.0,True
2019,Brazilian Grand Prix,SAI,1,71,1,SAI,20.0,3.0,McLaren,Finished,17.0,True
2019,Brazilian Grand Prix,STR,2,66,2,STR,17.0,19.0,Racing Point,Suspension,-2.0,False
2019,Brazilian Grand Prix,VER,3,71,3,VER,1.0,1.0,Red Bull Racing,Finished,0.0,False
2019,Brazilian Grand Prix,VET,2,66,2,VET,2.0,17.0,Ferrari,Collision,-15.0,False
2019,British Grand Prix,ALB,1,52,1,ALB,9.0,12.0,Toro Rosso,Finished,-3.0,False
2019,British Grand Prix,BOT,2,52,2,BOT,1.0,2.0,Mercedes,Finished,-1.0,False
2019,British Grand Prix,GAS,1,52,1,GAS,5.0,4.0,Red Bull Racing,Finished,1.0,True
2019,British Grand Prix,GIO,0,19,0,GIO,11.0,18.0,Alfa Romeo Racing,Spun off,-7.0,False
2019,British Grand Prix,GRO,2,9,2,GRO,14.0,19.0,Haas F1 Team,Collision,-5.0,False
2019,British Grand Prix,HAM,1,52,1,HAM,2.0,1.0,Mercedes,Finished,1.0,True
2019,British Grand Prix,HUL,1,52,1,HUL,10.0,10.0,Renault,Finished,0.0,False
2019,British Grand Prix,KUB,1,51,1,KUB,20.0,15.0,Williams,+1 Lap,5.0,True
2019,British Grand Prix,KVY,2,52,2,KVY,17.0,9.0,Toro Rosso,Finished,8.0,True
2019,British Grand Prix,LEC,2,52,2,LEC,3.0,3.0,Ferrari,Finished,0.0,False
2019,British Grand Prix,MAG,2,6,2,MAG,16.0,20.0,Haas F1 Team,Collision,-4.0,False
2019,British Grand Prix,NOR,2,52,2,NOR,8.0,11.0,McLaren,Finished,-3.0,False
2019,British Grand Prix,PER,3,51,3,PER,15.0,17.0,Racing Point,+1 Lap,-2.0,False
2019,British Grand Prix,RAI,1,52,1,RAI,12.0,8.0,Alfa Romeo Racing,Finished,4.0,True
2019,British Grand Prix,RIC,2,52,2,RIC,7.0,7.0,Renault,Finished,0.0,False
2019,British Grand Prix,RUS,1,51,1,RUS,19.0,14.0,Williams,+1 Lap,5.0,True
2019,British Grand Prix,SAI,1,52,1,SAI,13.0,6.0,McLaren,Finished,7.0,True
2019,British Grand Prix,STR,2,52,2,STR,18.0,13.0,Racing Point,Finished,5.0,True
2019,British Grand Prix,VER,2,52,2,VER,4.0,5.0,Red Bull Racing,Finished,-1.0,False
2019,British Grand Prix,VET,2,51,2,VET,6.0,16.0,Ferrari,+1 Lap,-10.0,False
2019,Canadian Grand Prix,ALB,2,60,2,ALB,13.0,19.0,Toro Rosso,Collision damage,-6.0,False
2019,Canadian Grand Prix,BOT,2,70,2,BOT,6.0,4.0,Mercedes,Finished,2.0,True
2019,Canadian Grand Prix,GAS,1,69,1,GAS,5.0,8.0,Red Bull Racing,+1 Lap,-3.0,False
2019,Canadian Grand Prix,GIO,1,69,1,GIO,12.0,13.0,Alfa Romeo Racing,+1 Lap,-1.0,False
2019,Canadian Grand Prix,GRO,1,69,1,GRO,14.0,14.0,Haas F1 Team,+1 Lap,0.0,False
2019,Canadian Grand Prix,HAM,1,70,1,HAM,2.0,1.0,Mercedes,Finished,1.0,True
2019,Canadian Grand Prix,HUL,1,69,1,HUL,7.0,7.0,Renault,+1 Lap,0.0,False
2019,Canadian Grand Prix,KUB,2,67,2,KUB,19.0,18.0,Williams,+3 Laps,1.0,True
2019,Canadian Grand Prix,KVY,1,69,1,KVY,10.0,10.0,Toro Rosso,+1 Lap,0.0,False
2019,Canadian Grand Prix,LEC,1,70,1,LEC,3.0,3.0,Ferrari,Finished,0.0,False
2019,Canadian Grand Prix,NOR,0,9,0,NOR,8.0,20.0,McLaren,Suspension,-12.0,False
2019,Canadian Grand Prix,PER,1,69,1,PER,15.0,12.0,Racing Point,+1 Lap,3.0,True
2019,Canadian Grand Prix,RAI,2,69,2,RAI,16.0,15.0,Alfa Romeo Racing,+1 Lap,1.0,True
2019,Canadian Grand Prix,RIC,1,69,1,RIC,4.0,6.0,Renault,+1 Lap,-2.0,False
2019,Canadian Grand Prix,RUS,1,68,1,RUS,18.0,16.0,Williams,+2 Laps,2.0,True
2019,Canadian Grand Prix,SAI,1,69,1,SAI,11.0,11.0,McLaren,+1 Lap,0.0,False
2019,Canadian Grand Prix,STR,1,69,1,STR,17.0,9.0,Racing Point,+1 Lap,8.0,True
2019,Canadian Grand Prix,VER,1,70,1,VER,9.0,5.0,Red Bull Racing,Finished,4.0,True
2019,Canadian Grand Prix,VET,1,70,1,VET,1.0,2.0,Ferrari,Finished,-1.0,False
2019,Chinese Grand Prix,BOT,2,56,2,BOT,1.0,2.0,Mercedes,Finished,-1.0,False
2019,Chinese Grand Prix,GAS,3,56,3,GAS,6.0,6.0,Red Bull Racing,Finished,0.0,False
2019,Chinese Grand Prix,GIO,2,55,2,GIO,19.0,15.0,Alfa Romeo Racing,+1 Lap,4.0,True
2019,Chinese Grand Prix,GRO,2,55,2,GRO,10.0,11.0,Haas F1 Team,+1 Lap,-1.0,False
2019,Chinese Grand Prix,HAM,2,56,2,HAM,2.0,1.0,Mercedes,Finished,1.0,True
2019,Chinese Grand Prix,HUL,2,16,2,HUL,8.0,20.0,Renault,Power Unit,-12.0,False
2019,Chinese Grand Prix,KUB,1,54,1,KUB,18.0,17.0,Williams,+2 Laps,1.0,True
2019,Chinese Grand Prix,KVY,4,41,4+,KVY,11.0,19.0,Toro Rosso,Collision,-8.0,False
2019,Chinese Grand Prix,LEC,2,56,2,LEC,4.0,5.0,Ferrari,Finished,-1.0,False
2019,Chinese Grand Prix,MAG,2,55,2,MAG,9.0,13.0,Haas F1 Team,+1 Lap,-4.0,False
2019,Chinese Grand Prix,NOR,4,50,4+,NOR,15.0,18.0,McLaren,Collision,-3.0,False
2019,Chinese Grand Prix,PER,1,55,1,PER,12.0,8.0,Racing Point,+1 Lap,4.0,True
2019,Chinese Grand Prix,RAI,1,55,1,RAI,13.0,9.0,Alfa Romeo Racing,+1 Lap,4.0,True
2019,Chinese Grand Prix,RIC,1,55,1,RIC,7.0,7.0,Renault,+1 Lap,0.0,False
2019,Chinese Grand Prix,RUS,2,54,2,RUS,17.0,16.0,Williams,+2 Laps,1.0,True
2019,Chinese Grand Prix,SAI,2,55,2,SAI,14.0,14.0,McLaren,+1 Lap,0.0,False
2019,Chinese Grand Prix,STR,2,55,2,STR,16.0,12.0,Racing Point,+1 Lap,4.0,True
2019,Chinese Grand Prix,VER,2,56,2,VER,5.0,4.0,Red Bull Racing,Finished,1.0,True
2019,Chinese Grand Prix,VET,2,56,2,VET,3.0,3.0,Ferrari,Finished,0.0,False
2019,French Grand Prix,ALB,1,52,1,ALB,11.0,15.0,Toro Rosso,+1 Lap,-4.0,False
2019,French Grand Prix,BOT,1,53,1,BOT,2.0,2.0,Mercedes,Finished,0.0,False
2019,French Grand Prix,GAS,1,52,1,GAS,9.0,10.0,Red Bull Racing,+1 Lap,-1.0,False
2019,French Grand Prix,GIO,2,52,2,GIO,10.0,16.0,Alfa Romeo Racing,+1 Lap,-6.0,False
2019,French Grand Prix,GRO,2,45,2,GRO,16.0,20.0,Haas F1 Team,Retired,-4.0,False
2019,French Grand Prix,HAM,1,53,1,HAM,1.0,1.0,Mercedes,Finished,0.0,False
2019,French Grand Prix,HUL,1,52,1,HUL,13.0,8.0,Renault,+1 Lap,5.0,True
2019,French Grand Prix,KUB,1,51,1,KUB,18.0,18.0,Williams,+2 Laps,0.0,False
2019,French Grand Prix,KVY,1,52,1,KVY,19.0,14.0,Toro Rosso,+1 Lap,5.0,True
2019,French Grand Prix,LEC,1,53,1,LEC,3.0,3.0,Ferrari,Finished,0.0,False
2019,French Grand Prix,MAG,1,52,1,MAG,15.0,17.0,Haas F1 Team,+1 Lap,-2.0,False
2019,French Grand Prix,NOR,1,52,1,NOR,5.0,9.0,McLaren,+1 Lap,-4.0,False
2019,French Grand Prix,PER,1,52,1,PER,14.0,12.0,Racing Point,+1 Lap,2.0,True
2019,French Grand Prix,RAI,1,52,1,RAI,12.0,7.0,Alfa Romeo Racing,+1 Lap,5.0,True
2019,French Grand Prix,RIC,1,52,1,RIC,8.0,11.0,Renault,+1 Lap,-3.0,False
2019,French Grand Prix,RUS,2,51,2,RUS,20.0,19.0,Williams,+2 Laps,1.0,True
2019,French Grand Prix,SAI,1,53,1,SAI,6.0,6.0,McLaren,Finished,0.0,False
2019,French Grand Prix,STR,1,52,1,STR,17.0,13.0,Racing Point,+1 Lap,4.0,True
2019,French Grand Prix,VER,1,53,1,VER,4.0,4.0,Red Bull Racing,Finished,0.0,False
2019,French Grand Prix,VET,2,53,2,VET,7.0,5.0,Ferrari,Finished,2.0,True
2019,German Grand Prix,ALB,4,64,4+,ALB,16.0,6.0,Toro Rosso,Finished,10.0,True
2019,German Grand Prix,BOT,4,57,4+,BOT,3.0,15.0,Mercedes,Accident,-12.0,False
2019,German Grand Prix,GAS,4,62,4+,GAS,4.0,14.0,Red Bull Racing,Collision,-10.0,False
2019,German Grand Prix,GIO,4,64,4+,GIO,11.0,13.0,Alfa Romeo Racing,Finished,-2.0,False
2019,German Grand Prix,GRO,5,64,4+,GRO,6.0,7.0,Haas F1 Team,Finished,-1.0,False
2019,German Grand Prix,HAM,6,64,4+,HAM,1.0,9.0,Mercedes,Finished,-8.0,False
2019,German Grand Prix,HUL,3,40,3,HUL,9.0,16.0,Renault,Accident,-7.0,False
2019,German Grand Prix,KUB,5,64,4+,KUB,18.0,10.0,Williams,Finished,8.0,True
2019,German Grand Prix,KVY,4,64,4+,KVY,14.0,3.0,Toro Rosso,Finished,11.0,True
2019,German Grand Prix,LEC,3,27,3,LEC,10.0,17.0,Ferrari,Accident,-7.0,False
2019,German Grand Prix,MAG,6,64,4+,MAG,12.0,8.0,Haas F1 Team,Finished,4.0,True
2019,German Grand Prix,NOR,2,25,2,NOR,19.0,18.0,McLaren,Power loss,1.0,True
2019,German Grand Prix,PER,0,2,0,PER,8.0,20.0,Racing Point,Spun off,-12.0,False
2019,German Grand Prix,RAI,4,64,4+,RAI,5.0,12.0,Alfa Romeo Racing,Finished,-7.0,False
2019,German Grand Prix,RIC,1,14,1,RIC,13.0,19.0,Renault,Exhaust,-6.0,False
2019,German Grand Prix,RUS,5,64,4+,RUS,17.0,11.0,Williams,Finished,6.0,True
2019,German Grand Prix,SAI,3,64,3,SAI,7.0,5.0,McLaren,Finished,2.0,True
2019,German Grand Prix,STR,5,64,4+,STR,15.0,4.0,Racing Point,Finished,11.0,True
2019,German Grand Prix,VER,5,64,4+,VER,2.0,1.0,Red Bull Racing,Finished,1.0,True
2019,German Grand Prix,VET,5,64,4+,VET,20.0,2.0,Ferrari,Finished,18.0,True
2019,Hungarian Grand Prix,ALB,1,69,1,ALB,12.0,10.0,Toro Rosso,+1 Lap,2.0,True
2019,Hungarian Grand Prix,BOT,2,69,2,BOT,2.0,8.0,Mercedes,+1 Lap,-6.0,False
2019,Hungarian Grand Prix,GAS,1,69,1,GAS,6.0,6.0,Red Bull Racing,+1 Lap,0.0,False
2019,Hungarian Grand Prix,GIO,1,68,1,GIO,17.0,18.0,Alfa Romeo Racing,+2 Laps,-1.0,False
2019,Hungarian Grand Prix,GRO,2,49,2,GRO,9.0,20.0,Haas F1 Team,Water pressure,-11.0,False
2019,Hungarian Grand Prix,HAM,2,70,2,HAM,3.0,1.0,Mercedes,Finished,2.0,True
2019,Hungarian Grand Prix,HUL,1,69,1,HUL,11.0,12.0,Renault,+1 Lap,-1.0,False
2019,Hungarian Grand Prix,KUB,1,67,1,KUB,19.0,19.0,Williams,+3 Laps,0.0,False
2019,Hungarian Grand Prix,KVY,1,68,1,KVY,13.0,15.0,Toro Rosso,+2 Laps,-2.0,False
2019,Hungarian Grand Prix,LEC,1,70,1,LEC,4.0,4.0,Ferrari,Finished,0.0,False
2019,Hungarian Grand Prix,MAG,1,69,1,MAG,14.0,13.0,Haas F1 Team,+1 Lap,1.0,True
2019,Hungarian Grand Prix,NOR,1,69,1,NOR,7.0,9.0,McLaren,+1 Lap,-2.0,False
2019,Hungarian Grand Prix,PER,1,69,1,PER,16.0,11.0,Racing Point,+1 Lap,5.0,True
2019,Hungarian Grand Prix,RAI,1,69,1,RAI,10.0,7.0,Alfa Romeo Racing,+1 Lap,3.0,True
2019,Hungarian Grand Prix,RIC,1,69,1,RIC,20.0,14.0,Renault,+1 Lap,6.0,True
2019,Hungarian Grand Prix,RUS,1,68,1,RUS,15.0,16.0,Williams,+2 Laps,-1.0,False
2019,Hungarian Grand Prix,SAI,1,69,1,SAI,8.0,5.0,McLaren,+1 Lap,3.0,True
2019,Hungarian Grand Prix,STR,2,68,2,STR,18.0,17.0,Racing Point,+2 Laps,1.0,True
2019,Hungarian Grand Prix,VER,2,70,2,VER,1.0,2.0,Red Bull Racing,Finished,-1.0,False
2019,Hungarian Grand Prix,VET,1,70,1,VET,5.0,3.0,Ferrari,Finished,2.0,True
2019,Italian Grand Prix,ALB,1,53,1,ALB,8.0,6.0,Red Bull Racing,Finished,2.0,True
2019,Italian Grand Prix,BOT,1,53,1,BOT,3.0,2.0,Mercedes,Finished,1.0,True
2019,Italian Grand Prix,GAS,1,52,1,GAS,17.0,11.0,Toro Rosso,+1 Lap,6.0,True
2019,Italian Grand Prix,GIO,1,52,1,GIO,10.0,9.0,Alfa Romeo Racing,+1 Lap,1.0,True
2019,Italian Grand Prix,GRO,2,52,2,GRO,13.0,16.0,Haas F1 Team,+1 Lap,-3.0,False
2019,Italian Grand Prix,HAM,2,53,2,HAM,2.0,3.0,Mercedes,Finished,-1.0,False
2019,Italian Grand Prix,HUL,1,53,1,HUL,6.0,5.0,Renault,Finished,1.0,True
2019,Italian Grand Prix,KUB,2,51,2,KUB,15.0,17.0,Williams,+2 Laps,-2.0,False
2019,Italian Grand Prix,KVY,1,30,1,KVY,12.0,19.0,Toro Rosso,Engine,-7.0,False
2019,Italian Grand Prix,LEC,1,53,1,LEC,1.0,1.0,Ferrari,Finished,0.0,False
2019,Italian Grand Prix,MAG,3,43,3,MAG,11.0,18.0,Haas F1 Team,Hydraulics,-7.0,False
2019,Italian Grand Prix,NOR,1,52,1,NOR,16.0,10.0,McLaren,+1 Lap,6.0,True
2019,Italian Grand Prix,PER,1,53,1,PER,18.0,7.0,Racing Point,Finished,11.0,True
2019,Italian Grand Prix,RIC,1,53,1,RIC,5.0,4.0,Renault,Finished,1.0,True
2019,Italian Grand Prix,RUS,1,52,1,RUS,14.0,14.0,Williams,+1 Lap,0.0,False
2019,Italian Grand Prix,SAI,1,27,1,SAI,7.0,20.0,McLaren,Wheel,-13.0,False
2019,Italian Grand Prix,STR,2,52,2,STR,9.0,12.0,Racing Point,+1 Lap,-3.0,False
2019,Italian Grand Prix,VER,2,53,2,VER,19.0,8.0,Red Bull Racing,Finished,11.0,True
2019,Italian Grand Prix,VET,3,52,3,VET,4.0,13.0,Ferrari,+1 Lap,-9.0,False
2019,Japanese Grand Prix,ALB,2,53,2,ALB,6.0,4.0,Red Bull Racing,Finished,2.0,True
2019,Japanese Grand Prix,BOT,2,53,2,BOT,3.0,1.0,Mercedes,Finished,2.0,True
2019,Japanese Grand Prix,GAS,1,52,1,GAS,9.0,7.0,Toro Rosso,+1 Lap,2.0,True
2019,Japanese Grand Prix,GIO,2,52,2,GIO,11.0,14.0,Alfa Romeo Racing,+1 Lap,-3.0,False
2019,Japanese Grand Prix,GRO,1,52,1,GRO,10.0,13.0,Haas F1 Team,+1 Lap,-3.0,False
2019,Japanese Grand Prix,HAM,2,53,2,HAM,4.0,3.0,Mercedes,Finished,1.0,True
2019,Japanese Grand Prix,HUL,1,52,1,HUL,15.0,20.0,Renault,Disqualified,-5.0,False
2019,Japanese Grand Prix,KVY,1,52,1,KVY,14.0,10.0,Toro Rosso,+1 Lap,4.0,True
2019,Japanese Grand Prix,LEC,3,52,3,LEC,2.0,6.0,Ferrari,+1 Lap,-4.0,False
2019,Japanese Grand Prix,MAG,2,52,2,MAG,19.0,15.0,Haas F1 Team,+1 Lap,4.0,True
2019,Japanese Grand Prix,NOR,2,52,2,NOR,8.0,11.0,McLaren,+1 Lap,-3.0,False
2019,Japanese Grand Prix,PER,2,52,2,PER,17.0,8.0,Racing Point,+1 Lap,9.0,True
2019,Japanese Grand Prix,RAI,2,52,2,RAI,13.0,12.0,Alfa Romeo Racing,+1 Lap,1.0,True
2019,Japanese Grand Prix,RIC,1,52,1,RIC,16.0,19.0,Renault,Disqualified,-3.0,False
2019,Japanese Grand Prix,RUS,1,51,1,RUS,18.0,16.0,Williams,+2 Laps,2.0,True
2019,Japanese Grand Prix,SAI,1,53,1,SAI,7.0,5.0,McLaren,Finished,2.0,True
2019,Japanese Grand Prix,STR,1,52,1,STR,12.0,9.0,Racing Point,+1 Lap,3.0,True
2019,Japanese Grand Prix,VER,1,14,1,VER,5.0,18.0,Red Bull Racing,Brakes,-13.0,False
2019,Japanese Grand Prix,VET,2,53,2,VET,1.0,2.0,Ferrari,Finished,-1.0,False
2019,Mexican Grand Prix,ALB,2,71,2,ALB,5.0,5.0,Red Bull Racing,Finished,0.0,False
2019,Mexican Grand Prix,BOT,1,71,1,BOT,6.0,3.0,Mercedes,Finished,3.0,True
2019,Mexican Grand Prix,GAS,2,70,2,GAS,10.0,9.0,Toro Rosso,+1 Lap,1.0,True
2019,Mexican Grand Prix,GIO,1,70,1,GIO,15.0,14.0,Alfa Romeo Racing,+1 Lap,1.0,True
2019,Mexican Grand Prix,GRO,1,69,1,GRO,18.0,17.0,Haas F1 Team,+2 Laps,1.0,True
2019,Mexican Grand Prix,HAM,1,71,1,HAM,3.0,1.0,Mercedes,Finished,2.0,True
2019,Mexican Grand Prix,HUL,1,70,1,HUL,12.0,10.0,Renault,+1 Lap,2.0,True
2019,Mexican Grand Prix,KUB,2,69,2,KUB,20.0,18.0,Williams,+2 Laps,2.0,True
2019,Mexican Grand Prix,KVY,2,70,2,KVY,9.0,11.0,Toro Rosso,+1 Lap,-2.0,False
2019,Mexican Grand Prix,LEC,2,71,2,LEC,1.0,4.0,Ferrari,Finished,-3.0,False
2019,Mexican Grand Prix,MAG,1,69,1,MAG,17.0,15.0,Haas F1 Team,+2 Laps,2.0,True
2019,Mexican Grand Prix,NOR,2,48,2,NOR,8.0,20.0,McLaren,Withdrew,-12.0,False
2019,Mexican Grand Prix,PER,1,71,1,PER,11.0,7.0,Racing Point,Finished,4.0,True
2019,Mexican Grand Prix,RAI,3,58,3,RAI,14.0,19.0,Alfa Romeo Racing,Overheating,-5.0,False
2019,Mexican Grand Prix,RIC,1,71,1,RIC,13.0,8.0,Renault,Finished,5.0,True
2019,Mexican Grand Prix,RUS,1,69,1,RUS,19.0,16.0,Williams,+2 Laps,3.0,True
2019,Mexican Grand Prix,SAI,2,70,2,SAI,7.0,13.0,McLaren,+1 Lap,-6.0,False
2019,Mexican Grand Prix,STR,1,70,1,STR,16.0,12.0,Racing Point,+1 Lap,4.0,True
2019,Mexican Grand Prix,VER,1,71,1,VER,4.0,6.0,Red Bull Racing,Finished,-2.0,False
2019,Mexican Grand Prix,VET,1,71,1,VET,2.0,2.0,Ferrari,Finished,0.0,False
2019,Monaco Grand Prix,ALB,1,78,1,ALB,10.0,8.0,Toro Rosso,Finished,2.0,True
2019,Monaco Grand Prix,BOT,2,78,2,BOT,2.0,3.0,Mercedes,Finished,-1.0,False
2019,Monaco Grand Prix,GAS,2,78,2,GAS,8.0,5.0,Red Bull Racing,Finished,3.0,True
2019,Monaco Grand Prix,GIO,1,76,1,GIO,18.0,19.0,Alfa Romeo Racing,+2 Laps,-1.0,False
2019,Monaco Grand Prix,GRO,1,78,1,GRO,13.0,10.0,Haas F1 Team,Finished,3.0,True
2019,Monaco Grand Prix,HAM,1,78,1,HAM,1.0,1.0,Mercedes,Finished,0.0,False
2019,Monaco Grand Prix,HUL,1,77,1,HUL,11.0,13.0,Renault,+1 Lap,-2.0,False
2019,Monaco Grand Prix,KUB,1,77,1,KUB,20.0,18.0,Williams,+1 Lap,2.0,True
2019,Monaco Grand Prix,KVY,1,78,1,KVY,7.0,7.0,Toro Rosso,Finished,0.0,False
2019,Monaco Grand Prix,LEC,3,17,3,LEC,15.0,20.0,Ferrari,Collision,-5.0,False
2019,Monaco Grand Prix,MAG,1,77,1,MAG,5.0,14.0,Haas F1 Team,+1 Lap,-9.0,False
2019,Monaco Grand Prix,NOR,1,78,1,NOR,12.0,11.0,McLaren,Finished,1.0,True
2019,Monaco Grand Prix,PER,1,77,1,PER,16.0,12.0,Racing Point,+1 Lap,4.0,True
2019,Monaco Grand Prix,RAI,1,77,1,RAI,14.0,17.0,Alfa Romeo Racing,+1 Lap,-3.0,False
2019,Monaco Grand Prix,RIC,1,78,1,RIC,6.0,9.0,Renault,Finished,-3.0,False
2019,Monaco Grand Prix,RUS,1,77,1,RUS,19.0,15.0,Williams,+1 Lap,4.0,True
2019,Monaco Grand Prix,SAI,1,78,1,SAI,9.0,6.0,McLaren,Finished,3.0,True
2019,Monaco Grand Prix,STR,1,77,1,STR,17.0,16.0,Racing Point,+1 Lap,1.0,True
2019,Monaco Grand Prix,VER,1,78,1,VER,3.0,4.0,Red Bull Racing,Finished,-1.0,False
2019,Monaco Grand Prix,VET,1,78,1,VET,4.0,2.0,Ferrari,Finished,2.0,True
2019,Russian Grand Prix,BOT,1,53,1,BOT,4.0,2.0,Mercedes,Finished,2.0,True
2019,Russian Grand Prix,GAS,1,53,1,GAS,16.0,14.0,Toro Rosso,Finished,2.0,True
2019,Russian Grand Prix,GIO,2,53,2,GIO,12.0,15.0,Alfa Romeo Racing,Finished,-3.0,False
2019,Russian Grand Prix,GRO,0,1,0,GRO,8.0,20.0,Haas F1 Team,Collision,-12.0,False
2019,Russian Grand Prix,HAM,1,53,1,HAM,2.0,1.0,Mercedes,Finished,1.0,True
2019,Russian Grand Prix,HUL,2,53,2,HUL,6.0,10.0,Renault,Finished,-4.0,False
2019,Russian Grand Prix,KUB,3,28,3,KUB,18.0,16.0,Williams,Brakes,2.0,True
2019,Russian Grand Prix,KVY,2,53,2,KVY,19.0,12.0,Toro Rosso,Finished,7.0,True
2019,Russian Grand Prix,LEC,2,53,2,LEC,1.0,3.0,Ferrari,Finished,-2.0,False
2019,Russian Grand Prix,MAG,1,53,1,MAG,13.0,9.0,Haas F1 Team,Finished,4.0,True
2019,Russian Grand Prix,NOR,1,53,1,NOR,7.0,8.0,McLaren,Finished,-1.0,False
2019,Russian Grand Prix,PER,1,53,1,PER,11.0,7.0,Racing Point,Finished,4.0,True
2019,Russian Grand Prix,RAI,2,53,2,RAI,15.0,13.0,Alfa Romeo Racing,Finished,2.0,True
2019,Russian Grand Prix,RIC,2,24,2,RIC,10.0,19.0,Renault,Collision,-9.0,False
2019,Russian Grand Prix,RUS,1,27,1,RUS,17.0,17.0,Williams,Brakes,0.0,False
2019,Russian Grand Prix,SAI,1,53,1,SAI,5.0,6.0,McLaren,Finished,-1.0,False
2019,Russian Grand Prix,STR,1,53,1,STR,14.0,11.0,Racing Point,Finished,3.0,True
2019,Russian Grand Prix,VER,1,53,1,VER,9.0,4.0,Red Bull Racing,Finished,5.0,True
2019,Russian Grand Prix,VET,1,26,1,VET,3.0,18.0,Ferrari,Power loss,-15.0,False
2019,Singapore Grand Prix,ALB,1,61,1,ALB,6.0,6.0,Red Bull Racing,Finished,0.0,False
2019,Singapore Grand Prix,BOT,1,61,1,BOT,5.0,5.0,Mercedes,Finished,0.0,False
2019,Singapore Grand Prix,GAS,1,61,1,GAS,11.0,8.0,Toro Rosso,Finished,3.0,True
2019,Singapore Grand Prix,GIO,2,61,2,GIO,10.0,10.0,Alfa Romeo Racing,Finished,0.0,False
2019,Singapore Grand Prix,GRO,2,61,2,GRO,17.0,11.0,Haas F1 Team,Finished,6.0,True
2019,Singapore Grand Prix,HAM,1,61,1,HAM,2.0,4.0,Mercedes,Finished,-2.0,False
2019,Singapore Grand Prix,HUL,2,61,2,HUL,8.0,9.0,Renault,Finished,-1.0,False
2019,Singapore Grand Prix,KUB,2,61,2,KUB,19.0,16.0,Williams,Finished,3.0,True
2019,Singapore Grand Prix,KVY,2,61,2,KVY,14.0,15.0,Toro Rosso,Finished,-1.0,False
2019,Singapore Grand Prix,LEC,1,61,1,LEC,1.0,2.0,Ferrari,Finished,-1.0,False
2019,Singapore Grand Prix,MAG,2,61,2,MAG,13.0,17.0,Haas F1 Team,Finished,-4.0,False
2019,Singapore Grand Prix,NOR,1,61,1,NOR,9.0,7.0,McLaren,Finished,2.0,True
2019,Singapore Grand Prix,PER,1,43,1,PER,15.0,19.0,Racing Point,Engine,-4.0,False
2019,Singapore Grand Prix,RAI,1,50,1,RAI,12.0,18.0,Alfa Romeo Racing,Collision,-6.0,False
2019,Singapore Grand Prix,RIC,1,61,1,RIC,20.0,14.0,Renault,Finished,6.0,True
2019,Singapore Grand Prix,RUS,1,35,1,RUS,18.0,20.0,Williams,Collision,-2.0,False
2019,Singapore Grand Prix,SAI,2,61,2,SAI,7.0,12.0,McLaren,Finished,-5.0,False
2019,Singapore Grand Prix,STR,3,61,3,STR,16.0,13.0,Racing Point,Finished,3.0,True
2019,Singapore Grand Prix,VER,1,61,1,VER,4.0,3.0,Red Bull Racing,Finished,1.0,True
2019,Singapore Grand Prix,VET,1,61,1,VET,3.0,1.0,Ferrari,Finished,2.0,True
2019,Spanish Grand Prix,ALB,2,66,2,ALB,11.0,11.0,Toro Rosso,Finished,0.0,False
2019,Spanish Grand Prix,BOT,2,66,2,BOT,1.0,2.0,Mercedes,Finished,-1.0,False
2019,Spanish Grand Prix,GAS,2,66,2,GAS,6.0,6.0,Red Bull Racing,Finished,0.0,False
2019,Spanish Grand Prix,GIO,2,66,2,GIO,18.0,16.0,Alfa Romeo Racing,Finished,2.0,True
2019,Spanish Grand Prix,GRO,2,66,2,GRO,7.0,10.0,Haas F1 Team,Finished,-3.0,False
2019,Spanish Grand Prix,HAM,2,66,2,HAM,2.0,1.0,Mercedes,Finished,1.0,True
2019,Spanish Grand Prix,KUB,2,65,2,KUB,17.0,18.0,Williams,+1 Lap,-1.0,False
2019,Spanish Grand Prix,KVY,2,66,2,KVY,9.0,9.0,Toro Rosso,Finished,0.0,False
2019,Spanish Grand Prix,LEC,2,66,2,LEC,5.0,5.0,Ferrari,Finished,0.0,False
2019,Spanish Grand Prix,MAG,2,66,2,MAG,8.0,7.0,Haas F1 Team,Finished,1.0,True
2019,Spanish Grand Prix,NOR,1,45,1,NOR,10.0,20.0,McLaren,Collision,-10.0,False
2019,Spanish Grand Prix,PER,2,66,2,PER,15.0,15.0,Racing Point,Finished,0.0,False
2019,Spanish Grand Prix,RAI,2,66,2,RAI,14.0,14.0,Alfa Romeo Racing,Finished,0.0,False
2019,Spanish Grand Prix,RIC,2,66,2,RIC,13.0,12.0,Renault,Finished,1.0,True
2019,Spanish Grand Prix,RUS,2,65,2,RUS,19.0,17.0,Williams,+1 Lap,2.0,True
2019,Spanish Grand Prix,SAI,2,66,2,SAI,12.0,8.0,McLaren,Finished,4.0,True
2019,Spanish Grand Prix,STR,1,45,1,STR,16.0,19.0,Racing Point,Collision,-3.0,False
2019,Spanish Grand Prix,VER,2,66,2,VER,4.0,3.0,Red Bull Racing,Finished,1.0,True
2019,Spanish Grand Prix,VET,2,66,2,VET,3.0,4.0,Ferrari,Finished,-1.0,False
2019,United States Grand Prix,ALB,3,56,3,ALB,6.0,5.0,Red Bull Racing,Finished,1.0,True
2019,United States Grand Prix,BOT,2,56,2,BOT,1.0,1.0,Mercedes,Finished,0.0,False
2019,United States Grand Prix,GAS,3,54,3,GAS,10.0,16.0,Toro Rosso,Suspension,-6.0,False
2019,United States Grand Prix,GIO,2,55,2,GIO,16.0,14.0,Alfa Romeo Racing,+1 Lap,2.0,True
2019,United States Grand Prix,GRO,1,55,1,GRO,15.0,15.0,Haas F1 Team,+1 Lap,0.0,False
2019,United States Grand Prix,HAM,1,56,1,HAM,5.0,2.0,Mercedes,Finished,3.0,True
2019,United States Grand Prix,HUL,2,55,2,HUL,11.0,9.0,Renault,+1 Lap,2.0,True
2019,United States Grand Prix,KUB,2,31,2,KUB,19.0,19.0,Williams,Oil leak,0.0,False
2019,United States Grand Prix,KVY,2,55,2,KVY,13.0,12.0,Toro Rosso,+1 Lap,1.0,True
2019,United States Grand Prix,LEC,2,56,2,LEC,4.0,4.0,Ferrari,Finished,0.0,False
2019,United States Grand Prix,MAG,2,53,2,MAG,12.0,18.0,Haas F1 Team,Brakes,-6.0,False
2019,United States Grand Prix,NOR,2,56,2,NOR,8.0,7.0,McLaren,Finished,1.0,True
2019,United States Grand Prix,RAI,2,55,2,RAI,17.0,11.0,Alfa Romeo Racing,+1 Lap,6.0,True
2019,United States Grand Prix,RIC,1,56,1,RIC,9.0,6.0,Renault,Finished,3.0,True
2019,United States Grand Prix,RUS,2,54,2,RUS,18.0,17.0,Williams,+2 Laps,1.0,True
2019,United States Grand Prix,SAI,1,55,1,SAI,7.0,8.0,McLaren,+1 Lap,-1.0,False
2019,United States Grand Prix,STR,2,55,2,STR,14.0,13.0,Racing Point,+1 Lap,1.0,True
2019,United States Grand Prix,VER,2,56,2,VER,3.0,3.0,Red Bull Racing,Finished,0.0,False
2019,United States Grand Prix,VET,1,8,1,VET,2.0,20.0,Ferrari,Suspension,-18.0,False
2020,70th Anniversary Grand Prix,ALB,2,52,2,ALB,9.0,5.0,Red Bull Racing,Finished,4.0,True
2020,70th Anniversary Grand Prix,BOT,2,52,2,BOT,1.0,3.0,Mercedes,Finished,-2.0,False
2020,70th Anniversary Grand Prix,GAS,2,52,2,GAS,7.0,11.0,AlphaTauri,Finished,-4.0,False
2020,70th Anniversary Grand Prix,GIO,2,51,2,GIO,19.0,17.0,Alfa Romeo Racing,+1 Lap,2.0,True
2020,70th Anniversary Grand Prix,GRO,2,51,2,GRO,13.0,16.0,Haas F1 Team,+1 Lap,-3.0,False
2020,70th Anniversary Grand Prix,HAM,2,52,2,HAM,2.0,2.0,Mercedes,Finished,0.0,False
2020,70th Anniversary Grand Prix,HUL,3,52,3,HUL,3.0,7.0,Racing Point,Finished,-4.0,False
2020,70th Anniversary Grand Prix,KVY,2,52,2,KVY,16.0,10.0,AlphaTauri,Finished,6.0,True
2020,70th Anniversary Grand Prix,LAT,3,51,3,LAT,18.0,19.0,Williams,+1 Lap,-1.0,False
2020,70th Anniversary Grand Prix,LEC,1,52,1,LEC,8.0,4.0,Ferrari,Finished,4.0,True
2020,70th Anniversary Grand Prix,MAG,3,43,3,MAG,17.0,20.0,Haas F1 Team,Retired,-3.0,False
2020,70th Anniversary Grand Prix,NOR,2,52,2,NOR,10.0,9.0,McLaren,Finished,1.0,True
2020,70th Anniversary Grand Prix,OCO,1,52,1,OCO,14.0,8.0,Renault,Finished,6.0,True
2020,70th Anniversary Grand Prix,RAI,1,51,1,RAI,20.0,15.0,Alfa Romeo Racing,+1 Lap,5.0,True
2020,70th Anniversary Grand Prix,RIC,3,51,3,RIC,5.0,14.0,Renault,+1 Lap,-9.0,False
2020,70th Anniversary Grand Prix,RUS,3,51,3,RUS,15.0,18.0,Williams,+1 Lap,-3.0,False
2020,70th Anniversary Grand Prix,SAI,2,52,2,SAI,12.0,13.0,McLaren,Finished,-1.0,False
2020,70th Anniversary Grand Prix,STR,2,52,2,STR,6.0,6.0,Racing Point,Finished,0.0,False
2020,70th Anniversary Grand Prix,VER,2,52,2,VER,4.0,1.0,Red Bull Racing,Finished,3.0,True
2020,70th Anniversary Grand Prix,VET,2,52,2,VET,11.0,12.0,Ferrari,Finished,-1.0,False
2020,Abu Dhabi Grand Prix,ALB,1,55,1,ALB,5.0,4.0,Red Bull Racing,Finished,1.0,True
2020,Abu Dhabi Grand Prix,BOT,1,55,1,BOT,2.0,2.0,Mercedes,Finished,0.0,False
2020,Abu Dhabi Grand Prix,FIT,3,53,3,FIT,17.0,19.0,Haas F1 Team,+2 Laps,-2.0,False
2020,Abu Dhabi Grand Prix,GAS,1,55,1,GAS,9.0,8.0,AlphaTauri,Finished,1.0,True
2020,Abu Dhabi Grand Prix,GIO,1,54,1,GIO,14.0,16.0,Alfa Romeo Racing,+1 Lap,-2.0,False
2020,Abu Dhabi Grand Prix,HAM,1,55,1,HAM,3.0,3.0,Mercedes,Finished,0.0,False
2020,Abu Dhabi Grand Prix,KVY,1,54,1,KVY,7.0,11.0,AlphaTauri,+1 Lap,-4.0,False
2020,Abu Dhabi Grand Prix,LAT,2,54,2,LAT,18.0,17.0,Williams,+1 Lap,1.0,True
2020,Abu Dhabi Grand Prix,LEC,1,54,1,LEC,12.0,13.0,Ferrari,+1 Lap,-1.0,False
2020,Abu Dhabi Grand Prix,MAG,2,54,2,MAG,20.0,18.0,Haas F1 Team,+1 Lap,2.0,True
2020,Abu Dhabi Grand Prix,NOR,1,55,1,NOR,4.0,5.0,McLaren,Finished,-1.0,False
2020,Abu Dhabi Grand Prix,OCO,1,55,1,OCO,10.0,9.0,Renault,Finished,1.0,True
2020,Abu Dhabi Grand Prix,PER,0,9,0,PER,19.0,20.0,Racing Point,Transmission,-1.0,False
2020,Abu Dhabi Grand Prix,RAI,1,54,1,RAI,15.0,12.0,Alfa Romeo Racing,+1 Lap,3.0,True
2020,Abu Dhabi Grand Prix,RIC,1,55,1,RIC,11.0,7.0,Renault,Finished,4.0,True
2020,Abu Dhabi Grand Prix,RUS,1,54,1,RUS,16.0,15.0,Williams,+1 Lap,1.0,True
2020,Abu Dhabi Grand Prix,SAI,1,55,1,SAI,6.0,6.0,McLaren,Finished,0.0,False
2020,Abu Dhabi Grand Prix,STR,1,55,1,STR,8.0,10.0,Racing Point,Finished,-2.0,False
2020,Abu Dhabi Grand Prix,VER,1,55,1,VER,1.0,1.0,Red Bull Racing,Finished,0.0,False
2020,Abu Dhabi Grand Prix,VET,1,54,1,VET,13.0,14.0,Ferrari,+1 Lap,-1.0,False
2020,Austrian Grand Prix,ALB,3,63,3,ALB,4.0,13.0,Red Bull Racing,Electronics,-9.0,False
2020,Austrian Grand Prix,BOT,2,68,2,BOT,1.0,1.0,Mercedes,Finished,0.0,False
2020,Austrian Grand Prix,GAS,2,67,2,GAS,12.0,7.0,AlphaTauri,Finished,5.0,True
2020,Austrian Grand Prix,GIO,3,67,3,GIO,18.0,9.0,Alfa Romeo Racing,Finished,9.0,True
2020,Austrian Grand Prix,GRO,2,44,2,GRO,15.0,16.0,Haas F1 Team,Brakes,-1.0,False
2020,Austrian Grand Prix,HAM,2,67,2,HAM,5.0,4.0,Mercedes,Finished,1.0,True
2020,Austrian Grand Prix,KVY,3,65,3,KVY,13.0,12.0,AlphaTauri,Suspension,1.0,True
2020,Austrian Grand Prix,LAT,3,67,3,LAT,20.0,11.0,Williams,Finished,9.0,True
2020,Austrian Grand Prix,LEC,3,67,3,LEC,7.0,2.0,Ferrari,Finished,5.0,True
2020,Austrian Grand Prix,MAG,0,20,0,MAG,16.0,17.0,Haas F1 Team,Brakes,-1.0,False
2020,Austrian Grand Prix,NOR,3,67,3,NOR,3.0,3.0,McLaren,Finished,0.0,False
2020,Austrian Grand Prix,OCO,2,67,2,OCO,14.0,8.0,Renault,Finished,6.0,True
2020,Austrian Grand Prix,PER,2,67,2,PER,6.0,6.0,Racing Point,Finished,0.0,False
2020,Austrian Grand Prix,RAI,2,49,2,RAI,19.0,14.0,Alfa Romeo Racing,Wheel,5.0,True
2020,Austrian Grand Prix,RIC,1,12,1,RIC,10.0,19.0,Renault,Overheating,-9.0,False
2020,Austrian Grand Prix,RUS,1,45,1,RUS,17.0,15.0,Williams,Fuel pressure,2.0,True
2020,Austrian Grand Prix,SAI,3,67,3,SAI,8.0,5.0,McLaren,Finished,3.0,True
2020,Austrian Grand Prix,STR,1,15,1,STR,9.0,18.0,Racing Point,Engine,-9.0,False
2020,Austrian Grand Prix,VER,1,10,1,VER,2.0,20.0,Red Bull Racing,Electronics,-18.0,False
2020,Austrian Grand Prix,VET,3,67,3,VET,11.0,10.0,Ferrari,Finished,1.0,True
2020,Bahrain Grand Prix,ALB,3,57,3,ALB,4.0,3.0,Red Bull Racing,Finished,1.0,True
2020,Bahrain Grand Prix,BOT,4,57,4+,BOT,2.0,8.0,Mercedes,Finished,-6.0,False
2020,Bahrain Grand Prix,GAS,2,57,2,GAS,8.0,6.0,AlphaTauri,Finished,2.0,True
2020,Bahrain Grand Prix,GIO,3,56,3,GIO,16.0,16.0,Alfa Romeo Racing,+1 Lap,0.0,False
2020,Bahrain Grand Prix,GRO,0,1,0,GRO,19.0,20.0,Haas F1 Team,Collision,-1.0,False
2020,Bahrain Grand Prix,HAM,3,57,3,HAM,1.0,1.0,Mercedes,Finished,0.0,False
2020,Bahrain Grand Prix,KVY,3,56,3,KVY,10.0,11.0,AlphaTauri,+1 Lap,-1.0,False
2020,Bahrain Grand Prix,LAT,3,56,3,LAT,20.0,14.0,Williams,+1 Lap,6.0,True
2020,Bahrain Grand Prix,LEC,3,56,3,LEC,12.0,10.0,Ferrari,+1 Lap,2.0,True
2020,Bahrain Grand Prix,MAG,4,56,4+,MAG,18.0,17.0,Haas F1 Team,+1 Lap,1.0,True
2020,Bahrain Grand Prix,NOR,3,57,3,NOR,9.0,4.0,McLaren,Finished,5.0,True
2020,Bahrain Grand Prix,OCO,3,57,3,OCO,7.0,9.0,Renault,Finished,-2.0,False
2020,Bahrain Grand Prix,PER,3,54,3,PER,5.0,18.0,Racing Point,Engine,-13.0,False
2020,Bahrain Grand Prix,RAI,3,56,3,RAI,17.0,15.0,Alfa Romeo Racing,+1 Lap,2.0,True
2020,Bahrain Grand Prix,RIC,3,57,3,RIC,6.0,7.0,Renault,Finished,-1.0,False
2020,Bahrain Grand Prix,RUS,3,56,3,RUS,14.0,12.0,Williams,+1 Lap,2.0,True
2020,Bahrain Grand Prix,SAI,3,57,3,SAI,15.0,5.0,McLaren,Finished,10.0,True
2020,Bahrain Grand Prix,STR,1,3,1,STR,13.0,19.0,Racing Point,Collision,-6.0,False
2020,Bahrain Grand Prix,VER,4,57,4+,VER,3.0,2.0,Red Bull Racing,Finished,1.0,True
2020,Bahrain Grand Prix,VET,3,56,3,VET,11.0,13.0,Ferrari,+1 Lap,-2.0,False
2020,Belgian Grand Prix,ALB,1,44,1,ALB,5.0,6.0,Red Bull Racing,Finished,-1.0,False
2020,Belgian Grand Prix,BOT,1,44,1,BOT,2.0,2.0,Mercedes,Finished,0.0,False
2020,Belgian Grand Prix,GAS,1,44,1,GAS,12.0,8.0,AlphaTauri,Finished,4.0,True
2020,Belgian Grand Prix,GIO,0,10,0,GIO,18.0,18.0,Alfa Romeo Racing,Accident,0.0,False
2020,Belgian Grand Prix,GRO,1,44,1,GRO,17.0,15.0,Haas F1 Team,Finished,2.0,True
2020,Belgian Grand Prix,HAM,1,44,1,HAM,1.0,1.0,Mercedes,Finished,0.0,False
2020,Belgian Grand Prix,KVY,1,44,1,KVY,11.0,11.0,AlphaTauri,Finished,0.0,False
2020,Belgian Grand Prix,LAT,2,44,2,LAT,19.0,16.0,Williams,Finished,3.0,True
2020,Belgian Grand Prix,LEC,2,44,2,LEC,13.0,14.0,Ferrari,Finished,-1.0,False
2020,Belgian Grand Prix,MAG,2,44,2,MAG,20.0,17.0,Haas F1 Team,Finished,3.0,True
2020,Belgian Grand Prix,NOR,1,44,1,NOR,10.0,7.0,McLaren,Finished,3.0,True
2020,Belgian Grand Prix,OCO,1,44,1,OCO,6.0,5.0,Renault,Finished,1.0,True
2020,Belgian Grand Prix,PER,1,44,1,PER,8.0,10.0,Racing Point,Finished,-2.0,False
2020,Belgian Grand Prix,RAI,1,44,1,RAI,16.0,12.0,Alfa Romeo Racing,Finished,4.0,True
2020,Belgian Grand Prix,RIC,1,44,1,RIC,4.0,4.0,Renault,Finished,0.0,False
2020,Belgian Grand Prix,RUS,0,10,0,RUS,15.0,19.0,Williams,Debris,-4.0,False
2020,Belgian Grand Prix,STR,1,44,1,STR,9.0,9.0,Racing Point,Finished,0.0,False
2020,Belgian Grand Prix,VER,1,44,1,VER,3.0,3.0,Red Bull Racing,Finished,0.0,False
2020,Belgian Grand Prix,VET,1,44,1,VET,14.0,13.0,Ferrari,Finished,1.0,True
2020,British Grand Prix,ALB,2,52,2,ALB,12.0,8.0,Red Bull Racing,Finished,4.0,True
2020,British Grand Prix,BOT,2,52,2,BOT,2.0,11.0,Mercedes,Finished,-9.0,False
2020,British Grand Prix,GAS,1,52,1,GAS,11.0,7.0,AlphaTauri,Finished,4.0,True
2020,British Grand Prix,GIO,1,52,1,GIO,15.0,14.0,Alfa Romeo Racing,Finished,1.0,True
2020,British Grand Prix,GRO,1,52,1,GRO,17.0,16.0,Haas F1 Team,Finished,1.0,True
2020,British Grand Prix,HAM,1,52,1,HAM,1.0,1.0,Mercedes,Finished,0.0,False
2020,British Grand Prix,KVY,0,12,0,KVY,19.0,18.0,AlphaTauri,Accident,1.0,True
2020,British Grand Prix,LAT,1,52,1,LAT,18.0,15.0,Williams,Finished,3.0,True
2020,British Grand Prix,LEC,1,52,1,LEC,4.0,3.0,Ferrari,Finished,1.0,True
2020,British Grand Prix,MAG,0,2,0,MAG,14.0,19.0,Haas F1 Team,Collision,-5.0,False
2020,British Grand Prix,NOR,1,52,1,NOR,5.0,5.0,McLaren,Finished,0.0,False
2020,British Grand Prix,OCO,1,52,1,OCO,9.0,6.0,Renault,Finished,3.0,True
2020,British Grand Prix,RAI,2,51,2,RAI,16.0,17.0,Alfa Romeo Racing,+1 Lap,-1.0,False
2020,British Grand Prix,RIC,1,52,1,RIC,8.0,4.0,Renault,Finished,4.0,True
2020,British Grand Prix,RUS,1,52,1,RUS,20.0,12.0,Williams,Finished,8.0,True
2020,British Grand Prix,SAI,2,52,2,SAI,7.0,13.0,McLaren,Finished,-6.0,False
2020,British Grand Prix,STR,1,52,1,STR,6.0,9.0,Racing Point,Finished,-3.0,False
2020,British Grand Prix,VER,2,52,2,VER,3.0,2.0,Red Bull Racing,Finished,1.0,True
2020,British Grand Prix,VET,1,52,1,VET,10.0,10.0,Ferrari,Finished,0.0,False
2020,Eifel Grand Prix,ALB,2,23,2,ALB,5.0,17.0,Red Bull Racing,Radiator,-12.0,False
2020,Eifel Grand Prix,BOT,2,18,2,BOT,1.0,19.0,Mercedes,Power Unit,-18.0,False
2020,Eifel Grand Prix,GAS,2,60,2,GAS,12.0,6.0,AlphaTauri,Finished,6.0,True
2020,Eifel Grand Prix,GIO,2,60,2,GIO,14.0,10.0,Alfa Romeo Racing,Finished,4.0,True
2020,Eifel Grand Prix,GRO,1,60,1,GRO,16.0,9.0,Haas F1 Team,Finished,7.0,True
2020,Eifel Grand Prix,HAM,2,60,2,HAM,2.0,1.0,Mercedes,Finished,1.0,True
2020,Eifel Grand Prix,HUL,2,60,2,HUL,20.0,8.0,Racing Point,Finished,12.0,True
2020,Eifel Grand Prix,KVY,2,60,2,KVY,13.0,15.0,AlphaTauri,Finished,-2.0,False
2020,Eifel Grand Prix,LAT,2,60,2,LAT,18.0,14.0,Williams,Finished,4.0,True
2020,Eifel Grand Prix,LEC,2,60,2,LEC,4.0,7.0,Ferrari,Finished,-3.0,False
2020,Eifel Grand Prix,MAG,2,60,2,MAG,15.0,13.0,Haas F1 Team,Finished,2.0,True
2020,Eifel Grand Prix,NOR,1,43,1,NOR,8.0,16.0,McLaren,Power Unit,-8.0,False
2020,Eifel Grand Prix,OCO,1,22,1,OCO,7.0,18.0,Renault,Gearbox,-11.0,False
2020,Eifel Grand Prix,PER,2,60,2,PER,9.0,4.0,Racing Point,Finished,5.0,True
2020,Eifel Grand Prix,RAI,2,60,2,RAI,19.0,12.0,Alfa Romeo Racing,Finished,7.0,True
2020,Eifel Grand Prix,RIC,2,60,2,RIC,6.0,3.0,Renault,Finished,3.0,True
2020,Eifel Grand Prix,RUS,1,13,1,RUS,17.0,20.0,Williams,Collision,-3.0,False
2020,Eifel Grand Prix,SAI,2,60,2,SAI,10.0,5.0,McLaren,Finished,5.0,True
2020,Eifel Grand Prix,VER,2,60,2,VER,3.0,2.0,Red Bull Racing,Finished,1.0,True
2020,Eifel Grand Prix,VET,2,60,2,VET,11.0,11.0,Ferrari,Finished,0.0,False
2020,Emilia Romagna Grand Prix,ALB,2,63,2,ALB,6.0,15.0,Red Bull Racing,Finished,-9.0,False
2020,Emilia Romagna Grand Prix,BOT,2,63,2,BOT,1.0,2.0,Mercedes,Finished,-1.0,False
2020,Emilia Romagna Grand Prix,GAS,1,8,1,GAS,4.0,20.0,AlphaTauri,Water pressure,-16.0,False
2020,Emilia Romagna Grand Prix,GIO,1,63,1,GIO,20.0,10.0,Alfa Romeo Racing,Finished,10.0,True
2020,Emilia Romagna Grand Prix,GRO,2,63,2,GRO,16.0,14.0,Haas F1 Team,Finished,2.0,True
2020,Emilia Romagna Grand Prix,HAM,2,63,2,HAM,2.0,1.0,Mercedes,Finished,1.0,True
2020,Emilia Romagna Grand Prix,KVY,2,63,2,KVY,8.0,4.0,AlphaTauri,Finished,4.0,True
2020,Emilia Romagna Grand Prix,LAT,1,63,1,LAT,19.0,11.0,Williams,Finished,8.0,True
2020,Emilia Romagna Grand Prix,LEC,1,63,1,LEC,7.0,5.0,Ferrari,Finished,2.0,True
2020,Emilia Romagna Grand Prix,MAG,2,47,2,MAG,17.0,18.0,Haas F1 Team,Illness,-1.0,False
2020,Emilia Romagna Grand Prix,NOR,2,63,2,NOR,9.0,8.0,McLaren,Finished,1.0,True
2020,Emilia Romagna Grand Prix,OCO,1,28,1,OCO,12.0,19.0,Renault,Gearbox,-7.0,False
2020,Emilia Romagna Grand Prix,PER,2,63,2,PER,11.0,6.0,Racing Point,Finished,5.0,True
2020,Emilia Romagna Grand Prix,RAI,1,63,1,RAI,18.0,9.0,Alfa Romeo Racing,Finished,9.0,True
2020,Emilia Romagna Grand Prix,RIC,1,63,1,RIC,5.0,3.0,Renault,Finished,2.0,True
2020,Emilia Romagna Grand Prix,RUS,1,52,1,RUS,13.0,16.0,Williams,Accident,-3.0,False
2020,Emilia Romagna Grand Prix,SAI,2,63,2,SAI,10.0,7.0,McLaren,Finished,3.0,True
2020,Emilia Romagna Grand Prix,STR,3,63,3,STR,15.0,13.0,Racing Point,Finished,2.0,True
2020,Emilia Romagna Grand Prix,VER,1,51,1,VER,3.0,17.0,Red Bull Racing,Puncture,-14.0,False
2020,Emilia Romagna Grand Prix,VET,2,63,2,VET,14.0,12.0,Ferrari,Finished,2.0,True
2020,Hungarian Grand Prix,ALB,2,70,2,ALB,13.0,5.0,Red Bull Racing,Finished,8.0,True
2020,Hungarian Grand Prix,BOT,3,70,3,BOT,2.0,3.0,Mercedes,Finished,-1.0,False
2020,Hungarian Grand Prix,GAS,2,15,2,GAS,10.0,20.0,AlphaTauri,Engine,-10.0,False
2020,Hungarian Grand Prix,GIO,3,69,3,GIO,19.0,17.0,Alfa Romeo Racing,+1 Lap,2.0,True
2020,Hungarian Grand Prix,HAM,3,70,3,HAM,1.0,1.0,Mercedes,Finished,0.0,False
2020,Hungarian Grand Prix,KVY,2,69,2,KVY,17.0,12.0,AlphaTauri,+1 Lap,5.0,True
2020,Hungarian Grand Prix,LAT,5,65,4+,LAT,15.0,19.0,Williams,+5 Laps,-4.0,False
2020,Hungarian Grand Prix,LEC,2,69,2,LEC,6.0,11.0,Ferrari,+1 Lap,-5.0,False
2020,Hungarian Grand Prix,NOR,2,69,2,NOR,8.0,13.0,McLaren,+1 Lap,-5.0,False
2020,Hungarian Grand Prix,OCO,2,69,2,OCO,14.0,14.0,Renault,+1 Lap,0.0,False
2020,Hungarian Grand Prix,PER,2,69,2,PER,4.0,7.0,Racing Point,+1 Lap,-3.0,False
2020,Hungarian Grand Prix,RAI,2,69,2,RAI,20.0,15.0,Alfa Romeo Racing,+1 Lap,5.0,True
2020,Hungarian Grand Prix,RIC,2,69,2,RIC,11.0,8.0,Renault,+1 Lap,3.0,True
2020,Hungarian Grand Prix,RUS,3,69,3,RUS,12.0,18.0,Williams,+1 Lap,-6.0,False
2020,Hungarian Grand Prix,SAI,2,69,2,SAI,9.0,9.0,McLaren,+1 Lap,0.0,False
2020,Hungarian Grand Prix,STR,3,70,3,STR,3.0,4.0,Racing Point,Finished,-1.0,False
2020,Hungarian Grand Prix,VER,2,70,2,VER,7.0,2.0,Red Bull Racing,Finished,5.0,True
2020,Hungarian Grand Prix,VET,2,69,2,VET,5.0,6.0,Ferrari,+1 Lap,-1.0,False
2020,Italian Grand Prix,ALB,2,53,2,ALB,9.0,15.0,Red Bull Racing,Finished,-6.0,False
2020,Italian Grand Prix,BOT,2,53,2,BOT,2.0,5.0,Mercedes,Finished,-3.0,False
2020,Italian Grand Prix,GAS,2,53,2,GAS,10.0,1.0,AlphaTauri,Finished,9.0,True
2020,Italian Grand Prix,GIO,3,53,3,GIO,18.0,16.0,Alfa Romeo Racing,Finished,2.0,True
2020,Italian Grand Prix,GRO,2,53,2,GRO,16.0,12.0,Haas F1 Team,Finished,4.0,True
2020,Italian Grand Prix,HAM,3,53,3,HAM,1.0,7.0,Mercedes,Finished,-6.0,False
2020,Italian Grand Prix,KVY,2,53,2,KVY,11.0,9.0,AlphaTauri,Finished,2.0,True
2020,Italian Grand Prix,LAT,2,53,2,LAT,20.0,11.0,Williams,Finished,9.0,True
2020,Italian Grand Prix,LEC,2,24,2,LEC,13.0,18.0,Ferrari,Accident,-5.0,False
2020,Italian Grand Prix,MAG,2,18,2,MAG,15.0,19.0,Haas F1 Team,Power Unit,-4.0,False
2020,Italian Grand Prix,NOR,2,53,2,NOR,6.0,4.0,McLaren,Finished,2.0,True
2020,Italian Grand Prix,OCO,2,53,2,OCO,12.0,8.0,Renault,Finished,4.0,True
2020,Italian Grand Prix,PER,2,53,2,PER,4.0,10.0,Racing Point,Finished,-6.0,False
2020,Italian Grand Prix,RAI,2,53,2,RAI,14.0,13.0,Alfa Romeo Racing,Finished,1.0,True
2020,Italian Grand Prix,RIC,2,53,2,RIC,7.0,6.0,Renault,Finished,1.0,True
2020,Italian Grand Prix,RUS,2,53,2,RUS,19.0,14.0,Williams,Finished,5.0,True
2020,Italian Grand Prix,SAI,2,53,2,SAI,3.0,2.0,McLaren,Finished,1.0,True
2020,Italian Grand Prix,STR,1,53,1,STR,8.0,3.0,Racing Point,Finished,5.0,True
2020,Italian Grand Prix,VER,3,30,3,VER,5.0,17.0,Red Bull Racing,Power Unit,-12.0,False
2020,Italian Grand Prix,VET,1,6,1,VET,17.0,20.0,Ferrari,Brakes,-3.0,False
2020,Portuguese Grand Prix,ALB,2,65,2,ALB,6.0,12.0,Red Bull Racing,+1 Lap,-6.0,False
2020,Portuguese Grand Prix,BOT,1,66,1,BOT,2.0,2.0,Mercedes,Finished,0.0,False
2020,Portuguese Grand Prix,GAS,1,65,1,GAS,9.0,5.0,AlphaTauri,+1 Lap,4.0,True
2020,Portuguese Grand Prix,GIO,1,65,1,GIO,17.0,15.0,Alfa Romeo Racing,+1 Lap,2.0,True
2020,Portuguese Grand Prix,GRO,1,65,1,GRO,18.0,17.0,Haas F1 Team,+1 Lap,1.0,True
2020,Portuguese Grand Prix,HAM,1,66,1,HAM,1.0,1.0,Mercedes,Finished,0.0,False
2020,Portuguese Grand Prix,KVY,2,64,2,KVY,13.0,19.0,AlphaTauri,+2 Laps,-6.0,False
2020,Portuguese Grand Prix,LAT,1,64,1,LAT,20.0,18.0,Williams,+2 Laps,2.0,True
2020,Portuguese Grand Prix,LEC,1,66,1,LEC,4.0,4.0,Ferrari,Finished,0.0,False
2020,Portuguese Grand Prix,MAG,1,65,1,MAG,19.0,16.0,Haas F1 Team,+1 Lap,3.0,True
2020,Portuguese Grand Prix,NOR,2,65,2,NOR,8.0,13.0,McLaren,+1 Lap,-5.0,False
2020,Portuguese Grand Prix,OCO,1,65,1,OCO,11.0,8.0,Renault,+1 Lap,3.0,True
2020,Portuguese Grand Prix,PER,2,65,2,PER,5.0,7.0,Racing Point,+1 Lap,-2.0,False
2020,Portuguese Grand Prix,RAI,1,65,1,RAI,16.0,11.0,Alfa Romeo Racing,+1 Lap,5.0,True
2020,Portuguese Grand Prix,RIC,1,65,1,RIC,10.0,9.0,Renault,+1 Lap,1.0,True
2020,Portuguese Grand Prix,RUS,1,65,1,RUS,14.0,14.0,Williams,+1 Lap,0.0,False
2020,Portuguese Grand Prix,SAI,1,65,1,SAI,7.0,6.0,McLaren,+1 Lap,1.0,True
2020,Portuguese Grand Prix,STR,3,51,3,STR,12.0,20.0,Racing Point,Collision damage,-8.0,False
2020,Portuguese Grand Prix,VER,1,66,1,VER,3.0,3.0,Red Bull Racing,Finished,0.0,False
2020,Portuguese Grand Prix,VET,1,65,1,VET,15.0,10.0,Ferrari,+1 Lap,5.0,True
2020,Russian Grand Prix,ALB,2,53,2,ALB,15.0,10.0,Red Bull Racing,Finished,5.0,True
2020,Russian Grand Prix,BOT,1,53,1,BOT,3.0,1.0,Mercedes,Finished,2.0,True
2020,Russian Grand Prix,GAS,2,53,2,GAS,9.0,9.0,AlphaTauri,Finished,0.0,False
2020,Russian Grand Prix,GIO,1,52,1,GIO,17.0,11.0,Alfa Romeo Racing,+1 Lap,6.0,True
2020,Russian Grand Prix,GRO,2,52,2,GRO,16.0,17.0,Haas F1 Team,+1 Lap,-1.0,False
2020,Russian Grand Prix,HAM,1,53,1,HAM,1.0,3.0,Mercedes,Finished,-2.0,False
2020,Russian Grand Prix,KVY,1,53,1,KVY,11.0,8.0,AlphaTauri,Finished,3.0,True
2020,Russian Grand Prix,LAT,1,52,1,LAT,20.0,16.0,Williams,+1 Lap,4.0,True
2020,Russian Grand Prix,LEC,1,53,1,LEC,10.0,6.0,Ferrari,Finished,4.0,True
2020,Russian Grand Prix,MAG,1,52,1,MAG,18.0,12.0,Haas F1 Team,+1 Lap,6.0,True
2020,Russian Grand Prix,NOR,2,52,2,NOR,8.0,15.0,McLaren,+1 Lap,-7.0,False
2020,Russian Grand Prix,OCO,1,53,1,OCO,7.0,7.0,Renault,Finished,0.0,False
2020,Russian Grand Prix,PER,1,53,1,PER,4.0,4.0,Racing Point,Finished,0.0,False
2020,Russian Grand Prix,RAI,1,52,1,RAI,19.0,14.0,Alfa Romeo Racing,+1 Lap,5.0,True
2020,Russian Grand Prix,RIC,1,53,1,RIC,5.0,5.0,Renault,Finished,0.0,False
2020,Russian Grand Prix,RUS,3,52,3,RUS,13.0,18.0,Williams,+1 Lap,-5.0,False
2020,Russian Grand Prix,SAI,0,1,0,SAI,6.0,19.0,McLaren,Accident,-13.0,False
2020,Russian Grand Prix,STR,0,1,0,STR,12.0,20.0,Racing Point,Collision,-8.0,False
2020,Russian Grand Prix,VER,1,53,1,VER,2.0,2.0,Red Bull Racing,Finished,0.0,False
2020,Russian Grand Prix,VET,1,52,1,VET,14.0,13.0,Ferrari,+1 Lap,1.0,True
2020,Sakhir Grand Prix,AIT,3,87,3,AIT,17.0,16.0,Williams,Finished,1.0,True
2020,Sakhir Grand Prix,ALB,2,87,2,ALB,12.0,6.0,Red Bull Racing,Finished,6.0,True
2020,Sakhir Grand Prix,BOT,2,87,2,BOT,1.0,8.0,Mercedes,Finished,-7.0,False
2020,Sakhir Grand Prix,FIT,3,87,3,FIT,20.0,17.0,Haas F1 Team,Finished,3.0,True
2020,Sakhir Grand Prix,GAS,2,87,2,GAS,9.0,11.0,AlphaTauri,Finished,-2.0,False
2020,Sakhir Grand Prix,GIO,2,87,2,GIO,14.0,13.0,Alfa Romeo Racing,Finished,1.0,True
2020,Sakhir Grand Prix,KVY,2,87,2,KVY,6.0,7.0,AlphaTauri,Finished,-1.0,False
2020,Sakhir Grand Prix,LAT,1,53,1,LAT,16.0,18.0,Williams,Engine,-2.0,False
2020,Sakhir Grand Prix,LEC,0,1,0,LEC,4.0,20.0,Ferrari,Collision,-16.0,False
2020,Sakhir Grand Prix,MAG,2,87,2,MAG,15.0,15.0,Haas F1 Team,Finished,0.0,False
2020,Sakhir Grand Prix,NOR,2,87,2,NOR,19.0,10.0,McLaren,Finished,9.0,True
2020,Sakhir Grand Prix,OCO,1,87,1,OCO,11.0,2.0,Renault,Finished,9.0,True
2020,Sakhir Grand Prix,PER,2,87,2,PER,5.0,1.0,Racing Point,Finished,4.0,True
2020,Sakhir Grand Prix,RAI,3,87,3,RAI,18.0,14.0,Alfa Romeo Racing,Finished,4.0,True
2020,Sakhir Grand Prix,RIC,2,87,2,RIC,7.0,5.0,Renault,Finished,2.0,True
2020,Sakhir Grand Prix,RUS,4,87,4+,RUS,2.0,9.0,Mercedes,Finished,-7.0,False
2020,Sakhir Grand Prix,SAI,2,87,2,SAI,8.0,4.0,McLaren,Finished,4.0,True
2020,Sakhir Grand Prix,STR,1,87,1,STR,10.0,3.0,Racing Point,Finished,7.0,True
2020,Sakhir Grand Prix,VER,0,1,0,VER,3.0,19.0,Red Bull Racing,Accident,-16.0,False
2020,Sakhir Grand Prix,VET,3,87,3,VET,13.0,12.0,Ferrari,Finished,1.0,True
2020,Spanish Grand Prix,ALB,2,65,2,ALB,6.0,8.0,Red Bull Racing,+1 Lap,-2.0,False
2020,Spanish Grand Prix,BOT,3,66,3,BOT,2.0,3.0,Mercedes,Finished,-1.0,False
2020,Spanish Grand Prix,GAS,2,65,2,GAS,10.0,9.0,AlphaTauri,+1 Lap,1.0,True
2020,Spanish Grand Prix,GIO,2,65,2,GIO,20.0,16.0,Alfa Romeo Racing,+1 Lap,4.0,True
2020,Spanish Grand Prix,GRO,2,64,2,GRO,17.0,19.0,Haas F1 Team,+2 Laps,-2.0,False
2020,Spanish Grand Prix,HAM,2,66,2,HAM,1.0,1.0,Mercedes,Finished,0.0,False
2020,Spanish Grand Prix,KVY,2,65,2,KVY,12.0,12.0,AlphaTauri,+1 Lap,0.0,False
2020,Spanish Grand Prix,LAT,2,64,2,LAT,19.0,18.0,Williams,+2 Laps,1.0,True
2020,Spanish Grand Prix,LEC,2,38,2,LEC,9.0,20.0,Ferrari,Electronics,-11.0,False
2020,Spanish Grand Prix,MAG,1,65,1,MAG,16.0,15.0,Haas F1 Team,+1 Lap,1.0,True
2020,Spanish Grand Prix,NOR,2,65,2,NOR,8.0,10.0,McLaren,+1 Lap,-2.0,False
2020,Spanish Grand Prix,OCO,1,65,1,OCO,15.0,13.0,Renault,+1 Lap,2.0,True
2020,Spanish Grand Prix,PER,1,65,1,PER,4.0,5.0,Racing Point,+1 Lap,-1.0,False
2020,Spanish Grand Prix,RAI,2,65,2,RAI,14.0,14.0,Alfa Romeo Racing,+1 Lap,0.0,False
2020,Spanish Grand Prix,RIC,1,65,1,RIC,13.0,11.0,Renault,+1 Lap,2.0,True
2020,Spanish Grand Prix,RUS,2,65,2,RUS,18.0,17.0,Williams,+1 Lap,1.0,True
2020,Spanish Grand Prix,SAI,2,65,2,SAI,7.0,6.0,McLaren,+1 Lap,1.0,True
2020,Spanish Grand Prix,STR,2,65,2,STR,5.0,4.0,Racing Point,+1 Lap,1.0,True
2020,Spanish Grand Prix,VER,2,66,2,VER,3.0,2.0,Red Bull Racing,Finished,1.0,True
2020,Spanish Grand Prix,VET,1,65,1,VET,11.0,7.0,Ferrari,+1 Lap,4.0,True
2020,Styrian Grand Prix,ALB,1,71,1,ALB,6.0,4.0,Red Bull Racing,Finished,2.0,True
2020,Styrian Grand Prix,BOT,1,71,1,BOT,4.0,2.0,Mercedes,Finished,2.0,True
2020,Styrian Grand Prix,GAS,2,70,2,GAS,7.0,15.0,AlphaTauri,+1 Lap,-8.0,False
2020,Styrian Grand Prix,GIO,1,70,1,GIO,19.0,14.0,Alfa Romeo Racing,+1 Lap,5.0,True
2020,Styrian Grand Prix,HAM,1,71,1,HAM,1.0,1.0,Mercedes,Finished,0.0,False
2020,Styrian Grand Prix,KVY,1,70,1,KVY,13.0,10.0,AlphaTauri,+1 Lap,3.0,True
2020,Styrian Grand Prix,LAT,1,69,1,LAT,18.0,17.0,Williams,+2 Laps,1.0,True
2020,Styrian Grand Prix,LEC,2,4,2,LEC,14.0,19.0,Ferrari,Collision damage,-5.0,False
2020,Styrian Grand Prix,MAG,1,70,1,MAG,15.0,12.0,Haas F1 Team,+1 Lap,3.0,True
2020,Styrian Grand Prix,NOR,1,71,1,NOR,9.0,5.0,McLaren,Finished,4.0,True
2020,Styrian Grand Prix,OCO,1,25,1,OCO,5.0,18.0,Renault,Overheating,-13.0,False
2020,Styrian Grand Prix,PER,1,71,1,PER,17.0,6.0,Racing Point,Finished,11.0,True
2020,Styrian Grand Prix,RAI,1,70,1,RAI,16.0,11.0,Alfa Romeo Racing,+1 Lap,5.0,True
2020,Styrian Grand Prix,RIC,1,71,1,RIC,8.0,8.0,Renault,Finished,0.0,False
2020,Styrian Grand Prix,RUS,1,69,1,RUS,11.0,16.0,Williams,+2 Laps,-5.0,False
2020,Styrian Grand Prix,SAI,2,70,2,SAI,3.0,9.0,McLaren,+1 Lap,-6.0,False
2020,Styrian Grand Prix,STR,1,71,1,STR,12.0,7.0,Racing Point,Finished,5.0,True
2020,Styrian Grand Prix,VER,2,71,2,VER,2.0,3.0,Red Bull Racing,Finished,-1.0,False
2020,Styrian Grand Prix,VET,1,1,1,VET,10.0,20.0,Ferrari,Collision damage,-10.0,False
2020,Turkish Grand Prix,ALB,2,58,2,ALB,4.0,7.0,Red Bull Racing,Finished,-3.0,False
2020,Turkish Grand Prix,BOT,2,57,2,BOT,9.0,14.0,Mercedes,+1 Lap,-5.0,False
2020,Turkish Grand Prix,GAS,2,57,2,GAS,19.0,13.0,AlphaTauri,+1 Lap,6.0,True
2020,Turkish Grand Prix,GIO,1,12,1,GIO,10.0,20.0,Alfa Romeo Racing,Gearbox,-10.0,False
2020,Turkish Grand Prix,GRO,3,49,3,GRO,17.0,18.0,Haas F1 Team,Collision damage,-1.0,False
2020,Turkish Grand Prix,HAM,1,58,1,HAM,6.0,1.0,Mercedes,Finished,5.0,True
2020,Turkish Grand Prix,KVY,1,57,1,KVY,16.0,12.0,AlphaTauri,+1 Lap,4.0,True
2020,Turkish Grand Prix,LEC,2,58,2,LEC,12.0,4.0,Ferrari,Finished,8.0,True
2020,Turkish Grand Prix,MAG,3,55,3,MAG,13.0,17.0,Haas F1 Team,Withdrew,-4.0,False
2020,Turkish Grand Prix,NOR,2,58,2,NOR,14.0,8.0,McLaren,Finished,6.0,True
2020,Turkish Grand Prix,OCO,2,57,2,OCO,7.0,11.0,Renault,+1 Lap,-4.0,False
2020,Turkish Grand Prix,PER,1,58,1,PER,3.0,2.0,Racing Point,Finished,1.0,True
2020,Turkish Grand Prix,RAI,3,57,3,RAI,8.0,15.0,Alfa Romeo Racing,+1 Lap,-7.0,False
2020,Turkish Grand Prix,RIC,2,58,2,RIC,5.0,10.0,Renault,Finished,-5.0,False
2020,Turkish Grand Prix,SAI,2,58,2,SAI,15.0,5.0,McLaren,Finished,10.0,True
2020,Turkish Grand Prix,STR,2,58,2,STR,1.0,9.0,Racing Point,Finished,-8.0,False
2020,Turkish Grand Prix,VER,3,58,3,VER,2.0,6.0,Red Bull Racing,Finished,-4.0,False
2020,Turkish Grand Prix,VET,2,58,2,VET,11.0,3.0,Ferrari,Finished,8.0,True
2020,Tuscan Grand Prix,ALB,5,59,4+,ALB,4.0,3.0,Red Bull Racing,Finished,1.0,True
2020,Tuscan Grand Prix,BOT,5,59,4+,BOT,2.0,2.0,Mercedes,Finished,0.0,False
2020,Tuscan Grand Prix,GAS,0,1,0,GAS,16.0,20.0,AlphaTauri,Collision,-4.0,False
2020,Tuscan Grand Prix,GIO,0,6,0,GIO,17.0,17.0,Alfa Romeo Racing,Collision,0.0,False
2020,Tuscan Grand Prix,GRO,5,59,4+,GRO,15.0,12.0,Haas F1 Team,Finished,3.0,True
2020,Tuscan Grand Prix,HAM,5,59,4+,HAM,1.0,1.0,Mercedes,Finished,0.0,False
2020,Tuscan Grand Prix,KVY,5,59,4+,KVY,12.0,7.0,AlphaTauri,Finished,5.0,True
2020,Tuscan Grand Prix,LAT,0,7,0,LAT,19.0,15.0,Williams,Collision,4.0,True
2020,Tuscan Grand Prix,LEC,5,59,4+,LEC,5.0,8.0,Ferrari,Finished,-3.0,False
2020,Tuscan Grand Prix,MAG,0,6,0,MAG,20.0,16.0,Haas F1 Team,Collision,4.0,True
2020,Tuscan Grand Prix,NOR,5,59,4+,NOR,11.0,6.0,McLaren,Finished,5.0,True
2020,Tuscan Grand Prix,OCO,2,8,2,OCO,10.0,14.0,Renault,Brakes,-4.0,False
2020,Tuscan Grand Prix,PER,5,59,4+,PER,7.0,5.0,Racing Point,Finished,2.0,True
2020,Tuscan Grand Prix,RAI,6,59,4+,RAI,13.0,9.0,Alfa Romeo Racing,Finished,4.0,True
2020,Tuscan Grand Prix,RIC,5,59,4+,RIC,8.0,4.0,Renault,Finished,4.0,True
2020,Tuscan Grand Prix,RUS,5,59,4+,RUS,18.0,11.0,Williams,Finished,7.0,True
2020,Tuscan Grand Prix,SAI,0,6,0,SAI,9.0,18.0,McLaren,Collision,-9.0,False
2020,Tuscan Grand Prix,STR,3,43,3,STR,6.0,13.0,Racing Point,Puncture,-7.0,False
2020,Tuscan Grand Prix,VER,0,1,0,VER,3.0,19.0,Red Bull Racing,Collision,-16.0,False
2020,Tuscan Grand Prix,VET,6,59,4+,VET,14.0,10.0,Ferrari,Finished,4.0,True
2021,Abu Dhabi Grand Prix,ALO,1,58,1,ALO,11.0,8.0,Alpine,Finished,3.0,True
2021,Abu Dhabi Grand Prix,BOT,1,58,1,BOT,6.0,6.0,Mercedes,Finished,0.0,False
2021,Abu Dhabi Grand Prix,GAS,2,58,2,GAS,12.0,5.0,AlphaTauri,Finished,7.0,True
2021,Abu Dhabi Grand Prix,GIO,1,34,1,GIO,14.0,17.0,Alfa Romeo Racing,Gearbox,-3.0,False
2021,Abu Dhabi Grand Prix,HAM,1,58,1,HAM,2.0,2.0,Mercedes,Finished,0.0,False
2021,Abu Dhabi Grand Prix,LAT,1,51,1,LAT,16.0,16.0,Williams,Accident,0.0,False
2021,Abu Dhabi Grand Prix,LEC,2,58,2,LEC,7.0,10.0,Ferrari,Finished,-3.0,False
2021,Abu Dhabi Grand Prix,MSC,2,57,2,MSC,19.0,14.0,Haas F1 Team,+1 Lap,5.0,True
2021,Abu Dhabi Grand Prix,NOR,2,58,2,NOR,3.0,7.0,McLaren,Finished,-4.0,False
2021,Abu Dhabi Grand Prix,OCO,1,58,1,OCO,9.0,9.0,Alpine,Finished,0.0,False
2021,Abu Dhabi Grand Prix,PER,4,55,4+,PER,4.0,15.0,Red Bull Racing,Engine,-11.0,False
2021,Abu Dhabi Grand Prix,RAI,2,25,2,RAI,18.0,19.0,Alfa Romeo Racing,Brakes,-1.0,False
2021,Abu Dhabi Grand Prix,RIC,2,57,2,RIC,10.0,12.0,McLaren,+1 Lap,-2.0,False
2021,Abu Dhabi Grand Prix,RUS,1,26,1,RUS,17.0,18.0,Williams,Gearbox,-1.0,False
2021,Abu Dhabi Grand Prix,SAI,1,58,1,SAI,5.0,3.0,Ferrari,Finished,2.0,True
2021,Abu Dhabi Grand Prix,STR,2,57,2,STR,13.0,13.0,Aston Martin,+1 Lap,0.0,False
2021,Abu Dhabi Grand Prix,TSU,2,58,2,TSU,8.0,4.0,AlphaTauri,Finished,4.0,True
2021,Abu Dhabi Grand Prix,VER,3,58,3,VER,1.0,1.0,Red Bull Racing,Finished,0.0,False
2021,Abu Dhabi Grand Prix,VET,1,58,1,VET,15.0,11.0,Aston Martin,Finished,4.0,True
2021,Austrian Grand Prix,ALO,1,70,1,ALO,14.0,10.0,Alpine,+1 Lap,4.0,True
2021,Austrian Grand Prix,BOT,1,71,1,BOT,5.0,2.0,Mercedes,Finished,3.0,True
2021,Austrian Grand Prix,GAS,2,71,2,GAS,6.0,9.0,AlphaTauri,Finished,-3.0,False
2021,Austrian Grand Prix,GIO,2,70,2,GIO,15.0,14.0,Alfa Romeo Racing,+1 Lap,1.0,True
2021,Austrian Grand Prix,HAM,2,71,2,HAM,4.0,4.0,Mercedes,Finished,0.0,False
2021,Austrian Grand Prix,LAT,1,70,1,LAT,18.0,16.0,Williams,+1 Lap,2.0,True
2021,Austrian Grand Prix,LEC,1,71,1,LEC,12.0,8.0,Ferrari,Finished,4.0,True
2021,Austrian Grand Prix,MAZ,2,69,2,MAZ,20.0,19.0,Haas F1 Team,+2 Laps,1.0,True
2021,Austrian Grand Prix,MSC,1,69,1,MSC,19.0,18.0,Haas F1 Team,+2 Laps,1.0,True
2021,Austrian Grand Prix,NOR,1,71,1,NOR,2.0,3.0,McLaren,Finished,-1.0,False
2021,Austrian Grand Prix,OCO,0,1,0,OCO,17.0,20.0,Alpine,Collision,-3.0,False
2021,Austrian Grand Prix,PER,1,71,1,PER,3.0,6.0,Red Bull Racing,Finished,-3.0,False
2021,Austrian Grand Prix,RAI,1,70,1,RAI,16.0,15.0,Alfa Romeo Racing,+1 Lap,1.0,True
2021,Austrian Grand Prix,RIC,1,71,1,RIC,13.0,7.0,McLaren,Finished,6.0,True
2021,Austrian Grand Prix,RUS,1,70,1,RUS,8.0,11.0,Williams,+1 Lap,-3.0,False
2021,Austrian Grand Prix,SAI,1,71,1,SAI,10.0,5.0,Ferrari,Finished,5.0,True
2021,Austrian Grand Prix,STR,2,70,2,STR,9.0,13.0,Aston Martin,+1 Lap,-4.0,False
2021,Austrian Grand Prix,TSU,2,70,2,TSU,7.0,12.0,AlphaTauri,+1 Lap,-5.0,False
2021,Austrian Grand Prix,VER,2,71,2,VER,1.0,1.0,Red Bull Racing,Finished,0.0,False
2021,Austrian Grand Prix,VET,3,70,3,VET,11.0,17.0,Aston Martin,Collision,-6.0,False
2021,Azerbaijan Grand Prix,ALO,4,51,4+,ALO,8.0,6.0,Alpine,Finished,2.0,True
2021,Azerbaijan Grand Prix,BOT,3,51,3,BOT,10.0,12.0,Mercedes,Finished,-2.0,False
2021,Azerbaijan Grand Prix,GAS,3,51,3,GAS,4.0,3.0,AlphaTauri,Finished,1.0,True
2021,Azerbaijan Grand Prix,GIO,4,51,4+,GIO,20.0,11.0,Alfa Romeo Racing,Finished,9.0,True
2021,Azerbaijan Grand Prix,HAM,3,51,3,HAM,2.0,15.0,Mercedes,Finished,-13.0,False
2021,Azerbaijan Grand Prix,LAT,2,51,2,LAT,16.0,16.0,Williams,Finished,0.0,False
2021,Azerbaijan Grand Prix,LEC,3,51,3,LEC,1.0,4.0,Ferrari,Finished,-3.0,False
2021,Azerbaijan Grand Prix,MAZ,6,51,4+,MAZ,18.0,14.0,Haas F1 Team,Finished,4.0,True
2021,Azerbaijan Grand Prix,MSC,5,51,4+,MSC,17.0,13.0,Haas F1 Team,Finished,4.0,True
2021,Azerbaijan Grand Prix,NOR,3,51,3,NOR,9.0,5.0,McLaren,Finished,4.0,True
2021,Azerbaijan Grand Prix,OCO,1,3,1,OCO,12.0,20.0,Alpine,Turbo,-8.0,False
2021,Azerbaijan Grand Prix,PER,3,51,3,PER,6.0,1.0,Red Bull Racing,Finished,5.0,True
2021,Azerbaijan Grand Prix,RAI,3,51,3,RAI,14.0,10.0,Alfa Romeo Racing,Finished,4.0,True
2021,Azerbaijan Grand Prix,RIC,3,51,3,RIC,13.0,9.0,McLaren,Finished,4.0,True
2021,Azerbaijan Grand Prix,RUS,4,48,4+,RUS,15.0,17.0,Williams,Gearbox,-2.0,False
2021,Azerbaijan Grand Prix,SAI,3,51,3,SAI,5.0,8.0,Ferrari,Finished,-3.0,False
2021,Azerbaijan Grand Prix,STR,0,30,0,STR,19.0,19.0,Aston Martin,Accident,0.0,False
2021,Azerbaijan Grand Prix,TSU,3,51,3,TSU,7.0,7.0,AlphaTauri,Finished,0.0,False
2021,Azerbaijan Grand Prix,VER,1,46,1,VER,3.0,18.0,Red Bull Racing,Accident,-15.0,False
2021,Azerbaijan Grand Prix,VET,3,51,3,VET,11.0,2.0,Aston Martin,Finished,9.0,True
2021,Bahrain Grand Prix,ALO,3,32,3,ALO,9.0,19.0,Alpine,Brakes,-10.0,False
2021,Bahrain Grand Prix,BOT,3,56,3,BOT,3.0,3.0,Mercedes,Finished,0.0,False
2021,Bahrain Grand Prix,GAS,4,52,4+,GAS,5.0,17.0,AlphaTauri,Retired,-12.0,False
2021,Bahrain Grand Prix,GIO,2,55,2,GIO,12.0,12.0,Alfa Romeo Racing,+1 Lap,0.0,False
2021,Bahrain Grand Prix,HAM,2,56,2,HAM,2.0,1.0,Mercedes,Finished,1.0,True
2021,Bahrain Grand Prix,LAT,3,51,3,LAT,17.0,18.0,Williams,Retired,-1.0,False
2021,Bahrain Grand Prix,LEC,2,56,2,LEC,4.0,6.0,Ferrari,Finished,-2.0,False
2021,Bahrain Grand Prix,MAZ,0,1,0,MAZ,19.0,20.0,Haas F1 Team,Accident,-1.0,False
2021,Bahrain Grand Prix,MSC,2,55,2,MSC,18.0,16.0,Haas F1 Team,+1 Lap,2.0,True
2021,Bahrain Grand Prix,NOR,2,56,2,NOR,7.0,4.0,McLaren,Finished,3.0,True
2021,Bahrain Grand Prix,OCO,2,55,2,OCO,16.0,13.0,Alpine,+1 Lap,3.0,True
2021,Bahrain Grand Prix,RAI,2,56,2,RAI,14.0,11.0,Alfa Romeo Racing,Finished,3.0,True
2021,Bahrain Grand Prix,RIC,2,56,2,RIC,6.0,7.0,McLaren,Finished,-1.0,False
2021,Bahrain Grand Prix,RUS,2,55,2,RUS,15.0,14.0,Williams,+1 Lap,1.0,True
2021,Bahrain Grand Prix,SAI,2,56,2,SAI,8.0,8.0,Ferrari,Finished,0.0,False
2021,Bahrain Grand Prix,STR,2,56,2,STR,10.0,10.0,Aston Martin,Finished,0.0,False
2021,Bahrain Grand Prix,TSU,2,56,2,TSU,13.0,9.0,AlphaTauri,Finished,4.0,True
2021,Bahrain Grand Prix,VER,2,56,2,VER,1.0,2.0,Red Bull Racing,Finished,-1.0,False
2021,Bahrain Grand Prix,VET,1,55,1,VET,20.0,15.0,Aston Martin,+1 Lap,5.0,True
2021,Belgian Grand Prix,ALO,1,3,1,ALO,12.0,11.0,Alpine,Finished,1.0,True
2021,Belgian Grand Prix,BOT,1,3,1,BOT,13.0,12.0,Mercedes,Finished,1.0,True
2021,Belgian Grand Prix,GAS,1,3,1,GAS,6.0,6.0,AlphaTauri,Finished,0.0,False
2021,Belgian Grand Prix,GIO,1,3,1,GIO,14.0,13.0,Alfa Romeo Racing,Finished,1.0,True
2021,Belgian Grand Prix,HAM,1,3,1,HAM,3.0,3.0,Mercedes,Finished,0.0,False
2021,Belgian Grand Prix,LAT,1,3,1,LAT,10.0,9.0,Williams,Finished,1.0,True
2021,Belgian Grand Prix,LEC,1,3,1,LEC,9.0,8.0,Ferrari,Finished,1.0,True
2021,Belgian Grand Prix,MAZ,1,3,1,MAZ,18.0,17.0,Haas F1 Team,Finished,1.0,True
2021,Belgian Grand Prix,MSC,1,3,1,MSC,17.0,16.0,Haas F1 Team,Finished,1.0,True
2021,Belgian Grand Prix,NOR,1,3,1,NOR,15.0,14.0,McLaren,Finished,1.0,True
2021,Belgian Grand Prix,OCO,1,3,1,OCO,8.0,7.0,Alpine,Finished,1.0,True
2021,Belgian Grand Prix,RIC,1,3,1,RIC,4.0,4.0,McLaren,Finished,0.0,False
2021,Belgian Grand Prix,RUS,1,3,1,RUS,2.0,2.0,Williams,Finished,0.0,False
2021,Belgian Grand Prix,SAI,1,3,1,SAI,11.0,10.0,Ferrari,Finished,1.0,True
2021,Belgian Grand Prix,STR,1,3,1,STR,19.0,20.0,Aston Martin,Finished,-1.0,False
2021,Belgian Grand Prix,TSU,1,3,1,TSU,16.0,15.0,AlphaTauri,Finished,1.0,True
2021,Belgian Grand Prix,VER,1,3,1,VER,1.0,1.0,Red Bull Racing,Finished,0.0,False
2021,Belgian Grand Prix,VET,1,3,1,VET,5.0,5.0,Aston Martin,Finished,0.0,False
2021,British Grand Prix,ALO,2,52,2,ALO,7.0,7.0,Alpine,Finished,0.0,False
2021,British Grand Prix,BOT,2,52,2,BOT,3.0,3.0,Mercedes,Finished,0.0,False
2021,British Grand Prix,GAS,3,52,3,GAS,11.0,11.0,AlphaTauri,Finished,0.0,False
2021,British Grand Prix,GIO,2,51,2,GIO,15.0,13.0,Alfa Romeo Racing,+1 Lap,2.0,True
2021,British Grand Prix,HAM,2,52,2,HAM,2.0,1.0,Mercedes,Finished,1.0,True
2021,British Grand Prix,LAT,2,51,2,LAT,17.0,14.0,Williams,+1 Lap,3.0,True
2021,British Grand Prix,LEC,2,52,2,LEC,4.0,2.0,Ferrari,Finished,2.0,True
2021,British Grand Prix,MAZ,2,51,2,MAZ,19.0,17.0,Haas F1 Team,+1 Lap,2.0,True
2021,British Grand Prix,MSC,2,51,2,MSC,18.0,18.0,Haas F1 Team,+1 Lap,0.0,False
2021,British Grand Prix,NOR,2,52,2,NOR,5.0,4.0,McLaren,Finished,1.0,True
2021,British Grand Prix,OCO,2,52,2,OCO,9.0,9.0,Alpine,Finished,0.0,False
2021,British Grand Prix,RAI,2,51,2,RAI,13.0,15.0,Alfa Romeo Racing,+1 Lap,-2.0,False
2021,British Grand Prix,RIC,2,52,2,RIC,6.0,5.0,McLaren,Finished,1.0,True
2021,British Grand Prix,RUS,2,51,2,RUS,12.0,12.0,Williams,+1 Lap,0.0,False
2021,British Grand Prix,SAI,2,52,2,SAI,10.0,6.0,Ferrari,Finished,4.0,True
2021,British Grand Prix,STR,2,52,2,STR,14.0,8.0,Aston Martin,Finished,6.0,True
2021,British Grand Prix,TSU,2,52,2,TSU,16.0,10.0,AlphaTauri,Finished,6.0,True
2021,British Grand Prix,VER,0,1,0,VER,1.0,20.0,Red Bull Racing,Collision,-19.0,False
2021,British Grand Prix,VET,3,40,3,VET,8.0,19.0,Aston Martin,Retired,-11.0,False
2021,Dutch Grand Prix,ALO,1,71,1,ALO,9.0,6.0,Alpine,+1 Lap,3.0,True
2021,Dutch Grand Prix,BOT,2,72,2,BOT,3.0,3.0,Mercedes,Finished,0.0,False
2021,Dutch Grand Prix,GAS,1,71,1,GAS,4.0,4.0,AlphaTauri,+1 Lap,0.0,False
2021,Dutch Grand Prix,GIO,2,70,2,GIO,7.0,14.0,Alfa Romeo Racing,+2 Laps,-7.0,False
2021,Dutch Grand Prix,HAM,3,72,3,HAM,2.0,2.0,Mercedes,Finished,0.0,False
2021,Dutch Grand Prix,KUB,1,70,1,KUB,16.0,15.0,Alfa Romeo Racing,+2 Laps,1.0,True
2021,Dutch Grand Prix,LEC,1,71,1,LEC,5.0,5.0,Ferrari,+1 Lap,0.0,False
2021,Dutch Grand Prix,MAZ,2,41,2,MAZ,18.0,20.0,Haas F1 Team,Hydraulics,-2.0,False
2021,Dutch Grand Prix,MSC,2,69,2,MSC,17.0,18.0,Haas F1 Team,+3 Laps,-1.0,False
2021,Dutch Grand Prix,NOR,1,71,1,NOR,13.0,10.0,McLaren,+1 Lap,3.0,True
2021,Dutch Grand Prix,OCO,1,71,1,OCO,8.0,9.0,Alpine,+1 Lap,-1.0,False
2021,Dutch Grand Prix,RIC,1,71,1,RIC,10.0,11.0,McLaren,+1 Lap,-1.0,False
2021,Dutch Grand Prix,RUS,3,69,3,RUS,11.0,17.0,Williams,Gearbox,-6.0,False
2021,Dutch Grand Prix,SAI,1,71,1,SAI,6.0,7.0,Ferrari,+1 Lap,-1.0,False
2021,Dutch Grand Prix,STR,1,70,1,STR,12.0,12.0,Aston Martin,+2 Laps,0.0,False
2021,Dutch Grand Prix,TSU,2,48,2,TSU,14.0,19.0,AlphaTauri,Power Unit,-5.0,False
2021,Dutch Grand Prix,VER,2,72,2,VER,1.0,1.0,Red Bull Racing,Finished,0.0,False
2021,Dutch Grand Prix,VET,2,70,2,VET,15.0,13.0,Aston Martin,+2 Laps,2.0,True
2021,Emilia Romagna Grand Prix,ALO,3,63,3,ALO,15.0,10.0,Alpine,Finished,5.0,True
2021,Emilia Romagna Grand Prix,BOT,1,31,1,BOT,8.0,18.0,Mercedes,Collision,-10.0,False
2021,Emilia Romagna Grand Prix,GAS,4,63,4+,GAS,5.0,7.0,AlphaTauri,Finished,-2.0,False
2021,Emilia Romagna Grand Prix,GIO,4,62,4+,GIO,17.0,14.0,Alfa Romeo Racing,+1 Lap,3.0,True
2021,Emilia Romagna Grand Prix,HAM,4,63,4+,HAM,1.0,2.0,Mercedes,Finished,-1.0,False
2021,Emilia Romagna Grand Prix,LAT,0,1,0,LAT,14.0,20.0,Williams,Collision,-6.0,False
2021,Emilia Romagna Grand Prix,LEC,2,63,2,LEC,4.0,4.0,Ferrari,Finished,0.0,False
2021,Emilia Romagna Grand Prix,MAZ,4,61,4+,MAZ,19.0,17.0,Haas F1 Team,+2 Laps,2.0,True
2021,Emilia Romagna Grand Prix,MSC,4,61,4+,MSC,18.0,16.0,Haas F1 Team,+2 Laps,2.0,True
2021,Emilia Romagna Grand Prix,NOR,2,63,2,NOR,7.0,3.0,McLaren,Finished,4.0,True
2021,Emilia Romagna Grand Prix,OCO,5,63,4+,OCO,9.0,9.0,Alpine,Finished,0.0,False
2021,Emilia Romagna Grand Prix,PER,2,63,2,PER,2.0,11.0,Red Bull Racing,Finished,-9.0,False
2021,Emilia Romagna Grand Prix,RAI,3,63,3,RAI,16.0,13.0,Alfa Romeo Racing,Finished,3.0,True
2021,Emilia Romagna Grand Prix,RIC,2,63,2,RIC,6.0,6.0,McLaren,Finished,0.0,False
2021,Emilia Romagna Grand Prix,RUS,1,31,1,RUS,12.0,19.0,Williams,Collision,-7.0,False
2021,Emilia Romagna Grand Prix,SAI,2,63,2,SAI,11.0,5.0,Ferrari,Finished,6.0,True
2021,Emilia Romagna Grand Prix,STR,3,63,3,STR,10.0,8.0,Aston Martin,Finished,2.0,True
2021,Emilia Romagna Grand Prix,TSU,3,63,3,TSU,20.0,12.0,AlphaTauri,Finished,8.0,True
2021,Emilia Romagna Grand Prix,VER,2,63,2,VER,3.0,1.0,Red Bull Racing,Finished,2.0,True
2021,French Grand Prix,ALO,1,53,1,ALO,9.0,8.0,Alpine,Finished,1.0,True
2021,French Grand Prix,BOT,1,53,1,BOT,3.0,4.0,Mercedes,Finished,-1.0,False
2021,French Grand Prix,GAS,1,53,1,GAS,6.0,7.0,AlphaTauri,Finished,-1.0,False
2021,French Grand Prix,GIO,1,52,1,GIO,13.0,15.0,Alfa Romeo Racing,+1 Lap,-2.0,False
2021,French Grand Prix,HAM,1,53,1,HAM,2.0,2.0,Mercedes,Finished,0.0,False
2021,French Grand Prix,LAT,1,52,1,LAT,16.0,18.0,Williams,+1 Lap,-2.0,False
2021,French Grand Prix,LEC,2,52,2,LEC,7.0,16.0,Ferrari,+1 Lap,-9.0,False
2021,French Grand Prix,MAZ,1,52,1,MAZ,18.0,20.0,Haas F1 Team,+1 Lap,-2.0,False
2021,French Grand Prix,MSC,1,52,1,MSC,15.0,19.0,Haas F1 Team,+1 Lap,-4.0,False
2021,French Grand Prix,NOR,1,53,1,NOR,8.0,5.0,McLaren,Finished,3.0,True
2021,French Grand Prix,OCO,1,52,1,OCO,11.0,14.0,Alpine,+1 Lap,-3.0,False
2021,French Grand Prix,PER,1,53,1,PER,4.0,3.0,Red Bull Racing,Finished,1.0,True
2021,French Grand Prix,RAI,1,52,1,RAI,17.0,17.0,Alfa Romeo Racing,+1 Lap,0.0,False
2021,French Grand Prix,RIC,1,53,1,RIC,10.0,6.0,McLaren,Finished,4.0,True
2021,French Grand Prix,RUS,1,52,1,RUS,14.0,12.0,Williams,+1 Lap,2.0,True
2021,French Grand Prix,SAI,1,53,1,SAI,5.0,11.0,Ferrari,Finished,-6.0,False
2021,French Grand Prix,STR,1,53,1,STR,19.0,10.0,Aston Martin,Finished,9.0,True
2021,French Grand Prix,VER,2,53,2,VER,1.0,1.0,Red Bull Racing,Finished,0.0,False
2021,French Grand Prix,VET,1,53,1,VET,12.0,9.0,Aston Martin,Finished,3.0,True
2021,Hungarian Grand Prix,ALO,3,70,3,ALO,9.0,4.0,Alpine,Finished,5.0,True
2021,Hungarian Grand Prix,BOT,0,1,0,BOT,2.0,16.0,Mercedes,Collision,-14.0,False
2021,Hungarian Grand Prix,GAS,4,70,4+,GAS,5.0,5.0,AlphaTauri,Finished,0.0,False
2021,Hungarian Grand Prix,HAM,4,70,4+,HAM,1.0,2.0,Mercedes,Finished,-1.0,False
2021,Hungarian Grand Prix,LAT,3,70,3,LAT,18.0,7.0,Williams,Finished,11.0,True
2021,Hungarian Grand Prix,LEC,0,1,0,LEC,7.0,18.0,Ferrari,Collision,-11.0,False
2021,Hungarian Grand Prix,MAZ,3,3,3,MAZ,19.0,14.0,Haas F1 Team,Collision,5.0,True
2021,Hungarian Grand Prix,MSC,3,69,3,MSC,20.0,12.0,Haas F1 Team,+1 Lap,8.0,True
2021,Hungarian Grand Prix,NOR,2,2,2,NOR,6.0,15.0,McLaren,Collision,-9.0,False
2021,Hungarian Grand Prix,OCO,3,70,3,OCO,8.0,1.0,Alpine,Finished,7.0,True
2021,Hungarian Grand Prix,PER,0,1,0,PER,4.0,17.0,Red Bull Racing,Collision,-13.0,False
2021,Hungarian Grand Prix,RAI,4,69,4+,RAI,13.0,10.0,Alfa Romeo Racing,+1 Lap,3.0,True
2021,Hungarian Grand Prix,RIC,3,69,3,RIC,11.0,11.0,McLaren,+1 Lap,0.0,False
2021,Hungarian Grand Prix,RUS,3,70,3,RUS,17.0,8.0,Williams,Finished,9.0,True
2021,Hungarian Grand Prix,SAI,3,70,3,SAI,15.0,3.0,Ferrari,Finished,12.0,True
2021,Hungarian Grand Prix,STR,0,1,0,STR,12.0,19.0,Aston Martin,Collision,-7.0,False
2021,Hungarian Grand Prix,TSU,3,70,3,TSU,16.0,6.0,AlphaTauri,Finished,10.0,True
2021,Hungarian Grand Prix,VER,5,70,4+,VER,3.0,9.0,Red Bull Racing,Finished,-6.0,False
2021,Hungarian Grand Prix,VET,3,70,3,VET,10.0,20.0,Aston Martin,Disqualified,-10.0,False
2021,Italian Grand Prix,ALO,1,53,1,ALO,10.0,8.0,Alpine,Finished,2.0,True
2021,Italian Grand Prix,BOT,1,53,1,BOT,19.0,3.0,Mercedes,Finished,16.0,True
2021,Italian Grand Prix,GIO,2,53,2,GIO,7.0,13.0,Alfa Romeo Racing,Finished,-6.0,False
2021,Italian Grand Prix,HAM,1,25,1,HAM,4.0,17.0,Mercedes,Collision,-13.0,False
2021,Italian Grand Prix,KUB,1,53,1,KUB,17.0,14.0,Alfa Romeo Racing,Finished,3.0,True
2021,Italian Grand Prix,LAT,1,53,1,LAT,13.0,11.0,Williams,Finished,2.0,True
2021,Italian Grand Prix,LEC,1,53,1,LEC,5.0,4.0,Ferrari,Finished,1.0,True
2021,Italian Grand Prix,MAZ,3,42,3,MAZ,16.0,16.0,Haas F1 Team,Power Unit,0.0,False
2021,Italian Grand Prix,MSC,1,53,1,MSC,18.0,15.0,Haas F1 Team,Finished,3.0,True
2021,Italian Grand Prix,NOR,1,53,1,NOR,3.0,2.0,McLaren,Finished,1.0,True
2021,Italian Grand Prix,OCO,1,53,1,OCO,12.0,10.0,Alpine,Finished,2.0,True
2021,Italian Grand Prix,PER,1,53,1,PER,8.0,5.0,Red Bull Racing,Finished,3.0,True
2021,Italian Grand Prix,RIC,1,53,1,RIC,2.0,1.0,McLaren,Finished,1.0,True
2021,Italian Grand Prix,RUS,1,53,1,RUS,14.0,9.0,Williams,Finished,5.0,True
2021,Italian Grand Prix,SAI,1,53,1,SAI,6.0,6.0,Ferrari,Finished,0.0,False
2021,Italian Grand Prix,STR,1,53,1,STR,9.0,7.0,Aston Martin,Finished,2.0,True
2021,Italian Grand Prix,VER,1,26,1,VER,1.0,18.0,Red Bull Racing,Collision,-17.0,False
2021,Italian Grand Prix,VET,2,53,2,VET,11.0,12.0,Aston Martin,Finished,-1.0,False
2021,Mexico City Grand Prix,ALO,1,70,1,ALO,12.0,9.0,Alpine,+1 Lap,3.0,True
2021,Mexico City Grand Prix,BOT,4,69,4+,BOT,1.0,15.0,Mercedes,+2 Laps,-14.0,False
2021,Mexico City Grand Prix,GAS,1,71,1,GAS,5.0,4.0,AlphaTauri,Finished,1.0,True
2021,Mexico City Grand Prix,GIO,1,70,1,GIO,11.0,11.0,Alfa Romeo Racing,+1 Lap,0.0,False
2021,Mexico City Grand Prix,HAM,1,71,1,HAM,2.0,2.0,Mercedes,Finished,0.0,False
2021,Mexico City Grand Prix,LAT,2,69,2,LAT,13.0,17.0,Williams,+2 Laps,-4.0,False
2021,Mexico City Grand Prix,LEC,1,71,1,LEC,8.0,5.0,Ferrari,Finished,3.0,True
2021,Mexico City Grand Prix,MAZ,2,68,2,MAZ,15.0,18.0,Haas F1 Team,+3 Laps,-3.0,False
2021,Mexico City Grand Prix,MSC,0,1,0,MSC,14.0,19.0,Haas F1 Team,Collision,-5.0,False
2021,Mexico City Grand Prix,NOR,1,70,1,NOR,18.0,10.0,McLaren,+1 Lap,8.0,True
2021,Mexico City Grand Prix,OCO,1,70,1,OCO,19.0,13.0,Alpine,+1 Lap,6.0,True
2021,Mexico City Grand Prix,PER,1,71,1,PER,4.0,3.0,Red Bull Racing,Finished,1.0,True
2021,Mexico City Grand Prix,RAI,1,70,1,RAI,10.0,8.0,Alfa Romeo Racing,+1 Lap,2.0,True
2021,Mexico City Grand Prix,RIC,2,70,2,RIC,7.0,12.0,McLaren,+1 Lap,-5.0,False
2021,Mexico City Grand Prix,RUS,1,69,1,RUS,16.0,16.0,Williams,+2 Laps,0.0,False
2021,Mexico City Grand Prix,SAI,1,70,1,SAI,6.0,6.0,Ferrari,+1 Lap,0.0,False
2021,Mexico City Grand Prix,STR,2,69,2,STR,20.0,14.0,Aston Martin,+2 Laps,6.0,True
2021,Mexico City Grand Prix,TSU,0,1,0,TSU,17.0,20.0,AlphaTauri,Collision,-3.0,False
2021,Mexico City Grand Prix,VER,1,71,1,VER,3.0,1.0,Red Bull Racing,Finished,2.0,True
2021,Mexico City Grand Prix,VET,1,70,1,VET,9.0,7.0,Aston Martin,+1 Lap,2.0,True
2021,Monaco Grand Prix,ALO,1,77,1,ALO,17.0,13.0,Alpine,+1 Lap,4.0,True
2021,Monaco Grand Prix,BOT,1,30,1,BOT,3.0,19.0,Mercedes,Wheel nut,-16.0,False
2021,Monaco Grand Prix,GAS,1,78,1,GAS,6.0,6.0,AlphaTauri,Finished,0.0,False
2021,Monaco Grand Prix,GIO,1,77,1,GIO,10.0,10.0,Alfa Romeo Racing,+1 Lap,0.0,False
2021,Monaco Grand Prix,HAM,2,78,2,HAM,7.0,7.0,Mercedes,Finished,0.0,False
2021,Monaco Grand Prix,LAT,1,77,1,LAT,18.0,15.0,Williams,+1 Lap,3.0,True
2021,Monaco Grand Prix,MAZ,1,75,1,MAZ,19.0,17.0,Haas F1 Team,+3 Laps,2.0,True
2021,Monaco Grand Prix,MSC,1,75,1,MSC,20.0,18.0,Haas F1 Team,+3 Laps,2.0,True
2021,Monaco Grand Prix,NOR,1,78,1,NOR,5.0,3.0,McLaren,Finished,2.0,True
2021,Monaco Grand Prix,OCO,1,77,1,OCO,11.0,9.0,Alpine,+1 Lap,2.0,True
2021,Monaco Grand Prix,PER,1,78,1,PER,9.0,4.0,Red Bull Racing,Finished,5.0,True
2021,Monaco Grand Prix,RAI,1,77,1,RAI,14.0,11.0,Alfa Romeo Racing,+1 Lap,3.0,True
2021,Monaco Grand Prix,RIC,1,77,1,RIC,12.0,12.0,McLaren,+1 Lap,0.0,False
2021,Monaco Grand Prix,RUS,1,77,1,RUS,15.0,14.0,Williams,+1 Lap,1.0,True
2021,Monaco Grand Prix,SAI,1,78,1,SAI,4.0,2.0,Ferrari,Finished,2.0,True
2021,Monaco Grand Prix,STR,1,77,1,STR,13.0,8.0,Aston Martin,+1 Lap,5.0,True
2021,Monaco Grand Prix,TSU,1,77,1,TSU,16.0,16.0,AlphaTauri,+1 Lap,0.0,False
2021,Monaco Grand Prix,VER,1,78,1,VER,2.0,1.0,Red Bull Racing,Finished,1.0,True
2021,Monaco Grand Prix,VET,1,78,1,VET,8.0,5.0,Aston Martin,Finished,3.0,True
2021,Portuguese Grand Prix,ALO,3,66,3,ALO,13.0,8.0,Alpine,Finished,5.0,True
2021,Portuguese Grand Prix,BOT,4,66,4+,BOT,1.0,3.0,Mercedes,Finished,-2.0,False
2021,Portuguese Grand Prix,GAS,3,66,3,GAS,9.0,10.0,AlphaTauri,Finished,-1.0,False
2021,Portuguese Grand Prix,GIO,3,65,3,GIO,12.0,12.0,Alfa Romeo Racing,+1 Lap,0.0,False
2021,Portuguese Grand Prix,HAM,3,66,3,HAM,2.0,1.0,Mercedes,Finished,1.0,True
2021,Portuguese Grand Prix,LAT,3,64,3,LAT,18.0,18.0,Williams,+2 Laps,0.0,False
2021,Portuguese Grand Prix,LEC,3,66,3,LEC,8.0,6.0,Ferrari,Finished,2.0,True
2021,Portuguese Grand Prix,MAZ,4,64,4+,MAZ,20.0,19.0,Haas F1 Team,+2 Laps,1.0,True
2021,Portuguese Grand Prix,MSC,3,64,3,MSC,19.0,17.0,Haas F1 Team,+2 Laps,2.0,True
2021,Portuguese Grand Prix,NOR,3,66,3,NOR,7.0,5.0,McLaren,Finished,2.0,True
2021,Portuguese Grand Prix,OCO,3,66,3,OCO,6.0,7.0,Alpine,Finished,-1.0,False
2021,Portuguese Grand Prix,PER,3,66,3,PER,4.0,4.0,Red Bull Racing,Finished,0.0,False
2021,Portuguese Grand Prix,RAI,0,2,0,RAI,15.0,20.0,Alfa Romeo Racing,Collision damage,-5.0,False
2021,Portuguese Grand Prix,RIC,3,66,3,RIC,16.0,9.0,McLaren,Finished,7.0,True
2021,Portuguese Grand Prix,RUS,3,65,3,RUS,11.0,16.0,Williams,+1 Lap,-5.0,False
2021,Portuguese Grand Prix,SAI,3,66,3,SAI,5.0,11.0,Ferrari,Finished,-6.0,False
2021,Portuguese Grand Prix,STR,3,65,3,STR,17.0,14.0,Aston Martin,+1 Lap,3.0,True
2021,Portuguese Grand Prix,TSU,3,65,3,TSU,14.0,15.0,AlphaTauri,+1 Lap,-1.0,False
2021,Portuguese Grand Prix,VER,4,66,4+,VER,3.0,2.0,Red Bull Racing,Finished,1.0,True
2021,Portuguese Grand Prix,VET,3,65,3,VET,10.0,13.0,Aston Martin,+1 Lap,-3.0,False
2021,Qatar Grand Prix,ALO,1,57,1,ALO,3.0,3.0,Alpine,Finished,0.0,False
2021,Qatar Grand Prix,BOT,2,49,2,BOT,6.0,20.0,Mercedes,Damage,-14.0,False
2021,Qatar Grand Prix,GAS,2,56,2,GAS,2.0,11.0,AlphaTauri,+1 Lap,-9.0,False
2021,Qatar Grand Prix,GIO,2,56,2,GIO,18.0,15.0,Alfa Romeo Racing,+1 Lap,3.0,True
2021,Qatar Grand Prix,HAM,2,57,2,HAM,1.0,1.0,Mercedes,Finished,0.0,False
2021,Qatar Grand Prix,LAT,1,51,1,LAT,17.0,19.0,Williams,Puncture,-2.0,False
2021,Qatar Grand Prix,LEC,1,57,1,LEC,13.0,8.0,Ferrari,Finished,5.0,True
2021,Qatar Grand Prix,MAZ,1,55,1,MAZ,20.0,18.0,Haas F1 Team,+2 Laps,2.0,True
2021,Qatar Grand Prix,MSC,1,56,1,MSC,19.0,16.0,Haas F1 Team,+1 Lap,3.0,True
2021,Qatar Grand Prix,NOR,2,56,2,NOR,4.0,9.0,McLaren,+1 Lap,-5.0,False
2021,Qatar Grand Prix,OCO,1,57,1,OCO,9.0,5.0,Alpine,Finished,4.0,True
2021,Qatar Grand Prix,PER,2,57,2,PER,11.0,4.0,Red Bull Racing,Finished,7.0,True
2021,Qatar Grand Prix,RAI,2,56,2,RAI,16.0,14.0,Alfa Romeo Racing,+1 Lap,2.0,True
2021,Qatar Grand Prix,RIC,1,56,1,RIC,14.0,12.0,McLaren,+1 Lap,2.0,True
2021,Qatar Grand Prix,RUS,2,55,2,RUS,15.0,17.0,Williams,+2 Laps,-2.0,False
2021,Qatar Grand Prix,SAI,1,57,1,SAI,5.0,7.0,Ferrari,Finished,-2.0,False
2021,Qatar Grand Prix,STR,1,57,1,STR,12.0,6.0,Aston Martin,Finished,6.0,True
2021,Qatar Grand Prix,TSU,2,56,2,TSU,8.0,13.0,AlphaTauri,+1 Lap,-5.0,False
2021,Qatar Grand Prix,VER,3,57,3,VER,7.0,2.0,Red Bull Racing,Finished,5.0,True
2021,Qatar Grand Prix,VET,1,56,1,VET,10.0,10.0,Aston Martin,+1 Lap,0.0,False
2021,Russian Grand Prix,ALO,2,53,2,ALO,6.0,6.0,Alpine,Finished,0.0,False
2021,Russian Grand Prix,BOT,2,53,2,BOT,16.0,5.0,Mercedes,Finished,11.0,True
2021,Russian Grand Prix,GAS,2,52,2,GAS,11.0,13.0,AlphaTauri,+1 Lap,-2.0,False
2021,Russian Grand Prix,GIO,2,52,2,GIO,17.0,16.0,Alfa Romeo Racing,+1 Lap,1.0,True
2021,Russian Grand Prix,HAM,2,53,2,HAM,4.0,1.0,Mercedes,Finished,3.0,True
2021,Russian Grand Prix,LAT,2,47,2,LAT,18.0,19.0,Williams,Accident,-1.0,False
2021,Russian Grand Prix,LEC,2,52,2,LEC,19.0,15.0,Ferrari,+1 Lap,4.0,True
2021,Russian Grand Prix,MAZ,2,51,2,MAZ,15.0,18.0,Haas F1 Team,+2 Laps,-3.0,False
2021,Russian Grand Prix,MSC,2,32,2,MSC,14.0,20.0,Haas F1 Team,Oil leak,-6.0,False
2021,Russian Grand Prix,NOR,2,53,2,NOR,1.0,7.0,McLaren,Finished,-6.0,False
2021,Russian Grand Prix,OCO,2,52,2,OCO,9.0,14.0,Alpine,+1 Lap,-5.0,False
2021,Russian Grand Prix,PER,2,53,2,PER,8.0,9.0,Red Bull Racing,Finished,-1.0,False
2021,Russian Grand Prix,RAI,2,53,2,RAI,13.0,8.0,Alfa Romeo Racing,Finished,5.0,True
2021,Russian Grand Prix,RIC,2,53,2,RIC,5.0,4.0,McLaren,Finished,1.0,True
2021,Russian Grand Prix,RUS,2,53,2,RUS,3.0,10.0,Williams,Finished,-7.0,False
2021,Russian Grand Prix,SAI,2,53,2,SAI,2.0,3.0,Ferrari,Finished,-1.0,False
2021,Russian Grand Prix,STR,2,53,2,STR,7.0,11.0,Aston Martin,Finished,-4.0,False
2021,Russian Grand Prix,TSU,3,52,3,TSU,12.0,17.0,AlphaTauri,+1 Lap,-5.0,False
2021,Russian Grand Prix,VER,2,53,2,VER,20.0,2.0,Red Bull Racing,Finished,18.0,True
2021,Russian Grand Prix,VET,2,52,2,VET,10.0,12.0,Aston Martin,+1 Lap,-2.0,False
2021,Saudi Arabian Grand Prix,ALO,4,49,4+,ALO,13.0,13.0,Alpine,+1 Lap,0.0,False
2021,Saudi Arabian Grand Prix,BOT,3,50,3,BOT,2.0,3.0,Mercedes,Finished,-1.0,False
2021,Saudi Arabian Grand Prix,GAS,2,50,2,GAS,6.0,6.0,AlphaTauri,Finished,0.0,False
2021,Saudi Arabian Grand Prix,GIO,2,50,2,GIO,10.0,9.0,Alfa Romeo Racing,Finished,1.0,True
2021,Saudi Arabian Grand Prix,HAM,3,50,3,HAM,1.0,1.0,Mercedes,Finished,0.0,False
2021,Saudi Arabian Grand Prix,LAT,3,50,3,LAT,16.0,12.0,Williams,Finished,4.0,True
2021,Saudi Arabian Grand Prix,LEC,3,50,3,LEC,4.0,7.0,Ferrari,Finished,-3.0,False
2021,Saudi Arabian Grand Prix,MAZ,1,15,1,MAZ,20.0,18.0,Haas F1 Team,Collision,2.0,True
2021,Saudi Arabian Grand Prix,MSC,0,9,0,MSC,19.0,20.0,Haas F1 Team,Accident,-1.0,False
2021,Saudi Arabian Grand Prix,NOR,3,50,3,NOR,7.0,10.0,McLaren,Finished,-3.0,False
2021,Saudi Arabian Grand Prix,OCO,2,50,2,OCO,9.0,4.0,Alpine,Finished,5.0,True
2021,Saudi Arabian Grand Prix,PER,2,15,2,PER,5.0,17.0,Red Bull Racing,Collision,-12.0,False
2021,Saudi Arabian Grand Prix,RAI,3,49,3,RAI,12.0,15.0,Alfa Romeo Racing,+1 Lap,-3.0,False
2021,Saudi Arabian Grand Prix,RIC,2,50,2,RIC,11.0,5.0,McLaren,Finished,6.0,True
2021,Saudi Arabian Grand Prix,RUS,2,15,2,RUS,14.0,19.0,Williams,Collision,-5.0,False
2021,Saudi Arabian Grand Prix,SAI,2,50,2,SAI,15.0,8.0,Ferrari,Finished,7.0,True
2021,Saudi Arabian Grand Prix,STR,3,50,3,STR,18.0,11.0,Aston Martin,Finished,7.0,True
2021,Saudi Arabian Grand Prix,TSU,3,49,3,TSU,8.0,14.0,AlphaTauri,+1 Lap,-6.0,False
2021,Saudi Arabian Grand Prix,VER,2,50,2,VER,3.0,2.0,Red Bull Racing,Finished,1.0,True
2021,Saudi Arabian Grand Prix,VET,3,44,3,VET,17.0,16.0,Aston Martin,Collision damage,1.0,True
2021,São Paulo Grand Prix,ALO,3,70,3,ALO,12.0,9.0,Alpine,+1 Lap,3.0,True
2021,São Paulo Grand Prix,BOT,4,71,4+,BOT,1.0,3.0,Mercedes,Finished,-2.0,False
2021,São Paulo Grand Prix,GAS,4,70,4+,GAS,7.0,7.0,AlphaTauri,+1 Lap,0.0,False
2021,São Paulo Grand Prix,GIO,4,70,4+,GIO,13.0,14.0,Alfa Romeo Racing,+1 Lap,-1.0,False
2021,São Paulo Grand Prix,HAM,4,71,4+,HAM,10.0,1.0,Mercedes,Finished,9.0,True
2021,São Paulo Grand Prix,LAT,4,70,4+,LAT,16.0,16.0,Williams,+1 Lap,0.0,False
2021,São Paulo Grand Prix,LEC,4,71,4+,LEC,6.0,5.0,Ferrari,Finished,1.0,True
2021,São Paulo Grand Prix,MAZ,3,69,3,MAZ,19.0,17.0,Haas F1 Team,+2 Laps,2.0,True
2021,São Paulo Grand Prix,MSC,5,69,4+,MSC,18.0,18.0,Haas F1 Team,+2 Laps,0.0,False
2021,São Paulo Grand Prix,NOR,5,70,4+,NOR,5.0,10.0,McLaren,+1 Lap,-5.0,False
2021,São Paulo Grand Prix,OCO,3,70,3,OCO,8.0,8.0,Alpine,+1 Lap,0.0,False
2021,São Paulo Grand Prix,PER,5,71,4+,PER,4.0,4.0,Red Bull Racing,Finished,0.0,False
2021,São Paulo Grand Prix,RIC,4,49,4+,RIC,11.0,19.0,McLaren,Power loss,-8.0,False
2021,São Paulo Grand Prix,RUS,4,70,4+,RUS,17.0,13.0,Williams,+1 Lap,4.0,True
2021,São Paulo Grand Prix,SAI,4,71,4+,SAI,3.0,6.0,Ferrari,Finished,-3.0,False
2021,São Paulo Grand Prix,STR,4,47,4+,STR,14.0,20.0,Aston Martin,Collision damage,-6.0,False
2021,São Paulo Grand Prix,TSU,5,70,4+,TSU,15.0,15.0,AlphaTauri,+1 Lap,0.0,False
2021,São Paulo Grand Prix,VER,4,71,4+,VER,2.0,2.0,Red Bull Racing,Finished,0.0,False
2021,São Paulo Grand Prix,VET,4,70,4+,VET,9.0,11.0,Aston Martin,+1 Lap,-2.0,False
2021,Spanish Grand Prix,ALO,2,65,2,ALO,10.0,17.0,Alpine,+1 Lap,-7.0,False
2021,Spanish Grand Prix,BOT,2,66,2,BOT,3.0,3.0,Mercedes,Finished,0.0,False
2021,Spanish Grand Prix,GAS,2,65,2,GAS,12.0,10.0,AlphaTauri,+1 Lap,2.0,True
2021,Spanish Grand Prix,GIO,2,65,2,GIO,14.0,15.0,Alfa Romeo Racing,+1 Lap,-1.0,False
2021,Spanish Grand Prix,HAM,2,66,2,HAM,1.0,1.0,Mercedes,Finished,0.0,False
2021,Spanish Grand Prix,LAT,3,65,3,LAT,19.0,16.0,Williams,+1 Lap,3.0,True
2021,Spanish Grand Prix,LEC,2,66,2,LEC,4.0,4.0,Ferrari,Finished,0.0,False
2021,Spanish Grand Prix,MAZ,2,64,2,MAZ,20.0,19.0,Haas F1 Team,+2 Laps,1.0,True
2021,Spanish Grand Prix,MSC,2,64,2,MSC,18.0,18.0,Haas F1 Team,+2 Laps,0.0,False
2021,Spanish Grand Prix,NOR,2,65,2,NOR,9.0,8.0,McLaren,+1 Lap,1.0,True
2021,Spanish Grand Prix,OCO,1,65,1,OCO,5.0,9.0,Alpine,+1 Lap,-4.0,False
2021,Spanish Grand Prix,PER,2,66,2,PER,8.0,5.0,Red Bull Racing,Finished,3.0,True
2021,Spanish Grand Prix,RAI,1,65,1,RAI,17.0,12.0,Alfa Romeo Racing,+1 Lap,5.0,True
2021,Spanish Grand Prix,RIC,2,66,2,RIC,7.0,6.0,McLaren,Finished,1.0,True
2021,Spanish Grand Prix,RUS,2,65,2,RUS,15.0,14.0,Williams,+1 Lap,1.0,True
2021,Spanish Grand Prix,SAI,2,66,2,SAI,6.0,7.0,Ferrari,Finished,-1.0,False
2021,Spanish Grand Prix,STR,2,65,2,STR,11.0,11.0,Aston Martin,+1 Lap,0.0,False
2021,Spanish Grand Prix,TSU,0,7,0,TSU,16.0,20.0,AlphaTauri,Electrical,-4.0,False
2021,Spanish Grand Prix,VER,2,66,2,VER,2.0,2.0,Red Bull Racing,Finished,0.0,False
2021,Spanish Grand Prix,VET,2,65,2,VET,13.0,13.0,Aston Martin,+1 Lap,0.0,False
2021,Styrian Grand Prix,ALO,1,70,1,ALO,8.0,9.0,Alpine,+1 Lap,-1.0,False
2021,Styrian Grand Prix,BOT,1,71,1,BOT,5.0,3.0,Mercedes,Finished,2.0,True
2021,Styrian Grand Prix,GAS,1,1,1,GAS,6.0,20.0,AlphaTauri,Collision,-14.0,False
2021,Styrian Grand Prix,GIO,1,70,1,GIO,15.0,15.0,Alfa Romeo Racing,+1 Lap,0.0,False
2021,Styrian Grand Prix,HAM,2,71,2,HAM,2.0,2.0,Mercedes,Finished,0.0,False
2021,Styrian Grand Prix,LAT,2,68,2,LAT,16.0,17.0,Williams,+3 Laps,-1.0,False
2021,Styrian Grand Prix,LEC,2,70,2,LEC,7.0,7.0,Ferrari,+1 Lap,0.0,False
2021,Styrian Grand Prix,MAZ,1,68,1,MAZ,20.0,18.0,Haas F1 Team,+3 Laps,2.0,True
2021,Styrian Grand Prix,MSC,1,69,1,MSC,19.0,16.0,Haas F1 Team,+2 Laps,3.0,True
2021,Styrian Grand Prix,NOR,1,70,1,NOR,3.0,5.0,McLaren,+1 Lap,-2.0,False
2021,Styrian Grand Prix,OCO,1,70,1,OCO,17.0,14.0,Alpine,+1 Lap,3.0,True
2021,Styrian Grand Prix,PER,2,71,2,PER,4.0,4.0,Red Bull Racing,Finished,0.0,False
2021,Styrian Grand Prix,RAI,1,70,1,RAI,18.0,11.0,Alfa Romeo Racing,+1 Lap,7.0,True
2021,Styrian Grand Prix,RIC,1,70,1,RIC,13.0,13.0,McLaren,+1 Lap,0.0,False
2021,Styrian Grand Prix,RUS,3,36,3,RUS,10.0,19.0,Williams,Engine,-9.0,False
2021,Styrian Grand Prix,SAI,1,70,1,SAI,12.0,6.0,Ferrari,+1 Lap,6.0,True
2021,Styrian Grand Prix,STR,1,70,1,STR,9.0,8.0,Aston Martin,+1 Lap,1.0,True
2021,Styrian Grand Prix,TSU,1,70,1,TSU,11.0,10.0,AlphaTauri,+1 Lap,1.0,True
2021,Styrian Grand Prix,VER,1,71,1,VER,1.0,1.0,Red Bull Racing,Finished,0.0,False
2021,Styrian Grand Prix,VET,1,70,1,VET,14.0,12.0,Aston Martin,+1 Lap,2.0,True
2021,Turkish Grand Prix,ALO,1,57,1,ALO,5.0,16.0,Alpine,+1 Lap,-11.0,False
2021,Turkish Grand Prix,BOT,1,58,1,BOT,1.0,1.0,Mercedes,Finished,0.0,False
2021,Turkish Grand Prix,GAS,1,58,1,GAS,4.0,6.0,AlphaTauri,Finished,-2.0,False
2021,Turkish Grand Prix,GIO,1,57,1,GIO,16.0,11.0,Alfa Romeo Racing,+1 Lap,5.0,True
2021,Turkish Grand Prix,HAM,1,58,1,HAM,11.0,5.0,Mercedes,Finished,6.0,True
2021,Turkish Grand Prix,LAT,1,57,1,LAT,15.0,17.0,Williams,+1 Lap,-2.0,False
2021,Turkish Grand Prix,LEC,1,58,1,LEC,3.0,4.0,Ferrari,Finished,-1.0,False
2021,Turkish Grand Prix,MAZ,1,56,1,MAZ,18.0,20.0,Haas F1 Team,+2 Laps,-2.0,False
2021,Turkish Grand Prix,MSC,1,56,1,MSC,14.0,19.0,Haas F1 Team,+2 Laps,-5.0,False
2021,Turkish Grand Prix,NOR,1,58,1,NOR,7.0,7.0,McLaren,Finished,0.0,False
2021,Turkish Grand Prix,OCO,0,57,0,OCO,12.0,10.0,Alpine,+1 Lap,2.0,True
2021,Turkish Grand Prix,PER,1,58,1,PER,6.0,3.0,Red Bull Racing,Finished,3.0,True
2021,Turkish Grand Prix,RAI,1,57,1,RAI,17.0,12.0,Alfa Romeo Racing,+1 Lap,5.0,True
2021,Turkish Grand Prix,RIC,1,57,1,RIC,20.0,13.0,McLaren,+1 Lap,7.0,True
2021,Turkish Grand Prix,RUS,1,57,1,RUS,13.0,15.0,Williams,+1 Lap,-2.0,False
2021,Turkish Grand Prix,SAI,1,58,1,SAI,19.0,8.0,Ferrari,Finished,11.0,True
2021,Turkish Grand Prix,STR,1,58,1,STR,8.0,9.0,Aston Martin,Finished,-1.0,False
2021,Turkish Grand Prix,TSU,1,57,1,TSU,9.0,14.0,AlphaTauri,+1 Lap,-5.0,False
2021,Turkish Grand Prix,VER,1,58,1,VER,2.0,2.0,Red Bull Racing,Finished,0.0,False
2021,Turkish Grand Prix,VET,2,57,2,VET,10.0,18.0,Aston Martin,+1 Lap,-8.0,False
2021,United States Grand Prix,ALO,4,49,4+,ALO,19.0,18.0,Alpine,Rear wing,1.0,True
2021,United States Grand Prix,BOT,2,56,2,BOT,9.0,6.0,Mercedes,Finished,3.0,True
2021,United States Grand Prix,GAS,2,14,2,GAS,8.0,20.0,AlphaTauri,Suspension,-12.0,False
2021,United States Grand Prix,GIO,2,55,2,GIO,12.0,11.0,Alfa Romeo Racing,+1 Lap,1.0,True
2021,United States Grand Prix,HAM,2,56,2,HAM,2.0,2.0,Mercedes,Finished,0.0,False
2021,United States Grand Prix,LAT,2,55,2,LAT,14.0,15.0,Williams,+1 Lap,-1.0,False
2021,United States Grand Prix,LEC,2,56,2,LEC,4.0,4.0,Ferrari,Finished,0.0,False
2021,United States Grand Prix,MAZ,3,54,3,MAZ,17.0,17.0,Haas F1 Team,+2 Laps,0.0,False
2021,United States Grand Prix,MSC,2,54,2,MSC,16.0,16.0,Haas F1 Team,+2 Laps,0.0,False
2021,United States Grand Prix,NOR,2,56,2,NOR,7.0,8.0,McLaren,Finished,-1.0,False
2021,United States Grand Prix,OCO,3,40,3,OCO,11.0,19.0,Alpine,Mechanical,-8.0,False
2021,United States Grand Prix,PER,2,56,2,PER,3.0,3.0,Red Bull Racing,Finished,0.0,False
2021,United States Grand Prix,RAI,2,55,2,RAI,15.0,13.0,Alfa Romeo Racing,+1 Lap,2.0,True
2021,United States Grand Prix,RIC,2,56,2,RIC,6.0,5.0,McLaren,Finished,1.0,True
2021,United States Grand Prix,RUS,2,55,2,RUS,20.0,14.0,Williams,+1 Lap,6.0,True
2021,United States Grand Prix,SAI,2,56,2,SAI,5.0,7.0,Ferrari,Finished,-2.0,False
2021,United States Grand Prix,STR,2,55,2,STR,13.0,12.0,Aston Martin,+1 Lap,1.0,True
2021,United States Grand Prix,TSU,2,55,2,TSU,10.0,9.0,AlphaTauri,+1 Lap,1.0,True
2021,United States Grand Prix,VER,2,56,2,VER,1.0,1.0,Red Bull Racing,Finished,0.0,False
2021,United States Grand Prix,VET,2,55,2,VET,18.0,10.0,Aston Martin,+1 Lap,8.0,True
2022,Abu Dhabi Grand Prix,ALB,2,57,2,ALB,19.0,13.0,Williams,+1 Lap,6.0,True
2022,Abu Dhabi Grand Prix,ALO,2,27,2,ALO,10.0,20.0,Alpine,Water leak,-10.0,False
2022,Abu Dhabi Grand Prix,BOT,1,57,1,BOT,18.0,15.0,Alfa Romeo,+1 Lap,3.0,True
2022,Abu Dhabi Grand Prix,GAS,1,57,1,GAS,17.0,14.0,AlphaTauri,+1 Lap,3.0,True
2022,Abu Dhabi Grand Prix,HAM,2,55,2,HAM,5.0,18.0,Mercedes,Hydraulics,-13.0,False
2022,Abu Dhabi Grand Prix,LAT,3,55,3,LAT,20.0,19.0,Williams,Collision damage,1.0,True
2022,Abu Dhabi Grand Prix,LEC,1,58,1,LEC,3.0,2.0,Ferrari,Finished,1.0,True
2022,Abu Dhabi Grand Prix,MAG,1,57,1,MAG,16.0,17.0,Haas F1 Team,+1 Lap,-1.0,False
2022,Abu Dhabi Grand Prix,MSC,2,57,2,MSC,12.0,16.0,Haas F1 Team,+1 Lap,-4.0,False
2022,Abu Dhabi Grand Prix,NOR,2,58,2,NOR,7.0,6.0,McLaren,Finished,1.0,True
2022,Abu Dhabi Grand Prix,OCO,2,58,2,OCO,8.0,7.0,Alpine,Finished,1.0,True
2022,Abu Dhabi Grand Prix,PER,2,58,2,PER,2.0,3.0,Red Bull Racing,Finished,-1.0,False
2022,Abu Dhabi Grand Prix,RIC,1,58,1,RIC,13.0,9.0,McLaren,Finished,4.0,True
2022,Abu Dhabi Grand Prix,RUS,2,58,2,RUS,6.0,5.0,Mercedes,Finished,1.0,True
2022,Abu Dhabi Grand Prix,SAI,2,58,2,SAI,4.0,4.0,Ferrari,Finished,0.0,False
2022,Abu Dhabi Grand Prix,STR,2,58,2,STR,14.0,8.0,Aston Martin,Finished,6.0,True
2022,Abu Dhabi Grand Prix,TSU,2,58,2,TSU,11.0,11.0,AlphaTauri,Finished,0.0,False
2022,Abu Dhabi Grand Prix,VER,1,58,1,VER,1.0,1.0,Red Bull Racing,Finished,0.0,False
2022,Abu Dhabi Grand Prix,VET,1,58,1,VET,9.0,10.0,Aston Martin,Finished,-1.0,False
2022,Abu Dhabi Grand Prix,ZHO,2,57,2,ZHO,15.0,12.0,Alfa Romeo,+1 Lap,3.0,True
2022,Australian Grand Prix,ALB,1,58,1,ALB,20.0,10.0,Williams,Finished,10.0,True
2022,Australian Grand Prix,ALO,2,57,2,ALO,10.0,17.0,Alpine,+1 Lap,-7.0,False
2022,Australian Grand Prix,BOT,1,58,1,BOT,12.0,8.0,Alfa Romeo,Finished,4.0,True
2022,Australian Grand Prix,GAS,1,58,1,GAS,11.0,9.0,AlphaTauri,Finished,2.0,True
2022,Australian Grand Prix,HAM,1,58,1,HAM,5.0,4.0,Mercedes,Finished,1.0,True
2022,Australian Grand Prix,LAT,2,57,2,LAT,18.0,16.0,Williams,+1 Lap,2.0,True
2022,Australian Grand Prix,LEC,1,58,1,LEC,1.0,1.0,Ferrari,Finished,0.0,False
2022,Australian Grand Prix,MAG,1,57,1,MAG,16.0,14.0,Haas F1 Team,+1 Lap,2.0,True
2022,Australian Grand Prix,MSC,1,57,1,MSC,15.0,13.0,Haas F1 Team,+1 Lap,2.0,True
2022,Australian Grand Prix,NOR,1,58,1,NOR,4.0,5.0,McLaren,Finished,-1.0,False
2022,Australian Grand Prix,OCO,1,58,1,OCO,8.0,7.0,Alpine,Finished,1.0,True
2022,Australian Grand Prix,PER,1,58,1,PER,3.0,2.0,Red Bull Racing,Finished,1.0,True
2022,Australian Grand Prix,RIC,1,58,1,RIC,7.0,6.0,McLaren,Finished,1.0,True
2022,Australian Grand Prix,RUS,1,58,1,RUS,6.0,3.0,Mercedes,Finished,3.0,True
2022,Australian Grand Prix,SAI,0,2,0,SAI,9.0,20.0,Ferrari,Spun off,-11.0,False
2022,Australian Grand Prix,STR,3,58,3,STR,19.0,12.0,Aston Martin,Finished,7.0,True
2022,Australian Grand Prix,TSU,1,57,1,TSU,13.0,15.0,AlphaTauri,+1 Lap,-2.0,False
2022,Australian Grand Prix,VER,1,39,1,VER,2.0,18.0,Red Bull Racing,Fuel leak,-16.0,False
2022,Australian Grand Prix,VET,0,23,0,VET,17.0,19.0,Aston Martin,Accident,-2.0,False
2022,Australian Grand Prix,ZHO,1,58,1,ZHO,14.0,11.0,Alfa Romeo,Finished,3.0,True
2022,Austrian Grand Prix,ALB,2,70,2,ALB,15.0,12.0,Williams,+1 Lap,3.0,True
2022,Austrian Grand Prix,ALO,3,70,3,ALO,19.0,10.0,Alpine,+1 Lap,9.0,True
2022,Austrian Grand Prix,GAS,2,70,2,GAS,14.0,15.0,AlphaTauri,+1 Lap,-1.0,False
2022,Austrian Grand Prix,HAM,2,71,2,HAM,8.0,3.0,Mercedes,Finished,5.0,True
2022,Austrian Grand Prix,LAT,3,48,3,LAT,17.0,19.0,Williams,Undertray,-2.0,False
2022,Austrian Grand Prix,LEC,3,71,3,LEC,2.0,1.0,Ferrari,Finished,1.0,True
2022,Austrian Grand Prix,MAG,2,70,2,MAG,7.0,8.0,Haas F1 Team,+1 Lap,-1.0,False
2022,Austrian Grand Prix,MSC,2,70,2,MSC,9.0,6.0,Haas F1 Team,+1 Lap,3.0,True
2022,Austrian Grand Prix,NOR,2,70,2,NOR,10.0,7.0,McLaren,+1 Lap,3.0,True
2022,Austrian Grand Prix,OCO,2,71,2,OCO,6.0,5.0,Alpine,Finished,1.0,True
2022,Austrian Grand Prix,PER,2,24,2,PER,5.0,20.0,Red Bull Racing,Collision damage,-15.0,False
2022,Austrian Grand Prix,RIC,2,70,2,RIC,11.0,9.0,McLaren,+1 Lap,2.0,True
2022,Austrian Grand Prix,RUS,2,71,2,RUS,4.0,4.0,Mercedes,Finished,0.0,False
2022,Austrian Grand Prix,SAI,2,57,2,SAI,3.0,18.0,Ferrari,Power Unit,-15.0,False
2022,Austrian Grand Prix,STR,2,70,2,STR,12.0,13.0,Aston Martin,+1 Lap,-1.0,False
2022,Austrian Grand Prix,TSU,2,70,2,TSU,16.0,16.0,AlphaTauri,+1 Lap,0.0,False
2022,Austrian Grand Prix,VER,3,71,3,VER,1.0,2.0,Red Bull Racing,Finished,-1.0,False
2022,Austrian Grand Prix,VET,2,70,2,VET,18.0,17.0,Aston Martin,+1 Lap,1.0,True
2022,Austrian Grand Prix,ZHO,2,70,2,ZHO,13.0,14.0,Alfa Romeo,+1 Lap,-1.0,False
2022,Azerbaijan Grand Prix,ALB,2,50,2,ALB,17.0,12.0,Williams,+1 Lap,5.0,True
2022,Azerbaijan Grand Prix,ALO,1,51,1,ALO,10.0,7.0,Alpine,Finished,3.0,True
2022,Azerbaijan Grand Prix,BOT,1,50,1,BOT,15.0,11.0,Alfa Romeo,+1 Lap,4.0,True
2022,Azerbaijan Grand Prix,GAS,1,51,1,GAS,6.0,5.0,AlphaTauri,Finished,1.0,True
2022,Azerbaijan Grand Prix,HAM,2,51,2,HAM,7.0,4.0,Mercedes,Finished,3.0,True
2022,Azerbaijan Grand Prix,LAT,2,50,2,LAT,18.0,15.0,Williams,+1 Lap,3.0,True
2022,Azerbaijan Grand Prix,LEC,2,21,2,LEC,1.0,19.0,Ferrari,Power Unit,-18.0,False
2022,Azerbaijan Grand Prix,MAG,1,32,1,MAG,16.0,17.0,Haas F1 Team,Power Unit,-1.0,False
2022,Azerbaijan Grand Prix,MSC,2,50,2,MSC,20.0,14.0,Haas F1 Team,+1 Lap,6.0,True
2022,Azerbaijan Grand Prix,NOR,1,51,1,NOR,11.0,9.0,McLaren,Finished,2.0,True
2022,Azerbaijan Grand Prix,OCO,1,51,1,OCO,13.0,10.0,Alpine,Finished,3.0,True
2022,Azerbaijan Grand Prix,PER,2,51,2,PER,2.0,2.0,Red Bull Racing,Finished,0.0,False
2022,Azerbaijan Grand Prix,RIC,1,51,1,RIC,12.0,8.0,McLaren,Finished,4.0,True
2022,Azerbaijan Grand Prix,RUS,2,51,2,RUS,5.0,3.0,Mercedes,Finished,2.0,True
2022,Azerbaijan Grand Prix,SAI,0,9,0,SAI,4.0,20.0,Ferrari,Hydraulics,-16.0,False
2022,Azerbaijan Grand Prix,STR,2,46,2,STR,19.0,16.0,Aston Martin,Vibrations,3.0,True
2022,Azerbaijan Grand Prix,TSU,2,50,2,TSU,8.0,13.0,AlphaTauri,+1 Lap,-5.0,False
2022,Azerbaijan Grand Prix,VER,2,51,2,VER,3.0,1.0,Red Bull Racing,Finished,2.0,True
2022,Azerbaijan Grand Prix,VET,1,51,1,VET,9.0,6.0,Aston Martin,Finished,3.0,True
2022,Azerbaijan Grand Prix,ZHO,2,23,2,ZHO,14.0,18.0,Alfa Romeo,Hydraulics,-4.0,False
2022,Bahrain Grand Prix,ALB,3,57,3,ALB,14.0,13.0,Williams,Finished,1.0,True
2022,Bahrain Grand Prix,ALO,3,57,3,ALO,8.0,9.0,Alpine,Finished,-1.0,False
2022,Bahrain Grand Prix,BOT,3,57,3,BOT,6.0,6.0,Alfa Romeo,Finished,0.0,False
2022,Bahrain Grand Prix,GAS,2,45,2,GAS,10.0,20.0,AlphaTauri,Power Unit,-10.0,False
2022,Bahrain Grand Prix,HAM,3,57,3,HAM,5.0,3.0,Mercedes,Finished,2.0,True
2022,Bahrain Grand Prix,HUL,3,57,3,HUL,17.0,17.0,Aston Martin,Finished,0.0,False
2022,Bahrain Grand Prix,LAT,3,57,3,LAT,20.0,16.0,Williams,Finished,4.0,True
2022,Bahrain Grand Prix,LEC,3,57,3,LEC,1.0,1.0,Ferrari,Finished,0.0,False
2022,Bahrain Grand Prix,MAG,3,57,3,MAG,7.0,5.0,Haas F1 Team,Finished,2.0,True
2022,Bahrain Grand Prix,MSC,2,57,2,MSC,12.0,11.0,Haas F1 Team,Finished,1.0,True
2022,Bahrain Grand Prix,NOR,3,57,3,NOR,13.0,15.0,McLaren,Finished,-2.0,False
2022,Bahrain Grand Prix,OCO,3,57,3,OCO,11.0,7.0,Alpine,Finished,4.0,True
2022,Bahrain Grand Prix,PER,3,57,3,PER,4.0,18.0,Red Bull Racing,Fuel pressure,-14.0,False
2022,Bahrain Grand Prix,RIC,3,57,3,RIC,18.0,14.0,McLaren,Finished,4.0,True
2022,Bahrain Grand Prix,RUS,3,57,3,RUS,9.0,4.0,Mercedes,Finished,5.0,True
2022,Bahrain Grand Prix,SAI,3,57,3,SAI,3.0,2.0,Ferrari,Finished,1.0,True
2022,Bahrain Grand Prix,STR,3,57,3,STR,19.0,12.0,Aston Martin,Finished,7.0,True
2022,Bahrain Grand Prix,TSU,3,57,3,TSU,16.0,8.0,AlphaTauri,Finished,8.0,True
2022,Bahrain Grand Prix,VER,4,54,4+,VER,2.0,19.0,Red Bull Racing,Fuel pressure,-17.0,False
2022,Bahrain Grand Prix,ZHO,3,57,3,ZHO,15.0,10.0,Alfa Romeo,Finished,5.0,True
2022,Belgian Grand Prix,ALB,2,44,2,ALB,6.0,10.0,Williams,Finished,-4.0,False
2022,Belgian Grand Prix,ALO,2,44,2,ALO,3.0,5.0,Alpine,Finished,-2.0,False
2022,Belgian Grand Prix,BOT,0,2,0,BOT,13.0,19.0,Alfa Romeo,Accident,-6.0,False
2022,Belgian Grand Prix,HAM,0,1,0,HAM,4.0,20.0,Mercedes,Collision damage,-16.0,False
2022,Belgian Grand Prix,LAT,3,43,3,LAT,11.0,18.0,Williams,+1 Lap,-7.0,False
2022,Belgian Grand Prix,LEC,3,44,3,LEC,15.0,6.0,Ferrari,Finished,9.0,True
2022,Belgian Grand Prix,MAG,2,43,2,MAG,12.0,16.0,Haas F1 Team,+1 Lap,-4.0,False
2022,Belgian Grand Prix,MSC,2,43,2,MSC,19.0,17.0,Haas F1 Team,+1 Lap,2.0,True
2022,Belgian Grand Prix,NOR,2,44,2,NOR,17.0,12.0,McLaren,Finished,5.0,True
2022,Belgian Grand Prix,OCO,2,44,2,OCO,16.0,7.0,Alpine,Finished,9.0,True
2022,Belgian Grand Prix,PER,2,44,2,PER,2.0,2.0,Red Bull Racing,Finished,0.0,False
2022,Belgian Grand Prix,RIC,2,44,2,RIC,7.0,15.0,McLaren,Finished,-8.0,False
2022,Belgian Grand Prix,RUS,2,44,2,RUS,5.0,4.0,Mercedes,Finished,1.0,True
2022,Belgian Grand Prix,SAI,2,44,2,SAI,1.0,3.0,Ferrari,Finished,-2.0,False
2022,Belgian Grand Prix,STR,2,44,2,STR,9.0,11.0,Aston Martin,Finished,-2.0,False
2022,Belgian Grand Prix,VER,2,44,2,VER,14.0,1.0,Red Bull Racing,Finished,13.0,True
2022,Belgian Grand Prix,VET,2,44,2,VET,10.0,8.0,Aston Martin,Finished,2.0,True
2022,Belgian Grand Prix,ZHO,2,44,2,ZHO,18.0,14.0,Alfa Romeo,Finished,4.0,True
2022,British Grand Prix,ALB,0,1,0,ALB,16.0,20.0,Williams,Collision,-4.0,False
2022,British Grand Prix,ALO,3,52,3,ALO,7.0,5.0,Alpine,Finished,2.0,True
2022,British Grand Prix,BOT,2,20,2,BOT,12.0,17.0,Alfa Romeo,Gearbox,-5.0,False
2022,British Grand Prix,GAS,3,26,3,GAS,11.0,16.0,AlphaTauri,Collision damage,-5.0,False
2022,British Grand Prix,HAM,3,52,3,HAM,5.0,3.0,Mercedes,Finished,2.0,True
2022,British Grand Prix,LAT,3,52,3,LAT,10.0,12.0,Williams,Finished,-2.0,False
2022,British Grand Prix,LEC,2,52,2,LEC,3.0,4.0,Ferrari,Finished,-1.0,False
2022,British Grand Prix,MAG,2,52,2,MAG,17.0,10.0,Haas F1 Team,Finished,7.0,True
2022,British Grand Prix,MSC,3,52,3,MSC,19.0,8.0,Haas F1 Team,Finished,11.0,True
2022,British Grand Prix,NOR,3,52,3,NOR,6.0,6.0,McLaren,Finished,0.0,False
2022,British Grand Prix,OCO,2,38,2,OCO,15.0,15.0,Alpine,Fuel pump,0.0,False
2022,British Grand Prix,PER,3,52,3,PER,4.0,2.0,Red Bull Racing,Finished,2.0,True
2022,British Grand Prix,RIC,4,52,4+,RIC,14.0,13.0,McLaren,Finished,1.0,True
2022,British Grand Prix,RUS,0,1,0,RUS,8.0,18.0,Mercedes,Collision,-10.0,False
2022,British Grand Prix,SAI,3,52,3,SAI,1.0,1.0,Ferrari,Finished,0.0,False
2022,British Grand Prix,STR,3,52,3,STR,20.0,11.0,Aston Martin,Finished,9.0,True
2022,British Grand Prix,TSU,3,52,3,TSU,13.0,14.0,AlphaTauri,Finished,-1.0,False
2022,British Grand Prix,VER,4,52,4+,VER,2.0,7.0,Red Bull Racing,Finished,-5.0,False
2022,British Grand Prix,VET,3,52,3,VET,18.0,9.0,Aston Martin,Finished,9.0,True
2022,British Grand Prix,ZHO,0,1,0,ZHO,9.0,19.0,Alfa Romeo,Collision,-10.0,False
2022,Canadian Grand Prix,ALB,2,70,2,ALB,12.0,13.0,Williams,Finished,-1.0,False
2022,Canadian Grand Prix,ALO,2,70,2,ALO,2.0,9.0,Alpine,Finished,-7.0,False
2022,Canadian Grand Prix,BOT,1,70,1,BOT,11.0,7.0,Alfa Romeo,Finished,4.0,True
2022,Canadian Grand Prix,GAS,2,70,2,GAS,15.0,14.0,AlphaTauri,Finished,1.0,True
2022,Canadian Grand Prix,HAM,2,70,2,HAM,4.0,3.0,Mercedes,Finished,1.0,True
2022,Canadian Grand Prix,LAT,2,70,2,LAT,18.0,16.0,Williams,Finished,2.0,True
2022,Canadian Grand Prix,LEC,1,70,1,LEC,19.0,5.0,Ferrari,Finished,14.0,True
2022,Canadian Grand Prix,MAG,1,70,1,MAG,5.0,17.0,Haas F1 Team,Finished,-12.0,False
2022,Canadian Grand Prix,MSC,0,19,0,MSC,6.0,19.0,Haas F1 Team,Engine,-13.0,False
2022,Canadian Grand Prix,NOR,2,70,2,NOR,14.0,15.0,McLaren,Finished,-1.0,False
2022,Canadian Grand Prix,OCO,2,70,2,OCO,7.0,6.0,Alpine,Finished,1.0,True
2022,Canadian Grand Prix,PER,0,8,0,PER,13.0,20.0,Red Bull Racing,Gearbox,-7.0,False
2022,Canadian Grand Prix,RIC,2,70,2,RIC,9.0,11.0,McLaren,Finished,-2.0,False
2022,Canadian Grand Prix,RUS,2,70,2,RUS,8.0,4.0,Mercedes,Finished,4.0,True
2022,Canadian Grand Prix,SAI,2,70,2,SAI,3.0,2.0,Ferrari,Finished,1.0,True
2022,Canadian Grand Prix,STR,1,70,1,STR,17.0,10.0,Aston Martin,Finished,7.0,True
2022,Canadian Grand Prix,TSU,2,47,2,TSU,20.0,18.0,AlphaTauri,Accident,2.0,True
2022,Canadian Grand Prix,VER,2,70,2,VER,1.0,1.0,Red Bull Racing,Finished,0.0,False
2022,Canadian Grand Prix,VET,2,70,2,VET,16.0,12.0,Aston Martin,Finished,4.0,True
2022,Canadian Grand Prix,ZHO,2,70,2,ZHO,10.0,8.0,Alfa Romeo,Finished,2.0,True
2022,Dutch Grand Prix,ALB,4,72,4+,ALB,15.0,12.0,Williams,Finished,3.0,True
2022,Dutch Grand Prix,ALO,3,72,3,ALO,13.0,6.0,Alpine,Finished,7.0,True
2022,Dutch Grand Prix,BOT,2,54,2,BOT,16.0,19.0,Alfa Romeo,Engine,-3.0,False
2022,Dutch Grand Prix,GAS,4,72,4+,GAS,11.0,11.0,AlphaTauri,Finished,0.0,False
2022,Dutch Grand Prix,HAM,3,72,3,HAM,4.0,4.0,Mercedes,Finished,0.0,False
2022,Dutch Grand Prix,LAT,4,71,4+,LAT,20.0,18.0,Williams,+1 Lap,2.0,True
2022,Dutch Grand Prix,LEC,4,72,4+,LEC,2.0,3.0,Ferrari,Finished,-1.0,False
2022,Dutch Grand Prix,MAG,4,72,4+,MAG,18.0,15.0,Haas F1 Team,Finished,3.0,True
2022,Dutch Grand Prix,MSC,4,72,4+,MSC,8.0,13.0,Haas F1 Team,Finished,-5.0,False
2022,Dutch Grand Prix,NOR,3,72,3,NOR,7.0,7.0,McLaren,Finished,0.0,False
2022,Dutch Grand Prix,OCO,3,72,3,OCO,12.0,9.0,Alpine,Finished,3.0,True
2022,Dutch Grand Prix,PER,4,72,4+,PER,5.0,5.0,Red Bull Racing,Finished,0.0,False
2022,Dutch Grand Prix,RIC,5,72,4+,RIC,17.0,17.0,McLaren,Finished,0.0,False
2022,Dutch Grand Prix,RUS,3,72,3,RUS,6.0,2.0,Mercedes,Finished,4.0,True
2022,Dutch Grand Prix,SAI,3,72,3,SAI,3.0,8.0,Ferrari,Finished,-5.0,False
2022,Dutch Grand Prix,STR,4,72,4+,STR,10.0,10.0,Aston Martin,Finished,0.0,False
2022,Dutch Grand Prix,TSU,3,43,3,TSU,9.0,20.0,AlphaTauri,Differential,-11.0,False
2022,Dutch Grand Prix,VER,4,72,4+,VER,1.0,1.0,Red Bull Racing,Finished,0.0,False
2022,Dutch Grand Prix,VET,4,72,4+,VET,19.0,14.0,Aston Martin,Finished,5.0,True
2022,Dutch Grand Prix,ZHO,4,72,4+,ZHO,14.0,16.0,Alfa Romeo,Finished,-2.0,False
2022,Emilia Romagna Grand Prix,ALB,1,62,1,ALB,18.0,11.0,Williams,+1 Lap,7.0,True
2022,Emilia Romagna Grand Prix,ALO,1,6,1,ALO,9.0,19.0,Alpine,Collision damage,-10.0,False
2022,Emilia Romagna Grand Prix,BOT,1,63,1,BOT,7.0,5.0,Alfa Romeo,Finished,2.0,True
2022,Emilia Romagna Grand Prix,GAS,1,62,1,GAS,17.0,12.0,AlphaTauri,+1 Lap,5.0,True
2022,Emilia Romagna Grand Prix,HAM,1,62,1,HAM,14.0,13.0,Mercedes,+1 Lap,1.0,True
2022,Emilia Romagna Grand Prix,LAT,1,62,1,LAT,19.0,16.0,Williams,+1 Lap,3.0,True
2022,Emilia Romagna Grand Prix,LEC,3,63,3,LEC,2.0,6.0,Ferrari,Finished,-4.0,False
2022,Emilia Romagna Grand Prix,MAG,1,63,1,MAG,8.0,9.0,Haas F1 Team,Finished,-1.0,False
2022,Emilia Romagna Grand Prix,MSC,2,62,2,MSC,10.0,17.0,Haas F1 Team,+1 Lap,-7.0,False
2022,Emilia Romagna Grand Prix,NOR,1,63,1,NOR,5.0,3.0,McLaren,Finished,2.0,True
2022,Emilia Romagna Grand Prix,OCO,1,62,1,OCO,16.0,14.0,Alpine,+1 Lap,2.0,True
2022,Emilia Romagna Grand Prix,PER,2,63,2,PER,3.0,2.0,Red Bull Racing,Finished,1.0,True
2022,Emilia Romagna Grand Prix,RIC,3,62,3,RIC,6.0,18.0,McLaren,+1 Lap,-12.0,False
2022,Emilia Romagna Grand Prix,RUS,1,63,1,RUS,11.0,4.0,Mercedes,Finished,7.0,True
2022,Emilia Romagna Grand Prix,SAI,0,1,0,SAI,4.0,20.0,Ferrari,Collision,-16.0,False
2022,Emilia Romagna Grand Prix,STR,1,62,1,STR,15.0,10.0,Aston Martin,+1 Lap,5.0,True
2022,Emilia Romagna Grand Prix,TSU,1,63,1,TSU,12.0,7.0,AlphaTauri,Finished,5.0,True
2022,Emilia Romagna Grand Prix,VER,2,63,2,VER,1.0,1.0,Red Bull Racing,Finished,0.0,False
2022,Emilia Romagna Grand Prix,VET,1,63,1,VET,13.0,8.0,Aston Martin,Finished,5.0,True
2022,French Grand Prix,ALB,1,53,1,ALB,13.0,13.0,Williams,Finished,0.0,False
2022,French Grand Prix,ALO,1,53,1,ALO,7.0,6.0,Alpine,Finished,1.0,True
2022,French Grand Prix,BOT,2,53,2,BOT,11.0,14.0,Alfa Romeo,Finished,-3.0,False
2022,French Grand Prix,GAS,1,53,1,GAS,14.0,12.0,AlphaTauri,Finished,2.0,True
2022,French Grand Prix,HAM,1,53,1,HAM,4.0,2.0,Mercedes,Finished,2.0,True
2022,French Grand Prix,LAT,3,41,3,LAT,18.0,17.0,Williams,Collision damage,1.0,True
2022,French Grand Prix,LEC,0,18,0,LEC,1.0,19.0,Ferrari,Accident,-18.0,False
2022,French Grand Prix,MAG,3,38,3,MAG,20.0,18.0,Haas F1 Team,Collision damage,2.0,True
2022,French Grand Prix,MSC,2,53,2,MSC,17.0,15.0,Haas F1 Team,Finished,2.0,True
2022,French Grand Prix,NOR,1,53,1,NOR,5.0,7.0,McLaren,Finished,-2.0,False
2022,French Grand Prix,OCO,1,53,1,OCO,10.0,8.0,Alpine,Finished,2.0,True
2022,French Grand Prix,PER,1,53,1,PER,3.0,4.0,Red Bull Racing,Finished,-1.0,False
2022,French Grand Prix,RIC,1,53,1,RIC,9.0,9.0,McLaren,Finished,0.0,False
2022,French Grand Prix,RUS,1,53,1,RUS,6.0,3.0,Mercedes,Finished,3.0,True
2022,French Grand Prix,SAI,2,53,2,SAI,19.0,5.0,Ferrari,Finished,14.0,True
2022,French Grand Prix,STR,1,53,1,STR,15.0,10.0,Aston Martin,Finished,5.0,True
2022,French Grand Prix,TSU,2,18,2,TSU,8.0,20.0,AlphaTauri,Undertray,-12.0,False
2022,French Grand Prix,VER,1,53,1,VER,2.0,1.0,Red Bull Racing,Finished,1.0,True
2022,French Grand Prix,VET,1,53,1,VET,12.0,11.0,Aston Martin,Finished,1.0,True
2022,French Grand Prix,ZHO,2,48,2,ZHO,16.0,16.0,Alfa Romeo,+6 Laps,0.0,False
2022,Hungarian Grand Prix,ALB,3,69,3,ALB,17.0,17.0,Williams,+1 Lap,0.0,False
2022,Hungarian Grand Prix,ALO,1,69,1,ALO,6.0,8.0,Alpine,+1 Lap,-2.0,False
2022,Hungarian Grand Prix,BOT,1,66,1,BOT,8.0,20.0,Alfa Romeo,Power Unit,-12.0,False
2022,Hungarian Grand Prix,HAM,2,70,2,HAM,7.0,2.0,Mercedes,Finished,5.0,True
2022,Hungarian Grand Prix,LAT,3,69,3,LAT,19.0,18.0,Williams,+1 Lap,1.0,True
2022,Hungarian Grand Prix,LEC,3,70,3,LEC,3.0,6.0,Ferrari,Finished,-3.0,False
2022,Hungarian Grand Prix,MAG,3,69,3,MAG,13.0,16.0,Haas F1 Team,+1 Lap,-3.0,False
2022,Hungarian Grand Prix,MSC,2,69,2,MSC,15.0,14.0,Haas F1 Team,+1 Lap,1.0,True
2022,Hungarian Grand Prix,NOR,2,70,2,NOR,4.0,7.0,McLaren,Finished,-3.0,False
2022,Hungarian Grand Prix,OCO,1,69,1,OCO,5.0,9.0,Alpine,+1 Lap,-4.0,False
2022,Hungarian Grand Prix,PER,2,70,2,PER,11.0,5.0,Red Bull Racing,Finished,6.0,True
2022,Hungarian Grand Prix,RIC,2,69,2,RIC,9.0,15.0,McLaren,+1 Lap,-6.0,False
2022,Hungarian Grand Prix,RUS,2,70,2,RUS,1.0,3.0,Mercedes,Finished,-2.0,False
2022,Hungarian Grand Prix,SAI,2,70,2,SAI,2.0,4.0,Ferrari,Finished,-2.0,False
2022,Hungarian Grand Prix,STR,2,69,2,STR,14.0,11.0,Aston Martin,+1 Lap,3.0,True
2022,Hungarian Grand Prix,TSU,3,68,3,TSU,16.0,19.0,AlphaTauri,+2 Laps,-3.0,False
2022,Hungarian Grand Prix,VER,2,70,2,VER,10.0,1.0,Red Bull Racing,Finished,9.0,True
2022,Hungarian Grand Prix,VET,2,69,2,VET,18.0,10.0,Aston Martin,+1 Lap,8.0,True
2022,Hungarian Grand Prix,ZHO,2,69,2,ZHO,12.0,13.0,Alfa Romeo,+1 Lap,-1.0,False
2022,Italian Grand Prix,ALO,1,31,1,ALO,6.0,19.0,Alpine,Water pressure,-13.0,False
2022,Italian Grand Prix,BOT,1,52,1,BOT,15.0,13.0,Alfa Romeo,+1 Lap,2.0,True
2022,Italian Grand Prix,DEV,1,53,1,DEV,8.0,9.0,Williams,Finished,-1.0,False
2022,Italian Grand Prix,GAS,1,53,1,GAS,5.0,8.0,AlphaTauri,Finished,-3.0,False
2022,Italian Grand Prix,HAM,1,53,1,HAM,19.0,5.0,Mercedes,Finished,14.0,True
2022,Italian Grand Prix,LAT,2,52,2,LAT,10.0,15.0,Williams,+1 Lap,-5.0,False
2022,Italian Grand Prix,LEC,3,53,3,LEC,1.0,2.0,Ferrari,Finished,-1.0,False
2022,Italian Grand Prix,MAG,2,52,2,MAG,16.0,16.0,Haas F1 Team,+1 Lap,0.0,False
2022,Italian Grand Prix,MSC,1,53,1,MSC,17.0,12.0,Haas F1 Team,Finished,5.0,True
2022,Italian Grand Prix,NOR,2,53,2,NOR,3.0,7.0,McLaren,Finished,-4.0,False
2022,Italian Grand Prix,OCO,1,53,1,OCO,14.0,11.0,Alpine,Finished,3.0,True
2022,Italian Grand Prix,PER,2,53,2,PER,13.0,6.0,Red Bull Racing,Finished,7.0,True
2022,Italian Grand Prix,RIC,1,46,1,RIC,4.0,17.0,McLaren,Oil leak,-13.0,False
2022,Italian Grand Prix,RUS,2,53,2,RUS,2.0,3.0,Mercedes,Finished,-1.0,False
2022,Italian Grand Prix,SAI,2,53,2,SAI,18.0,4.0,Ferrari,Finished,14.0,True
2022,Italian Grand Prix,STR,2,39,2,STR,12.0,18.0,Aston Martin,Engine,-6.0,False
2022,Italian Grand Prix,TSU,2,52,2,TSU,20.0,14.0,AlphaTauri,+1 Lap,6.0,True
2022,Italian Grand Prix,VER,2,53,2,VER,7.0,1.0,Red Bull Racing,Finished,6.0,True
2022,Italian Grand Prix,VET,0,11,0,VET,11.0,20.0,Aston Martin,Engine,-9.0,False
2022,Italian Grand Prix,ZHO,1,53,1,ZHO,9.0,10.0,Alfa Romeo,Finished,-1.0,False
2022,Japanese Grand Prix,ALB,0,1,0,ALB,16.0,20.0,Williams,Hydraulics,-4.0,False
2022,Japanese Grand Prix,ALO,3,28,3,ALO,7.0,7.0,Alpine,Finished,0.0,False
2022,Japanese Grand Prix,BOT,2,28,2,BOT,12.0,15.0,Alfa Romeo,Finished,-3.0,False
2022,Japanese Grand Prix,GAS,4,28,4+,GAS,17.0,18.0,AlphaTauri,Finished,-1.0,False
2022,Japanese Grand Prix,HAM,2,28,2,HAM,6.0,5.0,Mercedes,Finished,1.0,True
2022,Japanese Grand Prix,LAT,2,28,2,LAT,20.0,9.0,Williams,Finished,11.0,True
2022,Japanese Grand Prix,LEC,2,28,2,LEC,2.0,3.0,Ferrari,Finished,-1.0,False
2022,Japanese Grand Prix,MAG,2,28,2,MAG,18.0,14.0,Haas F1 Team,Finished,4.0,True
2022,Japanese Grand Prix,MSC,2,28,2,MSC,15.0,17.0,Haas F1 Team,Finished,-2.0,False
2022,Japanese Grand Prix,NOR,2,28,2,NOR,10.0,10.0,McLaren,Finished,0.0,False
2022,Japanese Grand Prix,OCO,2,28,2,OCO,5.0,4.0,Alpine,Finished,1.0,True
2022,Japanese Grand Prix,PER,2,28,2,PER,4.0,2.0,Red Bull Racing,Finished,2.0,True
2022,Japanese Grand Prix,RIC,2,28,2,RIC,11.0,11.0,McLaren,Finished,0.0,False
2022,Japanese Grand Prix,RUS,2,28,2,RUS,8.0,8.0,Mercedes,Finished,0.0,False
2022,Japanese Grand Prix,SAI,0,1,0,SAI,3.0,19.0,Ferrari,Accident,-16.0,False
2022,Japanese Grand Prix,STR,3,28,3,STR,19.0,12.0,Aston Martin,Finished,7.0,True
2022,Japanese Grand Prix,TSU,3,28,3,TSU,13.0,13.0,AlphaTauri,Finished,0.0,False
2022,Japanese Grand Prix,VER,2,29,2,VER,1.0,1.0,Red Bull Racing,Finished,0.0,False
2022,Japanese Grand Prix,VET,2,28,2,VET,9.0,6.0,Aston Martin,Finished,3.0,True
2022,Japanese Grand Prix,ZHO,3,28,3,ZHO,14.0,16.0,Alfa Romeo,Finished,-2.0,False
2022,Mexico City Grand Prix,ALB,1,70,1,ALB,17.0,12.0,Williams,+1 Lap,5.0,True
2022,Mexico City Grand Prix,ALO,1,64,1,ALO,9.0,19.0,Alpine,Engine,-10.0,False
2022,Mexico City Grand Prix,BOT,1,70,1,BOT,6.0,10.0,Alfa Romeo,+1 Lap,-4.0,False
2022,Mexico City Grand Prix,GAS,1,70,1,GAS,14.0,11.0,AlphaTauri,+1 Lap,3.0,True
2022,Mexico City Grand Prix,HAM,1,71,1,HAM,3.0,2.0,Mercedes,Finished,1.0,True
2022,Mexico City Grand Prix,LAT,2,69,2,LAT,18.0,18.0,Williams,+2 Laps,0.0,False
2022,Mexico City Grand Prix,LEC,1,71,1,LEC,7.0,6.0,Ferrari,Finished,1.0,True
2022,Mexico City Grand Prix,MAG,1,70,1,MAG,19.0,17.0,Haas F1 Team,+1 Lap,2.0,True
2022,Mexico City Grand Prix,MSC,1,70,1,MSC,15.0,16.0,Haas F1 Team,+1 Lap,-1.0,False
2022,Mexico City Grand Prix,NOR,1,70,1,NOR,8.0,9.0,McLaren,+1 Lap,-1.0,False
2022,Mexico City Grand Prix,OCO,1,70,1,OCO,10.0,8.0,Alpine,+1 Lap,2.0,True
2022,Mexico City Grand Prix,PER,1,71,1,PER,4.0,3.0,Red Bull Racing,Finished,1.0,True
2022,Mexico City Grand Prix,RIC,1,70,1,RIC,11.0,7.0,McLaren,+1 Lap,4.0,True
2022,Mexico City Grand Prix,RUS,2,71,2,RUS,2.0,4.0,Mercedes,Finished,-2.0,False
2022,Mexico City Grand Prix,SAI,1,71,1,SAI,5.0,5.0,Ferrari,Finished,0.0,False
2022,Mexico City Grand Prix,STR,2,70,2,STR,20.0,15.0,Aston Martin,+1 Lap,5.0,True
2022,Mexico City Grand Prix,TSU,2,50,2,TSU,13.0,20.0,AlphaTauri,Collision damage,-7.0,False
2022,Mexico City Grand Prix,VER,1,71,1,VER,1.0,1.0,Red Bull Racing,Finished,0.0,False
2022,Mexico City Grand Prix,VET,1,70,1,VET,16.0,14.0,Aston Martin,+1 Lap,2.0,True
2022,Mexico City Grand Prix,ZHO,1,70,1,ZHO,12.0,13.0,Alfa Romeo,+1 Lap,-1.0,False
2022,Miami Grand Prix,ALB,1,57,1,ALB,18.0,9.0,Williams,Finished,9.0,True
2022,Miami Grand Prix,ALO,1,57,1,ALO,11.0,11.0,Alpine,Finished,0.0,False
2022,Miami Grand Prix,BOT,1,57,1,BOT,5.0,7.0,Alfa Romeo,Finished,-2.0,False
2022,Miami Grand Prix,GAS,3,45,3,GAS,7.0,18.0,AlphaTauri,Suspension,-11.0,False
2022,Miami Grand Prix,HAM,1,57,1,HAM,6.0,6.0,Mercedes,Finished,0.0,False
2022,Miami Grand Prix,LAT,1,57,1,LAT,19.0,14.0,Williams,Finished,5.0,True
2022,Miami Grand Prix,LEC,1,57,1,LEC,1.0,2.0,Ferrari,Finished,-1.0,False
2022,Miami Grand Prix,MAG,3,57,3,MAG,16.0,16.0,Haas F1 Team,Front wing,0.0,False
2022,Miami Grand Prix,MSC,2,57,2,MSC,15.0,15.0,Haas F1 Team,Finished,0.0,False
2022,Miami Grand Prix,NOR,1,40,1,NOR,8.0,19.0,McLaren,Collision,-11.0,False
2022,Miami Grand Prix,OCO,1,57,1,OCO,20.0,8.0,Alpine,Finished,12.0,True
2022,Miami Grand Prix,PER,2,57,2,PER,4.0,4.0,Red Bull Racing,Finished,0.0,False
2022,Miami Grand Prix,RIC,2,57,2,RIC,14.0,13.0,McLaren,Finished,1.0,True
2022,Miami Grand Prix,RUS,1,57,1,RUS,12.0,5.0,Mercedes,Finished,7.0,True
2022,Miami Grand Prix,SAI,1,57,1,SAI,2.0,3.0,Ferrari,Finished,-1.0,False
2022,Miami Grand Prix,TSU,2,57,2,TSU,9.0,12.0,AlphaTauri,Finished,-3.0,False
2022,Miami Grand Prix,VER,1,57,1,VER,3.0,1.0,Red Bull Racing,Finished,2.0,True
2022,Miami Grand Prix,ZHO,1,6,1,ZHO,17.0,20.0,Alfa Romeo,Water leak,-3.0,False
2022,Monaco Grand Prix,ALB,4,49,4+,ALB,16.0,18.0,Williams,Mechanical,-2.0,False
2022,Monaco Grand Prix,ALO,2,64,2,ALO,7.0,7.0,Alpine,Finished,0.0,False
2022,Monaco Grand Prix,BOT,2,64,2,BOT,12.0,9.0,Alfa Romeo,Finished,3.0,True
2022,Monaco Grand Prix,GAS,3,64,3,GAS,17.0,11.0,AlphaTauri,Finished,6.0,True
2022,Monaco Grand Prix,HAM,3,64,3,HAM,8.0,8.0,Mercedes,Finished,0.0,False
2022,Monaco Grand Prix,LAT,4,63,4+,LAT,19.0,15.0,Williams,+1 Lap,4.0,True
2022,Monaco Grand Prix,LEC,3,64,3,LEC,1.0,4.0,Ferrari,Finished,-3.0,False
2022,Monaco Grand Prix,MAG,1,20,1,MAG,13.0,20.0,Haas F1 Team,Water pressure,-7.0,False
2022,Monaco Grand Prix,MSC,2,25,2,MSC,15.0,19.0,Haas F1 Team,Accident,-4.0,False
2022,Monaco Grand Prix,NOR,4,64,4+,NOR,5.0,6.0,McLaren,Finished,-1.0,False
2022,Monaco Grand Prix,OCO,2,64,2,OCO,10.0,12.0,Alpine,Finished,-2.0,False
2022,Monaco Grand Prix,PER,3,64,3,PER,3.0,1.0,Red Bull Racing,Finished,2.0,True
2022,Monaco Grand Prix,RIC,2,64,2,RIC,14.0,13.0,McLaren,Finished,1.0,True
2022,Monaco Grand Prix,RUS,2,64,2,RUS,6.0,5.0,Mercedes,Finished,1.0,True
2022,Monaco Grand Prix,SAI,2,64,2,SAI,2.0,2.0,Ferrari,Finished,0.0,False
2022,Monaco Grand Prix,STR,4,64,4+,STR,18.0,14.0,Aston Martin,Finished,4.0,True
2022,Monaco Grand Prix,TSU,4,63,4+,TSU,11.0,17.0,AlphaTauri,+1 Lap,-6.0,False
2022,Monaco Grand Prix,VER,3,64,3,VER,4.0,3.0,Red Bull Racing,Finished,1.0,True
2022,Monaco Grand Prix,VET,3,64,3,VET,9.0,10.0,Aston Martin,Finished,-1.0,False
2022,Monaco Grand Prix,ZHO,2,63,2,ZHO,20.0,16.0,Alfa Romeo,+1 Lap,4.0,True
2022,Saudi Arabian Grand Prix,ALB,1,48,1,ALB,16.0,14.0,Williams,Collision damage,2.0,True
2022,Saudi Arabian Grand Prix,ALO,1,36,1,ALO,7.0,16.0,Alpine,Water pump,-9.0,False
2022,Saudi Arabian Grand Prix,BOT,3,36,3,BOT,8.0,15.0,Alfa Romeo,Cooling system,-7.0,False
2022,Saudi Arabian Grand Prix,GAS,1,50,1,GAS,9.0,8.0,AlphaTauri,Finished,1.0,True
2022,Saudi Arabian Grand Prix,HAM,1,50,1,HAM,15.0,10.0,Mercedes,Finished,5.0,True
2022,Saudi Arabian Grand Prix,HUL,1,50,1,HUL,17.0,12.0,Aston Martin,Finished,5.0,True
2022,Saudi Arabian Grand Prix,LAT,0,15,0,LAT,18.0,18.0,Williams,Accident,0.0,False
2022,Saudi Arabian Grand Prix,LEC,1,50,1,LEC,2.0,2.0,Ferrari,Finished,0.0,False
2022,Saudi Arabian Grand Prix,MAG,1,50,1,MAG,10.0,9.0,Haas F1 Team,Finished,1.0,True
2022,Saudi Arabian Grand Prix,NOR,1,50,1,NOR,11.0,7.0,McLaren,Finished,4.0,True
2022,Saudi Arabian Grand Prix,OCO,1,50,1,OCO,5.0,6.0,Alpine,Finished,-1.0,False
2022,Saudi Arabian Grand Prix,PER,1,50,1,PER,1.0,4.0,Red Bull Racing,Finished,-3.0,False
2022,Saudi Arabian Grand Prix,RIC,2,36,2,RIC,14.0,17.0,McLaren,Gearbox,-3.0,False
2022,Saudi Arabian Grand Prix,RUS,1,50,1,RUS,6.0,5.0,Mercedes,Finished,1.0,True
2022,Saudi Arabian Grand Prix,SAI,1,50,1,SAI,3.0,3.0,Ferrari,Finished,0.0,False
2022,Saudi Arabian Grand Prix,STR,1,49,1,STR,13.0,13.0,Aston Martin,+1 Lap,0.0,False
2022,Saudi Arabian Grand Prix,VER,1,50,1,VER,4.0,1.0,Red Bull Racing,Finished,3.0,True
2022,Saudi Arabian Grand Prix,ZHO,2,50,2,ZHO,12.0,11.0,Alfa Romeo,Finished,1.0,True
2022,São Paulo Grand Prix,ALB,3,71,3,ALB,19.0,15.0,Williams,Finished,4.0,True
2022,São Paulo Grand Prix,ALO,3,71,3,ALO,17.0,5.0,Alpine,Finished,12.0,True
2022,São Paulo Grand Prix,BOT,2,71,2,BOT,14.0,9.0,Alfa Romeo,Finished,5.0,True
2022,São Paulo Grand Prix,GAS,3,71,3,GAS,10.0,14.0,AlphaTauri,Finished,-4.0,False
2022,São Paulo Grand Prix,HAM,2,71,2,HAM,2.0,2.0,Mercedes,Finished,0.0,False
2022,São Paulo Grand Prix,LAT,3,71,3,LAT,18.0,16.0,Williams,Finished,2.0,True
2022,São Paulo Grand Prix,LEC,3,71,3,LEC,5.0,4.0,Ferrari,Finished,1.0,True
2022,São Paulo Grand Prix,MAG,0,1,0,MAG,8.0,19.0,Haas F1 Team,Collision,-11.0,False
2022,São Paulo Grand Prix,MSC,2,71,2,MSC,12.0,13.0,Haas F1 Team,Finished,-1.0,False
2022,São Paulo Grand Prix,NOR,2,51,2,NOR,6.0,18.0,McLaren,Gearbox,-12.0,False
2022,São Paulo Grand Prix,OCO,2,71,2,OCO,16.0,8.0,Alpine,Finished,8.0,True
2022,São Paulo Grand Prix,PER,2,71,2,PER,4.0,7.0,Red Bull Racing,Finished,-3.0,False
2022,São Paulo Grand Prix,RIC,0,1,0,RIC,11.0,20.0,McLaren,Collision,-9.0,False
2022,São Paulo Grand Prix,RUS,2,71,2,RUS,1.0,1.0,Mercedes,Finished,0.0,False
2022,São Paulo Grand Prix,SAI,3,71,3,SAI,7.0,3.0,Ferrari,Finished,4.0,True
2022,São Paulo Grand Prix,STR,2,71,2,STR,15.0,10.0,Aston Martin,Finished,5.0,True
2022,São Paulo Grand Prix,VER,3,71,3,VER,3.0,6.0,Red Bull Racing,Finished,-3.0,False
2022,São Paulo Grand Prix,VET,2,71,2,VET,9.0,11.0,Aston Martin,Finished,-2.0,False
2022,São Paulo Grand Prix,ZHO,2,71,2,ZHO,13.0,12.0,Alfa Romeo,Finished,1.0,True
2022,Singapore Grand Prix,ALB,1,25,1,ALB,18.0,17.0,Williams,Collision damage,1.0,True
2022,Singapore Grand Prix,ALO,0,21,0,ALO,5.0,18.0,Alpine,Engine,-13.0,False
2022,Singapore Grand Prix,BOT,1,59,1,BOT,15.0,11.0,Alfa Romeo,Finished,4.0,True
2022,Singapore Grand Prix,GAS,1,59,1,GAS,7.0,10.0,AlphaTauri,Finished,-3.0,False
2022,Singapore Grand Prix,HAM,1,59,1,HAM,3.0,9.0,Mercedes,Finished,-6.0,False
2022,Singapore Grand Prix,LAT,1,7,1,LAT,19.0,19.0,Williams,Collision damage,0.0,False
2022,Singapore Grand Prix,LEC,1,59,1,LEC,1.0,2.0,Ferrari,Finished,-1.0,False
2022,Singapore Grand Prix,MAG,2,59,2,MAG,9.0,12.0,Haas F1 Team,Finished,-3.0,False
2022,Singapore Grand Prix,MSC,2,58,2,MSC,12.0,13.0,Haas F1 Team,+1 Lap,-1.0,False
2022,Singapore Grand Prix,NOR,1,59,1,NOR,6.0,4.0,McLaren,Finished,2.0,True
2022,Singapore Grand Prix,OCO,0,27,0,OCO,17.0,16.0,Alpine,Engine,1.0,True
2022,Singapore Grand Prix,PER,1,59,1,PER,2.0,1.0,Red Bull Racing,Finished,1.0,True
2022,Singapore Grand Prix,RIC,1,59,1,RIC,16.0,5.0,McLaren,Finished,11.0,True
2022,Singapore Grand Prix,SAI,1,59,1,SAI,4.0,3.0,Ferrari,Finished,1.0,True
2022,Singapore Grand Prix,STR,1,59,1,STR,11.0,6.0,Aston Martin,Finished,5.0,True
2022,Singapore Grand Prix,TSU,1,35,1,TSU,10.0,15.0,AlphaTauri,Accident,-5.0,False
2022,Singapore Grand Prix,VER,2,59,2,VER,8.0,7.0,Red Bull Racing,Finished,1.0,True
2022,Singapore Grand Prix,VET,1,59,1,VET,13.0,8.0,Aston Martin,Finished,5.0,True
2022,Singapore Grand Prix,ZHO,0,7,0,ZHO,14.0,20.0,Alfa Romeo,Collision,-6.0,False
2022,Spanish Grand Prix,ALB,4,64,4+,ALB,18.0,18.0,Williams,+2 Laps,0.0,False
2022,Spanish Grand Prix,ALO,3,65,3,ALO,20.0,9.0,Alpine,+1 Lap,11.0,True
2022,Spanish Grand Prix,BOT,2,66,2,BOT,7.0,6.0,Alfa Romeo,Finished,1.0,True
2022,Spanish Grand Prix,GAS,3,65,3,GAS,14.0,13.0,AlphaTauri,+1 Lap,1.0,True
2022,Spanish Grand Prix,HAM,3,66,3,HAM,6.0,5.0,Mercedes,Finished,1.0,True
2022,Spanish Grand Prix,LAT,3,64,3,LAT,19.0,16.0,Williams,+2 Laps,3.0,True
2022,Spanish Grand Prix,LEC,2,27,2,LEC,1.0,20.0,Ferrari,Turbo,-19.0,False
2022,Spanish Grand Prix,MAG,2,64,2,MAG,8.0,17.0,Haas F1 Team,+2 Laps,-9.0,False
2022,Spanish Grand Prix,MSC,2,65,2,MSC,10.0,14.0,Haas F1 Team,+1 Lap,-4.0,False
2022,Spanish Grand Prix,NOR,3,66,3,NOR,11.0,8.0,McLaren,Finished,3.0,True
2022,Spanish Grand Prix,OCO,3,66,3,OCO,12.0,7.0,Alpine,Finished,5.0,True
2022,Spanish Grand Prix,PER,3,66,3,PER,5.0,2.0,Red Bull Racing,Finished,3.0,True
2022,Spanish Grand Prix,RIC,3,65,3,RIC,9.0,12.0,McLaren,+1 Lap,-3.0,False
2022,Spanish Grand Prix,RUS,3,66,3,RUS,4.0,3.0,Mercedes,Finished,1.0,True
2022,Spanish Grand Prix,SAI,3,66,3,SAI,3.0,4.0,Ferrari,Finished,-1.0,False
2022,Spanish Grand Prix,STR,3,65,3,STR,17.0,15.0,Aston Martin,+1 Lap,2.0,True
2022,Spanish Grand Prix,TSU,3,65,3,TSU,13.0,10.0,AlphaTauri,+1 Lap,3.0,True
2022,Spanish Grand Prix,VER,3,66,3,VER,2.0,1.0,Red Bull Racing,Finished,1.0,True
2022,Spanish Grand Prix,VET,2,65,2,VET,16.0,11.0,Aston Martin,+1 Lap,5.0,True
2022,Spanish Grand Prix,ZHO,2,28,2,ZHO,15.0,19.0,Alfa Romeo,Power loss,-4.0,False
2022,United States Grand Prix,ALB,2,56,2,ALB,8.0,13.0,Williams,Finished,-5.0,False
2022,United States Grand Prix,ALO,2,56,2,ALO,14.0,7.0,Alpine,Finished,7.0,True
2022,United States Grand Prix,BOT,1,17,1,BOT,7.0,19.0,Alfa Romeo,Spun off,-12.0,False
2022,United States Grand Prix,GAS,2,56,2,GAS,11.0,14.0,AlphaTauri,Finished,-3.0,False
2022,United States Grand Prix,HAM,2,56,2,HAM,3.0,2.0,Mercedes,Finished,1.0,True
2022,United States Grand Prix,LAT,2,56,2,LAT,17.0,17.0,Williams,Finished,0.0,False
2022,United States Grand Prix,LEC,2,56,2,LEC,12.0,3.0,Ferrari,Finished,9.0,True
2022,United States Grand Prix,MAG,1,56,1,MAG,13.0,9.0,Haas F1 Team,Finished,4.0,True
2022,United States Grand Prix,MSC,2,56,2,MSC,16.0,15.0,Haas F1 Team,Finished,1.0,True
2022,United States Grand Prix,NOR,2,56,2,NOR,6.0,6.0,McLaren,Finished,0.0,False
2022,United States Grand Prix,PER,2,56,2,PER,9.0,4.0,Red Bull Racing,Finished,5.0,True
2022,United States Grand Prix,RIC,2,56,2,RIC,15.0,16.0,McLaren,Finished,-1.0,False
2022,United States Grand Prix,RUS,3,56,3,RUS,4.0,5.0,Mercedes,Finished,-1.0,False
2022,United States Grand Prix,SAI,1,1,1,SAI,1.0,20.0,Ferrari,Collision damage,-19.0,False
2022,United States Grand Prix,STR,1,22,1,STR,5.0,18.0,Aston Martin,Collision,-13.0,False
2022,United States Grand Prix,TSU,2,56,2,TSU,19.0,10.0,AlphaTauri,Finished,9.0,True
2022,United States Grand Prix,VER,2,56,2,VER,2.0,1.0,Red Bull Racing,Finished,1.0,True
2022,United States Grand Prix,VET,2,56,2,VET,10.0,8.0,Aston Martin,Finished,2.0,True
2022,United States Grand Prix,ZHO,2,56,2,ZHO,18.0,12.0,Alfa Romeo,Finished,6.0,True
2023,Abu Dhabi Grand Prix,ALB,2,58,2,ALB,14.0,14.0,Williams,Finished,0.0,False
2023,Abu Dhabi Grand Prix,ALO,2,58,2,ALO,7.0,7.0,Aston Martin,Finished,0.0,False
2023,Abu Dhabi Grand Prix,BOT,1,57,1,BOT,18.0,19.0,Alfa Romeo,Lapped,-1.0,False
2023,Abu Dhabi Grand Prix,GAS,2,58,2,GAS,10.0,13.0,Alpine,Finished,-3.0,False
2023,Abu Dhabi Grand Prix,HAM,2,58,2,HAM,11.0,9.0,Mercedes,Finished,2.0,True
2023,Abu Dhabi Grand Prix,HUL,2,58,2,HUL,8.0,15.0,Haas F1 Team,Finished,-7.0,False
2023,Abu Dhabi Grand Prix,LEC,2,58,2,LEC,2.0,2.0,Ferrari,Finished,0.0,False
2023,Abu Dhabi Grand Prix,MAG,2,57,2,MAG,17.0,20.0,Haas F1 Team,Lapped,-3.0,False
2023,Abu Dhabi Grand Prix,NOR,2,58,2,NOR,5.0,5.0,McLaren,Finished,0.0,False
2023,Abu Dhabi Grand Prix,OCO,1,58,1,OCO,12.0,12.0,Alpine,Finished,0.0,False
2023,Abu Dhabi Grand Prix,PER,2,58,2,PER,9.0,4.0,Red Bull Racing,Finished,5.0,True
2023,Abu Dhabi Grand Prix,PIA,2,58,2,PIA,3.0,6.0,McLaren,Finished,-3.0,False
2023,Abu Dhabi Grand Prix,RIC,2,58,2,RIC,15.0,11.0,AlphaTauri,Finished,4.0,True
2023,Abu Dhabi Grand Prix,RUS,2,58,2,RUS,4.0,3.0,Mercedes,Finished,1.0,True
2023,Abu Dhabi Grand Prix,SAI,3,57,3,SAI,16.0,18.0,Ferrari,Retired,-2.0,False
2023,Abu Dhabi Grand Prix,SAR,2,58,2,SAR,20.0,16.0,Williams,Finished,4.0,True
2023,Abu Dhabi Grand Prix,STR,2,58,2,STR,13.0,10.0,Aston Martin,Finished,3.0,True
2023,Abu Dhabi Grand Prix,TSU,1,58,1,TSU,6.0,8.0,AlphaTauri,Finished,-2.0,False
2023,Abu Dhabi Grand Prix,VER,2,58,2,VER,1.0,1.0,Red Bull Racing,Finished,0.0,False
2023,Abu Dhabi Grand Prix,ZHO,2,58,2,ZHO,19.0,17.0,Alfa Romeo,Finished,2.0,True
2023,Australian Grand Prix,ALB,0,7,0,ALB,8.0,19.0,Williams,Retired,-11.0,False
2023,Australian Grand Prix,ALO,3,58,3,ALO,4.0,3.0,Aston Martin,Finished,1.0,True
2023,Australian Grand Prix,BOT,6,58,4+,BOT,19.0,11.0,Alfa Romeo,Finished,8.0,True
2023,Australian Grand Prix,DEV,4,57,4+,DEV,15.0,15.0,AlphaTauri,Retired,0.0,False
2023,Australian Grand Prix,GAS,2,57,2,GAS,9.0,13.0,Alpine,Retired,-4.0,False
2023,Australian Grand Prix,HAM,3,58,3,HAM,3.0,2.0,Mercedes,Finished,1.0,True
2023,Australian Grand Prix,HUL,3,58,3,HUL,10.0,7.0,Haas F1 Team,Finished,3.0,True
2023,Australian Grand Prix,LEC,0,1,0,LEC,7.0,20.0,Ferrari,Retired,-13.0,False
2023,Australian Grand Prix,MAG,2,53,2,MAG,14.0,17.0,Haas F1 Team,Retired,-3.0,False
2023,Australian Grand Prix,NOR,3,58,3,NOR,13.0,6.0,McLaren,Finished,7.0,True
2023,Australian Grand Prix,OCO,3,57,3,OCO,11.0,14.0,Alpine,Retired,-3.0,False
2023,Australian Grand Prix,PER,5,58,4+,PER,20.0,5.0,Red Bull Racing,Finished,15.0,True
2023,Australian Grand Prix,PIA,4,58,4+,PIA,16.0,8.0,McLaren,Finished,8.0,True
2023,Australian Grand Prix,RUS,2,18,2,RUS,2.0,18.0,Mercedes,Retired,-16.0,False
2023,Australian Grand Prix,SAI,4,58,4+,SAI,5.0,12.0,Ferrari,Finished,-7.0,False
2023,Australian Grand Prix,SAR,6,57,4+,SAR,18.0,16.0,Williams,Retired,2.0,True
2023,Australian Grand Prix,STR,3,58,3,STR,6.0,4.0,Aston Martin,Finished,2.0,True
2023,Australian Grand Prix,TSU,4,58,4+,TSU,12.0,10.0,AlphaTauri,Finished,2.0,True
2023,Australian Grand Prix,VER,3,58,3,VER,1.0,1.0,Red Bull Racing,Finished,0.0,False
2023,Australian Grand Prix,ZHO,5,58,4+,ZHO,17.0,9.0,Alfa Romeo,Finished,8.0,True
2023,Austrian Grand Prix,ALB,3,71,3,ALB,10.0,11.0,Williams,Finished,-1.0,False
2023,Austrian Grand Prix,ALO,3,71,3,ALO,7.0,5.0,Aston Martin,Finished,2.0,True
2023,Austrian Grand Prix,BOT,3,70,3,BOT,14.0,15.0,Alfa Romeo,Lapped,-1.0,False
2023,Austrian Grand Prix,DEV,3,70,3,DEV,20.0,17.0,AlphaTauri,Lapped,3.0,True
2023,Austrian Grand Prix,GAS,3,71,3,GAS,9.0,10.0,Alpine,Finished,-1.0,False
2023,Austrian Grand Prix,HAM,3,71,3,HAM,5.0,8.0,Mercedes,Finished,-3.0,False
2023,Austrian Grand Prix,HUL,2,13,2,HUL,8.0,20.0,Haas F1 Team,Retired,-12.0,False
2023,Austrian Grand Prix,LEC,3,71,3,LEC,2.0,2.0,Ferrari,Finished,0.0,False
2023,Austrian Grand Prix,MAG,3,70,3,MAG,19.0,18.0,Haas F1 Team,Lapped,1.0,True
2023,Austrian Grand Prix,NOR,3,71,3,NOR,4.0,4.0,McLaren,Finished,0.0,False
2023,Austrian Grand Prix,OCO,3,70,3,OCO,12.0,14.0,Alpine,Lapped,-2.0,False
2023,Austrian Grand Prix,PER,3,71,3,PER,15.0,3.0,Red Bull Racing,Finished,12.0,True
2023,Austrian Grand Prix,PIA,4,70,4+,PIA,13.0,16.0,McLaren,Lapped,-3.0,False
2023,Austrian Grand Prix,RUS,3,71,3,RUS,11.0,7.0,Mercedes,Finished,4.0,True
2023,Austrian Grand Prix,SAI,3,71,3,SAI,3.0,6.0,Ferrari,Finished,-3.0,False
2023,Austrian Grand Prix,SAR,3,70,3,SAR,18.0,13.0,Williams,Lapped,5.0,True
2023,Austrian Grand Prix,STR,4,71,4+,STR,6.0,9.0,Aston Martin,Finished,-3.0,False
2023,Austrian Grand Prix,TSU,4,70,4+,TSU,16.0,19.0,AlphaTauri,Lapped,-3.0,False
2023,Austrian Grand Prix,VER,4,71,4+,VER,1.0,1.0,Red Bull Racing,Finished,0.0,False
2023,Austrian Grand Prix,ZHO,3,70,3,ZHO,17.0,12.0,Alfa Romeo,Lapped,5.0,True
2023,Azerbaijan Grand Prix,ALB,1,51,1,ALB,12.0,12.0,Williams,Finished,0.0,False
2023,Azerbaijan Grand Prix,ALO,1,51,1,ALO,6.0,4.0,Aston Martin,Finished,2.0,True
2023,Azerbaijan Grand Prix,BOT,3,50,3,BOT,13.0,18.0,Alfa Romeo,Lapped,-5.0,False
2023,Azerbaijan Grand Prix,DEV,0,10,0,DEV,18.0,20.0,AlphaTauri,Retired,-2.0,False
2023,Azerbaijan Grand Prix,GAS,2,51,2,GAS,17.0,14.0,Alpine,Finished,3.0,True
2023,Azerbaijan Grand Prix,HAM,1,51,1,HAM,5.0,6.0,Mercedes,Finished,-1.0,False
2023,Azerbaijan Grand Prix,HUL,1,50,1,HUL,20.0,17.0,Haas F1 Team,Lapped,3.0,True
2023,Azerbaijan Grand Prix,LEC,1,51,1,LEC,1.0,3.0,Ferrari,Finished,-2.0,False
2023,Azerbaijan Grand Prix,MAG,1,51,1,MAG,16.0,13.0,Haas F1 Team,Finished,3.0,True
2023,Azerbaijan Grand Prix,NOR,1,51,1,NOR,7.0,9.0,McLaren,Finished,-2.0,False
2023,Azerbaijan Grand Prix,OCO,1,51,1,OCO,19.0,15.0,Alpine,Finished,4.0,True
2023,Azerbaijan Grand Prix,PER,1,51,1,PER,3.0,1.0,Red Bull Racing,Finished,2.0,True
2023,Azerbaijan Grand Prix,PIA,1,51,1,PIA,10.0,11.0,McLaren,Finished,-1.0,False
2023,Azerbaijan Grand Prix,RUS,2,51,2,RUS,11.0,8.0,Mercedes,Finished,3.0,True
2023,Azerbaijan Grand Prix,SAI,1,51,1,SAI,4.0,5.0,Ferrari,Finished,-1.0,False
2023,Azerbaijan Grand Prix,SAR,1,51,1,SAR,14.0,16.0,Williams,Finished,-2.0,False
2023,Azerbaijan Grand Prix,STR,1,51,1,STR,9.0,7.0,Aston Martin,Finished,2.0,True
2023,Azerbaijan Grand Prix,TSU,1,51,1,TSU,8.0,10.0,AlphaTauri,Finished,-2.0,False
2023,Azerbaijan Grand Prix,VER,1,51,1,VER,2.0,2.0,Red Bull Racing,Finished,0.0,False
2023,Azerbaijan Grand Prix,ZHO,2,36,2,ZHO,15.0,19.0,Alfa Romeo,Retired,-4.0,False
2023,Bahrain Grand Prix,ALB,3,57,3,ALB,15.0,10.0,Williams,Finished,5.0,True
2023,Bahrain Grand Prix,ALO,2,57,2,ALO,5.0,3.0,Aston Martin,Finished,2.0,True
2023,Bahrain Grand Prix,BOT,2,57,2,BOT,12.0,8.0,Alfa Romeo,Finished,4.0,True
2023,Bahrain Grand Prix,DEV,2,56,2,DEV,19.0,14.0,AlphaTauri,Lapped,5.0,True
2023,Bahrain Grand Prix,GAS,3,57,3,GAS,20.0,9.0,Alpine,Finished,11.0,True
2023,Bahrain Grand Prix,HAM,2,57,2,HAM,7.0,5.0,Mercedes,Finished,2.0,True
2023,Bahrain Grand Prix,HUL,3,56,3,HUL,10.0,15.0,Haas F1 Team,Lapped,-5.0,False
2023,Bahrain Grand Prix,LEC,2,40,2,LEC,3.0,19.0,Ferrari,Retired,-16.0,False
2023,Bahrain Grand Prix,MAG,3,56,3,MAG,17.0,13.0,Haas F1 Team,Lapped,4.0,True
2023,Bahrain Grand Prix,NOR,6,55,4+,NOR,11.0,17.0,McLaren,Lapped,-6.0,False
2023,Bahrain Grand Prix,OCO,4,41,4+,OCO,9.0,18.0,Alpine,Retired,-9.0,False
2023,Bahrain Grand Prix,PER,2,57,2,PER,2.0,2.0,Red Bull Racing,Finished,0.0,False
2023,Bahrain Grand Prix,PIA,1,13,1,PIA,18.0,20.0,McLaren,Retired,-2.0,False
2023,Bahrain Grand Prix,RUS,2,57,2,RUS,6.0,7.0,Mercedes,Finished,-1.0,False
2023,Bahrain Grand Prix,SAI,2,57,2,SAI,4.0,4.0,Ferrari,Finished,0.0,False
2023,Bahrain Grand Prix,SAR,3,56,3,SAR,16.0,12.0,Williams,Lapped,4.0,True
2023,Bahrain Grand Prix,STR,2,57,2,STR,8.0,6.0,Aston Martin,Finished,2.0,True
2023,Bahrain Grand Prix,TSU,3,57,3,TSU,14.0,11.0,AlphaTauri,Finished,3.0,True
2023,Bahrain Grand Prix,VER,2,57,2,VER,1.0,1.0,Red Bull Racing,Finished,0.0,False
2023,Bahrain Grand Prix,ZHO,3,56,3,ZHO,13.0,16.0,Alfa Romeo,Lapped,-3.0,False
2023,Belgian Grand Prix,ALB,3,44,3,ALB,15.0,14.0,Williams,Finished,1.0,True
2023,Belgian Grand Prix,ALO,2,44,2,ALO,9.0,5.0,Aston Martin,Finished,4.0,True
2023,Belgian Grand Prix,BOT,2,44,2,BOT,13.0,12.0,Alfa Romeo,Finished,1.0,True
2023,Belgian Grand Prix,GAS,1,44,1,GAS,12.0,11.0,Alpine,Finished,1.0,True
2023,Belgian Grand Prix,HAM,3,44,3,HAM,3.0,4.0,Mercedes,Finished,-1.0,False
2023,Belgian Grand Prix,HUL,2,44,2,HUL,20.0,18.0,Haas F1 Team,Finished,2.0,True
2023,Belgian Grand Prix,LEC,2,44,2,LEC,1.0,3.0,Ferrari,Finished,-2.0,False
2023,Belgian Grand Prix,MAG,2,44,2,MAG,16.0,15.0,Haas F1 Team,Finished,1.0,True
2023,Belgian Grand Prix,NOR,2,44,2,NOR,7.0,7.0,McLaren,Finished,0.0,False
2023,Belgian Grand Prix,OCO,2,44,2,OCO,14.0,8.0,Alpine,Finished,6.0,True
2023,Belgian Grand Prix,PER,2,44,2,PER,2.0,2.0,Red Bull Racing,Finished,0.0,False
2023,Belgian Grand Prix,PIA,0,1,0,PIA,5.0,20.0,McLaren,Retired,-15.0,False
2023,Belgian Grand Prix,RIC,2,44,2,RIC,19.0,16.0,AlphaTauri,Finished,3.0,True
2023,Belgian Grand Prix,RUS,1,44,1,RUS,8.0,6.0,Mercedes,Finished,2.0,True
2023,Belgian Grand Prix,SAI,2,23,2,SAI,4.0,19.0,Ferrari,Retired,-15.0,False
2023,Belgian Grand Prix,SAR,3,44,3,SAR,18.0,17.0,Williams,Finished,1.0,True
2023,Belgian Grand Prix,STR,1,44,1,STR,10.0,9.0,Aston Martin,Finished,1.0,True
2023,Belgian Grand Prix,TSU,2,44,2,TSU,11.0,10.0,AlphaTauri,Finished,1.0,True
2023,Belgian Grand Prix,VER,2,44,2,VER,6.0,1.0,Red Bull Racing,Finished,5.0,True
2023,Belgian Grand Prix,ZHO,2,44,2,ZHO,17.0,13.0,Alfa Romeo,Finished,4.0,True
2023,British Grand Prix,ALB,1,52,1,ALB,8.0,8.0,Williams,Finished,0.0,False
2023,British Grand Prix,ALO,1,52,1,ALO,9.0,7.0,Aston Martin,Finished,2.0,True
2023,British Grand Prix,BOT,1,52,1,BOT,20.0,12.0,Alfa Romeo,Finished,8.0,True
2023,British Grand Prix,DEV,2,52,2,DEV,18.0,17.0,AlphaTauri,Finished,1.0,True
2023,British Grand Prix,GAS,2,46,2,GAS,10.0,18.0,Alpine,Retired,-8.0,False
2023,British Grand Prix,HAM,1,52,1,HAM,7.0,3.0,Mercedes,Finished,4.0,True
2023,British Grand Prix,HUL,2,52,2,HUL,11.0,13.0,Haas F1 Team,Finished,-2.0,False
2023,British Grand Prix,LEC,2,52,2,LEC,4.0,9.0,Ferrari,Finished,-5.0,False
2023,British Grand Prix,MAG,0,32,0,MAG,19.0,19.0,Haas F1 Team,Retired,0.0,False
2023,British Grand Prix,NOR,1,52,1,NOR,2.0,2.0,McLaren,Finished,0.0,False
2023,British Grand Prix,OCO,1,9,1,OCO,13.0,20.0,Alpine,Retired,-7.0,False
2023,British Grand Prix,PER,1,52,1,PER,15.0,6.0,Red Bull Racing,Finished,9.0,True
2023,British Grand Prix,PIA,1,52,1,PIA,3.0,4.0,McLaren,Finished,-1.0,False
2023,British Grand Prix,RUS,1,52,1,RUS,6.0,5.0,Mercedes,Finished,1.0,True
2023,British Grand Prix,SAI,1,52,1,SAI,5.0,10.0,Ferrari,Finished,-5.0,False
2023,British Grand Prix,SAR,1,52,1,SAR,14.0,11.0,Williams,Finished,3.0,True
2023,British Grand Prix,STR,1,52,1,STR,12.0,14.0,Aston Martin,Finished,-2.0,False
2023,British Grand Prix,TSU,2,52,2,TSU,16.0,16.0,AlphaTauri,Finished,0.0,False
2023,British Grand Prix,VER,1,52,1,VER,1.0,1.0,Red Bull Racing,Finished,0.0,False
2023,British Grand Prix,ZHO,3,52,3,ZHO,17.0,15.0,Alfa Romeo,Finished,2.0,True
2023,Canadian Grand Prix,ALB,1,70,1,ALB,9.0,7.0,Williams,Finished,2.0,True
2023,Canadian Grand Prix,ALO,2,70,2,ALO,2.0,2.0,Aston Martin,Finished,0.0,False
2023,Canadian Grand Prix,BOT,1,70,1,BOT,14.0,10.0,Alfa Romeo,Finished,4.0,True
2023,Canadian Grand Prix,DEV,2,69,2,DEV,17.0,18.0,AlphaTauri,Lapped,-1.0,False
2023,Canadian Grand Prix,GAS,2,70,2,GAS,15.0,12.0,Alpine,Finished,3.0,True
2023,Canadian Grand Prix,HAM,2,70,2,HAM,3.0,3.0,Mercedes,Finished,0.0,False
2023,Canadian Grand Prix,HUL,2,69,2,HUL,5.0,15.0,Haas F1 Team,Lapped,-10.0,False
2023,Canadian Grand Prix,LEC,1,70,1,LEC,10.0,4.0,Ferrari,Finished,6.0,True
2023,Canadian Grand Prix,MAG,2,69,2,MAG,13.0,17.0,Haas F1 Team,Lapped,-4.0,False
2023,Canadian Grand Prix,NOR,2,70,2,NOR,7.0,13.0,McLaren,Finished,-6.0,False
2023,Canadian Grand Prix,OCO,2,70,2,OCO,6.0,8.0,Alpine,Finished,-2.0,False
2023,Canadian Grand Prix,PER,2,70,2,PER,12.0,6.0,Red Bull Racing,Finished,6.0,True
2023,Canadian Grand Prix,PIA,2,70,2,PIA,8.0,11.0,McLaren,Finished,-3.0,False
2023,Canadian Grand Prix,RUS,2,54,2,RUS,4.0,19.0,Mercedes,Retired,-15.0,False
2023,Canadian Grand Prix,SAI,1,70,1,SAI,11.0,5.0,Ferrari,Finished,6.0,True
2023,Canadian Grand Prix,SAR,0,7,0,SAR,18.0,20.0,Williams,Retired,-2.0,False
2023,Canadian Grand Prix,STR,2,70,2,STR,16.0,9.0,Aston Martin,Finished,7.0,True
2023,Canadian Grand Prix,TSU,2,70,2,TSU,19.0,14.0,AlphaTauri,Finished,5.0,True
2023,Canadian Grand Prix,VER,2,70,2,VER,1.0,1.0,Red Bull Racing,Finished,0.0,False
2023,Canadian Grand Prix,ZHO,2,69,2,ZHO,20.0,16.0,Alfa Romeo,Lapped,4.0,True
2023,Dutch Grand Prix,ALB,4,72,4+,ALB,4.0,8.0,Williams,Finished,-4.0,False
2023,Dutch Grand Prix,ALO,5,72,4+,ALO,5.0,2.0,Aston Martin,Finished,3.0,True
2023,Dutch Grand Prix,BOT,5,72,4+,BOT,18.0,14.0,Alfa Romeo,Finished,4.0,True
2023,Dutch Grand Prix,GAS,5,72,4+,GAS,12.0,3.0,Alpine,Finished,9.0,True
2023,Dutch Grand Prix,HAM,5,72,4+,HAM,13.0,6.0,Mercedes,Finished,7.0,True
2023,Dutch Grand Prix,HUL,5,72,4+,HUL,14.0,12.0,Haas F1 Team,Finished,2.0,True
2023,Dutch Grand Prix,LAW,7,72,4+,LAW,19.0,13.0,AlphaTauri,Finished,6.0,True
2023,Dutch Grand Prix,LEC,3,41,3,LEC,9.0,19.0,Ferrari,Undertray,-10.0,False
2023,Dutch Grand Prix,NOR,6,72,4+,NOR,2.0,7.0,McLaren,Finished,-5.0,False
2023,Dutch Grand Prix,OCO,6,72,4+,OCO,16.0,10.0,Alpine,Finished,6.0,True
2023,Dutch Grand Prix,PER,6,72,4+,PER,7.0,4.0,Red Bull Racing,Finished,3.0,True
2023,Dutch Grand Prix,PIA,5,72,4+,PIA,8.0,9.0,McLaren,Finished,-1.0,False
2023,Dutch Grand Prix,RUS,7,72,4+,RUS,3.0,17.0,Mercedes,Finished,-14.0,False
2023,Dutch Grand Prix,SAI,5,72,4+,SAI,6.0,5.0,Ferrari,Finished,1.0,True
2023,Dutch Grand Prix,SAR,0,15,0,SAR,10.0,20.0,Williams,Accident,-10.0,False
2023,Dutch Grand Prix,STR,7,72,4+,STR,11.0,11.0,Aston Martin,Finished,0.0,False
2023,Dutch Grand Prix,TSU,5,72,4+,TSU,17.0,15.0,AlphaTauri,Finished,2.0,True
2023,Dutch Grand Prix,VER,6,72,4+,VER,1.0,1.0,Red Bull Racing,Finished,0.0,False
2023,Dutch Grand Prix,ZHO,4,63,4+,ZHO,15.0,18.0,Alfa Romeo,Accident,-3.0,False
2023,Hungarian Grand Prix,ALB,2,69,2,ALB,16.0,11.0,Williams,Lapped,5.0,True
2023,Hungarian Grand Prix,ALO,2,70,2,ALO,8.0,9.0,Aston Martin,Finished,-1.0,False
2023,Hungarian Grand Prix,BOT,2,69,2,BOT,7.0,12.0,Alfa Romeo,Lapped,-5.0,False
2023,Hungarian Grand Prix,GAS,1,1,1,GAS,15.0,20.0,Alpine,Retired,-5.0,False
2023,Hungarian Grand Prix,HAM,2,70,2,HAM,1.0,4.0,Mercedes,Finished,-3.0,False
2023,Hungarian Grand Prix,HUL,2,69,2,HUL,10.0,14.0,Haas F1 Team,Lapped,-4.0,False
2023,Hungarian Grand Prix,LEC,2,70,2,LEC,6.0,7.0,Ferrari,Finished,-1.0,False
2023,Hungarian Grand Prix,MAG,2,69,2,MAG,19.0,17.0,Haas F1 Team,Lapped,2.0,True
2023,Hungarian Grand Prix,NOR,2,70,2,NOR,3.0,2.0,McLaren,Finished,1.0,True
2023,Hungarian Grand Prix,OCO,1,2,1,OCO,12.0,19.0,Alpine,Retired,-7.0,False
2023,Hungarian Grand Prix,PER,2,70,2,PER,9.0,3.0,Red Bull Racing,Finished,6.0,True
2023,Hungarian Grand Prix,PIA,2,70,2,PIA,4.0,5.0,McLaren,Finished,-1.0,False
2023,Hungarian Grand Prix,RIC,2,69,2,RIC,13.0,13.0,AlphaTauri,Lapped,0.0,False
2023,Hungarian Grand Prix,RUS,2,70,2,RUS,18.0,6.0,Mercedes,Finished,12.0,True
2023,Hungarian Grand Prix,SAI,2,70,2,SAI,11.0,8.0,Ferrari,Finished,3.0,True
2023,Hungarian Grand Prix,SAR,3,67,3,SAR,20.0,18.0,Williams,Retired,2.0,True
2023,Hungarian Grand Prix,STR,2,69,2,STR,14.0,10.0,Aston Martin,Lapped,4.0,True
2023,Hungarian Grand Prix,TSU,2,69,2,TSU,17.0,15.0,AlphaTauri,Lapped,2.0,True
2023,Hungarian Grand Prix,VER,2,70,2,VER,2.0,1.0,Red Bull Racing,Finished,1.0,True
2023,Hungarian Grand Prix,ZHO,2,69,2,ZHO,5.0,16.0,Alfa Romeo,Lapped,-11.0,False
2023,Italian Grand Prix,ALB,1,51,1,ALB,6.0,7.0,Williams,Finished,-1.0,False
2023,Italian Grand Prix,ALO,1,51,1,ALO,10.0,9.0,Aston Martin,Finished,1.0,True
2023,Italian Grand Prix,BOT,1,51,1,BOT,14.0,10.0,Alfa Romeo,Finished,4.0,True
2023,Italian Grand Prix,GAS,2,51,2,GAS,17.0,15.0,Alpine,Finished,2.0,True
2023,Italian Grand Prix,HAM,1,51,1,HAM,8.0,6.0,Mercedes,Finished,2.0,True
2023,Italian Grand Prix,HUL,2,51,2,HUL,13.0,17.0,Haas F1 Team,Lapped,-4.0,False
2023,Italian Grand Prix,LAW,2,51,2,LAW,12.0,11.0,AlphaTauri,Finished,1.0,True
2023,Italian Grand Prix,LEC,1,51,1,LEC,3.0,4.0,Ferrari,Finished,-1.0,False
2023,Italian Grand Prix,MAG,2,51,2,MAG,19.0,18.0,Haas F1 Team,Lapped,1.0,True
2023,Italian Grand Prix,NOR,1,51,1,NOR,9.0,8.0,McLaren,Finished,1.0,True
2023,Italian Grand Prix,OCO,2,39,2,OCO,18.0,19.0,Alpine,Retired,-1.0,False
2023,Italian Grand Prix,PER,1,51,1,PER,5.0,2.0,Red Bull Racing,Finished,3.0,True
2023,Italian Grand Prix,PIA,2,51,2,PIA,7.0,12.0,McLaren,Finished,-5.0,False
2023,Italian Grand Prix,RUS,1,51,1,RUS,4.0,5.0,Mercedes,Finished,-1.0,False
2023,Italian Grand Prix,SAI,1,51,1,SAI,1.0,3.0,Ferrari,Finished,-2.0,False
2023,Italian Grand Prix,SAR,1,51,1,SAR,15.0,13.0,Williams,Finished,2.0,True
2023,Italian Grand Prix,STR,1,51,1,STR,20.0,16.0,Aston Martin,Finished,4.0,True
2023,Italian Grand Prix,VER,1,51,1,VER,2.0,1.0,Red Bull Racing,Finished,1.0,True
2023,Italian Grand Prix,ZHO,2,51,2,ZHO,16.0,14.0,Alfa Romeo,Finished,2.0,True
2023,Japanese Grand Prix,ALB,3,26,3,ALB,13.0,16.0,Williams,Retired,-3.0,False
2023,Japanese Grand Prix,ALO,2,53,2,ALO,10.0,8.0,Aston Martin,Finished,2.0,True
2023,Japanese Grand Prix,BOT,3,7,3,BOT,16.0,20.0,Alfa Romeo,Retired,-4.0,False
2023,Japanese Grand Prix,GAS,2,53,2,GAS,12.0,10.0,Alpine,Finished,2.0,True
2023,Japanese Grand Prix,HAM,2,53,2,HAM,7.0,5.0,Mercedes,Finished,2.0,True
2023,Japanese Grand Prix,HUL,3,52,3,HUL,18.0,14.0,Haas F1 Team,Lapped,4.0,True
2023,Japanese Grand Prix,LAW,2,52,2,LAW,11.0,11.0,AlphaTauri,Lapped,0.0,False
2023,Japanese Grand Prix,LEC,2,53,2,LEC,4.0,4.0,Ferrari,Finished,0.0,False
2023,Japanese Grand Prix,MAG,2,52,2,MAG,15.0,15.0,Haas F1 Team,Lapped,0.0,False
2023,Japanese Grand Prix,NOR,2,53,2,NOR,3.0,2.0,McLaren,Finished,1.0,True
2023,Japanese Grand Prix,OCO,2,53,2,OCO,14.0,9.0,Alpine,Finished,5.0,True
2023,Japanese Grand Prix,PER,5,15,4+,PER,5.0,19.0,Red Bull Racing,Retired,-14.0,False
2023,Japanese Grand Prix,PIA,2,53,2,PIA,2.0,3.0,McLaren,Finished,-1.0,False
2023,Japanese Grand Prix,RUS,1,53,1,RUS,8.0,7.0,Mercedes,Finished,1.0,True
2023,Japanese Grand Prix,SAI,2,53,2,SAI,6.0,6.0,Ferrari,Finished,0.0,False
2023,Japanese Grand Prix,SAR,4,22,4+,SAR,20.0,17.0,Williams,Retired,3.0,True
2023,Japanese Grand Prix,STR,2,20,2,STR,17.0,18.0,Aston Martin,Retired,-1.0,False
2023,Japanese Grand Prix,TSU,2,52,2,TSU,9.0,12.0,AlphaTauri,Lapped,-3.0,False
2023,Japanese Grand Prix,VER,2,53,2,VER,1.0,1.0,Red Bull Racing,Finished,0.0,False
2023,Japanese Grand Prix,ZHO,3,52,3,ZHO,19.0,13.0,Alfa Romeo,Lapped,6.0,True
2023,Las Vegas Grand Prix,ALB,1,50,1,ALB,5.0,12.0,Williams,Finished,-7.0,False
2023,Las Vegas Grand Prix,ALO,2,50,2,ALO,9.0,9.0,Aston Martin,Finished,0.0,False
2023,Las Vegas Grand Prix,BOT,2,50,2,BOT,7.0,17.0,Alfa Romeo,Finished,-10.0,False
2023,Las Vegas Grand Prix,GAS,1,50,1,GAS,4.0,11.0,Alpine,Finished,-7.0,False
2023,Las Vegas Grand Prix,HAM,2,50,2,HAM,10.0,7.0,Mercedes,Finished,3.0,True
2023,Las Vegas Grand Prix,HUL,2,46,2,HUL,13.0,19.0,Haas F1 Team,Retired,-6.0,False
2023,Las Vegas Grand Prix,LEC,1,50,1,LEC,1.0,2.0,Ferrari,Finished,-1.0,False
2023,Las Vegas Grand Prix,MAG,2,50,2,MAG,8.0,13.0,Haas F1 Team,Finished,-5.0,False
2023,Las Vegas Grand Prix,NOR,0,3,0,NOR,15.0,20.0,McLaren,Retired,-5.0,False
2023,Las Vegas Grand Prix,OCO,1,50,1,OCO,16.0,4.0,Alpine,Finished,12.0,True
2023,Las Vegas Grand Prix,PER,2,50,2,PER,11.0,3.0,Red Bull Racing,Finished,8.0,True
2023,Las Vegas Grand Prix,PIA,2,50,2,PIA,18.0,10.0,McLaren,Finished,8.0,True
2023,Las Vegas Grand Prix,RIC,1,50,1,RIC,14.0,14.0,AlphaTauri,Finished,0.0,False
2023,Las Vegas Grand Prix,RUS,2,50,2,RUS,3.0,8.0,Mercedes,Finished,-5.0,False
2023,Las Vegas Grand Prix,SAI,2,50,2,SAI,12.0,6.0,Ferrari,Finished,6.0,True
2023,Las Vegas Grand Prix,SAR,1,50,1,SAR,6.0,16.0,Williams,Finished,-10.0,False
2023,Las Vegas Grand Prix,STR,2,50,2,STR,19.0,5.0,Aston Martin,Finished,14.0,True
2023,Las Vegas Grand Prix,TSU,2,47,2,TSU,20.0,18.0,AlphaTauri,Retired,2.0,True
2023,Las Vegas Grand Prix,VER,2,50,2,VER,2.0,1.0,Red Bull Racing,Finished,1.0,True
2023,Las Vegas Grand Prix,ZHO,1,50,1,ZHO,17.0,15.0,Alfa Romeo,Finished,2.0,True
2023,Mexico City Grand Prix,ALB,2,71,2,ALB,14.0,9.0,Williams,Finished,5.0,True
2023,Mexico City Grand Prix,ALO,3,47,3,ALO,13.0,18.0,Aston Martin,Withdrew,-5.0,False
2023,Mexico City Grand Prix,BOT,2,71,2,BOT,9.0,15.0,Alfa Romeo,Finished,-6.0,False
2023,Mexico City Grand Prix,GAS,2,71,2,GAS,11.0,11.0,Alpine,Finished,0.0,False
2023,Mexico City Grand Prix,HAM,2,71,2,HAM,6.0,2.0,Mercedes,Finished,4.0,True
2023,Mexico City Grand Prix,HUL,2,71,2,HUL,12.0,13.0,Haas F1 Team,Finished,-1.0,False
2023,Mexico City Grand Prix,LEC,2,71,2,LEC,1.0,3.0,Ferrari,Finished,-2.0,False
2023,Mexico City Grand Prix,MAG,1,32,1,MAG,16.0,19.0,Haas F1 Team,Accident,-3.0,False
2023,Mexico City Grand Prix,NOR,3,71,3,NOR,17.0,5.0,McLaren,Finished,12.0,True
2023,Mexico City Grand Prix,OCO,1,71,1,OCO,15.0,10.0,Alpine,Finished,5.0,True
2023,Mexico City Grand Prix,PER,1,1,1,PER,5.0,20.0,Red Bull Racing,Collision damage,-15.0,False
2023,Mexico City Grand Prix,PIA,2,71,2,PIA,7.0,8.0,McLaren,Finished,-1.0,False
2023,Mexico City Grand Prix,RIC,2,71,2,RIC,4.0,7.0,AlphaTauri,Finished,-3.0,False
2023,Mexico City Grand Prix,RUS,2,71,2,RUS,8.0,6.0,Mercedes,Finished,2.0,True
2023,Mexico City Grand Prix,SAI,2,71,2,SAI,2.0,4.0,Ferrari,Finished,-2.0,False
2023,Mexico City Grand Prix,SAR,3,71,3,SAR,19.0,16.0,Williams,Retired,3.0,True
2023,Mexico City Grand Prix,TSU,2,71,2,TSU,18.0,12.0,AlphaTauri,Finished,6.0,True
2023,Mexico City Grand Prix,VER,3,71,3,VER,3.0,1.0,Red Bull Racing,Finished,2.0,True
2023,Mexico City Grand Prix,ZHO,2,71,2,ZHO,10.0,14.0,Alfa Romeo,Finished,-4.0,False
2023,Miami Grand Prix,ALB,1,57,1,ALB,11.0,14.0,Williams,Finished,-3.0,False
2023,Miami Grand Prix,ALO,1,57,1,ALO,2.0,3.0,Aston Martin,Finished,-1.0,False
2023,Miami Grand Prix,BOT,1,57,1,BOT,10.0,13.0,Alfa Romeo,Finished,-3.0,False
2023,Miami Grand Prix,DEV,1,57,1,DEV,15.0,18.0,AlphaTauri,Finished,-3.0,False
2023,Miami Grand Prix,GAS,1,57,1,GAS,5.0,8.0,Alpine,Finished,-3.0,False
2023,Miami Grand Prix,HAM,1,57,1,HAM,13.0,6.0,Mercedes,Finished,7.0,True
2023,Miami Grand Prix,HUL,1,57,1,HUL,12.0,15.0,Haas F1 Team,Finished,-3.0,False
2023,Miami Grand Prix,LEC,1,57,1,LEC,7.0,7.0,Ferrari,Finished,0.0,False
2023,Miami Grand Prix,MAG,1,57,1,MAG,4.0,10.0,Haas F1 Team,Finished,-6.0,False
2023,Miami Grand Prix,NOR,1,57,1,NOR,16.0,17.0,McLaren,Finished,-1.0,False
2023,Miami Grand Prix,OCO,1,57,1,OCO,8.0,9.0,Alpine,Finished,-1.0,False
2023,Miami Grand Prix,PER,1,57,1,PER,1.0,2.0,Red Bull Racing,Finished,-1.0,False
2023,Miami Grand Prix,PIA,1,56,1,PIA,19.0,19.0,McLaren,Lapped,0.0,False
2023,Miami Grand Prix,RUS,1,57,1,RUS,6.0,4.0,Mercedes,Finished,2.0,True
2023,Miami Grand Prix,SAI,1,57,1,SAI,3.0,5.0,Ferrari,Finished,-2.0,False
2023,Miami Grand Prix,SAR,1,56,1,SAR,20.0,20.0,Williams,Lapped,0.0,False
2023,Miami Grand Prix,STR,1,57,1,STR,18.0,12.0,Aston Martin,Finished,6.0,True
2023,Miami Grand Prix,TSU,1,57,1,TSU,17.0,11.0,AlphaTauri,Finished,6.0,True
2023,Miami Grand Prix,VER,1,57,1,VER,9.0,1.0,Red Bull Racing,Finished,8.0,True
2023,Miami Grand Prix,ZHO,1,57,1,ZHO,14.0,16.0,Alfa Romeo,Finished,-2.0,False
2023,Monaco Grand Prix,ALB,2,77,2,ALB,13.0,14.0,Williams,Lapped,-1.0,False
2023,Monaco Grand Prix,ALO,2,78,2,ALO,2.0,2.0,Aston Martin,Finished,0.0,False
2023,Monaco Grand Prix,BOT,1,77,1,BOT,15.0,11.0,Alfa Romeo,Lapped,4.0,True
2023,Monaco Grand Prix,DEV,1,77,1,DEV,12.0,12.0,AlphaTauri,Lapped,0.0,False
2023,Monaco Grand Prix,GAS,2,78,2,GAS,7.0,7.0,Alpine,Finished,0.0,False
2023,Monaco Grand Prix,HAM,2,78,2,HAM,5.0,4.0,Mercedes,Finished,1.0,True
2023,Monaco Grand Prix,HUL,3,76,3,HUL,18.0,17.0,Haas F1 Team,Lapped,1.0,True
2023,Monaco Grand Prix,LEC,2,78,2,LEC,6.0,6.0,Ferrari,Finished,0.0,False
2023,Monaco Grand Prix,MAG,2,71,2,MAG,17.0,19.0,Haas F1 Team,Retired,-2.0,False
2023,Monaco Grand Prix,NOR,2,77,2,NOR,10.0,9.0,McLaren,Lapped,1.0,True
2023,Monaco Grand Prix,OCO,2,78,2,OCO,3.0,3.0,Alpine,Finished,0.0,False
2023,Monaco Grand Prix,PER,5,76,4+,PER,20.0,16.0,Red Bull Racing,Lapped,4.0,True
2023,Monaco Grand Prix,PIA,1,77,1,PIA,11.0,10.0,McLaren,Lapped,1.0,True
2023,Monaco Grand Prix,RUS,1,78,1,RUS,8.0,5.0,Mercedes,Finished,3.0,True
2023,Monaco Grand Prix,SAI,2,78,2,SAI,4.0,8.0,Ferrari,Finished,-4.0,False
2023,Monaco Grand Prix,SAR,3,76,3,SAR,16.0,18.0,Williams,Lapped,-2.0,False
2023,Monaco Grand Prix,STR,1,54,1,STR,14.0,20.0,Aston Martin,Retired,-6.0,False
2023,Monaco Grand Prix,TSU,1,76,1,TSU,9.0,15.0,AlphaTauri,Lapped,-6.0,False
2023,Monaco Grand Prix,VER,1,78,1,VER,1.0,1.0,Red Bull Racing,Finished,0.0,False
2023,Monaco Grand Prix,ZHO,2,77,2,ZHO,19.0,13.0,Alfa Romeo,Lapped,6.0,True
2023,Qatar Grand Prix,ALB,3,57,3,ALB,13.0,13.0,Williams,Finished,0.0,False
2023,Qatar Grand Prix,ALO,3,57,3,ALO,4.0,6.0,Aston Martin,Finished,-2.0,False
2023,Qatar Grand Prix,BOT,3,57,3,BOT,9.0,8.0,Alfa Romeo,Finished,1.0,True
2023,Qatar Grand Prix,GAS,3,57,3,GAS,7.0,12.0,Alpine,Finished,-5.0,False
2023,Qatar Grand Prix,HAM,0,1,0,HAM,3.0,19.0,Mercedes,Retired,-16.0,False
2023,Qatar Grand Prix,HUL,3,56,3,HUL,14.0,16.0,Haas F1 Team,Lapped,-2.0,False
2023,Qatar Grand Prix,LAW,3,56,3,LAW,17.0,17.0,AlphaTauri,Lapped,0.0,False
2023,Qatar Grand Prix,LEC,3,57,3,LEC,5.0,5.0,Ferrari,Finished,0.0,False
2023,Qatar Grand Prix,MAG,3,56,3,MAG,18.0,14.0,Haas F1 Team,Lapped,4.0,True
2023,Qatar Grand Prix,NOR,3,57,3,NOR,10.0,3.0,McLaren,Finished,7.0,True
2023,Qatar Grand Prix,OCO,3,57,3,OCO,8.0,7.0,Alpine,Finished,1.0,True
2023,Qatar Grand Prix,PER,3,57,3,PER,20.0,10.0,Red Bull Racing,Finished,10.0,True
2023,Qatar Grand Prix,PIA,3,57,3,PIA,6.0,2.0,McLaren,Finished,4.0,True
2023,Qatar Grand Prix,RUS,4,57,4+,RUS,2.0,4.0,Mercedes,Finished,-2.0,False
2023,Qatar Grand Prix,SAR,3,40,3,SAR,15.0,18.0,Williams,Retired,-3.0,False
2023,Qatar Grand Prix,STR,3,57,3,STR,16.0,11.0,Aston Martin,Finished,5.0,True
2023,Qatar Grand Prix,TSU,3,56,3,TSU,11.0,15.0,AlphaTauri,Lapped,-4.0,False
2023,Qatar Grand Prix,VER,3,57,3,VER,1.0,1.0,Red Bull Racing,Finished,0.0,False
2023,Qatar Grand Prix,ZHO,3,57,3,ZHO,19.0,9.0,Alfa Romeo,Finished,10.0,True
2023,Saudi Arabian Grand Prix,ALB,2,27,2,ALB,17.0,19.0,Williams,Retired,-2.0,False
2023,Saudi Arabian Grand Prix,ALO,1,50,1,ALO,2.0,3.0,Aston Martin,Finished,-1.0,False
2023,Saudi Arabian Grand Prix,BOT,3,49,3,BOT,14.0,18.0,Alfa Romeo,Lapped,-4.0,False
2023,Saudi Arabian Grand Prix,DEV,1,50,1,DEV,18.0,14.0,AlphaTauri,Finished,4.0,True
2023,Saudi Arabian Grand Prix,GAS,1,50,1,GAS,9.0,9.0,Alpine,Finished,0.0,False
2023,Saudi Arabian Grand Prix,HAM,1,50,1,HAM,7.0,5.0,Mercedes,Finished,2.0,True
2023,Saudi Arabian Grand Prix,HUL,1,50,1,HUL,10.0,12.0,Haas F1 Team,Finished,-2.0,False
2023,Saudi Arabian Grand Prix,LEC,1,50,1,LEC,12.0,7.0,Ferrari,Finished,5.0,True
2023,Saudi Arabian Grand Prix,MAG,1,50,1,MAG,13.0,10.0,Haas F1 Team,Finished,3.0,True
2023,Saudi Arabian Grand Prix,NOR,2,50,2,NOR,19.0,17.0,McLaren,Finished,2.0,True
2023,Saudi Arabian Grand Prix,OCO,1,50,1,OCO,6.0,8.0,Alpine,Finished,-2.0,False
2023,Saudi Arabian Grand Prix,PER,1,50,1,PER,1.0,1.0,Red Bull Racing,Finished,0.0,False
2023,Saudi Arabian Grand Prix,PIA,1,50,1,PIA,8.0,15.0,McLaren,Finished,-7.0,False
2023,Saudi Arabian Grand Prix,RUS,1,50,1,RUS,3.0,4.0,Mercedes,Finished,-1.0,False
2023,Saudi Arabian Grand Prix,SAI,1,50,1,SAI,4.0,6.0,Ferrari,Finished,-2.0,False
2023,Saudi Arabian Grand Prix,SAR,1,50,1,SAR,20.0,16.0,Williams,Finished,4.0,True
2023,Saudi Arabian Grand Prix,STR,1,17,1,STR,5.0,20.0,Aston Martin,Retired,-15.0,False
2023,Saudi Arabian Grand Prix,TSU,1,50,1,TSU,16.0,11.0,AlphaTauri,Finished,5.0,True
2023,Saudi Arabian Grand Prix,VER,1,50,1,VER,15.0,2.0,Red Bull Racing,Finished,13.0,True
2023,Saudi Arabian Grand Prix,ZHO,2,50,2,ZHO,11.0,13.0,Alfa Romeo,Finished,-2.0,False
2023,São Paulo Grand Prix,ALB,0,1,0,ALB,13.0,19.0,Williams,Retired,-6.0,False
2023,São Paulo Grand Prix,ALO,4,71,4+,ALO,4.0,3.0,Aston Martin,Finished,1.0,True
2023,São Paulo Grand Prix,BOT,4,39,4+,BOT,18.0,16.0,Alfa Romeo,Retired,2.0,True
2023,São Paulo Grand Prix,GAS,4,71,4+,GAS,15.0,7.0,Alpine,Finished,8.0,True
2023,São Paulo Grand Prix,HAM,4,71,4+,HAM,5.0,8.0,Mercedes,Finished,-3.0,False
2023,São Paulo Grand Prix,HUL,4,70,4+,HUL,11.0,12.0,Haas F1 Team,Lapped,-1.0,False
2023,São Paulo Grand Prix,MAG,0,1,0,MAG,12.0,18.0,Haas F1 Team,Retired,-6.0,False
2023,São Paulo Grand Prix,NOR,4,71,4+,NOR,6.0,2.0,McLaren,Finished,4.0,True
2023,São Paulo Grand Prix,OCO,5,70,4+,OCO,14.0,10.0,Alpine,Lapped,4.0,True
2023,São Paulo Grand Prix,PER,4,71,4+,PER,9.0,4.0,Red Bull Racing,Finished,5.0,True
2023,São Paulo Grand Prix,PIA,4,69,4+,PIA,10.0,14.0,McLaren,Lapped,-4.0,False
2023,São Paulo Grand Prix,RIC,4,70,4+,RIC,17.0,13.0,AlphaTauri,Lapped,4.0,True
2023,São Paulo Grand Prix,RUS,5,57,4+,RUS,8.0,15.0,Mercedes,Retired,-7.0,False
2023,São Paulo Grand Prix,SAI,4,71,4+,SAI,7.0,6.0,Ferrari,Finished,1.0,True
2023,São Paulo Grand Prix,SAR,4,70,4+,SAR,19.0,11.0,Williams,Lapped,8.0,True
2023,São Paulo Grand Prix,STR,4,71,4+,STR,3.0,5.0,Aston Martin,Finished,-2.0,False
2023,São Paulo Grand Prix,TSU,4,71,4+,TSU,16.0,9.0,AlphaTauri,Finished,7.0,True
2023,São Paulo Grand Prix,VER,4,71,4+,VER,1.0,1.0,Red Bull Racing,Finished,0.0,False
2023,São Paulo Grand Prix,ZHO,4,22,4+,ZHO,20.0,17.0,Alfa Romeo,Retired,3.0,True
2023,Singapore Grand Prix,ALB,2,62,2,ALB,14.0,11.0,Williams,Finished,3.0,True
2023,Singapore Grand Prix,ALO,2,62,2,ALO,7.0,15.0,Aston Martin,Finished,-8.0,False
2023,Singapore Grand Prix,BOT,1,52,1,BOT,16.0,17.0,Alfa Romeo,Retired,-1.0,False
2023,Singapore Grand Prix,GAS,1,62,1,GAS,12.0,6.0,Alpine,Finished,6.0,True
2023,Singapore Grand Prix,HAM,2,62,2,HAM,5.0,3.0,Mercedes,Finished,2.0,True
2023,Singapore Grand Prix,HUL,1,62,1,HUL,9.0,13.0,Haas F1 Team,Finished,-4.0,False
2023,Singapore Grand Prix,LAW,1,62,1,LAW,10.0,9.0,AlphaTauri,Finished,1.0,True
2023,Singapore Grand Prix,LEC,1,62,1,LEC,3.0,4.0,Ferrari,Finished,-1.0,False
2023,Singapore Grand Prix,MAG,2,62,2,MAG,6.0,10.0,Haas F1 Team,Finished,-4.0,False
2023,Singapore Grand Prix,NOR,1,62,1,NOR,4.0,2.0,McLaren,Finished,2.0,True
2023,Singapore Grand Prix,OCO,1,43,1,OCO,8.0,18.0,Alpine,Retired,-10.0,False
2023,Singapore Grand Prix,PER,1,62,1,PER,13.0,8.0,Red Bull Racing,Finished,5.0,True
2023,Singapore Grand Prix,PIA,1,62,1,PIA,17.0,7.0,McLaren,Finished,10.0,True
2023,Singapore Grand Prix,RUS,2,62,2,RUS,2.0,16.0,Mercedes,Retired,-14.0,False
2023,Singapore Grand Prix,SAI,1,62,1,SAI,1.0,1.0,Ferrari,Finished,0.0,False
2023,Singapore Grand Prix,SAR,2,62,2,SAR,18.0,14.0,Williams,Finished,4.0,True
2023,Singapore Grand Prix,TSU,0,1,0,TSU,15.0,19.0,AlphaTauri,Retired,-4.0,False
2023,Singapore Grand Prix,VER,1,62,1,VER,11.0,5.0,Red Bull Racing,Finished,6.0,True
2023,Singapore Grand Prix,ZHO,2,62,2,ZHO,19.0,12.0,Alfa Romeo,Finished,7.0,True
2023,Spanish Grand Prix,ALB,2,65,2,ALB,18.0,16.0,Williams,Lapped,2.0,True
2023,Spanish Grand Prix,ALO,2,66,2,ALO,8.0,7.0,Aston Martin,Finished,1.0,True
2023,Spanish Grand Prix,BOT,2,65,2,BOT,16.0,19.0,Alfa Romeo,Lapped,-3.0,False
2023,Spanish Grand Prix,DEV,2,65,2,DEV,14.0,14.0,AlphaTauri,Lapped,0.0,False
2023,Spanish Grand Prix,GAS,2,66,2,GAS,10.0,10.0,Alpine,Finished,0.0,False
2023,Spanish Grand Prix,HAM,2,66,2,HAM,4.0,2.0,Mercedes,Finished,2.0,True
2023,Spanish Grand Prix,HUL,3,65,3,HUL,7.0,15.0,Haas F1 Team,Lapped,-8.0,False
2023,Spanish Grand Prix,LEC,2,66,2,LEC,19.0,11.0,Ferrari,Finished,8.0,True
2023,Spanish Grand Prix,MAG,3,65,3,MAG,17.0,18.0,Haas F1 Team,Lapped,-1.0,False
2023,Spanish Grand Prix,NOR,3,65,3,NOR,3.0,17.0,McLaren,Lapped,-14.0,False
2023,Spanish Grand Prix,OCO,2,66,2,OCO,6.0,8.0,Alpine,Finished,-2.0,False
2023,Spanish Grand Prix,PER,2,66,2,PER,11.0,4.0,Red Bull Racing,Finished,7.0,True
2023,Spanish Grand Prix,PIA,2,65,2,PIA,9.0,13.0,McLaren,Lapped,-4.0,False
2023,Spanish Grand Prix,RUS,2,66,2,RUS,12.0,3.0,Mercedes,Finished,9.0,True
2023,Spanish Grand Prix,SAI,2,66,2,SAI,2.0,5.0,Ferrari,Finished,-3.0,False
2023,Spanish Grand Prix,SAR,2,65,2,SAR,20.0,20.0,Williams,Lapped,0.0,False
2023,Spanish Grand Prix,STR,2,66,2,STR,5.0,6.0,Aston Martin,Finished,-1.0,False
2023,Spanish Grand Prix,TSU,2,66,2,TSU,15.0,12.0,AlphaTauri,Finished,3.0,True
2023,Spanish Grand Prix,VER,2,66,2,VER,1.0,1.0,Red Bull Racing,Finished,0.0,False
2023,Spanish Grand Prix,ZHO,2,66,2,ZHO,13.0,9.0,Alfa Romeo,Finished,4.0,True
2023,United States Grand Prix,ALB,2,56,2,ALB,15.0,9.0,Williams,Finished,6.0,True
2023,United States Grand Prix,ALO,3,49,3,ALO,19.0,16.0,Aston Martin,Retired,3.0,True
2023,United States Grand Prix,BOT,2,56,2,BOT,13.0,12.0,Alfa Romeo,Finished,1.0,True
2023,United States Grand Prix,GAS,2,56,2,GAS,7.0,6.0,Alpine,Finished,1.0,True
2023,United States Grand Prix,HAM,2,56,2,HAM,3.0,19.0,Mercedes,Disqualified,-16.0,False
2023,United States Grand Prix,HUL,2,56,2,HUL,18.0,11.0,Haas F1 Team,Finished,7.0,True
2023,United States Grand Prix,LEC,1,56,1,LEC,1.0,20.0,Ferrari,Disqualified,-19.0,False
2023,United States Grand Prix,MAG,2,55,2,MAG,17.0,14.0,Haas F1 Team,Lapped,3.0,True
2023,United States Grand Prix,NOR,2,56,2,NOR,2.0,2.0,McLaren,Finished,0.0,False
2023,United States Grand Prix,OCO,1,6,1,OCO,8.0,18.0,Alpine,Retired,-10.0,False
2023,United States Grand Prix,PER,2,56,2,PER,9.0,4.0,Red Bull Racing,Finished,5.0,True
2023,United States Grand Prix,PIA,1,10,1,PIA,10.0,17.0,McLaren,Retired,-7.0,False
2023,United States Grand Prix,RIC,2,55,2,RIC,14.0,15.0,AlphaTauri,Lapped,-1.0,False
2023,United States Grand Prix,RUS,2,56,2,RUS,5.0,5.0,Mercedes,Finished,0.0,False
2023,United States Grand Prix,SAI,2,56,2,SAI,4.0,3.0,Ferrari,Finished,1.0,True
2023,United States Grand Prix,SAR,2,56,2,SAR,16.0,10.0,Williams,Finished,6.0,True
2023,United States Grand Prix,STR,2,56,2,STR,20.0,7.0,Aston Martin,Finished,13.0,True
2023,United States Grand Prix,TSU,3,56,3,TSU,11.0,8.0,AlphaTauri,Finished,3.0,True
2023,United States Grand Prix,VER,2,56,2,VER,6.0,1.0,Red Bull Racing,Finished,5.0,True
2023,United States Grand Prix,ZHO,2,55,2,ZHO,12.0,13.0,Alfa Romeo,Lapped,-1.0,False
2024,Abu Dhabi Grand Prix,ALB,1,57,1,ALB,18.0,11.0,Williams,Lapped,7.0,True
2024,Abu Dhabi Grand Prix,ALO,2,58,2,ALO,8.0,9.0,Aston Martin,Finished,-1.0,False
2024,Abu Dhabi Grand Prix,BOT,2,30,2,BOT,9.0,18.0,Kick Sauber,Retired,-9.0,False
2024,Abu Dhabi Grand Prix,COL,2,26,2,COL,20.0,19.0,Williams,Retired,1.0,True
2024,Abu Dhabi Grand Prix,DOO,1,57,1,DOO,17.0,15.0,Alpine,Lapped,2.0,True
2024,Abu Dhabi Grand Prix,GAS,1,58,1,GAS,5.0,7.0,Alpine,Finished,-2.0,False
2024,Abu Dhabi Grand Prix,HAM,1,58,1,HAM,16.0,4.0,Mercedes,Finished,12.0,True
2024,Abu Dhabi Grand Prix,HUL,1,58,1,HUL,7.0,8.0,Haas F1 Team,Finished,-1.0,False
2024,Abu Dhabi Grand Prix,LAW,3,56,3,LAW,12.0,17.0,RB,Retired,-5.0,False
2024,Abu Dhabi Grand Prix,LEC,1,58,1,LEC,19.0,3.0,Ferrari,Finished,16.0,True
2024,Abu Dhabi Grand Prix,MAG,4,57,4+,MAG,14.0,16.0,Haas F1 Team,Lapped,-2.0,False
2024,Abu Dhabi Grand Prix,NOR,1,58,1,NOR,1.0,1.0,McLaren,Finished,0.0,False
2024,Abu Dhabi Grand Prix,PER,0,1,0,PER,10.0,20.0,Red Bull Racing,Retired,-10.0,False
2024,Abu Dhabi Grand Prix,PIA,2,58,2,PIA,2.0,10.0,McLaren,Finished,-8.0,False
2024,Abu Dhabi Grand Prix,RUS,1,58,1,RUS,6.0,5.0,Mercedes,Finished,1.0,True
2024,Abu Dhabi Grand Prix,SAI,1,58,1,SAI,3.0,2.0,Ferrari,Finished,1.0,True
2024,Abu Dhabi Grand Prix,STR,2,57,2,STR,13.0,14.0,Aston Martin,Lapped,-1.0,False
2024,Abu Dhabi Grand Prix,TSU,1,57,1,TSU,11.0,12.0,RB,Lapped,-1.0,False
2024,Abu Dhabi Grand Prix,VER,1,58,1,VER,4.0,6.0,Red Bull Racing,Finished,-2.0,False
2024,Abu Dhabi Grand Prix,ZHO,2,57,2,ZHO,15.0,13.0,Kick Sauber,Lapped,2.0,True
2024,Australian Grand Prix,ALB,2,57,2,ALB,12.0,11.0,Williams,Lapped,1.0,True
2024,Australian Grand Prix,ALO,2,58,2,ALO,10.0,8.0,Aston Martin,Finished,2.0,True
2024,Australian Grand Prix,BOT,2,57,2,BOT,13.0,14.0,Kick Sauber,Lapped,-1.0,False
2024,Australian Grand Prix,GAS,2,57,2,GAS,17.0,13.0,Alpine,Lapped,4.0,True
2024,Australian Grand Prix,HAM,1,16,1,HAM,11.0,18.0,Mercedes,Retired,-7.0,False
2024,Australian Grand Prix,HUL,2,58,2,HUL,16.0,9.0,Haas F1 Team,Finished,7.0,True
2024,Australian Grand Prix,LEC,2,58,2,LEC,4.0,2.0,Ferrari,Finished,2.0,True
2024,Australian Grand Prix,MAG,2,57,2,MAG,14.0,10.0,Haas F1 Team,Lapped,4.0,True
2024,Australian Grand Prix,NOR,2,58,2,NOR,3.0,3.0,McLaren,Finished,0.0,False
2024,Australian Grand Prix,OCO,3,57,3,OCO,15.0,16.0,Alpine,Lapped,-1.0,False
2024,Australian Grand Prix,PER,2,58,2,PER,6.0,5.0,Red Bull Racing,Finished,1.0,True
2024,Australian Grand Prix,PIA,2,58,2,PIA,5.0,4.0,McLaren,Finished,1.0,True
2024,Australian Grand Prix,RIC,2,57,2,RIC,18.0,12.0,RB,Lapped,6.0,True
2024,Australian Grand Prix,RUS,2,57,2,RUS,7.0,17.0,Mercedes,Retired,-10.0,False
2024,Australian Grand Prix,SAI,2,58,2,SAI,2.0,1.0,Ferrari,Finished,1.0,True
2024,Australian Grand Prix,STR,2,58,2,STR,9.0,6.0,Aston Martin,Finished,3.0,True
2024,Australian Grand Prix,TSU,2,58,2,TSU,8.0,7.0,RB,Finished,1.0,True
2024,Australian Grand Prix,VER,1,4,1,VER,1.0,19.0,Red Bull Racing,Retired,-18.0,False
2024,Australian Grand Prix,ZHO,2,57,2,ZHO,19.0,15.0,Kick Sauber,Lapped,4.0,True
2024,Austrian Grand Prix,ALB,2,70,2,ALB,16.0,15.0,Williams,Lapped,1.0,True
2024,Austrian Grand Prix,ALO,3,70,3,ALO,15.0,18.0,Aston Martin,Lapped,-3.0,False
2024,Austrian Grand Prix,BOT,2,70,2,BOT,18.0,16.0,Kick Sauber,Lapped,2.0,True
2024,Austrian Grand Prix,GAS,2,71,2,GAS,13.0,10.0,Alpine,Finished,3.0,True
2024,Austrian Grand Prix,HAM,2,71,2,HAM,5.0,4.0,Mercedes,Finished,1.0,True
2024,Austrian Grand Prix,HUL,2,71,2,HUL,9.0,6.0,Haas F1 Team,Finished,3.0,True
2024,Austrian Grand Prix,LEC,4,71,4+,LEC,6.0,11.0,Ferrari,Finished,-5.0,False
2024,Austrian Grand Prix,MAG,2,71,2,MAG,12.0,8.0,Haas F1 Team,Finished,4.0,True
2024,Austrian Grand Prix,NOR,3,64,3,NOR,2.0,20.0,McLaren,Lapped,-18.0,False
2024,Austrian Grand Prix,OCO,2,71,2,OCO,10.0,12.0,Alpine,Finished,-2.0,False
2024,Austrian Grand Prix,PER,2,71,2,PER,8.0,7.0,Red Bull Racing,Finished,1.0,True
2024,Austrian Grand Prix,PIA,2,71,2,PIA,7.0,2.0,McLaren,Finished,5.0,True
2024,Austrian Grand Prix,RIC,2,71,2,RIC,11.0,9.0,RB,Finished,2.0,True
2024,Austrian Grand Prix,RUS,2,71,2,RUS,3.0,1.0,Mercedes,Finished,2.0,True
2024,Austrian Grand Prix,SAI,2,71,2,SAI,4.0,3.0,Ferrari,Finished,1.0,True
2024,Austrian Grand Prix,SAR,3,69,3,SAR,19.0,19.0,Williams,Lapped,0.0,False
2024,Austrian Grand Prix,STR,2,70,2,STR,17.0,13.0,Aston Martin,Lapped,4.0,True
2024,Austrian Grand Prix,TSU,2,70,2,TSU,14.0,14.0,RB,Lapped,0.0,False
2024,Austrian Grand Prix,VER,3,71,3,VER,1.0,5.0,Red Bull Racing,Finished,-4.0,False
2024,Austrian Grand Prix,ZHO,2,70,2,ZHO,20.0,17.0,Kick Sauber,Lapped,3.0,True
2024,Azerbaijan Grand Prix,ALB,1,51,1,ALB,9.0,7.0,Williams,Finished,2.0,True
2024,Azerbaijan Grand Prix,ALO,1,51,1,ALO,7.0,6.0,Aston Martin,Finished,1.0,True
2024,Azerbaijan Grand Prix,BEA,1,51,1,BEA,10.0,10.0,Haas F1 Team,Finished,0.0,False
2024,Azerbaijan Grand Prix,BOT,1,50,1,BOT,16.0,16.0,Kick Sauber,Lapped,0.0,False
2024,Azerbaijan Grand Prix,COL,1,51,1,COL,8.0,8.0,Williams,Finished,0.0,False
2024,Azerbaijan Grand Prix,GAS,1,51,1,GAS,18.0,12.0,Alpine,Finished,6.0,True
2024,Azerbaijan Grand Prix,HAM,1,51,1,HAM,19.0,9.0,Mercedes,Finished,10.0,True
2024,Azerbaijan Grand Prix,HUL,1,51,1,HUL,12.0,11.0,Haas F1 Team,Finished,1.0,True
2024,Azerbaijan Grand Prix,LEC,1,51,1,LEC,1.0,2.0,Ferrari,Finished,-1.0,False
2024,Azerbaijan Grand Prix,NOR,1,51,1,NOR,15.0,4.0,McLaren,Finished,11.0,True
2024,Azerbaijan Grand Prix,OCO,1,50,1,OCO,20.0,15.0,Alpine,Lapped,5.0,True
2024,Azerbaijan Grand Prix,PER,1,50,1,PER,4.0,17.0,Red Bull Racing,Retired,-13.0,False
2024,Azerbaijan Grand Prix,PIA,1,51,1,PIA,2.0,1.0,McLaren,Finished,1.0,True
2024,Azerbaijan Grand Prix,RIC,1,51,1,RIC,14.0,13.0,RB,Finished,1.0,True
2024,Azerbaijan Grand Prix,RUS,1,51,1,RUS,5.0,3.0,Mercedes,Finished,2.0,True
2024,Azerbaijan Grand Prix,SAI,1,50,1,SAI,3.0,18.0,Ferrari,Retired,-15.0,False
2024,Azerbaijan Grand Prix,STR,3,45,3,STR,13.0,19.0,Aston Martin,Retired,-6.0,False
2024,Azerbaijan Grand Prix,TSU,2,14,2,TSU,11.0,20.0,RB,Retired,-9.0,False
2024,Azerbaijan Grand Prix,VER,2,51,2,VER,6.0,5.0,Red Bull Racing,Finished,1.0,True
2024,Azerbaijan Grand Prix,ZHO,1,51,1,ZHO,17.0,14.0,Kick Sauber,Finished,3.0,True
2024,Bahrain Grand Prix,ALB,2,56,2,ALB,13.0,15.0,Williams,Lapped,-2.0,False
2024,Bahrain Grand Prix,ALO,2,57,2,ALO,6.0,9.0,Aston Martin,Finished,-3.0,False
2024,Bahrain Grand Prix,BOT,2,56,2,BOT,16.0,19.0,Kick Sauber,Lapped,-3.0,False
2024,Bahrain Grand Prix,GAS,3,56,3,GAS,20.0,18.0,Alpine,Lapped,2.0,True
2024,Bahrain Grand Prix,HAM,2,57,2,HAM,9.0,7.0,Mercedes,Finished,2.0,True
2024,Bahrain Grand Prix,HUL,3,56,3,HUL,10.0,16.0,Haas F1 Team,Lapped,-6.0,False
2024,Bahrain Grand Prix,LEC,2,57,2,LEC,2.0,4.0,Ferrari,Finished,-2.0,False
2024,Bahrain Grand Prix,MAG,2,56,2,MAG,15.0,12.0,Haas F1 Team,Lapped,3.0,True
2024,Bahrain Grand Prix,NOR,2,57,2,NOR,7.0,6.0,McLaren,Finished,1.0,True
2024,Bahrain Grand Prix,OCO,2,56,2,OCO,19.0,17.0,Alpine,Lapped,2.0,True
2024,Bahrain Grand Prix,PER,2,57,2,PER,5.0,2.0,Red Bull Racing,Finished,3.0,True
2024,Bahrain Grand Prix,PIA,2,57,2,PIA,8.0,8.0,McLaren,Finished,0.0,False
2024,Bahrain Grand Prix,RIC,2,56,2,RIC,14.0,13.0,RB,Lapped,1.0,True
2024,Bahrain Grand Prix,RUS,2,57,2,RUS,3.0,5.0,Mercedes,Finished,-2.0,False
2024,Bahrain Grand Prix,SAI,2,57,2,SAI,4.0,3.0,Ferrari,Finished,1.0,True
2024,Bahrain Grand Prix,SAR,3,55,3,SAR,18.0,20.0,Williams,Lapped,-2.0,False
2024,Bahrain Grand Prix,STR,2,57,2,STR,12.0,10.0,Aston Martin,Finished,2.0,True
2024,Bahrain Grand Prix,TSU,2,56,2,TSU,11.0,14.0,RB,Lapped,-3.0,False
2024,Bahrain Grand Prix,VER,2,57,2,VER,1.0,1.0,Red Bull Racing,Finished,0.0,False
2024,Bahrain Grand Prix,ZHO,2,56,2,ZHO,17.0,11.0,Kick Sauber,Lapped,6.0,True
2024,Belgian Grand Prix,ALB,2,44,2,ALB,10.0,12.0,Williams,Finished,-2.0,False
2024,Belgian Grand Prix,ALO,1,44,1,ALO,8.0,8.0,Aston Martin,Finished,0.0,False
2024,Belgian Grand Prix,BOT,2,44,2,BOT,14.0,15.0,Kick Sauber,Finished,-1.0,False
2024,Belgian Grand Prix,GAS,2,44,2,GAS,12.0,13.0,Alpine,Finished,-1.0,False
2024,Belgian Grand Prix,HAM,2,44,2,HAM,3.0,1.0,Mercedes,Finished,2.0,True
2024,Belgian Grand Prix,HUL,2,44,2,HUL,16.0,18.0,Haas F1 Team,Finished,-2.0,False
2024,Belgian Grand Prix,LEC,2,44,2,LEC,1.0,3.0,Ferrari,Finished,-2.0,False
2024,Belgian Grand Prix,MAG,1,44,1,MAG,17.0,14.0,Haas F1 Team,Finished,3.0,True
2024,Belgian Grand Prix,NOR,2,44,2,NOR,4.0,5.0,McLaren,Finished,-1.0,False
2024,Belgian Grand Prix,OCO,2,44,2,OCO,9.0,9.0,Alpine,Finished,0.0,False
2024,Belgian Grand Prix,PER,3,44,3,PER,2.0,7.0,Red Bull Racing,Finished,-5.0,False
2024,Belgian Grand Prix,PIA,2,44,2,PIA,5.0,2.0,McLaren,Finished,3.0,True
2024,Belgian Grand Prix,RIC,2,44,2,RIC,13.0,10.0,RB,Finished,3.0,True
2024,Belgian Grand Prix,RUS,1,44,1,RUS,6.0,20.0,Mercedes,Disqualified,-14.0,False
2024,Belgian Grand Prix,SAI,2,44,2,SAI,7.0,6.0,Ferrari,Finished,1.0,True
2024,Belgian Grand Prix,SAR,2,44,2,SAR,18.0,17.0,Williams,Finished,1.0,True
2024,Belgian Grand Prix,STR,1,44,1,STR,15.0,11.0,Aston Martin,Finished,4.0,True
2024,Belgian Grand Prix,TSU,1,44,1,TSU,20.0,16.0,RB,Finished,4.0,True
2024,Belgian Grand Prix,VER,2,44,2,VER,11.0,4.0,Red Bull Racing,Finished,7.0,True
2024,Belgian Grand Prix,ZHO,1,5,1,ZHO,19.0,19.0,Kick Sauber,Retired,0.0,False
2024,British Grand Prix,ALB,2,52,2,ALB,9.0,9.0,Williams,Finished,0.0,False
2024,British Grand Prix,ALO,2,52,2,ALO,10.0,8.0,Aston Martin,Finished,2.0,True
2024,British Grand Prix,BOT,2,51,2,BOT,16.0,15.0,Kick Sauber,Lapped,1.0,True
2024,British Grand Prix,HAM,2,52,2,HAM,2.0,1.0,Mercedes,Finished,1.0,True
2024,British Grand Prix,HUL,2,52,2,HUL,6.0,6.0,Haas F1 Team,Finished,0.0,False
2024,British Grand Prix,LEC,3,51,3,LEC,11.0,14.0,Ferrari,Lapped,-3.0,False
2024,British Grand Prix,MAG,2,52,2,MAG,17.0,12.0,Haas F1 Team,Finished,5.0,True
2024,British Grand Prix,NOR,2,52,2,NOR,3.0,3.0,McLaren,Finished,0.0,False
2024,British Grand Prix,OCO,4,50,4+,OCO,18.0,16.0,Alpine,Lapped,2.0,True
2024,British Grand Prix,PER,4,50,4+,PER,20.0,17.0,Red Bull Racing,Lapped,3.0,True
2024,British Grand Prix,PIA,2,52,2,PIA,5.0,4.0,McLaren,Finished,1.0,True
2024,British Grand Prix,RIC,2,51,2,RIC,15.0,13.0,RB,Lapped,2.0,True
2024,British Grand Prix,RUS,2,33,2,RUS,1.0,19.0,Mercedes,Retired,-18.0,False
2024,British Grand Prix,SAI,3,52,3,SAI,7.0,5.0,Ferrari,Finished,2.0,True
2024,British Grand Prix,SAR,2,52,2,SAR,12.0,11.0,Williams,Finished,1.0,True
2024,British Grand Prix,STR,2,52,2,STR,8.0,7.0,Aston Martin,Finished,1.0,True
2024,British Grand Prix,TSU,2,52,2,TSU,13.0,10.0,RB,Finished,3.0,True
2024,British Grand Prix,VER,2,52,2,VER,4.0,2.0,Red Bull Racing,Finished,2.0,True
2024,British Grand Prix,ZHO,4,50,4+,ZHO,14.0,18.0,Kick Sauber,Lapped,-4.0,False
2024,Canadian Grand Prix,ALB,2,53,2,ALB,10.0,17.0,Williams,Retired,-7.0,False
2024,Canadian Grand Prix,ALO,2,70,2,ALO,6.0,6.0,Aston Martin,Finished,0.0,False
2024,Canadian Grand Prix,BOT,1,70,1,BOT,19.0,13.0,Kick Sauber,Finished,6.0,True
2024,Canadian Grand Prix,GAS,2,70,2,GAS,15.0,9.0,Alpine,Finished,6.0,True
2024,Canadian Grand Prix,HAM,3,70,3,HAM,7.0,4.0,Mercedes,Finished,3.0,True
2024,Canadian Grand Prix,HUL,3,70,3,HUL,17.0,11.0,Haas F1 Team,Finished,6.0,True
2024,Canadian Grand Prix,LEC,4,41,4+,LEC,11.0,19.0,Ferrari,Retired,-8.0,False
2024,Canadian Grand Prix,MAG,4,70,4+,MAG,14.0,12.0,Haas F1 Team,Finished,2.0,True
2024,Canadian Grand Prix,NOR,2,70,2,NOR,3.0,2.0,McLaren,Finished,1.0,True
2024,Canadian Grand Prix,OCO,1,70,1,OCO,18.0,10.0,Alpine,Finished,8.0,True
2024,Canadian Grand Prix,PER,3,52,3,PER,16.0,18.0,Red Bull Racing,Retired,-2.0,False
2024,Canadian Grand Prix,PIA,2,70,2,PIA,4.0,5.0,McLaren,Finished,-1.0,False
2024,Canadian Grand Prix,RIC,2,70,2,RIC,5.0,8.0,RB,Finished,-3.0,False
2024,Canadian Grand Prix,RUS,3,70,3,RUS,1.0,3.0,Mercedes,Finished,-2.0,False
2024,Canadian Grand Prix,SAI,3,53,3,SAI,12.0,16.0,Ferrari,Retired,-4.0,False
2024,Canadian Grand Prix,SAR,0,24,0,SAR,13.0,20.0,Williams,Retired,-7.0,False
2024,Canadian Grand Prix,STR,2,70,2,STR,9.0,7.0,Aston Martin,Finished,2.0,True
2024,Canadian Grand Prix,TSU,1,70,1,TSU,8.0,14.0,RB,Finished,-6.0,False
2024,Canadian Grand Prix,VER,2,70,2,VER,2.0,1.0,Red Bull Racing,Finished,1.0,True
2024,Canadian Grand Prix,ZHO,3,69,3,ZHO,20.0,15.0,Kick Sauber,Lapped,5.0,True
2024,Chinese Grand Prix,ALB,2,56,2,ALB,14.0,12.0,Williams,Finished,2.0,True
2024,Chinese Grand Prix,ALO,3,56,3,ALO,3.0,7.0,Aston Martin,Finished,-4.0,False
2024,Chinese Grand Prix,BOT,1,20,1,BOT,10.0,20.0,Kick Sauber,Retired,-10.0,False
2024,Chinese Grand Prix,GAS,3,56,3,GAS,15.0,13.0,Alpine,Finished,2.0,True
2024,Chinese Grand Prix,HAM,2,56,2,HAM,18.0,9.0,Mercedes,Finished,9.0,True
2024,Chinese Grand Prix,HUL,2,56,2,HUL,9.0,10.0,Haas F1 Team,Finished,-1.0,False
2024,Chinese Grand Prix,LEC,1,56,1,LEC,6.0,4.0,Ferrari,Finished,2.0,True
2024,Chinese Grand Prix,MAG,2,56,2,MAG,17.0,16.0,Haas F1 Team,Finished,1.0,True
2024,Chinese Grand Prix,NOR,1,56,1,NOR,4.0,2.0,McLaren,Finished,2.0,True
2024,Chinese Grand Prix,OCO,2,56,2,OCO,13.0,11.0,Alpine,Finished,2.0,True
2024,Chinese Grand Prix,PER,2,56,2,PER,2.0,3.0,Red Bull Racing,Finished,-1.0,False
2024,Chinese Grand Prix,PIA,2,56,2,PIA,5.0,8.0,McLaren,Finished,-3.0,False
2024,Chinese Grand Prix,RIC,2,33,2,RIC,12.0,18.0,RB,Retired,-6.0,False
2024,Chinese Grand Prix,RUS,2,56,2,RUS,8.0,6.0,Mercedes,Finished,2.0,True
2024,Chinese Grand Prix,SAI,1,56,1,SAI,7.0,5.0,Ferrari,Finished,2.0,True
2024,Chinese Grand Prix,SAR,2,56,2,SAR,20.0,17.0,Williams,Finished,3.0,True
2024,Chinese Grand Prix,STR,4,56,4+,STR,11.0,15.0,Aston Martin,Finished,-4.0,False
2024,Chinese Grand Prix,TSU,2,27,2,TSU,19.0,19.0,RB,Retired,0.0,False
2024,Chinese Grand Prix,VER,2,56,2,VER,1.0,1.0,Red Bull Racing,Finished,0.0,False
2024,Chinese Grand Prix,ZHO,3,56,3,ZHO,16.0,14.0,Kick Sauber,Finished,2.0,True
2024,Dutch Grand Prix,ALB,2,71,2,ALB,19.0,14.0,Williams,Lapped,5.0,True
2024,Dutch Grand Prix,ALO,1,71,1,ALO,7.0,10.0,Aston Martin,Lapped,-3.0,False
2024,Dutch Grand Prix,BOT,2,70,2,BOT,16.0,19.0,Kick Sauber,Lapped,-3.0,False
2024,Dutch Grand Prix,GAS,1,71,1,GAS,9.0,9.0,Alpine,Lapped,0.0,False
2024,Dutch Grand Prix,HAM,2,72,2,HAM,14.0,8.0,Mercedes,Finished,6.0,True
2024,Dutch Grand Prix,HUL,1,71,1,HUL,12.0,11.0,Haas F1 Team,Lapped,1.0,True
2024,Dutch Grand Prix,LEC,1,72,1,LEC,6.0,3.0,Ferrari,Finished,3.0,True
2024,Dutch Grand Prix,MAG,1,71,1,MAG,20.0,18.0,Haas F1 Team,Lapped,2.0,True
2024,Dutch Grand Prix,NOR,1,72,1,NOR,1.0,1.0,McLaren,Finished,0.0,False
2024,Dutch Grand Prix,OCO,1,71,1,OCO,15.0,15.0,Alpine,Lapped,0.0,False
2024,Dutch Grand Prix,PER,1,72,1,PER,5.0,6.0,Red Bull Racing,Finished,-1.0,False
2024,Dutch Grand Prix,PIA,1,72,1,PIA,3.0,4.0,McLaren,Finished,-1.0,False
2024,Dutch Grand Prix,RIC,1,71,1,RIC,13.0,12.0,RB,Lapped,1.0,True
2024,Dutch Grand Prix,RUS,2,72,2,RUS,4.0,7.0,Mercedes,Finished,-3.0,False
2024,Dutch Grand Prix,SAI,1,72,1,SAI,10.0,5.0,Ferrari,Finished,5.0,True
2024,Dutch Grand Prix,SAR,1,71,1,SAR,18.0,16.0,Williams,Lapped,2.0,True
2024,Dutch Grand Prix,STR,1,71,1,STR,8.0,13.0,Aston Martin,Lapped,-5.0,False
2024,Dutch Grand Prix,TSU,2,71,2,TSU,11.0,17.0,RB,Lapped,-6.0,False
2024,Dutch Grand Prix,VER,1,72,1,VER,2.0,2.0,Red Bull Racing,Finished,0.0,False
2024,Dutch Grand Prix,ZHO,2,70,2,ZHO,17.0,20.0,Kick Sauber,Lapped,-3.0,False
2024,Emilia Romagna Grand Prix,ALB,5,51,4+,ALB,14.0,20.0,Williams,Retired,-6.0,False
2024,Emilia Romagna Grand Prix,ALO,3,62,3,ALO,20.0,19.0,Aston Martin,Lapped,1.0,True
2024,Emilia Romagna Grand Prix,BOT,1,62,1,BOT,16.0,18.0,Kick Sauber,Lapped,-2.0,False
2024,Emilia Romagna Grand Prix,GAS,2,62,2,GAS,15.0,16.0,Alpine,Lapped,-1.0,False
2024,Emilia Romagna Grand Prix,HAM,1,63,1,HAM,8.0,6.0,Mercedes,Finished,2.0,True
2024,Emilia Romagna Grand Prix,HUL,1,62,1,HUL,10.0,11.0,Haas F1 Team,Lapped,-1.0,False
2024,Emilia Romagna Grand Prix,LEC,1,63,1,LEC,3.0,3.0,Ferrari,Finished,0.0,False
2024,Emilia Romagna Grand Prix,MAG,1,62,1,MAG,18.0,12.0,Haas F1 Team,Lapped,6.0,True
2024,Emilia Romagna Grand Prix,NOR,1,63,1,NOR,2.0,2.0,McLaren,Finished,0.0,False
2024,Emilia Romagna Grand Prix,OCO,1,62,1,OCO,12.0,14.0,Alpine,Lapped,-2.0,False
2024,Emilia Romagna Grand Prix,PER,1,63,1,PER,11.0,8.0,Red Bull Racing,Finished,3.0,True
2024,Emilia Romagna Grand Prix,PIA,1,63,1,PIA,5.0,4.0,McLaren,Finished,1.0,True
2024,Emilia Romagna Grand Prix,RIC,1,62,1,RIC,9.0,13.0,RB,Lapped,-4.0,False
2024,Emilia Romagna Grand Prix,RUS,2,63,2,RUS,6.0,7.0,Mercedes,Finished,-1.0,False
2024,Emilia Romagna Grand Prix,SAI,1,63,1,SAI,4.0,5.0,Ferrari,Finished,-1.0,False
2024,Emilia Romagna Grand Prix,SAR,1,62,1,SAR,19.0,17.0,Williams,Lapped,2.0,True
2024,Emilia Romagna Grand Prix,STR,1,63,1,STR,13.0,9.0,Aston Martin,Finished,4.0,True
2024,Emilia Romagna Grand Prix,TSU,1,62,1,TSU,7.0,10.0,RB,Lapped,-3.0,False
2024,Emilia Romagna Grand Prix,VER,1,63,1,VER,1.0,1.0,Red Bull Racing,Finished,0.0,False
2024,Emilia Romagna Grand Prix,ZHO,1,62,1,ZHO,17.0,15.0,Kick Sauber,Lapped,2.0,True
2024,Hungarian Grand Prix,ALB,2,69,2,ALB,13.0,14.0,Williams,Lapped,-1.0,False
2024,Hungarian Grand Prix,ALO,2,70,2,ALO,7.0,11.0,Aston Martin,Finished,-4.0,False
2024,Hungarian Grand Prix,BOT,2,69,2,BOT,12.0,16.0,Kick Sauber,Lapped,-4.0,False
2024,Hungarian Grand Prix,GAS,2,33,2,GAS,20.0,20.0,Alpine,Retired,0.0,False
2024,Hungarian Grand Prix,HAM,2,70,2,HAM,5.0,3.0,Mercedes,Finished,2.0,True
2024,Hungarian Grand Prix,HUL,2,69,2,HUL,11.0,13.0,Haas F1 Team,Lapped,-2.0,False
2024,Hungarian Grand Prix,LEC,2,70,2,LEC,6.0,4.0,Ferrari,Finished,2.0,True
2024,Hungarian Grand Prix,MAG,2,69,2,MAG,15.0,15.0,Haas F1 Team,Lapped,0.0,False
2024,Hungarian Grand Prix,NOR,2,70,2,NOR,1.0,2.0,McLaren,Finished,-1.0,False
2024,Hungarian Grand Prix,OCO,3,69,3,OCO,19.0,18.0,Alpine,Lapped,1.0,True
2024,Hungarian Grand Prix,PER,2,70,2,PER,16.0,7.0,Red Bull Racing,Finished,9.0,True
2024,Hungarian Grand Prix,PIA,2,70,2,PIA,2.0,1.0,McLaren,Finished,1.0,True
2024,Hungarian Grand Prix,RIC,2,69,2,RIC,9.0,12.0,RB,Lapped,-3.0,False
2024,Hungarian Grand Prix,RUS,2,70,2,RUS,17.0,8.0,Mercedes,Finished,9.0,True
2024,Hungarian Grand Prix,SAI,2,70,2,SAI,4.0,6.0,Ferrari,Finished,-2.0,False
2024,Hungarian Grand Prix,SAR,3,69,3,SAR,14.0,17.0,Williams,Lapped,-3.0,False
2024,Hungarian Grand Prix,STR,2,70,2,STR,8.0,10.0,Aston Martin,Finished,-2.0,False
2024,Hungarian Grand Prix,TSU,1,70,1,TSU,10.0,9.0,RB,Finished,1.0,True
2024,Hungarian Grand Prix,VER,2,70,2,VER,3.0,5.0,Red Bull Racing,Finished,-2.0,False
2024,Hungarian Grand Prix,ZHO,2,69,2,ZHO,18.0,19.0,Kick Sauber,Lapped,-1.0,False
2024,Italian Grand Prix,ALB,1,53,1,ALB,9.0,9.0,Williams,Finished,0.0,False
2024,Italian Grand Prix,ALO,2,53,2,ALO,11.0,11.0,Aston Martin,Finished,0.0,False
2024,Italian Grand Prix,BOT,1,52,1,BOT,19.0,16.0,Kick Sauber,Lapped,3.0,True
2024,Italian Grand Prix,COL,1,53,1,COL,18.0,12.0,Williams,Finished,6.0,True
2024,Italian Grand Prix,GAS,2,52,2,GAS,14.0,15.0,Alpine,Lapped,-1.0,False
2024,Italian Grand Prix,HAM,2,53,2,HAM,6.0,5.0,Mercedes,Finished,1.0,True
2024,Italian Grand Prix,HUL,2,52,2,HUL,10.0,17.0,Haas F1 Team,Lapped,-7.0,False
2024,Italian Grand Prix,LEC,1,53,1,LEC,4.0,1.0,Ferrari,Finished,3.0,True
2024,Italian Grand Prix,MAG,1,53,1,MAG,13.0,10.0,Haas F1 Team,Finished,3.0,True
2024,Italian Grand Prix,NOR,2,53,2,NOR,1.0,3.0,McLaren,Finished,-2.0,False
2024,Italian Grand Prix,OCO,1,52,1,OCO,15.0,14.0,Alpine,Lapped,1.0,True
2024,Italian Grand Prix,PER,2,53,2,PER,8.0,8.0,Red Bull Racing,Finished,0.0,False
2024,Italian Grand Prix,PIA,2,53,2,PIA,2.0,2.0,McLaren,Finished,0.0,False
2024,Italian Grand Prix,RIC,1,53,1,RIC,12.0,13.0,RB,Finished,-1.0,False
2024,Italian Grand Prix,RUS,2,53,2,RUS,3.0,7.0,Mercedes,Finished,-4.0,False
2024,Italian Grand Prix,SAI,1,53,1,SAI,5.0,4.0,Ferrari,Finished,1.0,True
2024,Italian Grand Prix,STR,3,52,3,STR,17.0,19.0,Aston Martin,Lapped,-2.0,False
2024,Italian Grand Prix,TSU,1,7,1,TSU,16.0,20.0,RB,Retired,-4.0,False
2024,Italian Grand Prix,VER,2,53,2,VER,7.0,6.0,Red Bull Racing,Finished,1.0,True
2024,Italian Grand Prix,ZHO,1,52,1,ZHO,20.0,18.0,Kick Sauber,Lapped,2.0,True
2024,Japanese Grand Prix,ALB,0,1,0,ALB,14.0,20.0,Williams,Retired,-6.0,False
2024,Japanese Grand Prix,ALO,3,53,3,ALO,5.0,6.0,Aston Martin,Finished,-1.0,False
2024,Japanese Grand Prix,BOT,3,52,3,BOT,13.0,14.0,Kick Sauber,Lapped,-1.0,False
2024,Japanese Grand Prix,GAS,3,52,3,GAS,17.0,16.0,Alpine,Lapped,1.0,True
2024,Japanese Grand Prix,HAM,3,53,3,HAM,7.0,9.0,Mercedes,Finished,-2.0,False
2024,Japanese Grand Prix,HUL,3,52,3,HUL,12.0,11.0,Haas F1 Team,Lapped,1.0,True
2024,Japanese Grand Prix,LEC,2,53,2,LEC,8.0,4.0,Ferrari,Finished,4.0,True
2024,Japanese Grand Prix,MAG,2,52,2,MAG,18.0,13.0,Haas F1 Team,Lapped,5.0,True
2024,Japanese Grand Prix,NOR,3,53,3,NOR,3.0,5.0,McLaren,Finished,-2.0,False
2024,Japanese Grand Prix,OCO,3,52,3,OCO,15.0,15.0,Alpine,Lapped,0.0,False
2024,Japanese Grand Prix,PER,3,53,3,PER,2.0,2.0,Red Bull Racing,Finished,0.0,False
2024,Japanese Grand Prix,PIA,3,53,3,PIA,6.0,8.0,McLaren,Finished,-2.0,False
2024,Japanese Grand Prix,RIC,0,1,0,RIC,11.0,19.0,RB,Retired,-8.0,False
2024,Japanese Grand Prix,RUS,3,53,3,RUS,9.0,7.0,Mercedes,Finished,2.0,True
2024,Japanese Grand Prix,SAI,3,53,3,SAI,4.0,3.0,Ferrari,Finished,1.0,True
2024,Japanese Grand Prix,SAR,4,52,4+,SAR,19.0,17.0,Williams,Lapped,2.0,True
2024,Japanese Grand Prix,STR,4,52,4+,STR,16.0,12.0,Aston Martin,Lapped,4.0,True
2024,Japanese Grand Prix,TSU,3,52,3,TSU,10.0,10.0,RB,Lapped,0.0,False
2024,Japanese Grand Prix,VER,3,53,3,VER,1.0,1.0,Red Bull Racing,Finished,0.0,False
2024,Japanese Grand Prix,ZHO,4,12,4+,ZHO,20.0,18.0,Kick Sauber,Retired,2.0,True
2024,Las Vegas Grand Prix,ALB,2,25,2,ALB,17.0,19.0,Williams,Retired,-2.0,False
2024,Las Vegas Grand Prix,ALO,2,50,2,ALO,16.0,11.0,Aston Martin,Finished,5.0,True
2024,Las Vegas Grand Prix,BOT,2,49,2,BOT,19.0,18.0,Kick Sauber,Lapped,1.0,True
2024,Las Vegas Grand Prix,COL,2,50,2,COL,20.0,14.0,Williams,Finished,6.0,True
2024,Las Vegas Grand Prix,GAS,2,15,2,GAS,3.0,20.0,Alpine,Retired,-17.0,False
2024,Las Vegas Grand Prix,HAM,2,50,2,HAM,10.0,2.0,Mercedes,Finished,8.0,True
2024,Las Vegas Grand Prix,HUL,2,50,2,HUL,9.0,8.0,Haas F1 Team,Finished,1.0,True
2024,Las Vegas Grand Prix,LAW,2,50,2,LAW,14.0,16.0,RB,Finished,-2.0,False
2024,Las Vegas Grand Prix,LEC,2,50,2,LEC,4.0,4.0,Ferrari,Finished,0.0,False
2024,Las Vegas Grand Prix,MAG,1,50,1,MAG,12.0,12.0,Haas F1 Team,Finished,0.0,False
2024,Las Vegas Grand Prix,NOR,3,50,3,NOR,6.0,6.0,McLaren,Finished,0.0,False
2024,Las Vegas Grand Prix,OCO,3,49,3,OCO,11.0,17.0,Alpine,Lapped,-6.0,False
2024,Las Vegas Grand Prix,PER,2,50,2,PER,15.0,10.0,Red Bull Racing,Finished,5.0,True
2024,Las Vegas Grand Prix,PIA,2,50,2,PIA,8.0,7.0,McLaren,Finished,1.0,True
2024,Las Vegas Grand Prix,RUS,2,50,2,RUS,1.0,1.0,Mercedes,Finished,0.0,False
2024,Las Vegas Grand Prix,SAI,2,50,2,SAI,2.0,3.0,Ferrari,Finished,-1.0,False
2024,Las Vegas Grand Prix,STR,2,50,2,STR,18.0,15.0,Aston Martin,Finished,3.0,True
2024,Las Vegas Grand Prix,TSU,2,50,2,TSU,7.0,9.0,RB,Finished,-2.0,False
2024,Las Vegas Grand Prix,VER,2,50,2,VER,5.0,5.0,Red Bull Racing,Finished,0.0,False
2024,Las Vegas Grand Prix,ZHO,2,50,2,ZHO,13.0,13.0,Kick Sauber,Finished,0.0,False
2024,Mexico City Grand Prix,ALB,0,1,0,ALB,9.0,19.0,Williams,Retired,-10.0,False
2024,Mexico City Grand Prix,ALO,1,15,1,ALO,13.0,18.0,Aston Martin,Retired,-5.0,False
2024,Mexico City Grand Prix,BOT,1,70,1,BOT,15.0,14.0,Kick Sauber,Lapped,1.0,True
2024,Mexico City Grand Prix,COL,1,70,1,COL,16.0,12.0,Williams,Lapped,4.0,True
2024,Mexico City Grand Prix,GAS,1,70,1,GAS,8.0,10.0,Alpine,Lapped,-2.0,False
2024,Mexico City Grand Prix,HAM,1,71,1,HAM,6.0,4.0,Mercedes,Finished,2.0,True
2024,Mexico City Grand Prix,HUL,1,70,1,HUL,10.0,9.0,Haas F1 Team,Lapped,1.0,True
2024,Mexico City Grand Prix,LAW,2,70,2,LAW,12.0,16.0,RB,Lapped,-4.0,False
2024,Mexico City Grand Prix,LEC,2,71,2,LEC,4.0,3.0,Ferrari,Finished,1.0,True
2024,Mexico City Grand Prix,MAG,1,71,1,MAG,7.0,7.0,Haas F1 Team,Finished,0.0,False
2024,Mexico City Grand Prix,NOR,1,71,1,NOR,3.0,2.0,McLaren,Finished,1.0,True
2024,Mexico City Grand Prix,PER,3,70,3,PER,18.0,17.0,Red Bull Racing,Lapped,1.0,True
2024,Mexico City Grand Prix,PIA,1,71,1,PIA,17.0,8.0,McLaren,Finished,9.0,True
2024,Mexico City Grand Prix,RUS,1,71,1,RUS,5.0,5.0,Mercedes,Finished,0.0,False
2024,Mexico City Grand Prix,SAI,1,71,1,SAI,1.0,1.0,Ferrari,Finished,0.0,False
2024,Mexico City Grand Prix,STR,1,70,1,STR,14.0,11.0,Aston Martin,Lapped,3.0,True
2024,Mexico City Grand Prix,TSU,0,1,0,TSU,11.0,20.0,RB,Retired,-9.0,False
2024,Mexico City Grand Prix,VER,1,71,1,VER,2.0,6.0,Red Bull Racing,Finished,-4.0,False
2024,Mexico City Grand Prix,ZHO,1,70,1,ZHO,19.0,15.0,Kick Sauber,Lapped,4.0,True
2024,Miami Grand Prix,ALB,2,57,2,ALB,14.0,18.0,Williams,Finished,-4.0,False
2024,Miami Grand Prix,ALO,1,57,1,ALO,15.0,9.0,Aston Martin,Finished,6.0,True
2024,Miami Grand Prix,BOT,2,57,2,BOT,16.0,16.0,Kick Sauber,Finished,0.0,False
2024,Miami Grand Prix,GAS,1,57,1,GAS,12.0,12.0,Alpine,Finished,0.0,False
2024,Miami Grand Prix,HAM,1,57,1,HAM,8.0,6.0,Mercedes,Finished,2.0,True
2024,Miami Grand Prix,HUL,2,57,2,HUL,9.0,11.0,Haas F1 Team,Finished,-2.0,False
2024,Miami Grand Prix,LEC,1,57,1,LEC,2.0,3.0,Ferrari,Finished,-1.0,False
2024,Miami Grand Prix,MAG,3,57,3,MAG,18.0,19.0,Haas F1 Team,Finished,-1.0,False
2024,Miami Grand Prix,NOR,1,57,1,NOR,5.0,1.0,McLaren,Finished,4.0,True
2024,Miami Grand Prix,OCO,1,57,1,OCO,13.0,10.0,Alpine,Finished,3.0,True
2024,Miami Grand Prix,PER,2,57,2,PER,4.0,4.0,Red Bull Racing,Finished,0.0,False
2024,Miami Grand Prix,PIA,2,57,2,PIA,6.0,13.0,McLaren,Finished,-7.0,False
2024,Miami Grand Prix,RIC,1,57,1,RIC,20.0,15.0,RB,Finished,5.0,True
2024,Miami Grand Prix,RUS,1,57,1,RUS,7.0,8.0,Mercedes,Finished,-1.0,False
2024,Miami Grand Prix,SAI,1,57,1,SAI,3.0,5.0,Ferrari,Finished,-2.0,False
2024,Miami Grand Prix,SAR,1,28,1,SAR,17.0,20.0,Williams,Retired,-3.0,False
2024,Miami Grand Prix,STR,2,57,2,STR,11.0,17.0,Aston Martin,Finished,-6.0,False
2024,Miami Grand Prix,TSU,1,57,1,TSU,10.0,7.0,RB,Finished,3.0,True
2024,Miami Grand Prix,VER,1,57,1,VER,1.0,2.0,Red Bull Racing,Finished,-1.0,False
2024,Miami Grand Prix,ZHO,1,57,1,ZHO,19.0,14.0,Kick Sauber,Finished,5.0,True
2024,Monaco Grand Prix,ALB,1,77,1,ALB,9.0,9.0,Williams,Lapped,0.0,False
2024,Monaco Grand Prix,ALO,1,76,1,ALO,14.0,11.0,Aston Martin,Lapped,3.0,True
2024,Monaco Grand Prix,BOT,2,76,2,BOT,17.0,13.0,Kick Sauber,Lapped,4.0,True
2024,Monaco Grand Prix,GAS,1,77,1,GAS,10.0,10.0,Alpine,Lapped,0.0,False
2024,Monaco Grand Prix,HAM,2,78,2,HAM,7.0,7.0,Mercedes,Finished,0.0,False
2024,Monaco Grand Prix,HUL,0,1,0,HUL,19.0,19.0,Haas F1 Team,Retired,0.0,False
2024,Monaco Grand Prix,LEC,1,78,1,LEC,1.0,1.0,Ferrari,Finished,0.0,False
2024,Monaco Grand Prix,MAG,0,1,0,MAG,20.0,20.0,Haas F1 Team,Retired,0.0,False
2024,Monaco Grand Prix,NOR,1,78,1,NOR,4.0,4.0,McLaren,Finished,0.0,False
2024,Monaco Grand Prix,OCO,0,1,0,OCO,11.0,17.0,Alpine,Retired,-6.0,False
2024,Monaco Grand Prix,PER,0,1,0,PER,16.0,18.0,Red Bull Racing,Retired,-2.0,False
2024,Monaco Grand Prix,PIA,1,78,1,PIA,2.0,2.0,McLaren,Finished,0.0,False
2024,Monaco Grand Prix,RIC,1,76,1,RIC,12.0,12.0,RB,Lapped,0.0,False
2024,Monaco Grand Prix,RUS,1,78,1,RUS,5.0,5.0,Mercedes,Finished,0.0,False
2024,Monaco Grand Prix,SAI,1,78,1,SAI,3.0,3.0,Ferrari,Finished,0.0,False
2024,Monaco Grand Prix,SAR,2,76,2,SAR,15.0,15.0,Williams,Lapped,0.0,False
2024,Monaco Grand Prix,STR,3,76,3,STR,13.0,14.0,Aston Martin,Lapped,-1.0,False
2024,Monaco Grand Prix,TSU,1,77,1,TSU,8.0,8.0,RB,Lapped,0.0,False
2024,Monaco Grand Prix,VER,2,78,2,VER,6.0,6.0,Red Bull Racing,Finished,0.0,False
2024,Monaco Grand Prix,ZHO,2,76,2,ZHO,18.0,16.0,Kick Sauber,Lapped,2.0,True
2024,Qatar Grand Prix,ALB,4,56,4+,ALB,16.0,15.0,Williams,Lapped,1.0,True
2024,Qatar Grand Prix,ALO,3,57,3,ALO,8.0,7.0,Aston Martin,Finished,1.0,True
2024,Qatar Grand Prix,BOT,3,57,3,BOT,13.0,11.0,Kick Sauber,Finished,2.0,True
2024,Qatar Grand Prix,COL,0,1,0,COL,19.0,19.0,Williams,Retired,0.0,False
2024,Qatar Grand Prix,GAS,3,57,3,GAS,11.0,5.0,Alpine,Finished,6.0,True
2024,Qatar Grand Prix,HAM,4,57,4+,HAM,6.0,12.0,Mercedes,Finished,-6.0,False
2024,Qatar Grand Prix,HUL,4,40,4+,HUL,18.0,16.0,Haas F1 Team,Retired,2.0,True
2024,Qatar Grand Prix,LAW,4,57,4+,LAW,17.0,14.0,RB,Finished,3.0,True
2024,Qatar Grand Prix,LEC,3,57,3,LEC,5.0,2.0,Ferrari,Finished,3.0,True
2024,Qatar Grand Prix,MAG,3,57,3,MAG,10.0,9.0,Haas F1 Team,Finished,1.0,True
2024,Qatar Grand Prix,NOR,4,57,4+,NOR,3.0,10.0,McLaren,Finished,-7.0,False
2024,Qatar Grand Prix,OCO,0,1,0,OCO,20.0,20.0,Alpine,Retired,0.0,False
2024,Qatar Grand Prix,PER,3,39,3,PER,9.0,17.0,Red Bull Racing,Retired,-8.0,False
2024,Qatar Grand Prix,PIA,3,57,3,PIA,4.0,3.0,McLaren,Finished,1.0,True
2024,Qatar Grand Prix,RUS,4,57,4+,RUS,1.0,4.0,Mercedes,Finished,-3.0,False
2024,Qatar Grand Prix,SAI,3,57,3,SAI,7.0,6.0,Ferrari,Finished,1.0,True
2024,Qatar Grand Prix,STR,3,8,3,STR,15.0,18.0,Aston Martin,Retired,-3.0,False
2024,Qatar Grand Prix,TSU,4,57,4+,TSU,14.0,13.0,RB,Finished,1.0,True
2024,Qatar Grand Prix,VER,3,57,3,VER,2.0,1.0,Red Bull Racing,Finished,1.0,True
2024,Qatar Grand Prix,ZHO,3,57,3,ZHO,12.0,8.0,Kick Sauber,Finished,4.0,True
2024,Saudi Arabian Grand Prix,ALB,1,50,1,ALB,12.0,11.0,Williams,Finished,1.0,True
2024,Saudi Arabian Grand Prix,ALO,1,50,1,ALO,4.0,5.0,Aston Martin,Finished,-1.0,False
2024,Saudi Arabian Grand Prix,BEA,1,50,1,BEA,11.0,7.0,Ferrari,Finished,4.0,True
2024,Saudi Arabian Grand Prix,BOT,2,49,2,BOT,16.0,17.0,Kick Sauber,Lapped,-1.0,False
2024,Saudi Arabian Grand Prix,GAS,1,1,1,GAS,18.0,20.0,Alpine,Retired,-2.0,False
2024,Saudi Arabian Grand Prix,HAM,1,50,1,HAM,8.0,9.0,Mercedes,Finished,-1.0,False
2024,Saudi Arabian Grand Prix,HUL,1,50,1,HUL,15.0,10.0,Haas F1 Team,Finished,5.0,True
2024,Saudi Arabian Grand Prix,LEC,1,50,1,LEC,2.0,3.0,Ferrari,Finished,-1.0,False
2024,Saudi Arabian Grand Prix,MAG,1,50,1,MAG,13.0,12.0,Haas F1 Team,Finished,1.0,True
2024,Saudi Arabian Grand Prix,NOR,1,50,1,NOR,6.0,8.0,McLaren,Finished,-2.0,False
2024,Saudi Arabian Grand Prix,OCO,1,49,1,OCO,17.0,13.0,Alpine,Lapped,4.0,True
2024,Saudi Arabian Grand Prix,PER,1,50,1,PER,3.0,2.0,Red Bull Racing,Finished,1.0,True
2024,Saudi Arabian Grand Prix,PIA,1,50,1,PIA,5.0,4.0,McLaren,Finished,1.0,True
2024,Saudi Arabian Grand Prix,RIC,1,49,1,RIC,14.0,16.0,RB,Lapped,-2.0,False
2024,Saudi Arabian Grand Prix,RUS,1,50,1,RUS,7.0,6.0,Mercedes,Finished,1.0,True
2024,Saudi Arabian Grand Prix,SAR,1,49,1,SAR,19.0,14.0,Williams,Lapped,5.0,True
2024,Saudi Arabian Grand Prix,STR,0,6,0,STR,10.0,19.0,Aston Martin,Retired,-9.0,False
2024,Saudi Arabian Grand Prix,TSU,1,49,1,TSU,9.0,15.0,RB,Lapped,-6.0,False
2024,Saudi Arabian Grand Prix,VER,1,50,1,VER,1.0,1.0,Red Bull Racing,Finished,0.0,False
2024,Saudi Arabian Grand Prix,ZHO,1,49,1,ZHO,20.0,18.0,Kick Sauber,Lapped,2.0,True
2024,São Paulo Grand Prix,ALO,2,69,2,ALO,9.0,14.0,Aston Martin,Finished,-5.0,False
2024,São Paulo Grand Prix,BEA,2,69,2,BEA,15.0,12.0,Haas F1 Team,Finished,3.0,True
2024,São Paulo Grand Prix,BOT,1,69,1,BOT,11.0,13.0,Kick Sauber,Finished,-2.0,False
2024,São Paulo Grand Prix,COL,2,30,2,COL,16.0,17.0,Williams,Retired,-1.0,False
2024,São Paulo Grand Prix,GAS,1,69,1,GAS,13.0,3.0,Alpine,Finished,10.0,True
2024,São Paulo Grand Prix,HAM,2,69,2,HAM,14.0,10.0,Mercedes,Finished,4.0,True
2024,São Paulo Grand Prix,HUL,4,30,4+,HUL,18.0,20.0,Haas F1 Team,Disqualified,-2.0,False
2024,São Paulo Grand Prix,LAW,2,69,2,LAW,5.0,9.0,RB,Finished,-4.0,False
2024,São Paulo Grand Prix,LEC,2,69,2,LEC,6.0,5.0,Ferrari,Finished,1.0,True
2024,São Paulo Grand Prix,NOR,2,69,2,NOR,1.0,6.0,McLaren,Finished,-5.0,False
2024,São Paulo Grand Prix,OCO,1,69,1,OCO,4.0,2.0,Alpine,Finished,2.0,True
2024,São Paulo Grand Prix,PER,2,69,2,PER,12.0,11.0,Red Bull Racing,Finished,1.0,True
2024,São Paulo Grand Prix,PIA,2,69,2,PIA,8.0,8.0,McLaren,Finished,0.0,False
2024,São Paulo Grand Prix,RUS,2,69,2,RUS,2.0,4.0,Mercedes,Finished,-2.0,False
2024,São Paulo Grand Prix,SAI,2,39,2,SAI,20.0,16.0,Ferrari,Retired,4.0,True
2024,São Paulo Grand Prix,TSU,2,69,2,TSU,3.0,7.0,RB,Finished,-4.0,False
2024,São Paulo Grand Prix,VER,1,69,1,VER,17.0,1.0,Red Bull Racing,Finished,16.0,True
2024,São Paulo Grand Prix,ZHO,4,69,4+,ZHO,19.0,15.0,Kick Sauber,Finished,4.0,True
2024,Singapore Grand Prix,ALB,2,15,2,ALB,11.0,20.0,Williams,Retired,-9.0,False
2024,Singapore Grand Prix,ALO,1,61,1,ALO,7.0,8.0,Aston Martin,Lapped,-1.0,False
2024,Singapore Grand Prix,BOT,1,61,1,BOT,19.0,16.0,Kick Sauber,Lapped,3.0,True
2024,Singapore Grand Prix,COL,1,61,1,COL,12.0,11.0,Williams,Lapped,1.0,True
2024,Singapore Grand Prix,GAS,1,61,1,GAS,18.0,17.0,Alpine,Lapped,1.0,True
2024,Singapore Grand Prix,HAM,1,62,1,HAM,3.0,6.0,Mercedes,Finished,-3.0,False
2024,Singapore Grand Prix,HUL,1,61,1,HUL,6.0,9.0,Haas F1 Team,Lapped,-3.0,False
2024,Singapore Grand Prix,LEC,1,62,1,LEC,9.0,5.0,Ferrari,Finished,4.0,True
2024,Singapore Grand Prix,MAG,3,57,3,MAG,14.0,19.0,Haas F1 Team,Retired,-5.0,False
2024,Singapore Grand Prix,NOR,1,62,1,NOR,1.0,1.0,McLaren,Finished,0.0,False
2024,Singapore Grand Prix,OCO,1,61,1,OCO,15.0,13.0,Alpine,Lapped,2.0,True
2024,Singapore Grand Prix,PER,1,61,1,PER,13.0,10.0,Red Bull Racing,Lapped,3.0,True
2024,Singapore Grand Prix,PIA,1,62,1,PIA,5.0,3.0,McLaren,Finished,2.0,True
2024,Singapore Grand Prix,RIC,3,61,3,RIC,16.0,18.0,RB,Lapped,-2.0,False
2024,Singapore Grand Prix,RUS,1,62,1,RUS,4.0,4.0,Mercedes,Finished,0.0,False
2024,Singapore Grand Prix,SAI,1,62,1,SAI,10.0,7.0,Ferrari,Finished,3.0,True
2024,Singapore Grand Prix,STR,1,61,1,STR,17.0,14.0,Aston Martin,Lapped,3.0,True
2024,Singapore Grand Prix,TSU,1,61,1,TSU,8.0,12.0,RB,Lapped,-4.0,False
2024,Singapore Grand Prix,VER,1,62,1,VER,2.0,2.0,Red Bull Racing,Finished,0.0,False
2024,Singapore Grand Prix,ZHO,1,61,1,ZHO,20.0,15.0,Kick Sauber,Lapped,5.0,True
2024,Spanish Grand Prix,ALB,2,65,2,ALB,20.0,18.0,Williams,Lapped,2.0,True
2024,Spanish Grand Prix,ALO,2,65,2,ALO,10.0,12.0,Aston Martin,Lapped,-2.0,False
2024,Spanish Grand Prix,BOT,2,65,2,BOT,12.0,16.0,Kick Sauber,Lapped,-4.0,False
2024,Spanish Grand Prix,GAS,2,66,2,GAS,7.0,9.0,Alpine,Finished,-2.0,False
2024,Spanish Grand Prix,HAM,2,66,2,HAM,3.0,3.0,Mercedes,Finished,0.0,False
2024,Spanish Grand Prix,HUL,2,66,2,HUL,13.0,11.0,Haas F1 Team,Finished,2.0,True
2024,Spanish Grand Prix,LEC,2,66,2,LEC,5.0,5.0,Ferrari,Finished,0.0,False
2024,Spanish Grand Prix,MAG,2,65,2,MAG,16.0,17.0,Haas F1 Team,Lapped,-1.0,False
2024,Spanish Grand Prix,NOR,2,66,2,NOR,1.0,2.0,McLaren,Finished,-1.0,False
2024,Spanish Grand Prix,OCO,2,66,2,OCO,8.0,10.0,Alpine,Finished,-2.0,False
2024,Spanish Grand Prix,PER,3,66,3,PER,11.0,8.0,Red Bull Racing,Finished,3.0,True
2024,Spanish Grand Prix,PIA,2,66,2,PIA,9.0,7.0,McLaren,Finished,2.0,True
2024,Spanish Grand Prix,RIC,2,65,2,RIC,18.0,15.0,RB,Lapped,3.0,True
2024,Spanish Grand Prix,RUS,2,66,2,RUS,4.0,4.0,Mercedes,Finished,0.0,False
2024,Spanish Grand Prix,SAI,2,66,2,SAI,6.0,6.0,Ferrari,Finished,0.0,False
2024,Spanish Grand Prix,SAR,2,64,2,SAR,19.0,20.0,Williams,Lapped,-1.0,False
2024,Spanish Grand Prix,STR,2,65,2,STR,14.0,14.0,Aston Martin,Lapped,0.0,False
2024,Spanish Grand Prix,TSU,3,65,3,TSU,17.0,19.0,RB,Lapped,-2.0,False
2024,Spanish Grand Prix,VER,2,66,2,VER,2.0,1.0,Red Bull Racing,Finished,1.0,True
2024,Spanish Grand Prix,ZHO,2,65,2,ZHO,15.0,13.0,Kick Sauber,Lapped,2.0,True
2024,United States Grand Prix,ALB,2,55,2,ALB,14.0,16.0,Williams,Lapped,-2.0,False
2024,United States Grand Prix,ALO,1,55,1,ALO,7.0,13.0,Aston Martin,Lapped,-6.0,False
2024,United States Grand Prix,BOT,1,55,1,BOT,16.0,17.0,Kick Sauber,Lapped,-1.0,False
2024,United States Grand Prix,COL,1,56,1,COL,15.0,10.0,Williams,Finished,5.0,True
2024,United States Grand Prix,GAS,1,56,1,GAS,6.0,12.0,Alpine,Finished,-6.0,False
2024,United States Grand Prix,HAM,0,2,0,HAM,17.0,20.0,Mercedes,Retired,-3.0,False
2024,United States Grand Prix,HUL,1,56,1,HUL,11.0,8.0,Haas F1 Team,Finished,3.0,True
2024,United States Grand Prix,LAW,1,56,1,LAW,19.0,9.0,RB,Finished,10.0,True
2024,United States Grand Prix,LEC,1,56,1,LEC,4.0,1.0,Ferrari,Finished,3.0,True
2024,United States Grand Prix,MAG,2,56,2,MAG,8.0,11.0,Haas F1 Team,Finished,-3.0,False
2024,United States Grand Prix,NOR,1,56,1,NOR,1.0,4.0,McLaren,Finished,-3.0,False
2024,United States Grand Prix,OCO,2,55,2,OCO,12.0,18.0,Alpine,Lapped,-6.0,False
2024,United States Grand Prix,PER,1,56,1,PER,9.0,7.0,Red Bull Racing,Finished,2.0,True
2024,United States Grand Prix,PIA,1,56,1,PIA,5.0,5.0,McLaren,Finished,0.0,False
2024,United States Grand Prix,RUS,1,56,1,RUS,20.0,6.0,Mercedes,Finished,14.0,True
2024,United States Grand Prix,SAI,1,56,1,SAI,3.0,2.0,Ferrari,Finished,1.0,True
2024,United States Grand Prix,STR,1,55,1,STR,13.0,15.0,Aston Martin,Lapped,-2.0,False
2024,United States Grand Prix,TSU,1,55,1,TSU,10.0,14.0,RB,Lapped,-4.0,False
2024,United States Grand Prix,VER,1,56,1,VER,2.0,3.0,Red Bull Racing,Finished,-1.0,False
2024,United States Grand Prix,ZHO,2,55,2,ZHO,18.0,19.0,Kick Sauber,Lapped,-1.0,False
2025,Abu Dhabi Grand Prix,ALB,2,58,2,ALB,17.0,16.0,Williams,Finished,1.0,True
2025,Abu Dhabi Grand Prix,ALO,1,58,1,ALO,6.0,6.0,Aston Martin,Finished,0.0,False
2025,Abu Dhabi Grand Prix,ANT,1,58,1,ANT,14.0,15.0,Mercedes,Finished,-1.0,False
2025,Abu Dhabi Grand Prix,BEA,1,58,1,BEA,11.0,12.0,Haas F1 Team,Finished,-1.0,False
2025,Abu Dhabi Grand Prix,BOR,1,58,1,BOR,7.0,11.0,Kick Sauber,Finished,-4.0,False
2025,Abu Dhabi Grand Prix,COL,2,57,2,COL,20.0,20.0,Alpine,Lapped,0.0,False
2025,Abu Dhabi Grand Prix,GAS,2,57,2,GAS,19.0,19.0,Alpine,Lapped,0.0,False
2025,Abu Dhabi Grand Prix,HAD,1,57,1,HAD,9.0,17.0,Racing Bulls,Lapped,-8.0,False
2025,Abu Dhabi Grand Prix,HAM,2,58,2,HAM,16.0,8.0,Ferrari,Finished,8.0,True
2025,Abu Dhabi Grand Prix,HUL,2,58,2,HUL,18.0,9.0,Kick Sauber,Finished,9.0,True
2025,Abu Dhabi Grand Prix,LAW,1,57,1,LAW,13.0,18.0,Racing Bulls,Lapped,-5.0,False
2025,Abu Dhabi Grand Prix,LEC,2,58,2,LEC,5.0,4.0,Ferrari,Finished,1.0,True
2025,Abu Dhabi Grand Prix,NOR,2,58,2,NOR,2.0,3.0,McLaren,Finished,-1.0,False
2025,Abu Dhabi Grand Prix,OCO,1,58,1,OCO,8.0,7.0,Haas F1 Team,Finished,1.0,True
2025,Abu Dhabi Grand Prix,PIA,1,58,1,PIA,3.0,2.0,McLaren,Finished,1.0,True
2025,Abu Dhabi Grand Prix,RUS,1,58,1,RUS,4.0,5.0,Mercedes,Finished,-1.0,False
2025,Abu Dhabi Grand Prix,SAI,1,58,1,SAI,12.0,13.0,Williams,Finished,-1.0,False
2025,Abu Dhabi Grand Prix,STR,1,58,1,STR,15.0,10.0,Aston Martin,Finished,5.0,True
2025,Abu Dhabi Grand Prix,TSU,1,58,1,TSU,10.0,14.0,Red Bull Racing,Finished,-4.0,False
2025,Abu Dhabi Grand Prix,VER,1,58,1,VER,1.0,1.0,Red Bull Racing,Finished,0.0,False
2025,Australian Grand Prix,ALB,5,57,4+,ALB,6.0,5.0,Williams,Finished,1.0,True
2025,Australian Grand Prix,ALO,3,33,3,ALO,12.0,17.0,Aston Martin,Retired,-5.0,False
2025,Australian Grand Prix,ANT,5,57,4+,ANT,16.0,4.0,Mercedes,Finished,12.0,True
2025,Australian Grand Prix,BEA,5,57,4+,BEA,20.0,14.0,Haas F1 Team,Finished,6.0,True
2025,Australian Grand Prix,BOR,5,46,4+,BOR,15.0,16.0,Kick Sauber,Retired,-1.0,False
2025,Australian Grand Prix,DOO,0,1,0,DOO,14.0,19.0,Alpine,Retired,-5.0,False
2025,Australian Grand Prix,GAS,5,57,4+,GAS,9.0,11.0,Alpine,Finished,-2.0,False
2025,Australian Grand Prix,HAD,0,1,0,HAD,11.0,20.0,Racing Bulls,Retired,-9.0,False
2025,Australian Grand Prix,HAM,5,57,4+,HAM,8.0,10.0,Ferrari,Finished,-2.0,False
2025,Australian Grand Prix,HUL,5,57,4+,HUL,17.0,7.0,Kick Sauber,Finished,10.0,True
2025,Australian Grand Prix,LAW,4,47,4+,LAW,18.0,15.0,Red Bull Racing,Retired,3.0,True
2025,Australian Grand Prix,LEC,5,57,4+,LEC,7.0,8.0,Ferrari,Finished,-1.0,False
2025,Australian Grand Prix,NOR,5,57,4+,NOR,1.0,1.0,McLaren,Finished,0.0,False
2025,Australian Grand Prix,OCO,5,57,4+,OCO,19.0,13.0,Haas F1 Team,Finished,6.0,True
2025,Australian Grand Prix,PIA,5,57,4+,PIA,2.0,9.0,McLaren,Finished,-7.0,False
2025,Australian Grand Prix,RUS,5,57,4+,RUS,4.0,3.0,Mercedes,Finished,1.0,True
2025,Australian Grand Prix,SAI,0,1,0,SAI,10.0,18.0,Williams,Retired,-8.0,False
2025,Australian Grand Prix,STR,5,57,4+,STR,13.0,6.0,Aston Martin,Finished,7.0,True
2025,Australian Grand Prix,TSU,5,57,4+,TSU,5.0,12.0,Racing Bulls,Finished,-7.0,False
2025,Australian Grand Prix,VER,5,57,4+,VER,3.0,2.0,Red Bull Racing,Finished,1.0,True
2025,Austrian Grand Prix,ALB,2,15,2,ALB,12.0,17.0,Williams,Retired,-5.0,False
2025,Austrian Grand Prix,ALO,1,69,1,ALO,11.0,7.0,Aston Martin,Lapped,4.0,True
2025,Austrian Grand Prix,ANT,0,1,0,ANT,9.0,19.0,Mercedes,Retired,-10.0,False
2025,Austrian Grand Prix,BEA,2,69,2,BEA,15.0,11.0,Haas F1 Team,Lapped,4.0,True
2025,Austrian Grand Prix,BOR,2,69,2,BOR,8.0,8.0,Kick Sauber,Lapped,0.0,False
2025,Austrian Grand Prix,COL,2,69,2,COL,14.0,15.0,Alpine,Lapped,-1.0,False
2025,Austrian Grand Prix,GAS,2,69,2,GAS,10.0,13.0,Alpine,Lapped,-3.0,False
2025,Austrian Grand Prix,HAD,2,69,2,HAD,13.0,12.0,Racing Bulls,Lapped,1.0,True
2025,Austrian Grand Prix,HAM,2,70,2,HAM,4.0,4.0,Ferrari,Finished,0.0,False
2025,Austrian Grand Prix,HUL,2,69,2,HUL,20.0,9.0,Kick Sauber,Lapped,11.0,True
2025,Austrian Grand Prix,LAW,1,70,1,LAW,6.0,6.0,Racing Bulls,Finished,0.0,False
2025,Austrian Grand Prix,LEC,2,70,2,LEC,2.0,3.0,Ferrari,Finished,-1.0,False
2025,Austrian Grand Prix,NOR,2,70,2,NOR,1.0,1.0,McLaren,Finished,0.0,False
2025,Austrian Grand Prix,OCO,2,69,2,OCO,17.0,10.0,Haas F1 Team,Lapped,7.0,True
2025,Austrian Grand Prix,PIA,2,70,2,PIA,3.0,2.0,McLaren,Finished,1.0,True
2025,Austrian Grand Prix,RUS,2,70,2,RUS,5.0,5.0,Mercedes,Finished,0.0,False
2025,Austrian Grand Prix,STR,2,69,2,STR,16.0,14.0,Aston Martin,Lapped,2.0,True
2025,Austrian Grand Prix,TSU,3,68,3,TSU,18.0,16.0,Red Bull Racing,Lapped,2.0,True
2025,Austrian Grand Prix,VER,0,1,0,VER,7.0,18.0,Red Bull Racing,Retired,-11.0,False
2025,Azerbaijan Grand Prix,ALB,2,51,2,ALB,19.0,13.0,Williams,Finished,6.0,True
2025,Azerbaijan Grand Prix,ALO,1,51,1,ALO,11.0,15.0,Aston Martin,Finished,-4.0,False
2025,Azerbaijan Grand Prix,ANT,1,51,1,ANT,4.0,4.0,Mercedes,Finished,0.0,False
2025,Azerbaijan Grand Prix,BEA,1,51,1,BEA,15.0,12.0,Haas F1 Team,Finished,3.0,True
2025,Azerbaijan Grand Prix,BOR,1,51,1,BOR,13.0,11.0,Kick Sauber,Finished,2.0,True
2025,Azerbaijan Grand Prix,COL,1,50,1,COL,16.0,19.0,Alpine,Lapped,-3.0,False
2025,Azerbaijan Grand Prix,GAS,1,50,1,GAS,18.0,18.0,Alpine,Lapped,0.0,False
2025,Azerbaijan Grand Prix,HAD,1,51,1,HAD,8.0,10.0,Racing Bulls,Finished,-2.0,False
2025,Azerbaijan Grand Prix,HAM,1,51,1,HAM,12.0,8.0,Ferrari,Finished,4.0,True
2025,Azerbaijan Grand Prix,HUL,1,51,1,HUL,17.0,16.0,Kick Sauber,Finished,1.0,True
2025,Azerbaijan Grand Prix,LAW,1,51,1,LAW,3.0,5.0,Racing Bulls,Finished,-2.0,False
2025,Azerbaijan Grand Prix,LEC,1,51,1,LEC,10.0,9.0,Ferrari,Finished,1.0,True
2025,Azerbaijan Grand Prix,NOR,1,51,1,NOR,7.0,7.0,McLaren,Finished,0.0,False
2025,Azerbaijan Grand Prix,OCO,2,51,2,OCO,20.0,14.0,Haas F1 Team,Finished,6.0,True
2025,Azerbaijan Grand Prix,PIA,0,1,0,PIA,9.0,20.0,McLaren,Retired,-11.0,False
2025,Azerbaijan Grand Prix,RUS,1,51,1,RUS,5.0,2.0,Mercedes,Finished,3.0,True
2025,Azerbaijan Grand Prix,SAI,1,51,1,SAI,2.0,3.0,Williams,Finished,-1.0,False
2025,Azerbaijan Grand Prix,STR,1,51,1,STR,14.0,17.0,Aston Martin,Finished,-3.0,False
2025,Azerbaijan Grand Prix,TSU,1,51,1,TSU,6.0,6.0,Red Bull Racing,Finished,0.0,False
2025,Azerbaijan Grand Prix,VER,1,51,1,VER,1.0,1.0,Red Bull Racing,Finished,0.0,False
2025,Bahrain Grand Prix,ALB,2,57,2,ALB,15.0,12.0,Williams,Finished,3.0,True
2025,Bahrain Grand Prix,ALO,2,57,2,ALO,13.0,15.0,Aston Martin,Finished,-2.0,False
2025,Bahrain Grand Prix,ANT,3,57,3,ANT,5.0,11.0,Mercedes,Finished,-6.0,False
2025,Bahrain Grand Prix,BEA,2,57,2,BEA,20.0,10.0,Haas F1 Team,Finished,10.0,True
2025,Bahrain Grand Prix,BOR,2,57,2,BOR,18.0,18.0,Kick Sauber,Finished,0.0,False
2025,Bahrain Grand Prix,DOO,2,57,2,DOO,11.0,14.0,Alpine,Finished,-3.0,False
2025,Bahrain Grand Prix,GAS,2,57,2,GAS,4.0,7.0,Alpine,Finished,-3.0,False
2025,Bahrain Grand Prix,HAD,2,57,2,HAD,12.0,13.0,Racing Bulls,Finished,-1.0,False
2025,Bahrain Grand Prix,HAM,2,57,2,HAM,9.0,5.0,Ferrari,Finished,4.0,True
2025,Bahrain Grand Prix,HUL,2,57,2,HUL,16.0,20.0,Kick Sauber,Disqualified,-4.0,False
2025,Bahrain Grand Prix,LAW,2,57,2,LAW,17.0,16.0,Racing Bulls,Finished,1.0,True
2025,Bahrain Grand Prix,LEC,2,57,2,LEC,2.0,4.0,Ferrari,Finished,-2.0,False
2025,Bahrain Grand Prix,NOR,2,57,2,NOR,6.0,3.0,McLaren,Finished,3.0,True
2025,Bahrain Grand Prix,OCO,2,57,2,OCO,14.0,8.0,Haas F1 Team,Finished,6.0,True
2025,Bahrain Grand Prix,PIA,2,57,2,PIA,1.0,1.0,McLaren,Finished,0.0,False
2025,Bahrain Grand Prix,RUS,2,57,2,RUS,3.0,2.0,Mercedes,Finished,1.0,True
2025,Bahrain Grand Prix,SAI,4,45,4+,SAI,8.0,19.0,Williams,Retired,-11.0,False
2025,Bahrain Grand Prix,STR,2,57,2,STR,19.0,17.0,Aston Martin,Finished,2.0,True
2025,Bahrain Grand Prix,TSU,2,57,2,TSU,10.0,9.0,Red Bull Racing,Finished,1.0,True
2025,Bahrain Grand Prix,VER,2,57,2,VER,7.0,6.0,Red Bull Racing,Finished,1.0,True
2025,Belgian Grand Prix,ALB,1,44,1,ALB,5.0,6.0,Williams,Finished,-1.0,False
2025,Belgian Grand Prix,ALO,2,44,2,ALO,20.0,17.0,Aston Martin,Finished,3.0,True
2025,Belgian Grand Prix,ANT,2,44,2,ANT,19.0,16.0,Mercedes,Finished,3.0,True
2025,Belgian Grand Prix,BEA,1,44,1,BEA,12.0,11.0,Haas F1 Team,Finished,1.0,True
2025,Belgian Grand Prix,BOR,1,44,1,BOR,10.0,9.0,Kick Sauber,Finished,1.0,True
2025,Belgian Grand Prix,COL,2,44,2,COL,15.0,19.0,Alpine,Finished,-4.0,False
2025,Belgian Grand Prix,GAS,1,44,1,GAS,13.0,10.0,Alpine,Finished,3.0,True
2025,Belgian Grand Prix,HAD,2,43,2,HAD,8.0,20.0,Racing Bulls,Lapped,-12.0,False
2025,Belgian Grand Prix,HAM,1,44,1,HAM,18.0,7.0,Ferrari,Finished,11.0,True
2025,Belgian Grand Prix,HUL,2,44,2,HUL,14.0,12.0,Kick Sauber,Finished,2.0,True
2025,Belgian Grand Prix,LAW,1,44,1,LAW,9.0,8.0,Racing Bulls,Finished,1.0,True
2025,Belgian Grand Prix,LEC,1,44,1,LEC,3.0,3.0,Ferrari,Finished,0.0,False
2025,Belgian Grand Prix,NOR,1,44,1,NOR,1.0,2.0,McLaren,Finished,-1.0,False
2025,Belgian Grand Prix,OCO,1,44,1,OCO,11.0,15.0,Haas F1 Team,Finished,-4.0,False
2025,Belgian Grand Prix,PIA,1,44,1,PIA,2.0,1.0,McLaren,Finished,1.0,True
2025,Belgian Grand Prix,RUS,1,44,1,RUS,6.0,5.0,Mercedes,Finished,1.0,True
2025,Belgian Grand Prix,SAI,2,44,2,SAI,17.0,18.0,Williams,Finished,-1.0,False
2025,Belgian Grand Prix,STR,1,44,1,STR,16.0,14.0,Aston Martin,Finished,2.0,True
2025,Belgian Grand Prix,TSU,1,44,1,TSU,7.0,13.0,Red Bull Racing,Finished,-6.0,False
2025,Belgian Grand Prix,VER,1,44,1,VER,4.0,4.0,Red Bull Racing,Finished,0.0,False
2025,British Grand Prix,ALB,2,52,2,ALB,13.0,8.0,Williams,Finished,5.0,True
2025,British Grand Prix,ALO,2,52,2,ALO,7.0,9.0,Aston Martin,Finished,-2.0,False
2025,British Grand Prix,ANT,4,23,4+,ANT,10.0,16.0,Mercedes,Retired,-6.0,False
2025,British Grand Prix,BEA,2,52,2,BEA,18.0,11.0,Haas F1 Team,Finished,7.0,True
2025,British Grand Prix,BOR,0,4,0,BOR,16.0,18.0,Kick Sauber,Retired,-2.0,False
2025,British Grand Prix,GAS,2,52,2,GAS,8.0,6.0,Alpine,Finished,2.0,True
2025,British Grand Prix,HAD,1,18,1,HAD,12.0,17.0,Racing Bulls,Retired,-5.0,False
2025,British Grand Prix,HAM,2,52,2,HAM,5.0,4.0,Ferrari,Finished,1.0,True
2025,British Grand Prix,HUL,2,52,2,HUL,19.0,3.0,Kick Sauber,Finished,16.0,True
2025,British Grand Prix,LAW,0,1,0,LAW,15.0,19.0,Racing Bulls,Retired,-4.0,False
2025,British Grand Prix,LEC,2,52,2,LEC,6.0,14.0,Ferrari,Finished,-8.0,False
2025,British Grand Prix,NOR,2,52,2,NOR,3.0,1.0,McLaren,Finished,2.0,True
2025,British Grand Prix,OCO,2,52,2,OCO,14.0,13.0,Haas F1 Team,Finished,1.0,True
2025,British Grand Prix,PIA,2,52,2,PIA,2.0,2.0,McLaren,Finished,0.0,False
2025,British Grand Prix,RUS,2,52,2,RUS,4.0,10.0,Mercedes,Finished,-6.0,False
2025,British Grand Prix,SAI,2,52,2,SAI,9.0,12.0,Williams,Finished,-3.0,False
2025,British Grand Prix,STR,3,52,3,STR,17.0,7.0,Aston Martin,Finished,10.0,True
2025,British Grand Prix,TSU,2,51,2,TSU,11.0,15.0,Red Bull Racing,Lapped,-4.0,False
2025,British Grand Prix,VER,2,52,2,VER,1.0,5.0,Red Bull Racing,Finished,-4.0,False
2025,Canadian Grand Prix,ALB,1,47,1,ALB,9.0,20.0,Williams,Retired,-11.0,False
2025,Canadian Grand Prix,ALO,6,70,4+,ALO,6.0,7.0,Aston Martin,Finished,-1.0,False
2025,Canadian Grand Prix,ANT,5,70,4+,ANT,4.0,3.0,Mercedes,Finished,1.0,True
2025,Canadian Grand Prix,BEA,4,69,4+,BEA,13.0,11.0,Haas F1 Team,Lapped,2.0,True
2025,Canadian Grand Prix,BOR,4,69,4+,BOR,15.0,14.0,Kick Sauber,Lapped,1.0,True
2025,Canadian Grand Prix,COL,4,69,4+,COL,10.0,13.0,Alpine,Lapped,-3.0,False
2025,Canadian Grand Prix,GAS,4,69,4+,GAS,20.0,15.0,Alpine,Lapped,5.0,True
2025,Canadian Grand Prix,HAD,4,69,4+,HAD,12.0,16.0,Racing Bulls,Lapped,-4.0,False
2025,Canadian Grand Prix,HAM,5,70,4+,HAM,5.0,6.0,Ferrari,Finished,-1.0,False
2025,Canadian Grand Prix,HUL,5,70,4+,HUL,11.0,8.0,Kick Sauber,Finished,3.0,True
2025,Canadian Grand Prix,LAW,2,54,2,LAW,19.0,19.0,Racing Bulls,Retired,0.0,False
2025,Canadian Grand Prix,LEC,5,70,4+,LEC,8.0,5.0,Ferrari,Finished,3.0,True
2025,Canadian Grand Prix,NOR,2,67,2,NOR,7.0,18.0,McLaren,Retired,-11.0,False
2025,Canadian Grand Prix,OCO,4,69,4+,OCO,14.0,9.0,Haas F1 Team,Lapped,5.0,True
2025,Canadian Grand Prix,PIA,5,70,4+,PIA,3.0,4.0,McLaren,Finished,-1.0,False
2025,Canadian Grand Prix,RUS,5,70,4+,RUS,1.0,1.0,Mercedes,Finished,0.0,False
2025,Canadian Grand Prix,SAI,4,69,4+,SAI,16.0,10.0,Williams,Lapped,6.0,True
2025,Canadian Grand Prix,STR,5,69,4+,STR,17.0,17.0,Aston Martin,Lapped,0.0,False
2025,Canadian Grand Prix,TSU,4,69,4+,TSU,18.0,12.0,Red Bull Racing,Lapped,6.0,True
2025,Canadian Grand Prix,VER,5,70,4+,VER,2.0,2.0,Red Bull Racing,Finished,0.0,False
2025,Chinese Grand Prix,ALB,1,56,1,ALB,10.0,7.0,Williams,Finished,3.0,True
2025,Chinese Grand Prix,ALO,1,4,1,ALO,13.0,17.0,Aston Martin,Retired,-4.0,False
2025,Chinese Grand Prix,ANT,1,56,1,ANT,8.0,6.0,Mercedes,Finished,2.0,True
2025,Chinese Grand Prix,BEA,1,56,1,BEA,17.0,8.0,Haas F1 Team,Finished,9.0,True
2025,Chinese Grand Prix,BOR,2,55,2,BOR,19.0,14.0,Kick Sauber,Lapped,5.0,True
2025,Chinese Grand Prix,DOO,1,56,1,DOO,18.0,13.0,Alpine,Finished,5.0,True
2025,Chinese Grand Prix,GAS,1,56,1,GAS,16.0,20.0,Alpine,Disqualified,-4.0,False
2025,Chinese Grand Prix,HAD,2,56,2,HAD,7.0,11.0,Racing Bulls,Finished,-4.0,False
2025,Chinese Grand Prix,HAM,2,56,2,HAM,5.0,19.0,Ferrari,Disqualified,-14.0,False
2025,Chinese Grand Prix,HUL,1,55,1,HUL,12.0,15.0,Kick Sauber,Lapped,-3.0,False
2025,Chinese Grand Prix,LAW,2,56,2,LAW,20.0,12.0,Red Bull Racing,Finished,8.0,True
2025,Chinese Grand Prix,LEC,1,56,1,LEC,6.0,18.0,Ferrari,Disqualified,-12.0,False
2025,Chinese Grand Prix,NOR,1,56,1,NOR,3.0,2.0,McLaren,Finished,1.0,True
2025,Chinese Grand Prix,OCO,1,56,1,OCO,11.0,5.0,Haas F1 Team,Finished,6.0,True
2025,Chinese Grand Prix,PIA,1,56,1,PIA,1.0,1.0,McLaren,Finished,0.0,False
2025,Chinese Grand Prix,RUS,1,56,1,RUS,2.0,3.0,Mercedes,Finished,-1.0,False
2025,Chinese Grand Prix,SAI,1,56,1,SAI,15.0,10.0,Williams,Finished,5.0,True
2025,Chinese Grand Prix,STR,1,56,1,STR,14.0,9.0,Aston Martin,Finished,5.0,True
2025,Chinese Grand Prix,TSU,3,55,3,TSU,9.0,16.0,Racing Bulls,Lapped,-7.0,False
2025,Chinese Grand Prix,VER,1,56,1,VER,4.0,4.0,Red Bull Racing,Finished,0.0,False
2025,Dutch Grand Prix,ALB,2,72,2,ALB,15.0,5.0,Williams,Finished,10.0,True
2025,Dutch Grand Prix,ALO,2,72,2,ALO,10.0,8.0,Aston Martin,Finished,2.0,True
2025,Dutch Grand Prix,ANT,3,72,3,ANT,11.0,16.0,Mercedes,Finished,-5.0,False
2025,Dutch Grand Prix,BEA,1,72,1,BEA,20.0,6.0,Haas F1 Team,Finished,14.0,True
2025,Dutch Grand Prix,BOR,2,72,2,BOR,13.0,15.0,Kick Sauber,Finished,-2.0,False
2025,Dutch Grand Prix,COL,3,72,3,COL,16.0,11.0,Alpine,Finished,5.0,True
2025,Dutch Grand Prix,GAS,1,72,1,GAS,14.0,17.0,Alpine,Finished,-3.0,False
2025,Dutch Grand Prix,HAD,2,72,2,HAD,4.0,3.0,Racing Bulls,Finished,1.0,True
2025,Dutch Grand Prix,HAM,0,23,0,HAM,7.0,20.0,Ferrari,Retired,-13.0,False
2025,Dutch Grand Prix,HUL,2,72,2,HUL,17.0,14.0,Kick Sauber,Finished,3.0,True
2025,Dutch Grand Prix,LAW,3,72,3,LAW,8.0,12.0,Racing Bulls,Finished,-4.0,False
2025,Dutch Grand Prix,LEC,2,52,2,LEC,6.0,19.0,Ferrari,Retired,-13.0,False
2025,Dutch Grand Prix,NOR,2,65,2,NOR,2.0,18.0,McLaren,Retired,-16.0,False
2025,Dutch Grand Prix,OCO,1,72,1,OCO,18.0,10.0,Haas F1 Team,Finished,8.0,True
2025,Dutch Grand Prix,PIA,2,72,2,PIA,1.0,1.0,McLaren,Finished,0.0,False
2025,Dutch Grand Prix,RUS,2,72,2,RUS,5.0,4.0,Mercedes,Finished,1.0,True
2025,Dutch Grand Prix,SAI,4,72,4+,SAI,9.0,13.0,Williams,Finished,-4.0,False
2025,Dutch Grand Prix,STR,2,72,2,STR,19.0,7.0,Aston Martin,Finished,12.0,True
2025,Dutch Grand Prix,TSU,2,72,2,TSU,12.0,9.0,Red Bull Racing,Finished,3.0,True
2025,Dutch Grand Prix,VER,2,72,2,VER,3.0,2.0,Red Bull Racing,Finished,1.0,True
2025,Emilia Romagna Grand Prix,ALB,2,63,2,ALB,7.0,5.0,Williams,Finished,2.0,True
2025,Emilia Romagna Grand Prix,ALO,2,63,2,ALO,5.0,11.0,Aston Martin,Finished,-6.0,False
2025,Emilia Romagna Grand Prix,ANT,1,45,1,ANT,13.0,19.0,Mercedes,Retired,-6.0,False
2025,Emilia Romagna Grand Prix,BEA,2,63,2,BEA,19.0,17.0,Haas F1 Team,Finished,2.0,True
2025,Emilia Romagna Grand Prix,BOR,3,63,3,BOR,14.0,18.0,Kick Sauber,Finished,-4.0,False
2025,Emilia Romagna Grand Prix,COL,2,63,2,COL,16.0,16.0,Alpine,Finished,0.0,False
2025,Emilia Romagna Grand Prix,GAS,2,63,2,GAS,10.0,13.0,Alpine,Finished,-3.0,False
2025,Emilia Romagna Grand Prix,HAD,2,63,2,HAD,9.0,9.0,Racing Bulls,Finished,0.0,False
2025,Emilia Romagna Grand Prix,HAM,2,63,2,HAM,12.0,4.0,Ferrari,Finished,8.0,True
2025,Emilia Romagna Grand Prix,HUL,1,63,1,HUL,17.0,12.0,Kick Sauber,Finished,5.0,True
2025,Emilia Romagna Grand Prix,LAW,2,63,2,LAW,15.0,14.0,Racing Bulls,Finished,1.0,True
2025,Emilia Romagna Grand Prix,LEC,2,63,2,LEC,11.0,6.0,Ferrari,Finished,5.0,True
2025,Emilia Romagna Grand Prix,NOR,2,63,2,NOR,4.0,2.0,McLaren,Finished,2.0,True
2025,Emilia Romagna Grand Prix,OCO,1,28,1,OCO,18.0,20.0,Haas F1 Team,Retired,-2.0,False
2025,Emilia Romagna Grand Prix,PIA,2,63,2,PIA,1.0,3.0,McLaren,Finished,-2.0,False
2025,Emilia Romagna Grand Prix,RUS,2,63,2,RUS,3.0,7.0,Mercedes,Finished,-4.0,False
2025,Emilia Romagna Grand Prix,SAI,2,63,2,SAI,6.0,8.0,Williams,Finished,-2.0,False
2025,Emilia Romagna Grand Prix,STR,2,63,2,STR,8.0,15.0,Aston Martin,Finished,-7.0,False
2025,Emilia Romagna Grand Prix,TSU,1,63,1,TSU,20.0,10.0,Red Bull Racing,Finished,10.0,True
2025,Emilia Romagna Grand Prix,VER,2,63,2,VER,2.0,1.0,Red Bull Racing,Finished,1.0,True
2025,Hungarian Grand Prix,ALB,2,69,2,ALB,19.0,15.0,Williams,Lapped,4.0,True
2025,Hungarian Grand Prix,ALO,1,70,1,ALO,5.0,5.0,Aston Martin,Finished,0.0,False
2025,Hungarian Grand Prix,ANT,1,69,1,ANT,15.0,10.0,Mercedes,Lapped,5.0,True
2025,Hungarian Grand Prix,BEA,2,48,2,BEA,11.0,20.0,Haas F1 Team,Retired,-9.0,False
2025,Hungarian Grand Prix,BOR,1,70,1,BOR,7.0,6.0,Kick Sauber,Finished,1.0,True
2025,Hungarian Grand Prix,COL,2,69,2,COL,14.0,18.0,Alpine,Lapped,-4.0,False
2025,Hungarian Grand Prix,GAS,1,69,1,GAS,16.0,19.0,Alpine,Lapped,-3.0,False
2025,Hungarian Grand Prix,HAD,1,69,1,HAD,10.0,11.0,Racing Bulls,Lapped,-1.0,False
2025,Hungarian Grand Prix,HAM,1,69,1,HAM,12.0,12.0,Ferrari,Lapped,0.0,False
2025,Hungarian Grand Prix,HUL,2,69,2,HUL,18.0,13.0,Kick Sauber,Lapped,5.0,True
2025,Hungarian Grand Prix,LAW,1,70,1,LAW,9.0,8.0,Racing Bulls,Finished,1.0,True
2025,Hungarian Grand Prix,LEC,2,70,2,LEC,1.0,4.0,Ferrari,Finished,-3.0,False
2025,Hungarian Grand Prix,NOR,1,70,1,NOR,3.0,1.0,McLaren,Finished,2.0,True
2025,Hungarian Grand Prix,OCO,1,69,1,OCO,17.0,16.0,Haas F1 Team,Lapped,1.0,True
2025,Hungarian Grand Prix,PIA,2,70,2,PIA,2.0,2.0,McLaren,Finished,0.0,False
2025,Hungarian Grand Prix,RUS,2,70,2,RUS,4.0,3.0,Mercedes,Finished,1.0,True
2025,Hungarian Grand Prix,SAI,2,69,2,SAI,13.0,14.0,Williams,Lapped,-1.0,False
2025,Hungarian Grand Prix,STR,1,70,1,STR,6.0,7.0,Aston Martin,Finished,-1.0,False
2025,Hungarian Grand Prix,TSU,2,69,2,TSU,20.0,17.0,Red Bull Racing,Lapped,3.0,True
2025,Hungarian Grand Prix,VER,2,70,2,VER,8.0,9.0,Red Bull Racing,Finished,-1.0,False
2025,Italian Grand Prix,ALB,1,53,1,ALB,14.0,7.0,Williams,Finished,7.0,True
2025,Italian Grand Prix,ALO,2,24,2,ALO,8.0,19.0,Aston Martin,Retired,-11.0,False
2025,Italian Grand Prix,ANT,1,53,1,ANT,6.0,9.0,Mercedes,Finished,-3.0,False
2025,Italian Grand Prix,BEA,1,53,1,BEA,11.0,12.0,Haas F1 Team,Finished,-1.0,False
2025,Italian Grand Prix,BOR,1,53,1,BOR,7.0,8.0,Kick Sauber,Finished,-1.0,False
2025,Italian Grand Prix,COL,1,52,1,COL,17.0,17.0,Alpine,Lapped,0.0,False
2025,Italian Grand Prix,GAS,1,52,1,GAS,20.0,16.0,Alpine,Lapped,4.0,True
2025,Italian Grand Prix,HAD,1,53,1,HAD,19.0,10.0,Racing Bulls,Finished,9.0,True
2025,Italian Grand Prix,HAM,1,53,1,HAM,10.0,6.0,Ferrari,Finished,4.0,True
2025,Italian Grand Prix,LAW,1,53,1,LAW,18.0,14.0,Racing Bulls,Finished,4.0,True
2025,Italian Grand Prix,LEC,1,53,1,LEC,4.0,4.0,Ferrari,Finished,0.0,False
2025,Italian Grand Prix,NOR,1,53,1,NOR,2.0,2.0,McLaren,Finished,0.0,False
2025,Italian Grand Prix,OCO,1,52,1,OCO,15.0,15.0,Haas F1 Team,Lapped,0.0,False
2025,Italian Grand Prix,PIA,1,53,1,PIA,3.0,3.0,McLaren,Finished,0.0,False
2025,Italian Grand Prix,RUS,1,53,1,RUS,5.0,5.0,Mercedes,Finished,0.0,False
2025,Italian Grand Prix,SAI,1,53,1,SAI,13.0,11.0,Williams,Finished,2.0,True
2025,Italian Grand Prix,STR,1,52,1,STR,16.0,18.0,Aston Martin,Lapped,-2.0,False
2025,Italian Grand Prix,TSU,1,53,1,TSU,9.0,13.0,Red Bull Racing,Finished,-4.0,False
2025,Italian Grand Prix,VER,1,53,1,VER,1.0,1.0,Red Bull Racing,Finished,0.0,False
2025,Japanese Grand Prix,ALB,1,53,1,ALB,9.0,9.0,Williams,Finished,0.0,False
2025,Japanese Grand Prix,ALO,1,53,1,ALO,12.0,11.0,Aston Martin,Finished,1.0,True
2025,Japanese Grand Prix,ANT,1,53,1,ANT,6.0,6.0,Mercedes,Finished,0.0,False
2025,Japanese Grand Prix,BEA,1,53,1,BEA,10.0,10.0,Haas F1 Team,Finished,0.0,False
2025,Japanese Grand Prix,BOR,1,53,1,BOR,17.0,19.0,Kick Sauber,Finished,-2.0,False
2025,Japanese Grand Prix,DOO,1,53,1,DOO,19.0,15.0,Alpine,Finished,4.0,True
2025,Japanese Grand Prix,GAS,1,53,1,GAS,11.0,13.0,Alpine,Finished,-2.0,False
2025,Japanese Grand Prix,HAD,1,53,1,HAD,7.0,8.0,Racing Bulls,Finished,-1.0,False
2025,Japanese Grand Prix,HAM,1,53,1,HAM,8.0,7.0,Ferrari,Finished,1.0,True
2025,Japanese Grand Prix,HUL,1,53,1,HUL,16.0,16.0,Kick Sauber,Finished,0.0,False
2025,Japanese Grand Prix,LAW,1,53,1,LAW,13.0,17.0,Racing Bulls,Finished,-4.0,False
2025,Japanese Grand Prix,LEC,1,53,1,LEC,4.0,4.0,Ferrari,Finished,0.0,False
2025,Japanese Grand Prix,NOR,1,53,1,NOR,2.0,2.0,McLaren,Finished,0.0,False
2025,Japanese Grand Prix,OCO,1,53,1,OCO,18.0,18.0,Haas F1 Team,Finished,0.0,False
2025,Japanese Grand Prix,PIA,1,53,1,PIA,3.0,3.0,McLaren,Finished,0.0,False
2025,Japanese Grand Prix,RUS,1,53,1,RUS,5.0,5.0,Mercedes,Finished,0.0,False
2025,Japanese Grand Prix,SAI,1,53,1,SAI,15.0,14.0,Williams,Finished,1.0,True
2025,Japanese Grand Prix,STR,2,52,2,STR,20.0,20.0,Aston Martin,Lapped,0.0,False
2025,Japanese Grand Prix,TSU,1,53,1,TSU,14.0,12.0,Red Bull Racing,Finished,2.0,True
2025,Japanese Grand Prix,VER,1,53,1,VER,1.0,1.0,Red Bull Racing,Finished,0.0,False
2025,Las Vegas Grand Prix,ALB,4,35,4+,ALB,16.0,16.0,Williams,Retired,0.0,False
2025,Las Vegas Grand Prix,ALO,1,50,1,ALO,7.0,11.0,Aston Martin,Finished,-4.0,False
2025,Las Vegas Grand Prix,ANT,1,50,1,ANT,17.0,3.0,Mercedes,Finished,14.0,True
2025,Las Vegas Grand Prix,BEA,1,50,1,BEA,14.0,10.0,Haas F1 Team,Finished,4.0,True
2025,Las Vegas Grand Prix,BOR,2,2,2,BOR,18.0,17.0,Kick Sauber,Retired,1.0,True
2025,Las Vegas Grand Prix,COL,1,49,1,COL,15.0,15.0,Alpine,Lapped,0.0,False
2025,Las Vegas Grand Prix,GAS,1,50,1,GAS,10.0,13.0,Alpine,Finished,-3.0,False
2025,Las Vegas Grand Prix,HAD,1,50,1,HAD,8.0,6.0,Racing Bulls,Finished,2.0,True
2025,Las Vegas Grand Prix,HAM,1,50,1,HAM,19.0,8.0,Ferrari,Finished,11.0,True
2025,Las Vegas Grand Prix,HUL,1,50,1,HUL,11.0,7.0,Kick Sauber,Finished,4.0,True
2025,Las Vegas Grand Prix,LAW,2,49,2,LAW,6.0,14.0,Racing Bulls,Lapped,-8.0,False
2025,Las Vegas Grand Prix,LEC,1,50,1,LEC,9.0,4.0,Ferrari,Finished,5.0,True
2025,Las Vegas Grand Prix,NOR,1,50,1,NOR,1.0,19.0,McLaren,Disqualified,-18.0,False
2025,Las Vegas Grand Prix,OCO,1,50,1,OCO,13.0,9.0,Haas F1 Team,Finished,4.0,True
2025,Las Vegas Grand Prix,PIA,1,50,1,PIA,5.0,20.0,McLaren,Disqualified,-15.0,False
2025,Las Vegas Grand Prix,RUS,1,50,1,RUS,4.0,2.0,Mercedes,Finished,2.0,True
2025,Las Vegas Grand Prix,SAI,1,50,1,SAI,3.0,5.0,Williams,Finished,-2.0,False
2025,Las Vegas Grand Prix,STR,0,1,0,STR,12.0,18.0,Aston Martin,Retired,-6.0,False
2025,Las Vegas Grand Prix,TSU,2,50,2,TSU,20.0,12.0,Red Bull Racing,Finished,8.0,True
2025,Las Vegas Grand Prix,VER,1,50,1,VER,2.0,1.0,Red Bull Racing,Finished,1.0,True
2025,Mexico City Grand Prix,ALB,1,70,1,ALB,17.0,12.0,Williams,Lapped,5.0,True
2025,Mexico City Grand Prix,ALO,2,34,2,ALO,14.0,18.0,Aston Martin,Retired,-4.0,False
2025,Mexico City Grand Prix,ANT,2,71,2,ANT,6.0,6.0,Mercedes,Finished,0.0,False
2025,Mexico City Grand Prix,BEA,2,71,2,BEA,9.0,4.0,Haas F1 Team,Finished,5.0,True
2025,Mexico City Grand Prix,BOR,1,71,1,BOR,16.0,10.0,Kick Sauber,Finished,6.0,True
2025,Mexico City Grand Prix,COL,1,70,1,COL,20.0,16.0,Alpine,Lapped,4.0,True
2025,Mexico City Grand Prix,GAS,1,70,1,GAS,18.0,15.0,Alpine,Lapped,3.0,True
2025,Mexico City Grand Prix,HAD,1,70,1,HAD,8.0,13.0,Racing Bulls,Lapped,-5.0,False
2025,Mexico City Grand Prix,HAM,2,71,2,HAM,3.0,8.0,Ferrari,Finished,-5.0,False
2025,Mexico City Grand Prix,HUL,1,25,1,HUL,13.0,19.0,Kick Sauber,Retired,-6.0,False
2025,Mexico City Grand Prix,LAW,2,5,2,LAW,15.0,20.0,Racing Bulls,Retired,-5.0,False
2025,Mexico City Grand Prix,LEC,1,71,1,LEC,2.0,2.0,Ferrari,Finished,0.0,False
2025,Mexico City Grand Prix,NOR,1,71,1,NOR,1.0,1.0,McLaren,Finished,0.0,False
2025,Mexico City Grand Prix,OCO,1,71,1,OCO,11.0,9.0,Haas F1 Team,Finished,2.0,True
2025,Mexico City Grand Prix,PIA,2,71,2,PIA,7.0,5.0,McLaren,Finished,2.0,True
2025,Mexico City Grand Prix,RUS,2,71,2,RUS,4.0,7.0,Mercedes,Finished,-3.0,False
2025,Mexico City Grand Prix,SAI,3,68,3,SAI,12.0,17.0,Williams,Retired,-5.0,False
2025,Mexico City Grand Prix,STR,2,70,2,STR,19.0,14.0,Aston Martin,Lapped,5.0,True
2025,Mexico City Grand Prix,TSU,1,71,1,TSU,10.0,11.0,Red Bull Racing,Finished,-1.0,False
2025,Mexico City Grand Prix,VER,1,71,1,VER,5.0,3.0,Red Bull Racing,Finished,2.0,True
2025,Miami Grand Prix,ALB,1,57,1,ALB,7.0,5.0,Williams,Finished,2.0,True
2025,Miami Grand Prix,ALO,1,56,1,ALO,17.0,15.0,Aston Martin,Lapped,2.0,True
2025,Miami Grand Prix,ANT,1,57,1,ANT,3.0,6.0,Mercedes,Finished,-3.0,False
2025,Miami Grand Prix,BEA,0,28,0,BEA,19.0,19.0,Haas F1 Team,Retired,0.0,False
2025,Miami Grand Prix,BOR,1,31,1,BOR,13.0,18.0,Kick Sauber,Retired,-5.0,False
2025,Miami Grand Prix,DOO,0,1,0,DOO,14.0,20.0,Alpine,Retired,-6.0,False
2025,Miami Grand Prix,GAS,1,57,1,GAS,20.0,13.0,Alpine,Finished,7.0,True
2025,Miami Grand Prix,HAD,1,57,1,HAD,11.0,11.0,Racing Bulls,Finished,0.0,False
2025,Miami Grand Prix,HAM,1,57,1,HAM,12.0,8.0,Ferrari,Finished,4.0,True
2025,Miami Grand Prix,HUL,1,56,1,HUL,16.0,14.0,Kick Sauber,Lapped,2.0,True
2025,Miami Grand Prix,LAW,2,36,2,LAW,15.0,17.0,Racing Bulls,Retired,-2.0,False
2025,Miami Grand Prix,LEC,1,57,1,LEC,8.0,7.0,Ferrari,Finished,1.0,True
2025,Miami Grand Prix,NOR,1,57,1,NOR,2.0,2.0,McLaren,Finished,0.0,False
2025,Miami Grand Prix,OCO,1,57,1,OCO,9.0,12.0,Haas F1 Team,Finished,-3.0,False
2025,Miami Grand Prix,PIA,1,57,1,PIA,4.0,1.0,McLaren,Finished,3.0,True
2025,Miami Grand Prix,RUS,1,57,1,RUS,5.0,3.0,Mercedes,Finished,2.0,True
2025,Miami Grand Prix,SAI,1,57,1,SAI,6.0,9.0,Williams,Finished,-3.0,False
2025,Miami Grand Prix,STR,1,56,1,STR,18.0,16.0,Aston Martin,Lapped,2.0,True
2025,Miami Grand Prix,TSU,1,57,1,TSU,10.0,10.0,Red Bull Racing,Finished,0.0,False
2025,Miami Grand Prix,VER,1,57,1,VER,1.0,4.0,Red Bull Racing,Finished,-3.0,False
2025,Monaco Grand Prix,ALB,2,76,2,ALB,10.0,9.0,Williams,Lapped,1.0,True
2025,Monaco Grand Prix,ALO,1,37,1,ALO,6.0,19.0,Aston Martin,Retired,-13.0,False
2025,Monaco Grand Prix,ANT,2,75,2,ANT,15.0,18.0,Mercedes,Lapped,-3.0,False
2025,Monaco Grand Prix,BEA,2,76,2,BEA,20.0,12.0,Haas F1 Team,Lapped,8.0,True
2025,Monaco Grand Prix,BOR,3,76,3,BOR,16.0,14.0,Kick Sauber,Lapped,2.0,True
2025,Monaco Grand Prix,COL,2,76,2,COL,18.0,13.0,Alpine,Lapped,5.0,True
2025,Monaco Grand Prix,GAS,2,8,2,GAS,17.0,20.0,Alpine,Retired,-3.0,False
2025,Monaco Grand Prix,HAD,2,77,2,HAD,5.0,6.0,Racing Bulls,Lapped,-1.0,False
2025,Monaco Grand Prix,HAM,2,78,2,HAM,7.0,5.0,Ferrari,Finished,2.0,True
2025,Monaco Grand Prix,HUL,2,76,2,HUL,13.0,16.0,Kick Sauber,Lapped,-3.0,False
2025,Monaco Grand Prix,LAW,2,77,2,LAW,9.0,8.0,Racing Bulls,Lapped,1.0,True
2025,Monaco Grand Prix,LEC,2,78,2,LEC,2.0,2.0,Ferrari,Finished,0.0,False
2025,Monaco Grand Prix,NOR,2,78,2,NOR,1.0,1.0,McLaren,Finished,0.0,False
2025,Monaco Grand Prix,OCO,2,77,2,OCO,8.0,7.0,Haas F1 Team,Lapped,1.0,True
2025,Monaco Grand Prix,PIA,2,78,2,PIA,3.0,3.0,McLaren,Finished,0.0,False
2025,Monaco Grand Prix,RUS,3,76,3,RUS,14.0,11.0,Mercedes,Lapped,3.0,True
2025,Monaco Grand Prix,SAI,2,76,2,SAI,11.0,10.0,Williams,Lapped,1.0,True
2025,Monaco Grand Prix,STR,2,76,2,STR,19.0,15.0,Aston Martin,Lapped,4.0,True
2025,Monaco Grand Prix,TSU,2,76,2,TSU,12.0,17.0,Red Bull Racing,Lapped,-5.0,False
2025,Monaco Grand Prix,VER,2,78,2,VER,4.0,4.0,Red Bull Racing,Finished,0.0,False
2025,Qatar Grand Prix,ALB,2,57,2,ALB,14.0,11.0,Williams,Finished,3.0,True
2025,Qatar Grand Prix,ALO,2,57,2,ALO,8.0,7.0,Aston Martin,Finished,1.0,True
2025,Qatar Grand Prix,ANT,2,57,2,ANT,5.0,5.0,Mercedes,Finished,0.0,False
2025,Qatar Grand Prix,BEA,4,41,4+,BEA,13.0,19.0,Haas F1 Team,Retired,-6.0,False
2025,Qatar Grand Prix,BOR,2,57,2,BOR,19.0,13.0,Kick Sauber,Finished,6.0,True
2025,Qatar Grand Prix,COL,2,56,2,COL,20.0,14.0,Alpine,Lapped,6.0,True
2025,Qatar Grand Prix,GAS,2,56,2,GAS,9.0,16.0,Alpine,Lapped,-7.0,False
2025,Qatar Grand Prix,HAD,3,55,3,HAD,6.0,18.0,Racing Bulls,Retired,-12.0,False
2025,Qatar Grand Prix,HAM,2,57,2,HAM,17.0,12.0,Ferrari,Finished,5.0,True
2025,Qatar Grand Prix,HUL,0,7,0,HUL,11.0,20.0,Kick Sauber,Retired,-9.0,False
2025,Qatar Grand Prix,LAW,2,57,2,LAW,12.0,9.0,Racing Bulls,Finished,3.0,True
2025,Qatar Grand Prix,LEC,2,57,2,LEC,10.0,8.0,Ferrari,Finished,2.0,True
2025,Qatar Grand Prix,NOR,2,57,2,NOR,2.0,4.0,McLaren,Finished,-2.0,False
2025,Qatar Grand Prix,OCO,3,56,3,OCO,16.0,15.0,Haas F1 Team,Lapped,1.0,True
2025,Qatar Grand Prix,PIA,2,57,2,PIA,1.0,2.0,McLaren,Finished,-1.0,False
2025,Qatar Grand Prix,RUS,2,57,2,RUS,4.0,6.0,Mercedes,Finished,-2.0,False
2025,Qatar Grand Prix,SAI,2,57,2,SAI,7.0,3.0,Williams,Finished,4.0,True
2025,Qatar Grand Prix,STR,4,55,4+,STR,18.0,17.0,Aston Martin,Retired,1.0,True
2025,Qatar Grand Prix,TSU,2,57,2,TSU,15.0,10.0,Red Bull Racing,Finished,5.0,True
2025,Qatar Grand Prix,VER,2,57,2,VER,3.0,1.0,Red Bull Racing,Finished,2.0,True
2025,Saudi Arabian Grand Prix,ALB,1,50,1,ALB,11.0,9.0,Williams,Finished,2.0,True
2025,Saudi Arabian Grand Prix,ALO,1,50,1,ALO,13.0,11.0,Aston Martin,Finished,2.0,True
2025,Saudi Arabian Grand Prix,ANT,1,50,1,ANT,5.0,6.0,Mercedes,Finished,-1.0,False
2025,Saudi Arabian Grand Prix,BEA,1,50,1,BEA,15.0,13.0,Haas F1 Team,Finished,2.0,True
2025,Saudi Arabian Grand Prix,BOR,1,49,1,BOR,20.0,18.0,Kick Sauber,Lapped,2.0,True
2025,Saudi Arabian Grand Prix,DOO,2,49,2,DOO,17.0,17.0,Alpine,Lapped,0.0,False
2025,Saudi Arabian Grand Prix,GAS,0,1,0,GAS,9.0,20.0,Alpine,Retired,-11.0,False
2025,Saudi Arabian Grand Prix,HAD,1,50,1,HAD,14.0,10.0,Racing Bulls,Finished,4.0,True
2025,Saudi Arabian Grand Prix,HAM,1,50,1,HAM,7.0,7.0,Ferrari,Finished,0.0,False
2025,Saudi Arabian Grand Prix,HUL,1,49,1,HUL,18.0,15.0,Kick Sauber,Lapped,3.0,True
2025,Saudi Arabian Grand Prix,LAW,1,50,1,LAW,12.0,12.0,Racing Bulls,Finished,0.0,False
2025,Saudi Arabian Grand Prix,LEC,1,50,1,LEC,4.0,3.0,Ferrari,Finished,1.0,True
2025,Saudi Arabian Grand Prix,NOR,1,50,1,NOR,10.0,4.0,McLaren,Finished,6.0,True
2025,Saudi Arabian Grand Prix,OCO,1,50,1,OCO,19.0,14.0,Haas F1 Team,Finished,5.0,True
2025,Saudi Arabian Grand Prix,PIA,1,50,1,PIA,2.0,1.0,McLaren,Finished,1.0,True
2025,Saudi Arabian Grand Prix,RUS,1,50,1,RUS,3.0,5.0,Mercedes,Finished,-2.0,False
2025,Saudi Arabian Grand Prix,SAI,1,50,1,SAI,6.0,8.0,Williams,Finished,-2.0,False
2025,Saudi Arabian Grand Prix,STR,1,49,1,STR,16.0,16.0,Aston Martin,Lapped,0.0,False
2025,Saudi Arabian Grand Prix,TSU,1,1,1,TSU,8.0,19.0,Red Bull Racing,Retired,-11.0,False
2025,Saudi Arabian Grand Prix,VER,1,50,1,VER,1.0,2.0,Red Bull Racing,Finished,-1.0,False
2025,São Paulo Grand Prix,ALB,2,71,2,ALB,12.0,11.0,Williams,Finished,1.0,True
2025,São Paulo Grand Prix,ALO,2,71,2,ALO,11.0,14.0,Aston Martin,Finished,-3.0,False
2025,São Paulo Grand Prix,ANT,2,71,2,ANT,2.0,2.0,Mercedes,Finished,0.0,False
2025,São Paulo Grand Prix,BEA,2,71,2,BEA,8.0,6.0,Haas F1 Team,Finished,2.0,True
2025,São Paulo Grand Prix,BOR,0,1,0,BOR,18.0,20.0,Kick Sauber,Retired,-2.0,False
2025,São Paulo Grand Prix,COL,2,71,2,COL,16.0,15.0,Alpine,Finished,1.0,True
2025,São Paulo Grand Prix,GAS,2,71,2,GAS,9.0,10.0,Alpine,Finished,-1.0,False
2025,São Paulo Grand Prix,HAD,2,71,2,HAD,5.0,8.0,Racing Bulls,Finished,-3.0,False
2025,São Paulo Grand Prix,HAM,4,37,4+,HAM,13.0,18.0,Ferrari,Retired,-5.0,False
2025,São Paulo Grand Prix,HUL,1,71,1,HUL,10.0,9.0,Kick Sauber,Finished,1.0,True
2025,São Paulo Grand Prix,LAW,1,71,1,LAW,7.0,7.0,Racing Bulls,Finished,0.0,False
2025,São Paulo Grand Prix,LEC,0,6,0,LEC,3.0,19.0,Ferrari,Retired,-16.0,False
2025,São Paulo Grand Prix,NOR,2,71,2,NOR,1.0,1.0,McLaren,Finished,0.0,False
2025,São Paulo Grand Prix,OCO,2,71,2,OCO,20.0,12.0,Haas F1 Team,Finished,8.0,True
2025,São Paulo Grand Prix,PIA,2,71,2,PIA,4.0,5.0,McLaren,Finished,-1.0,False
2025,São Paulo Grand Prix,RUS,2,71,2,RUS,6.0,4.0,Mercedes,Finished,2.0,True
2025,São Paulo Grand Prix,SAI,2,71,2,SAI,15.0,13.0,Williams,Finished,2.0,True
2025,São Paulo Grand Prix,STR,2,71,2,STR,14.0,16.0,Aston Martin,Finished,-2.0,False
2025,São Paulo Grand Prix,TSU,3,71,3,TSU,17.0,17.0,Red Bull Racing,Finished,0.0,False
2025,São Paulo Grand Prix,VER,3,71,3,VER,19.0,3.0,Red Bull Racing,Finished,16.0,True
2025,Singapore Grand Prix,ALB,1,61,1,ALB,20.0,14.0,Williams,Lapped,6.0,True
2025,Singapore Grand Prix,ALO,1,62,1,ALO,10.0,7.0,Aston Martin,Finished,3.0,True
2025,Singapore Grand Prix,ANT,1,62,1,ANT,4.0,5.0,Mercedes,Finished,-1.0,False
2025,Singapore Grand Prix,BEA,1,62,1,BEA,9.0,9.0,Haas F1 Team,Finished,0.0,False
2025,Singapore Grand Prix,BOR,1,61,1,BOR,14.0,17.0,Kick Sauber,Lapped,-3.0,False
2025,Singapore Grand Prix,COL,1,61,1,COL,16.0,16.0,Alpine,Lapped,0.0,False
2025,Singapore Grand Prix,GAS,2,61,2,GAS,19.0,19.0,Alpine,Lapped,0.0,False
2025,Singapore Grand Prix,HAD,1,61,1,HAD,8.0,11.0,Racing Bulls,Lapped,-3.0,False
2025,Singapore Grand Prix,HAM,2,62,2,HAM,6.0,8.0,Ferrari,Finished,-2.0,False
2025,Singapore Grand Prix,HUL,2,61,2,HUL,11.0,20.0,Kick Sauber,Lapped,-9.0,False
2025,Singapore Grand Prix,LAW,1,61,1,LAW,12.0,15.0,Racing Bulls,Lapped,-3.0,False
2025,Singapore Grand Prix,LEC,1,62,1,LEC,7.0,6.0,Ferrari,Finished,1.0,True
2025,Singapore Grand Prix,NOR,1,62,1,NOR,5.0,3.0,McLaren,Finished,2.0,True
2025,Singapore Grand Prix,OCO,1,61,1,OCO,17.0,18.0,Haas F1 Team,Lapped,-1.0,False
2025,Singapore Grand Prix,PIA,1,62,1,PIA,3.0,4.0,McLaren,Finished,-1.0,False
2025,Singapore Grand Prix,RUS,1,62,1,RUS,1.0,1.0,Mercedes,Finished,0.0,False
2025,Singapore Grand Prix,SAI,1,61,1,SAI,18.0,10.0,Williams,Lapped,8.0,True
2025,Singapore Grand Prix,STR,1,61,1,STR,15.0,13.0,Aston Martin,Lapped,2.0,True
2025,Singapore Grand Prix,TSU,1,61,1,TSU,13.0,12.0,Red Bull Racing,Lapped,1.0,True
2025,Singapore Grand Prix,VER,1,62,1,VER,2.0,2.0,Red Bull Racing,Finished,0.0,False
2025,Spanish Grand Prix,ALB,3,27,3,ALB,11.0,19.0,Williams,Retired,-8.0,False
2025,Spanish Grand Prix,ALO,3,66,3,ALO,10.0,9.0,Aston Martin,Finished,1.0,True
2025,Spanish Grand Prix,ANT,2,54,2,ANT,6.0,18.0,Mercedes,Retired,-12.0,False
2025,Spanish Grand Prix,BEA,3,66,3,BEA,14.0,17.0,Haas F1 Team,Finished,-3.0,False
2025,Spanish Grand Prix,BOR,2,66,2,BOR,12.0,12.0,Kick Sauber,Finished,0.0,False
2025,Spanish Grand Prix,COL,3,66,3,COL,18.0,15.0,Alpine,Finished,3.0,True
2025,Spanish Grand Prix,GAS,3,66,3,GAS,8.0,8.0,Alpine,Finished,0.0,False
2025,Spanish Grand Prix,HAD,3,66,3,HAD,9.0,7.0,Racing Bulls,Finished,2.0,True
2025,Spanish Grand Prix,HAM,3,66,3,HAM,5.0,6.0,Ferrari,Finished,-1.0,False
2025,Spanish Grand Prix,HUL,3,66,3,HUL,15.0,5.0,Kick Sauber,Finished,10.0,True
2025,Spanish Grand Prix,LAW,2,66,2,LAW,13.0,11.0,Racing Bulls,Finished,2.0,True
2025,Spanish Grand Prix,LEC,3,66,3,LEC,7.0,3.0,Ferrari,Finished,4.0,True
2025,Spanish Grand Prix,NOR,3,66,3,NOR,2.0,2.0,McLaren,Finished,0.0,False
2025,Spanish Grand Prix,OCO,2,66,2,OCO,16.0,16.0,Haas F1 Team,Finished,0.0,False
2025,Spanish Grand Prix,PIA,3,66,3,PIA,1.0,1.0,McLaren,Finished,0.0,False
2025,Spanish Grand Prix,RUS,3,66,3,RUS,4.0,4.0,Mercedes,Finished,0.0,False
2025,Spanish Grand Prix,SAI,3,66,3,SAI,17.0,14.0,Williams,Finished,3.0,True
2025,Spanish Grand Prix,TSU,4,66,4+,TSU,19.0,13.0,Red Bull Racing,Finished,6.0,True
2025,Spanish Grand Prix,VER,4,66,4+,VER,3.0,10.0,Red Bull Racing,Finished,-7.0,False
2025,United States Grand Prix,ALB,2,56,2,ALB,18.0,14.0,Williams,Finished,4.0,True
2025,United States Grand Prix,ALO,1,56,1,ALO,10.0,10.0,Aston Martin,Finished,0.0,False
2025,United States Grand Prix,ANT,1,56,1,ANT,7.0,13.0,Mercedes,Finished,-6.0,False
2025,United States Grand Prix,BEA,1,56,1,BEA,8.0,9.0,Haas F1 Team,Finished,-1.0,False
2025,United States Grand Prix,BOR,2,55,2,BOR,16.0,18.0,Kick Sauber,Lapped,-2.0,False
2025,United States Grand Prix,COL,1,55,1,COL,15.0,17.0,Alpine,Lapped,-2.0,False
2025,United States Grand Prix,GAS,1,55,1,GAS,14.0,19.0,Alpine,Lapped,-5.0,False
2025,United States Grand Prix,HAD,1,56,1,HAD,20.0,16.0,Racing Bulls,Finished,4.0,True
2025,United States Grand Prix,HAM,1,56,1,HAM,5.0,4.0,Ferrari,Finished,1.0,True
2025,United States Grand Prix,HUL,1,56,1,HUL,11.0,8.0,Kick Sauber,Finished,3.0,True
2025,United States Grand Prix,LAW,1,56,1,LAW,12.0,11.0,Racing Bulls,Finished,1.0,True
2025,United States Grand Prix,LEC,1,56,1,LEC,3.0,3.0,Ferrari,Finished,0.0,False
2025,United States Grand Prix,NOR,1,56,1,NOR,2.0,2.0,McLaren,Finished,0.0,False
2025,United States Grand Prix,OCO,1,56,1,OCO,17.0,15.0,Haas F1 Team,Finished,2.0,True
2025,United States Grand Prix,PIA,1,56,1,PIA,6.0,5.0,McLaren,Finished,1.0,True
2025,United States Grand Prix,RUS,1,56,1,RUS,4.0,6.0,Mercedes,Finished,-2.0,False
2025,United States Grand Prix,SAI,0,6,0,SAI,9.0,20.0,Williams,Retired,-11.0,False
2025,United States Grand Prix,STR,1,56,1,STR,19.0,12.0,Aston Martin,Finished,7.0,True
2025,United States Grand Prix,TSU,1,56,1,TSU,13.0,7.0,Red Bull Racing,Finished,6.0,True
2025,United States Grand Prix,VER,1,56,1,VER,1.0,1.0,Red Bull Racing,Finished,0.0,False
