RaceYear,RaceName,Driver,Stint,Compound,stint_laps_sampled,early_stint_median_loss,late_stint_median_loss,pace_fade_seconds
2018,Abu Dhabi Grand Prix,ALO,1,ULTRASOFT,20,1.8559999999999945,1.2680000000000007,-0.5879999999999939
2018,Abu Dhabi Grand Prix,ALO,2,SUPERSOFT,26,2.7890000000000015,0.6370000000000005,-2.152000000000001
2018,Abu Dhabi Grand Prix,BOT,1,ULTRASOFT,9,0.5320000000000107,0.2750000000000057,-0.257000000000005
2018,Abu Dhabi Grand Prix,BOT,2,SUPERSOFT,22,0.6400000000000006,2.5,1.8599999999999994
2018,Abu Dhabi Grand Prix,BOT,3,ULTRASOFT,14,1.0019999999999953,3.774000000000001,2.7720000000000056
2018,Abu Dhabi Grand Prix,ERI,1,SUPERSOFT,18,1.8979999999999961,0.23100000000000875,-1.6669999999999874
2018,Abu Dhabi Grand Prix,GAS,1,SUPERSOFT,22,2.835000000000008,1.2169999999999987,-1.6180000000000092
2018,Abu Dhabi Grand Prix,GAS,2,ULTRASOFT,16,1.7579999999999956,2.2120000000000033,0.45400000000000773
2018,Abu Dhabi Grand Prix,GRO,2,SUPERSOFT,46,4.029000000000011,0.16900000000001114,-3.8599999999999994
2018,Abu Dhabi Grand Prix,HAM,2,SUPERSOFT,47,3.5670000000000073,0.42900000000000205,-3.1380000000000052
2018,Abu Dhabi Grand Prix,HAR,2,SUPERSOFT,48,4.25,0.5339999999999918,-3.716000000000008
2018,Abu Dhabi Grand Prix,LEC,2,SUPERSOFT,47,3.6799999999999926,0.1490000000000009,-3.5309999999999917
2018,Abu Dhabi Grand Prix,MAG,1,SUPERSOFT,34,3.9140000000000015,0.26300000000000523,-3.6509999999999962
2018,Abu Dhabi Grand Prix,MAG,2,ULTRASOFT,12,1.0060000000000002,0.578000000000003,-0.42799999999999727
2018,Abu Dhabi Grand Prix,OCO,1,HYPERSOFT,11,1.382000000000005,2.575000000000003,1.1929999999999978
2018,Abu Dhabi Grand Prix,OCO,2,SUPERSOFT,25,3.01700000000001,0.3100000000000023,-2.707000000000008
2018,Abu Dhabi Grand Prix,PER,1,ULTRASOFT,19,2.044000000000011,0.3850000000000051,-1.659000000000006
2018,Abu Dhabi Grand Prix,PER,2,SUPERSOFT,28,1.5379999999999967,0.0030000000000001137,-1.5349999999999966
2018,Abu Dhabi Grand Prix,RIC,1,ULTRASOFT,26,2.9650000000000034,0.06499999999999773,-2.9000000000000057
2018,Abu Dhabi Grand Prix,RIC,2,SUPERSOFT,21,1.4420000000000073,1.774000000000001,0.33199999999999363
2018,Abu Dhabi Grand Prix,SAI,1,ULTRASOFT,30,4.306999999999988,0.3119999999999976,-3.9949999999999903
2018,Abu Dhabi Grand Prix,SAI,2,SUPERSOFT,17,1.8769999999999953,0.1880000000000024,-1.688999999999993
2018,Abu Dhabi Grand Prix,SIR,1,SUPERSOFT,28,3.266999999999996,0.5310000000000059,-2.73599999999999
2018,Abu Dhabi Grand Prix,SIR,2,ULTRASOFT,18,1.2319999999999993,0.0660000000000025,-1.1659999999999968
2018,Abu Dhabi Grand Prix,STR,1,SUPERSOFT,33,3.6069999999999993,1.2730000000000103,-2.333999999999989
2018,Abu Dhabi Grand Prix,STR,2,ULTRASOFT,13,0.855000000000004,0.42600000000000193,-0.42900000000000205
2018,Abu Dhabi Grand Prix,VAN,1,SUPERSOFT,28,2.7989999999999924,0.6969999999999885,-2.102000000000004
2018,Abu Dhabi Grand Prix,VAN,2,ULTRASOFT,18,1.8659999999999997,0.4690000000000083,-1.3969999999999914
2018,Abu Dhabi Grand Prix,VER,1,HYPERSOFT,10,2.5559999999999974,1.0549999999999926,-1.5010000000000048
2018,Abu Dhabi Grand Prix,VER,2,SUPERSOFT,37,1.8059999999999974,0.6989999999999981,-1.1069999999999993
2018,Abu Dhabi Grand Prix,VET,1,ULTRASOFT,8,0.4579999999999984,0.8449999999999989,0.38700000000000045
2018,Abu Dhabi Grand Prix,VET,2,SUPERSOFT,39,2.7349999999999994,0.42900000000000205,-2.3059999999999974
2018,Australian Grand Prix,ALO,1,ULTRASOFT,21,2.9279999999999973,0.3340000000000032,-2.593999999999994
2018,Australian Grand Prix,ALO,2,SOFT,27,2.227000000000004,0.30400000000000205,-1.9230000000000018
2018,Australian Grand Prix,BOT,1,ULTRASOFT,20,1.801000000000002,1.4279999999999973,-0.37300000000000466
2018,Australian Grand Prix,BOT,2,SUPERSOFT,27,2.7539999999999907,0.945999999999998,-1.8079999999999927
2018,Australian Grand Prix,GAS,1,ULTRASOFT,9,1.6829999999999927,0.09399999999999409,-1.5889999999999986
2018,Australian Grand Prix,GRO,1,ULTRASOFT,19,2.0929999999999893,0.8079999999999927,-1.2849999999999966
2018,Australian Grand Prix,HAM,1,ULTRASOFT,13,2.266999999999996,0.09900000000000375,-2.167999999999992
2018,Australian Grand Prix,HAM,2,SOFT,32,1.7839999999999918,1.4979999999999905,-0.28600000000000136
2018,Australian Grand Prix,HAR,2,SOFT,18,2.083999999999989,1.3719999999999999,-0.7119999999999891
2018,Australian Grand Prix,HAR,3,ULTRASOFT,26,2.543999999999997,0.14999999999999147,-2.3940000000000055
2018,Australian Grand Prix,HUL,1,ULTRASOFT,19,1.5219999999999914,0.033999999999991815,-1.4879999999999995
2018,Australian Grand Prix,HUL,2,SOFT,27,2.2779999999999916,0.000999999999990564,-2.277000000000001
2018,Australian Grand Prix,LEC,1,SUPERSOFT,15,1.980000000000004,0.27899999999999636,-1.7010000000000076
2018,Australian Grand Prix,LEC,3,ULTRASOFT,27,2.239999999999995,0.24200000000000443,-1.9979999999999905
2018,Australian Grand Prix,MAG,1,ULTRASOFT,17,1.0429999999999922,0.28599999999998715,-0.757000000000005
2018,Australian Grand Prix,OCO,1,ULTRASOFT,18,1.3939999999999912,0.06599999999998829,-1.328000000000003
2018,Australian Grand Prix,OCO,2,SOFT,27,2.9180000000000064,0.3689999999999998,-2.5490000000000066
2018,Australian Grand Prix,PER,1,ULTRASOFT,19,1.3170000000000073,0.4240000000000066,-0.8930000000000007
2018,Australian Grand Prix,PER,2,SOFT,27,2.7680000000000007,0.7049999999999983,-2.0630000000000024
2018,Australian Grand Prix,RAI,1,ULTRASOFT,12,1.9620000000000033,0.23399999999999466,-1.7280000000000086
2018,Australian Grand Prix,RAI,2,SOFT,33,2.3900000000000006,0.17300000000000182,-2.2169999999999987
2018,Australian Grand Prix,RIC,1,SUPERSOFT,21,2.591000000000008,1.1740000000000066,-1.4170000000000016
2018,Australian Grand Prix,RIC,2,SOFT,27,2.0390000000000015,0.48400000000000887,-1.5549999999999926
2018,Australian Grand Prix,SAI,1,ULTRASOFT,17,2.076999999999998,0.387999999999991,-1.6890000000000072
2018,Australian Grand Prix,SAI,2,SOFT,28,2.2069999999999936,0.1599999999999966,-2.046999999999997
2018,Australian Grand Prix,STR,1,SUPERSOFT,20,1.445999999999998,0.1419999999999959,-1.304000000000002
2018,Australian Grand Prix,STR,3,ULTRASOFT,27,2.4680000000000035,0.17799999999999727,-2.2900000000000063
2018,Australian Grand Prix,VAN,1,ULTRASOFT,20,1.7909999999999968,0.6599999999999966,-1.1310000000000002
2018,Australian Grand Prix,VAN,2,SUPERSOFT,27,2.6170000000000044,0.13299999999999557,-2.484000000000009
2018,Australian Grand Prix,VER,1,SUPERSOFT,16,0.8269999999999982,0.3649999999999949,-0.4620000000000033
2018,Australian Grand Prix,VER,2,SOFT,29,1.5560000000000116,0.18200000000000216,-1.3740000000000094
2018,Australian Grand Prix,VET,1,ULTRASOFT,20,1.9320000000000022,0.708999999999989,-1.2230000000000132
2018,Australian Grand Prix,VET,2,SOFT,27,1.4200000000000017,0.7670000000000101,-0.6529999999999916
2018,Austrian Grand Prix,ALO,1,SUPERSOFT,12,0.8640000000000043,0.09700000000000841,-0.7669999999999959
2018,Austrian Grand Prix,ALO,2,SOFT,54,1.5769999999999982,0.025000000000005684,-1.5519999999999925
2018,Austrian Grand Prix,BOT,1,SUPERSOFT,12,0.695999999999998,0.17799999999999727,-0.5180000000000007
2018,Austrian Grand Prix,ERI,1,SOFT,40,2.2420000000000044,0.2120000000000033,-2.030000000000001
2018,Austrian Grand Prix,ERI,2,SUPERSOFT,24,0.5790000000000077,0.4380000000000024,-0.14100000000000534
2018,Austrian Grand Prix,GAS,1,SUPERSOFT,12,0.6170000000000044,0.07500000000000284,-0.5420000000000016
2018,Austrian Grand Prix,GAS,2,SOFT,54,0.5769999999999982,0.9110000000000014,0.3340000000000032
2018,Austrian Grand Prix,GRO,1,ULTRASOFT,13,1.3829999999999956,0.28600000000000136,-1.0969999999999942
2018,Austrian Grand Prix,GRO,2,SOFT,54,0.6170000000000044,0.10500000000000398,-0.5120000000000005
2018,Austrian Grand Prix,HAM,1,SUPERSOFT,20,0.9829999999999899,0.2639999999999958,-0.7189999999999941
2018,Austrian Grand Prix,HAM,2,SOFT,25,0.28600000000000136,0.5729999999999933,0.28699999999999193
2018,Austrian Grand Prix,HAM,3,SUPERSOFT,9,0.3299999999999983,0.9629999999999939,0.6329999999999956
2018,Austrian Grand Prix,HAR,1,SUPERSOFT,49,2.549999999999997,0.38299999999999557,-2.1670000000000016
2018,Austrian Grand Prix,HUL,1,ULTRASOFT,10,1.0799999999999983,0.19899999999999807,-0.8810000000000002
2018,Austrian Grand Prix,LEC,1,SUPERSOFT,10,0.20900000000000318,0.4060000000000059,0.19700000000000273
2018,Austrian Grand Prix,LEC,2,SOFT,54,0.6689999999999969,0.15500000000000114,-0.5139999999999958
2018,Austrian Grand Prix,MAG,1,ULTRASOFT,24,2.2139999999999986,0.07500000000000284,-2.138999999999996
2018,Austrian Grand Prix,MAG,2,SOFT,41,0.39100000000000534,0.09000000000000341,-0.30100000000000193
2018,Austrian Grand Prix,OCO,1,SUPERSOFT,13,1.063999999999993,0.04399999999999693,-1.019999999999996
2018,Austrian Grand Prix,OCO,2,SOFT,54,0.953000000000003,0.362000000000009,-0.590999999999994
2018,Austrian Grand Prix,PER,1,SUPERSOFT,23,2.3149999999999977,0.036000000000001364,-2.2789999999999964
2018,Austrian Grand Prix,PER,2,SOFT,42,0.7869999999999919,1.161999999999992,0.375
2018,Austrian Grand Prix,RAI,1,ULTRASOFT,13,0.9370000000000118,0.284000000000006,-0.6530000000000058
2018,Austrian Grand Prix,RAI,2,SOFT,55,1.4520000000000124,0.2600000000000051,-1.1920000000000073
2018,Austrian Grand Prix,RIC,1,SUPERSOFT,13,1.2129999999999939,0.22999999999998977,-0.9830000000000041
2018,Austrian Grand Prix,RIC,2,SOFT,21,0.11800000000000921,0.6150000000000091,0.4969999999999999
2018,Austrian Grand Prix,RIC,3,SUPERSOFT,14,1.0370000000000061,0.7670000000000101,-0.269999999999996
2018,Austrian Grand Prix,SAI,1,ULTRASOFT,12,0.9570000000000078,0.17200000000001125,-0.7849999999999966
2018,Austrian Grand Prix,SAI,2,SOFT,17,0.44000000000001194,2.155000000000001,1.7149999999999892
2018,Austrian Grand Prix,SAI,3,SUPERSOFT,35,0.3990000000000009,1.1529999999999916,0.7539999999999907
2018,Austrian Grand Prix,SIR,1,SUPERSOFT,19,1.4140000000000015,0.30800000000000693,-1.1059999999999945
2018,Austrian Grand Prix,SIR,2,SOFT,34,0.28999999999999204,1.5720000000000027,1.2820000000000107
2018,Austrian Grand Prix,SIR,3,ULTRASOFT,8,0.2259999999999991,0.14499999999999602,-0.08100000000000307
2018,Austrian Grand Prix,STR,1,ULTRASOFT,12,0.8939999999999912,0.10299999999999443,-0.7909999999999968
2018,Austrian Grand Prix,STR,2,SOFT,48,0.7719999999999914,0.6829999999999927,-0.08899999999999864
2018,Austrian Grand Prix,VAN,2,SOFT,35,1.0730000000000075,0.05100000000000193,-1.0220000000000056
2018,Austrian Grand Prix,VAN,3,SOFT,23,0.4089999999999918,0.5489999999999924,0.14000000000000057
2018,Austrian Grand Prix,VER,1,SUPERSOFT,13,0.6830000000000069,0.17300000000000182,-0.5100000000000051
2018,Austrian Grand Prix,VER,2,SOFT,55,1.2450000000000045,0.007000000000005002,-1.2379999999999995
2018,Austrian Grand Prix,VET,1,ULTRASOFT,13,1.6530000000000058,0.0969999999999942,-1.5560000000000116
2018,Austrian Grand Prix,VET,2,SOFT,55,1.413000000000011,0.1010000000000133,-1.3119999999999976
2018,Azerbaijan Grand Prix,ALO,2,SOFT,34,7.109000000000009,0.472999999999999,-6.63600000000001
2018,Azerbaijan Grand Prix,BOT,1,SUPERSOFT,34,5.989999999999995,0.3049999999999926,-5.685000000000002
2018,Azerbaijan Grand Prix,ERI,2,SOFT,12,4.655000000000001,0.5229999999999961,-4.132000000000005
2018,Azerbaijan Grand Prix,ERI,3,ULTRASOFT,16,1.0849999999999937,0.507000000000005,-0.5779999999999887
2018,Azerbaijan Grand Prix,GAS,1,ULTRASOFT,6,0.7459999999999951,0.7339999999999947,-0.012000000000000455
2018,Azerbaijan Grand Prix,GAS,2,SOFT,25,2.983000000000004,1.046999999999997,-1.936000000000007
2018,Azerbaijan Grand Prix,GRO,2,SUPERSOFT,34,6.189999999999998,0.44899999999999807,-5.741
2018,Azerbaijan Grand Prix,HAM,1,SUPERSOFT,16,3.7419999999999902,0.19499999999999318,-3.546999999999997
2018,Azerbaijan Grand Prix,HAM,2,SOFT,16,1.1699999999999875,0.16599999999999682,-1.0039999999999907
2018,Azerbaijan Grand Prix,HAR,2,ULTRASOFT,15,3.953000000000003,0.1570000000000107,-3.7959999999999923
2018,Azerbaijan Grand Prix,HAR,3,SUPERSOFT,15,1.1439999999999912,0.12699999999999534,-1.016999999999996
2018,Azerbaijan Grand Prix,LEC,1,SUPERSOFT,18,4.575999999999993,0.25499999999999545,-4.320999999999998
2018,Azerbaijan Grand Prix,LEC,2,SOFT,14,0.3459999999999894,0.17099999999999227,-0.17499999999999716
2018,Azerbaijan Grand Prix,MAG,2,SOFT,32,6.587000000000003,0.5030000000000001,-6.084000000000003
2018,Azerbaijan Grand Prix,PER,2,SOFT,34,6.114999999999995,0.07299999999999329,-6.042000000000002
2018,Azerbaijan Grand Prix,RAI,2,SOFT,34,5.869,0.19000000000001194,-5.678999999999988
2018,Azerbaijan Grand Prix,RIC,1,SUPERSOFT,31,7.2250000000000085,0.7630000000000052,-6.462000000000003
2018,Azerbaijan Grand Prix,SAI,1,ULTRASOFT,8,2.8759999999999906,0.6929999999999978,-2.1829999999999927
2018,Azerbaijan Grand Prix,SAI,2,SOFT,23,1.2199999999999989,0.27599999999999625,-0.9440000000000026
2018,Azerbaijan Grand Prix,STR,1,SUPERSOFT,17,4.082999999999998,0.37999999999999545,-3.703000000000003
2018,Azerbaijan Grand Prix,STR,2,SOFT,15,1.0460000000000065,0.17600000000000193,-0.8700000000000045
2018,Azerbaijan Grand Prix,VAN,1,SUPERSOFT,11,4.63300000000001,0.1980000000000075,-4.435000000000002
2018,Azerbaijan Grand Prix,VAN,2,SOFT,6,0.5730000000000075,0.49900000000000944,-0.07399999999999807
2018,Azerbaijan Grand Prix,VAN,3,ULTRASOFT,12,0.25199999999999534,3.0039999999999907,2.7519999999999953
2018,Azerbaijan Grand Prix,VER,1,SUPERSOFT,32,6.109999999999999,0.8709999999999951,-5.239000000000004
2018,Azerbaijan Grand Prix,VET,1,SUPERSOFT,24,3.38900000000001,0.4230000000000018,-2.966000000000008
2018,Azerbaijan Grand Prix,VET,2,SOFT,8,0.7680000000000007,0.3359999999999985,-0.43200000000000216
2018,Bahrain Grand Prix,ALO,1,SOFT,7,0.472999999999999,0.05200000000000671,-0.42099999999999227
2018,Bahrain Grand Prix,ALO,2,MEDIUM,23,0.5510000000000019,0.0379999999999967,-0.5130000000000052
2018,Bahrain Grand Prix,ALO,3,SUPERSOFT,16,1.3269999999999982,0.8029999999999973,-0.5240000000000009
2018,Bahrain Grand Prix,BOT,1,SUPERSOFT,14,0.06400000000000716,0.6330000000000098,0.5690000000000026
2018,Bahrain Grand Prix,BOT,2,MEDIUM,36,0.8460000000000036,2.6240000000000094,1.7780000000000058
2018,Bahrain Grand Prix,ERI,1,SOFT,16,0.3569999999999993,0.24200000000000443,-0.11499999999999488
2018,Bahrain Grand Prix,ERI,2,MEDIUM,32,0.367999999999995,1.5139999999999958,1.1460000000000008
2018,Bahrain Grand Prix,GAS,1,SUPERSOFT,9,0.09499999999999886,0.2220000000000084,0.12700000000000955
2018,Bahrain Grand Prix,GAS,2,SOFT,17,0.6780000000000115,0.8360000000000127,0.15800000000000125
2018,Bahrain Grand Prix,GAS,3,SUPERSOFT,22,0.2600000000000051,0.45000000000000284,0.18999999999999773
2018,Bahrain Grand Prix,GRO,1,SUPERSOFT,11,0.36099999999999,0.5939999999999941,0.2330000000000041
2018,Bahrain Grand Prix,GRO,2,SOFT,10,0.8259999999999934,1.1069999999999993,0.2810000000000059
2018,Bahrain Grand Prix,GRO,3,SUPERSOFT,13,1.0699999999999932,3.4949999999999903,2.424999999999997
2018,Bahrain Grand Prix,GRO,4,SUPERSOFT,10,0.4380000000000024,1.4129999999999967,0.9749999999999943
2018,Bahrain Grand Prix,HAM,1,SOFT,20,1.1149999999999949,0.9369999999999976,-0.17799999999999727
2018,Bahrain Grand Prix,HAM,2,MEDIUM,30,0.32099999999999795,0.605000000000004,0.284000000000006
2018,Bahrain Grand Prix,HAR,1,SUPERSOFT,13,0.055999999999997385,0.09300000000000352,0.03700000000000614
2018,Bahrain Grand Prix,HAR,2,SOFT,20,0.3579999999999899,2.2890000000000015,1.9310000000000116
2018,Bahrain Grand Prix,HAR,3,SUPERSOFT,13,0.2890000000000015,3.2750000000000057,2.986000000000004
2018,Bahrain Grand Prix,HUL,1,SUPERSOFT,8,0.40500000000000114,0.21400000000001285,-0.1909999999999883
2018,Bahrain Grand Prix,HUL,2,SOFT,22,0.5109999999999957,1.2870000000000061,0.7760000000000105
2018,Bahrain Grand Prix,HUL,3,SUPERSOFT,17,0.7710000000000008,3.5279999999999916,2.756999999999991
2018,Bahrain Grand Prix,LEC,2,MEDIUM,27,0.2960000000000065,2.4690000000000083,2.173000000000002
2018,Bahrain Grand Prix,LEC,3,SUPERSOFT,21,0.3989999999999867,0.8499999999999943,0.4510000000000076
2018,Bahrain Grand Prix,MAG,1,SUPERSOFT,7,0.8610000000000042,0.2639999999999958,-0.5970000000000084
2018,Bahrain Grand Prix,MAG,2,SUPERSOFT,12,0.3119999999999976,0.1979999999999933,-0.11400000000000432
2018,Bahrain Grand Prix,MAG,3,SOFT,29,1.906000000000006,1.7590000000000003,-0.14700000000000557
2018,Bahrain Grand Prix,OCO,1,SUPERSOFT,8,0.7560000000000002,0.3130000000000024,-0.44299999999999784
2018,Bahrain Grand Prix,OCO,2,MEDIUM,18,1.5280000000000058,0.8520000000000039,-0.6760000000000019
2018,Bahrain Grand Prix,OCO,3,SOFT,20,0.1529999999999916,0.9679999999999893,0.8149999999999977
2018,Bahrain Grand Prix,PER,2,MEDIUM,20,1.4939999999999998,1.9810000000000088,0.487000000000009
2018,Bahrain Grand Prix,PER,3,SUPERSOFT,23,0.12299999999999045,3.3079999999999927,3.1850000000000023
2018,Bahrain Grand Prix,RAI,1,SUPERSOFT,13,0.049000000000006594,1.0030000000000001,0.9539999999999935
2018,Bahrain Grand Prix,RAI,2,SOFT,14,0.07399999999999807,0.8119999999999976,0.7379999999999995
2018,Bahrain Grand Prix,SAI,1,SUPERSOFT,9,0.09099999999999397,0.19599999999999795,0.10500000000000398
2018,Bahrain Grand Prix,SAI,2,SUPERSOFT,8,1.13900000000001,1.5900000000000034,0.4509999999999934
2018,Bahrain Grand Prix,SAI,3,SOFT,29,0.6599999999999966,2.844999999999999,2.1850000000000023
2018,Bahrain Grand Prix,SIR,1,SOFT,15,1.399000000000001,2.9070000000000107,1.5080000000000098
2018,Bahrain Grand Prix,SIR,2,MEDIUM,16,0.5930000000000035,0.9609999999999985,0.367999999999995
2018,Bahrain Grand Prix,SIR,3,SUPERSOFT,15,0.08299999999999841,3.1170000000000044,3.034000000000006
2018,Bahrain Grand Prix,STR,2,SUPERSOFT,17,0.7680000000000007,1.8070000000000022,1.0390000000000015
2018,Bahrain Grand Prix,STR,3,MEDIUM,25,0.29599999999999227,2.277000000000001,1.9810000000000088
2018,Bahrain Grand Prix,VAN,2,SOFT,15,0.9950000000000045,1.2140000000000128,0.2190000000000083
2018,Bahrain Grand Prix,VAN,3,MEDIUM,27,0.2360000000000042,0.9959999999999951,0.7599999999999909
2018,Bahrain Grand Prix,VET,1,SUPERSOFT,12,0.15200000000000102,1.125,0.972999999999999
2018,Bahrain Grand Prix,VET,2,SOFT,38,0.2079999999999984,2.171999999999997,1.9639999999999986
2018,Belgian Grand Prix,BOT,3,SUPERSOFT,24,5.536000000000001,0.23399999999999466,-5.302000000000007
2018,Belgian Grand Prix,BOT,4,SOFT,14,0.7249999999999943,1.3160000000000025,0.5910000000000082
2018,Belgian Grand Prix,ERI,2,SOFT,21,2.9339999999999975,0.23999999999999488,-2.6940000000000026
2018,Belgian Grand Prix,ERI,3,SUPERSOFT,16,0.688999999999993,0.6359999999999957,-0.05299999999999727
2018,Belgian Grand Prix,GAS,2,SUPERSOFT,20,2.1970000000000027,0.15000000000000568,-2.046999999999997
2018,Belgian Grand Prix,GAS,3,SOFT,18,0.2540000000000049,0.7750000000000057,0.5210000000000008
2018,Belgian Grand Prix,GRO,2,SUPERSOFT,18,1.6559999999999917,0.06499999999999773,-1.590999999999994
2018,Belgian Grand Prix,GRO,3,SUPERSOFT,20,0.695999999999998,0.6189999999999998,-0.07699999999999818
2018,Belgian Grand Prix,HAM,2,SUPERSOFT,16,1.2890000000000015,0.5280000000000058,-0.7609999999999957
2018,Belgian Grand Prix,HAM,3,SOFT,22,0.1349999999999909,2.138999999999996,2.004000000000005
2018,Belgian Grand Prix,HAR,2,SOFT,26,4.388999999999996,0.9050000000000011,-3.4839999999999947
2018,Belgian Grand Prix,HAR,3,SUPERSOFT,11,0.44299999999999784,0.46299999999999386,0.01999999999999602
2018,Belgian Grand Prix,MAG,2,SUPERSOFT,21,2.0999999999999943,0.4549999999999983,-1.644999999999996
2018,Belgian Grand Prix,MAG,3,SUPERSOFT,17,0.30700000000000216,0.3710000000000093,0.06400000000000716
2018,Belgian Grand Prix,OCO,2,SUPERSOFT,19,1.7519999999999953,0.23999999999999488,-1.5120000000000005
2018,Belgian Grand Prix,OCO,3,SOFT,19,0.8389999999999986,0.5039999999999907,-0.33500000000000796
2018,Belgian Grand Prix,PER,2,SUPERSOFT,20,1.3589999999999947,0.09999999999999432,-1.2590000000000003
2018,Belgian Grand Prix,PER,3,SOFT,18,0.7060000000000031,0.5760000000000076,-0.12999999999999545
2018,Belgian Grand Prix,RIC,2,SOFT,25,4.575999999999993,0.8279999999999887,-3.7480000000000047
2018,Belgian Grand Prix,SAI,2,MEDIUM,17,1.8299999999999983,0.0799999999999983,-1.75
2018,Belgian Grand Prix,SAI,3,SUPERSOFT,20,0.8610000000000042,0.7139999999999986,-0.14700000000000557
2018,Belgian Grand Prix,SIR,2,SOFT,19,2.100999999999999,0.13100000000000023,-1.9699999999999989
2018,Belgian Grand Prix,SIR,3,SUPERSOFT,18,0.29000000000000625,0.42499999999999716,0.1349999999999909
2018,Belgian Grand Prix,STR,2,SOFT,18,2.4369999999999976,0.03699999999999193,-2.4000000000000057
2018,Belgian Grand Prix,STR,3,SUPERSOFT,19,1.0779999999999887,0.3739999999999952,-0.7039999999999935
2018,Belgian Grand Prix,VAN,3,MEDIUM,23,3.728999999999999,0.7710000000000008,-2.9579999999999984
2018,Belgian Grand Prix,VAN,4,SUPERSOFT,14,0.7939999999999969,0.3639999999999901,-0.4300000000000068
2018,Belgian Grand Prix,VER,1,SUPERSOFT,21,3.0829999999999984,0.21999999999999886,-2.8629999999999995
2018,Belgian Grand Prix,VER,2,SOFT,17,0.40099999999999625,0.8799999999999955,0.4789999999999992
2018,Belgian Grand Prix,VET,2,SUPERSOFT,17,0.29599999999999227,0.382000000000005,0.08600000000001273
2018,Belgian Grand Prix,VET,3,SOFT,21,0.09899999999998954,0.9709999999999894,0.8719999999999999
2018,Brazilian Grand Prix,ALO,1,SOFT,13,0.730000000000004,0.7630000000000052,0.03300000000000125
2018,Brazilian Grand Prix,ALO,2,MEDIUM,37,0.3649999999999949,1.036999999999992,0.671999999999997
2018,Brazilian Grand Prix,ALO,3,SUPERSOFT,14,0.04599999999999227,2.2510000000000048,2.2050000000000125
2018,Brazilian Grand Prix,BOT,1,SUPERSOFT,16,0.33100000000000307,0.41500000000000625,0.08400000000000318
2018,Brazilian Grand Prix,BOT,2,MEDIUM,39,1.8160000000000025,0.09100000000000819,-1.7249999999999943
2018,Brazilian Grand Prix,BOT,3,SOFT,11,1.2099999999999937,0.7419999999999902,-0.4680000000000035
2018,Brazilian Grand Prix,ERI,1,SUPERSOFT,16,0.25900000000000034,1.4309999999999974,1.171999999999997
2018,Brazilian Grand Prix,GAS,1,SUPERSOFT,20,0.4900000000000091,0.5940000000000083,0.1039999999999992
2018,Brazilian Grand Prix,GAS,2,MEDIUM,47,0.9549999999999983,2.5799999999999983,1.625
2018,Brazilian Grand Prix,GRO,1,SUPERSOFT,30,0.8260000000000076,0.6569999999999965,-0.16900000000001114
2018,Brazilian Grand Prix,GRO,2,MEDIUM,38,0.8290000000000077,0.21699999999999875,-0.612000000000009
2018,Brazilian Grand Prix,HAM,1,SUPERSOFT,17,0.3149999999999977,0.007000000000005002,-0.3079999999999927
2018,Brazilian Grand Prix,HAM,2,MEDIUM,51,1.597999999999999,0.2360000000000042,-1.3619999999999948
2018,Brazilian Grand Prix,HAR,1,MEDIUM,47,2.0919999999999987,0.49799999999999045,-1.5940000000000083
2018,Brazilian Grand Prix,HAR,2,SUPERSOFT,20,0.028000000000005798,1.6539999999999964,1.6259999999999906
2018,Brazilian Grand Prix,HUL,1,SOFT,28,1.6550000000000011,0.06499999999999773,-1.5900000000000034
2018,Brazilian Grand Prix,LEC,1,SUPERSOFT,33,1.266999999999996,0.25199999999999534,-1.0150000000000006
2018,Brazilian Grand Prix,LEC,2,MEDIUM,35,0.9260000000000019,0.08400000000000318,-0.8419999999999987
2018,Brazilian Grand Prix,MAG,1,SOFT,39,1.597999999999999,0.5040000000000049,-1.093999999999994
2018,Brazilian Grand Prix,MAG,2,SUPERSOFT,29,0.7669999999999959,0.6020000000000039,-0.16499999999999204
2018,Brazilian Grand Prix,OCO,1,SOFT,38,1.6840000000000117,0.7590000000000003,-0.9250000000000114
2018,Brazilian Grand Prix,OCO,2,SUPERSOFT,15,0.9680000000000035,0.15900000000000603,-0.8089999999999975
2018,Brazilian Grand Prix,OCO,3,SUPERSOFT,12,0.554000000000002,0.48099999999999454,-0.0730000000000075
2018,Brazilian Grand Prix,PER,1,SUPERSOFT,37,1.2079999999999984,0.7590000000000003,-0.44899999999999807
2018,Brazilian Grand Prix,PER,2,SOFT,30,0.8000000000000114,0.7310000000000088,-0.06900000000000261
2018,Brazilian Grand Prix,RAI,1,SOFT,29,1.4989999999999952,0.0759999999999934,-1.4230000000000018
2018,Brazilian Grand Prix,RAI,2,MEDIUM,39,1.48599999999999,0.19299999999999784,-1.2929999999999922
2018,Brazilian Grand Prix,RIC,1,SUPERSOFT,37,1.6850000000000023,0.44299999999999784,-1.2420000000000044
2018,Brazilian Grand Prix,RIC,2,SOFT,31,1.668999999999997,0.6629999999999967,-1.0060000000000002
2018,Brazilian Grand Prix,SAI,1,SOFT,23,0.4240000000000066,0.1600000000000108,-0.2639999999999958
2018,Brazilian Grand Prix,SAI,2,MEDIUM,21,0.5660000000000025,1.1129999999999995,0.546999999999997
2018,Brazilian Grand Prix,SAI,3,SUPERSOFT,21,0.5050000000000097,3.243000000000009,2.7379999999999995
2018,Brazilian Grand Prix,SIR,1,SOFT,14,1.0999999999999943,0.7890000000000015,-0.31099999999999284
2018,Brazilian Grand Prix,SIR,2,MEDIUM,52,0.19400000000000261,2.146000000000001,1.9519999999999982
2018,Brazilian Grand Prix,STR,1,SOFT,15,1.186000000000007,0.6129999999999995,-0.5730000000000075
2018,Brazilian Grand Prix,STR,2,MEDIUM,46,0.5520000000000067,1.980000000000004,1.4279999999999973
2018,Brazilian Grand Prix,VAN,1,SOFT,26,0.9440000000000026,0.21000000000000796,-0.7339999999999947
2018,Brazilian Grand Prix,VAN,2,MEDIUM,41,1.688999999999993,0.18500000000000227,-1.5039999999999907
2018,Brazilian Grand Prix,VER,1,SUPERSOFT,33,0.7909999999999968,0.46399999999999864,-0.3269999999999982
2018,Brazilian Grand Prix,VER,2,SOFT,35,1.078000000000003,0.4350000000000023,-0.6430000000000007
2018,Brazilian Grand Prix,VET,1,SOFT,25,1.1800000000000068,0.11400000000000432,-1.0660000000000025
2018,Brazilian Grand Prix,VET,2,MEDIUM,24,0.5220000000000056,0.1290000000000049,-0.3930000000000007
2018,Brazilian Grand Prix,VET,3,SUPERSOFT,17,1.3859999999999957,0.2749999999999915,-1.1110000000000042
2018,British Grand Prix,ALO,1,SOFT,11,0.7950000000000017,0.0379999999999967,-0.757000000000005
2018,British Grand Prix,ALO,2,MEDIUM,17,0.3930000000000007,0.5859999999999985,0.19299999999999784
2018,British Grand Prix,ALO,3,SOFT,11,0.7180000000000035,0.04000000000000625,-0.6779999999999973
2018,British Grand Prix,BOT,1,SOFT,19,0.3960000000000008,0.6560000000000059,0.2600000000000051
2018,British Grand Prix,BOT,2,MEDIUM,21,1.2940000000000111,0.8710000000000093,-0.4230000000000018
2018,British Grand Prix,ERI,1,SOFT,22,1.9519999999999982,0.40500000000000114,-1.546999999999997
2018,British Grand Prix,ERI,2,MEDIUM,6,0.9840000000000089,1.0829999999999984,0.09899999999998954
2018,British Grand Prix,GAS,1,SOFT,18,1.0019999999999953,0.055999999999997385,-0.945999999999998
2018,British Grand Prix,GAS,2,MEDIUM,10,0.507000000000005,0.2469999999999999,-0.2600000000000051
2018,British Grand Prix,GAS,3,SOFT,11,0.9039999999999964,0.9159999999999968,0.012000000000000455
2018,British Grand Prix,GRO,1,SOFT,24,1.7560000000000002,0.06700000000000728,-1.688999999999993
2018,British Grand Prix,HAM,1,SOFT,23,2.6650000000000063,1.7990000000000066,-0.8659999999999997
2018,British Grand Prix,HAM,2,MEDIUM,17,0.4369999999999976,0.16400000000000148,-0.27299999999999613
2018,British Grand Prix,HUL,1,MEDIUM,18,0.15499999999998693,0.3669999999999902,0.2120000000000033
2018,British Grand Prix,HUL,2,HARD,21,2.0379999999999967,0.4759999999999991,-1.5619999999999976
2018,British Grand Prix,LEC,1,SOFT,16,0.0519999999999925,0.0969999999999942,0.045000000000001705
2018,British Grand Prix,MAG,1,SOFT,23,2.358000000000004,0.32900000000000773,-2.0289999999999964
2018,British Grand Prix,MAG,2,MEDIUM,16,1.2879999999999967,0.2120000000000033,-1.0759999999999934
2018,British Grand Prix,OCO,1,SOFT,17,0.16599999999999682,0.031999999999996476,-0.13400000000000034
2018,British Grand Prix,OCO,2,MEDIUM,22,1.6230000000000047,0.2580000000000098,-1.3649999999999949
2018,British Grand Prix,PER,1,SOFT,11,0.7980000000000018,1.7900000000000063,0.9920000000000044
2018,British Grand Prix,PER,2,MEDIUM,17,0.4549999999999983,0.4620000000000033,0.007000000000005002
2018,British Grand Prix,PER,3,SOFT,11,0.8090000000000117,0.9120000000000061,0.10299999999999443
2018,British Grand Prix,RAI,1,SOFT,11,0.3410000000000082,0.4069999999999965,0.06599999999998829
2018,British Grand Prix,RAI,2,MEDIUM,18,0.9099999999999966,1.3079999999999927,0.39799999999999613
2018,British Grand Prix,RAI,3,SOFT,11,1.2120000000000033,0.37000000000000455,-0.8419999999999987
2018,British Grand Prix,RIC,1,SOFT,16,0.2079999999999984,0.36700000000000443,0.15900000000000603
2018,British Grand Prix,RIC,2,MEDIUM,10,0.4510000000000076,0.0040000000000048885,-0.44700000000000273
2018,British Grand Prix,RIC,3,SOFT,12,1.007000000000005,0.6940000000000026,-0.3130000000000024
2018,British Grand Prix,SAI,1,MEDIUM,15,0.08899999999999864,0.5289999999999964,0.4399999999999977
2018,British Grand Prix,SAI,2,HARD,13,0.5720000000000027,0.2920000000000016,-0.28000000000000114
2018,British Grand Prix,SIR,1,SOFT,19,1.4510000000000076,0.18200000000000216,-1.2690000000000055
2018,British Grand Prix,SIR,2,MEDIUM,20,1.3160000000000025,0.42600000000000193,-0.8900000000000006
2018,British Grand Prix,STR,1,MEDIUM,28,1.6000000000000085,0.05000000000001137,-1.5499999999999972
2018,British Grand Prix,STR,2,SOFT,11,1.0799999999999983,0.3229999999999933,-0.757000000000005
2018,British Grand Prix,VAN,1,SOFT,19,1.5080000000000098,0.12100000000000932,-1.3870000000000005
2018,British Grand Prix,VAN,2,MEDIUM,9,0.26600000000000534,0.13900000000001,-0.12699999999999534
2018,British Grand Prix,VAN,3,SOFT,9,1.0829999999999984,1.161999999999992,0.07899999999999352
2018,British Grand Prix,VER,1,SOFT,15,0.4939999999999998,0.7439999999999998,0.25
2018,British Grand Prix,VER,2,MEDIUM,14,0.539999999999992,0.42900000000000205,-0.11099999999999
2018,British Grand Prix,VET,1,SOFT,17,0.2680000000000007,1.6290000000000049,1.3610000000000042
2018,British Grand Prix,VET,2,MEDIUM,11,0.2879999999999967,0.3499999999999943,0.06199999999999761
2018,British Grand Prix,VET,3,SOFT,11,1.054000000000002,0.7250000000000085,-0.3289999999999935
2018,Canadian Grand Prix,ALO,1,ULTRASOFT,13,1.8229999999999933,0.11399999999999011,-1.7090000000000032
2018,Canadian Grand Prix,ALO,2,SUPERSOFT,21,0.8619999999999948,0.21399999999999864,-0.6479999999999961
2018,Canadian Grand Prix,BOT,1,ULTRASOFT,31,1.4939999999999998,0.8410000000000082,-0.6529999999999916
2018,Canadian Grand Prix,BOT,2,SUPERSOFT,33,0.6709999999999923,0.972999999999999,0.3020000000000067
2018,Canadian Grand Prix,ERI,2,SUPERSOFT,64,4.177999999999997,0.3689999999999998,-3.8089999999999975
2018,Canadian Grand Prix,GAS,1,HYPERSOFT,18,1.472999999999999,0.08100000000000307,-1.391999999999996
2018,Canadian Grand Prix,GAS,2,SUPERSOFT,45,0.9339999999999975,0.17600000000000193,-0.7579999999999956
2018,Canadian Grand Prix,GRO,1,ULTRASOFT,43,4.108999999999995,0.23999999999999488,-3.8689999999999998
2018,Canadian Grand Prix,GRO,2,SUPERSOFT,20,0.5840000000000032,0.4309999999999974,-0.1530000000000058
2018,Canadian Grand Prix,HAM,1,ULTRASOFT,11,0.8029999999999973,0.3299999999999983,-0.472999999999999
2018,Canadian Grand Prix,HAM,2,SUPERSOFT,53,1.6729999999999876,0.7999999999999972,-0.8729999999999905
2018,Canadian Grand Prix,HUL,1,HYPERSOFT,8,1.9719999999999942,0.664999999999992,-1.3070000000000022
2018,Canadian Grand Prix,HUL,2,SUPERSOFT,55,1.5,0.8259999999999934,-0.6740000000000066
2018,Canadian Grand Prix,LEC,1,ULTRASOFT,14,1.76100000000001,0.2120000000000033,-1.5490000000000066
2018,Canadian Grand Prix,LEC,2,SUPERSOFT,49,1.4279999999999973,0.5870000000000033,-0.840999999999994
2018,Canadian Grand Prix,MAG,1,ULTRASOFT,17,1.4179999999999922,0.11299999999999955,-1.3049999999999926
2018,Canadian Grand Prix,MAG,2,SUPERSOFT,46,1.1460000000000008,1.38900000000001,0.2430000000000092
2018,Canadian Grand Prix,OCO,1,HYPERSOFT,6,1.0330000000000013,0.20999999999999375,-0.8230000000000075
2018,Canadian Grand Prix,OCO,2,SUPERSOFT,57,1.384999999999991,0.3709999999999951,-1.0139999999999958
2018,Canadian Grand Prix,PER,2,SUPERSOFT,33,0.5420000000000016,1.0660000000000025,0.5240000000000009
2018,Canadian Grand Prix,PER,3,SUPERSOFT,24,0.7110000000000127,0.29300000000000637,-0.41800000000000637
2018,Canadian Grand Prix,RAI,1,ULTRASOFT,27,1.8940000000000055,0.2819999999999965,-1.612000000000009
2018,Canadian Grand Prix,RAI,2,SUPERSOFT,37,1.2219999999999942,1.1550000000000011,-0.06699999999999307
2018,Canadian Grand Prix,RIC,1,HYPERSOFT,12,1.3780000000000001,0.4410000000000025,-0.9369999999999976
2018,Canadian Grand Prix,RIC,2,SUPERSOFT,52,2.0,0.0040000000000048885,-1.9959999999999951
2018,Canadian Grand Prix,SAI,1,HYPERSOFT,9,1.5320000000000107,0.17200000000001125,-1.3599999999999994
2018,Canadian Grand Prix,SAI,2,SUPERSOFT,54,1.3419999999999987,0.9740000000000038,-0.367999999999995
2018,Canadian Grand Prix,SIR,1,SUPERSOFT,21,2.6599999999999966,0.02400000000000091,-2.6359999999999957
2018,Canadian Grand Prix,SIR,2,ULTRASOFT,41,1.8529999999999944,4.638999999999996,2.7860000000000014
2018,Canadian Grand Prix,VAN,2,SUPERSOFT,43,4.070999999999998,0.25,-3.820999999999998
2018,Canadian Grand Prix,VAN,3,HYPERSOFT,19,0.16800000000000637,0.7560000000000002,0.5879999999999939
2018,Canadian Grand Prix,VER,1,HYPERSOFT,11,0.6580000000000013,0.3889999999999958,-0.26900000000000546
2018,Canadian Grand Prix,VER,2,SUPERSOFT,53,2.016999999999996,0.39799999999999613,-1.6189999999999998
2018,Canadian Grand Prix,VET,1,ULTRASOFT,32,1.2560000000000002,0.21800000000000352,-1.0379999999999967
2018,Canadian Grand Prix,VET,2,SUPERSOFT,32,0.6039999999999992,1.141999999999996,0.5379999999999967
2018,Chinese Grand Prix,ALO,1,SOFT,12,1.2220000000000084,0.3990000000000009,-0.8230000000000075
2018,Chinese Grand Prix,ALO,2,MEDIUM,9,0.4230000000000018,0.21699999999999875,-0.20600000000000307
2018,Chinese Grand Prix,BOT,1,SOFT,13,0.5779999999999887,0.5450000000000017,-0.03299999999998704
2018,Chinese Grand Prix,BOT,2,MEDIUM,9,0.19900000000001228,0.2190000000000083,0.01999999999999602
2018,Chinese Grand Prix,ERI,1,SOFT,11,1.5549999999999926,0.3329999999999984,-1.2219999999999942
2018,Chinese Grand Prix,ERI,2,MEDIUM,10,0.3370000000000033,0.5400000000000063,0.20300000000000296
2018,Chinese Grand Prix,GAS,1,MEDIUM,13,3.471999999999994,0.20999999999999375,-3.2620000000000005
2018,Chinese Grand Prix,GAS,2,ULTRASOFT,10,0.4509999999999934,0.39699999999999136,-0.054000000000002046
2018,Chinese Grand Prix,GRO,1,ULTRASOFT,11,1.2139999999999986,0.0049999999999954525,-1.2090000000000032
2018,Chinese Grand Prix,GRO,2,ULTRASOFT,9,0.6480000000000103,0.5799999999999983,-0.06800000000001205
2018,Chinese Grand Prix,HAM,1,SOFT,12,1.6679999999999922,0.3719999999999999,-1.2959999999999923
2018,Chinese Grand Prix,HAM,2,MEDIUM,10,0.3230000000000075,0.534000000000006,0.21099999999999852
2018,Chinese Grand Prix,HAR,1,ULTRASOFT,12,0.6020000000000039,0.23900000000000432,-0.36299999999999955
2018,Chinese Grand Prix,HUL,1,ULTRASOFT,12,0.9189999999999969,0.242999999999995,-0.6760000000000019
2018,Chinese Grand Prix,HUL,2,SOFT,10,0.6370000000000005,0.06900000000000261,-0.5679999999999978
2018,Chinese Grand Prix,LEC,1,SOFT,12,0.6670000000000016,0.1770000000000067,-0.4899999999999949
2018,Chinese Grand Prix,LEC,2,MEDIUM,10,0.39799999999999613,0.2960000000000065,-0.10199999999998965
2018,Chinese Grand Prix,MAG,1,SOFT,12,1.4410000000000025,0.2780000000000058,-1.1629999999999967
2018,Chinese Grand Prix,MAG,2,MEDIUM,10,0.8850000000000051,0.18200000000000216,-0.703000000000003
2018,Chinese Grand Prix,OCO,1,SOFT,12,2.236000000000004,0.5630000000000024,-1.6730000000000018
2018,Chinese Grand Prix,OCO,2,ULTRASOFT,10,0.030000000000001137,0.39700000000000557,0.36700000000000443
2018,Chinese Grand Prix,PER,1,ULTRASOFT,12,2.1799999999999926,0.7830000000000013,-1.3969999999999914
2018,Chinese Grand Prix,PER,2,SOFT,10,0.3689999999999998,0.42099999999999227,0.0519999999999925
2018,Chinese Grand Prix,RAI,1,SOFT,13,2.317999999999998,0.19299999999999784,-2.125
2018,Chinese Grand Prix,RAI,2,MEDIUM,9,0.21399999999999864,0.804000000000002,0.5900000000000034
2018,Chinese Grand Prix,RIC,1,ULTRASOFT,13,2.1899999999999977,0.23799999999999955,-1.9519999999999982
2018,Chinese Grand Prix,RIC,2,SOFT,9,1.2340000000000089,0.6450000000000102,-0.5889999999999986
2018,Chinese Grand Prix,SAI,1,ULTRASOFT,12,1.7459999999999951,0.5250000000000057,-1.2209999999999894
2018,Chinese Grand Prix,SAI,2,SOFT,10,0.3469999999999942,0.7409999999999997,0.39400000000000546
2018,Chinese Grand Prix,SIR,1,SOFT,12,2.3910000000000053,0.11200000000000898,-2.2789999999999964
2018,Chinese Grand Prix,SIR,2,SOFT,10,0.049000000000006594,0.34499999999999886,0.29599999999999227
2018,Chinese Grand Prix,STR,1,SOFT,13,1.1460000000000008,0.362000000000009,-0.7839999999999918
2018,Chinese Grand Prix,STR,2,MEDIUM,10,0.4680000000000035,0.24500000000000455,-0.22299999999999898
2018,Chinese Grand Prix,VAN,1,SOFT,13,1.1530000000000058,0.2920000000000016,-0.8610000000000042
2018,Chinese Grand Prix,VAN,2,MEDIUM,10,0.6970000000000027,0.24200000000000443,-0.4549999999999983
2018,Chinese Grand Prix,VER,1,ULTRASOFT,12,1.5759999999999934,0.2809999999999917,-1.2950000000000017
2018,Chinese Grand Prix,VER,2,SOFT,10,0.08299999999999841,1.0279999999999916,0.9449999999999932
2018,Chinese Grand Prix,VET,1,SOFT,12,1.0690000000000026,0.6989999999999981,-0.37000000000000455
2018,Chinese Grand Prix,VET,2,MEDIUM,10,0.01100000000000989,1.3910000000000053,1.3799999999999955
2018,French Grand Prix,ALO,2,SOFT,40,1.406000000000006,1.4750000000000085,0.06900000000000261
2018,French Grand Prix,BOT,2,SOFT,33,4.686999999999998,0.26600000000000534,-4.420999999999992
2018,French Grand Prix,BOT,3,SUPERSOFT,11,0.9220000000000113,1.88600000000001,0.9639999999999986
2018,French Grand Prix,ERI,1,SUPERSOFT,29,4.254000000000005,0.016999999999995907,-4.237000000000009
2018,French Grand Prix,ERI,2,ULTRASOFT,14,0.527000000000001,1.483000000000004,0.9560000000000031
2018,French Grand Prix,GRO,1,ULTRASOFT,28,3.1189999999999998,0.3649999999999949,-2.754000000000005
2018,French Grand Prix,GRO,2,SUPERSOFT,14,1.1189999999999998,0.3470000000000084,-0.7719999999999914
2018,French Grand Prix,HAM,1,SUPERSOFT,27,1.7909999999999968,0.6110000000000042,-1.1799999999999926
2018,French Grand Prix,HAM,2,SOFT,17,0.8559999999999945,0.16100000000000136,-0.6949999999999932
2018,French Grand Prix,HAR,1,ULTRASOFT,32,3.9890000000000043,0.03200000000001069,-3.9569999999999936
2018,French Grand Prix,HAR,2,SUPERSOFT,11,0.06499999999999773,0.48499999999999943,0.4200000000000017
2018,French Grand Prix,HUL,1,SOFT,31,3.347999999999999,1.019999999999996,-2.328000000000003
2018,French Grand Prix,HUL,2,ULTRASOFT,13,0.8079999999999927,0.8439999999999941,0.036000000000001364
2018,French Grand Prix,LEC,1,ULTRASOFT,25,2.0799999999999983,0.5619999999999976,-1.5180000000000007
2018,French Grand Prix,LEC,2,SUPERSOFT,19,1.0799999999999983,0.42799999999999727,-0.652000000000001
2018,French Grand Prix,MAG,1,ULTRASOFT,22,2.2680000000000007,0.39799999999999613,-1.8700000000000045
2018,French Grand Prix,MAG,2,SOFT,22,1.6970000000000027,0.21099999999999852,-1.4860000000000042
2018,French Grand Prix,PER,1,SOFT,22,2.522999999999996,0.16100000000000136,-2.3619999999999948
2018,French Grand Prix,RAI,1,ULTRASOFT,28,2.7950000000000017,0.23100000000000875,-2.563999999999993
2018,French Grand Prix,RAI,2,SUPERSOFT,16,0.63900000000001,0.5280000000000058,-0.1110000000000042
2018,French Grand Prix,RIC,1,SUPERSOFT,22,2.460000000000008,0.33100000000000307,-2.129000000000005
2018,French Grand Prix,RIC,2,SOFT,22,0.6859999999999928,1.0429999999999922,0.3569999999999993
2018,French Grand Prix,SAI,1,ULTRASOFT,20,0.4760000000000133,0.2560000000000002,-0.22000000000001307
2018,French Grand Prix,SAI,2,SOFT,24,1.6019999999999897,3.437999999999988,1.8359999999999985
2018,French Grand Prix,SIR,2,ULTRASOFT,45,3.6569999999999965,2.1940000000000026,-1.4629999999999939
2018,French Grand Prix,STR,2,SOFT,43,3.7759999999999962,1.7609999999999957,-2.0150000000000006
2018,French Grand Prix,VAN,1,SUPERSOFT,34,3.6169999999999902,0.1389999999999958,-3.4779999999999944
2018,French Grand Prix,VAN,2,ULTRASOFT,9,0.6970000000000027,1.0190000000000055,0.32200000000000273
2018,French Grand Prix,VER,1,SUPERSOFT,19,1.0949999999999989,0.23000000000000398,-0.8649999999999949
2018,French Grand Prix,VER,2,SOFT,25,1.6389999999999958,0.6929999999999978,-0.945999999999998
2018,French Grand Prix,VET,2,SOFT,34,4.405000000000001,1.203000000000003,-3.201999999999998
2018,French Grand Prix,VET,3,ULTRASOFT,10,0.30800000000000693,1.9120000000000061,1.6039999999999992
2018,German Grand Prix,ALO,2,MEDIUM,10,1.5720000000000027,0.5150000000000006,-1.0570000000000022
2018,German Grand Prix,ALO,4,SOFT,9,4.254000000000005,0.590999999999994,-3.663000000000011
2018,German Grand Prix,BOT,2,SOFT,22,0.7710000000000008,5.106999999999999,4.3359999999999985
2018,German Grand Prix,BOT,3,ULTRASOFT,10,0.9339999999999975,0.07500000000000284,-0.8589999999999947
2018,German Grand Prix,ERI,1,SOFT,10,1.3960000000000008,0.2750000000000057,-1.1209999999999951
2018,German Grand Prix,ERI,2,ULTRASOFT,21,1.259999999999991,0.3119999999999976,-0.9479999999999933
2018,German Grand Prix,GAS,1,SOFT,15,0.5600000000000023,2.1529999999999916,1.5929999999999893
2018,German Grand Prix,GAS,3,ULTRASOFT,12,8.911000000000001,0.3859999999999957,-8.525000000000006
2018,German Grand Prix,GRO,2,MEDIUM,23,0.8219999999999885,7.138999999999996,6.317000000000007
2018,German Grand Prix,GRO,4,ULTRASOFT,10,1.9990000000000094,0.38800000000000523,-1.6110000000000042
2018,German Grand Prix,HAM,1,SOFT,13,0.13800000000000523,0.4890000000000043,0.3509999999999991
2018,German Grand Prix,HAM,2,ULTRASOFT,18,1.9200000000000017,0.21299999999999386,-1.7070000000000078
2018,German Grand Prix,HAR,2,MEDIUM,21,0.7210000000000036,9.834000000000003,9.113
2018,German Grand Prix,HAR,3,ULTRASOFT,10,1.0010000000000048,0.21600000000000819,-0.7849999999999966
2018,German Grand Prix,HUL,2,MEDIUM,23,1.3260000000000076,6.290999999999997,4.964999999999989
2018,German Grand Prix,HUL,4,ULTRASOFT,10,0.8560000000000088,0.07500000000000284,-0.7810000000000059
2018,German Grand Prix,LEC,2,SOFT,15,0.7239999999999895,0.4650000000000034,-0.25899999999998613
2018,German Grand Prix,LEC,4,ULTRASOFT,11,7.686999999999998,0.09099999999999397,-7.596000000000004
2018,German Grand Prix,MAG,2,MEDIUM,22,1.7379999999999995,3.298000000000002,1.5600000000000023
2018,German Grand Prix,MAG,4,ULTRASOFT,10,0.8019999999999925,0.14699999999999136,-0.6550000000000011
2018,German Grand Prix,OCO,2,SOFT,33,0.945999999999998,0.43899999999999295,-0.507000000000005
2018,German Grand Prix,PER,2,SOFT,32,1.8669999999999902,0.21599999999999397,-1.6509999999999962
2018,German Grand Prix,RAI,2,SOFT,23,0.8269999999999982,5.016000000000005,4.189000000000007
2018,German Grand Prix,RAI,3,ULTRASOFT,10,0.9500000000000028,0.2360000000000042,-0.7139999999999986
2018,German Grand Prix,SAI,2,MEDIUM,22,0.7520000000000095,3.8910000000000053,3.138999999999996
2018,German Grand Prix,SAI,4,ULTRASOFT,10,1.421999999999997,0.5349999999999966,-0.8870000000000005
2018,German Grand Prix,SIR,2,MEDIUM,21,0.35900000000000887,8.777000000000001,8.417999999999992
2018,German Grand Prix,STR,2,MEDIUM,21,0.6929999999999978,4.829999999999998,4.1370000000000005
2018,German Grand Prix,VAN,2,MEDIUM,18,2.1140000000000043,4.635000000000005,2.521000000000001
2018,German Grand Prix,VAN,3,ULTRASOFT,10,1.2689999999999912,0.2609999999999957,-1.0079999999999956
2018,German Grand Prix,VER,2,SOFT,15,0.5189999999999912,0.4350000000000023,-0.08399999999998897
2018,German Grand Prix,VER,4,ULTRASOFT,11,2.060999999999993,0.027000000000001023,-2.033999999999992
2018,German Grand Prix,VET,2,SOFT,23,0.695999999999998,6.0859999999999985,5.390000000000001
2018,Hungarian Grand Prix,ALO,1,SOFT,31,2.783999999999992,0.24800000000000466,-2.535999999999987
2018,Hungarian Grand Prix,ALO,2,MEDIUM,27,2.390999999999991,1.1910000000000025,-1.1999999999999886
2018,Hungarian Grand Prix,BOT,1,ULTRASOFT,7,0.4440000000000026,0.5169999999999959,0.07299999999999329
2018,Hungarian Grand Prix,BOT,2,SOFT,52,0.9479999999999933,4.8559999999999945,3.9080000000000013
2018,Hungarian Grand Prix,ERI,2,MEDIUM,59,1.25,1.3419999999999987,0.09199999999999875
2018,Hungarian Grand Prix,GAS,1,ULTRASOFT,24,0.16500000000000625,0.30400000000000205,0.1389999999999958
2018,Hungarian Grand Prix,GAS,2,SOFT,35,1.4599999999999937,0.32200000000000273,-1.137999999999991
2018,Hungarian Grand Prix,GRO,1,ULTRASOFT,21,1.7609999999999957,0.10099999999999909,-1.6599999999999966
2018,Hungarian Grand Prix,GRO,2,SOFT,37,1.8200000000000074,0.8569999999999993,-0.9630000000000081
2018,Hungarian Grand Prix,HAM,1,ULTRASOFT,17,1.0,1.3170000000000073,0.3170000000000073
2018,Hungarian Grand Prix,HAM,2,SOFT,42,1.7800000000000011,0.9830000000000041,-0.796999999999997
2018,Hungarian Grand Prix,HAR,1,ULTRASOFT,16,0.804000000000002,0.17900000000000205,-0.625
2018,Hungarian Grand Prix,HAR,2,MEDIUM,42,1.3710000000000093,0.7820000000000107,-0.5889999999999986
2018,Hungarian Grand Prix,HUL,1,SOFT,15,1.0720000000000027,0.19899999999999807,-0.8730000000000047
2018,Hungarian Grand Prix,HUL,2,MEDIUM,25,1.0150000000000006,0.23799999999999955,-0.777000000000001
2018,Hungarian Grand Prix,HUL,3,ULTRASOFT,18,1.1620000000000061,0.07900000000000773,-1.0829999999999984
2018,Hungarian Grand Prix,MAG,1,ULTRASOFT,23,1.233000000000004,0.42199999999999704,-0.811000000000007
2018,Hungarian Grand Prix,MAG,2,SOFT,35,1.907999999999987,3.1189999999999998,1.2110000000000127
2018,Hungarian Grand Prix,OCO,1,SOFT,31,1.7850000000000108,1.2139999999999986,-0.5710000000000122
2018,Hungarian Grand Prix,OCO,2,ULTRASOFT,27,1.0489999999999924,0.38400000000000034,-0.664999999999992
2018,Hungarian Grand Prix,PER,1,ULTRASOFT,14,1.4270000000000067,0.22499999999999432,-1.2020000000000124
2018,Hungarian Grand Prix,PER,2,SOFT,45,1.225999999999999,0.8299999999999983,-0.3960000000000008
2018,Hungarian Grand Prix,RAI,1,ULTRASOFT,6,0.5019999999999953,0.625,0.12300000000000466
2018,Hungarian Grand Prix,RAI,2,SOFT,22,0.41099999999998715,0.7439999999999998,0.3330000000000126
2018,Hungarian Grand Prix,RAI,3,SOFT,29,1.0889999999999986,0.7349999999999994,-0.3539999999999992
2018,Hungarian Grand Prix,RIC,1,SOFT,36,2.100999999999999,0.9470000000000027,-1.1539999999999964
2018,Hungarian Grand Prix,RIC,2,ULTRASOFT,23,1.3709999999999951,5.055999999999997,3.6850000000000023
2018,Hungarian Grand Prix,SAI,1,SOFT,17,1.2039999999999935,0.04200000000000159,-1.161999999999992
2018,Hungarian Grand Prix,SAI,2,MEDIUM,41,1.3760000000000048,1.1809999999999974,-0.1950000000000074
2018,Hungarian Grand Prix,SIR,1,SOFT,23,1.6770000000000067,0.4720000000000084,-1.2049999999999983
2018,Hungarian Grand Prix,SIR,2,MEDIUM,34,1.5769999999999982,2.1920000000000073,0.6150000000000091
2018,Hungarian Grand Prix,STR,1,MEDIUM,39,1.5769999999999982,0.3539999999999992,-1.222999999999999
2018,Hungarian Grand Prix,STR,2,ULTRASOFT,18,0.40500000000000114,1.9879999999999995,1.5829999999999984
2018,Hungarian Grand Prix,VAN,1,SOFT,32,2.7150000000000034,0.07500000000000284,-2.6400000000000006
2018,Hungarian Grand Prix,VAN,2,MEDIUM,8,1.0550000000000068,0.01999999999999602,-1.0350000000000108
2018,Hungarian Grand Prix,VET,1,SOFT,31,1.4420000000000073,1.2690000000000055,-0.17300000000000182
2018,Hungarian Grand Prix,VET,2,ULTRASOFT,28,2.480000000000004,0.4159999999999968,-2.064000000000007
2018,Japanese Grand Prix,ALO,1,SOFT,20,1.161999999999992,0.2989999999999924,-0.8629999999999995
2018,Japanese Grand Prix,ALO,2,MEDIUM,23,1.823999999999998,3.426000000000002,1.6020000000000039
2018,Japanese Grand Prix,BOT,1,SOFT,17,1.1230000000000047,0.3930000000000007,-0.730000000000004
2018,Japanese Grand Prix,BOT,2,MEDIUM,27,0.5949999999999989,0.7939999999999969,0.19899999999999807
2018,Japanese Grand Prix,ERI,2,MEDIUM,43,2.341000000000008,0.9609999999999985,-1.3800000000000097
2018,Japanese Grand Prix,GAS,1,SUPERSOFT,23,1.1099999999999994,0.7620000000000005,-0.347999999999999
2018,Japanese Grand Prix,GAS,2,SOFT,20,2.2760000000000105,5.103000000000009,2.826999999999998
2018,Japanese Grand Prix,GRO,1,SOFT,23,1.3100000000000023,0.36599999999999966,-0.9440000000000026
2018,Japanese Grand Prix,GRO,2,MEDIUM,21,0.2049999999999983,0.08100000000000307,-0.12399999999999523
2018,Japanese Grand Prix,HAM,1,SOFT,17,0.4239999999999924,0.1700000000000017,-0.2539999999999907
2018,Japanese Grand Prix,HAM,2,MEDIUM,26,1.0940000000000083,0.7019999999999982,-0.3920000000000101
2018,Japanese Grand Prix,HAR,1,SUPERSOFT,22,1.8799999999999955,0.19299999999999784,-1.6869999999999976
2018,Japanese Grand Prix,HAR,2,SOFT,21,1.3589999999999947,2.6470000000000056,1.288000000000011
2018,Japanese Grand Prix,HUL,1,MEDIUM,24,1.7180000000000035,1.8700000000000045,0.15200000000000102
2018,Japanese Grand Prix,LEC,2,MEDIUM,27,2.424999999999997,0.5220000000000056,-1.9029999999999916
2018,Japanese Grand Prix,OCO,1,SUPERSOFT,20,1.7759999999999962,0.6650000000000063,-1.11099999999999
2018,Japanese Grand Prix,OCO,2,MEDIUM,24,1.3109999999999928,0.057999999999992724,-1.2530000000000001
2018,Japanese Grand Prix,PER,1,SUPERSOFT,18,1.7269999999999897,1.1289999999999907,-0.597999999999999
2018,Japanese Grand Prix,PER,2,SOFT,26,2.118000000000009,0.27300000000001035,-1.8449999999999989
2018,Japanese Grand Prix,RAI,1,SUPERSOFT,11,1.0250000000000057,0.659000000000006,-0.36599999999999966
2018,Japanese Grand Prix,RAI,2,MEDIUM,34,1.195999999999998,2.891999999999996,1.695999999999998
2018,Japanese Grand Prix,RIC,1,SOFT,17,3.0790000000000077,0.058000000000006935,-3.021000000000001
2018,Japanese Grand Prix,RIC,2,MEDIUM,28,0.43200000000000216,0.2079999999999984,-0.22400000000000375
2018,Japanese Grand Prix,SAI,1,SOFT,26,2.497,0.8010000000000019,-1.695999999999998
2018,Japanese Grand Prix,SAI,2,MEDIUM,17,0.7259999999999991,0.8780000000000001,0.15200000000000102
2018,Japanese Grand Prix,SIR,2,MEDIUM,30,1.9669999999999987,0.6170000000000044,-1.3499999999999943
2018,Japanese Grand Prix,SIR,3,SUPERSOFT,12,0.7309999999999945,2.0220000000000056,1.291000000000011
2018,Japanese Grand Prix,STR,1,SOFT,8,1.323999999999998,0.2459999999999951,-1.078000000000003
2018,Japanese Grand Prix,STR,2,MEDIUM,23,0.2150000000000034,2.9750000000000085,2.760000000000005
2018,Japanese Grand Prix,STR,3,SUPERSOFT,12,0.7040000000000077,1.25,0.5459999999999923
2018,Japanese Grand Prix,VAN,1,SOFT,17,3.6810000000000116,0.28000000000000114,-3.4010000000000105
2018,Japanese Grand Prix,VAN,2,MEDIUM,27,0.4960000000000093,1.9549999999999983,1.458999999999989
2018,Japanese Grand Prix,VER,1,SUPERSOFT,15,0.1670000000000016,0.29399999999999693,0.12699999999999534
2018,Japanese Grand Prix,VER,2,SOFT,29,0.49099999999999966,0.4959999999999951,0.0049999999999954525
2018,Japanese Grand Prix,VET,1,SUPERSOFT,20,0.46699999999999875,1.7409999999999997,1.274000000000001
2018,Japanese Grand Prix,VET,2,SOFT,24,3.7879999999999967,0.35200000000000387,-3.435999999999993
2018,Mexican Grand Prix,BOT,1,ULTRASOFT,8,0.05200000000000671,1.0550000000000068,1.0030000000000001
2018,Mexican Grand Prix,BOT,2,SUPERSOFT,32,0.33499999999999375,0.9549999999999983,0.6200000000000045
2018,Mexican Grand Prix,BOT,3,ULTRASOFT,11,0.0799999999999983,2.3830000000000098,2.3030000000000115
2018,Mexican Grand Prix,BOT,4,HYPERSOFT,7,0.5900000000000034,3.0090000000000003,2.418999999999997
2018,Mexican Grand Prix,ERI,1,HYPERSOFT,13,0.41500000000000625,3.0460000000000065,2.6310000000000002
2018,Mexican Grand Prix,ERI,2,SUPERSOFT,47,1.0280000000000058,0.4549999999999983,-0.5730000000000075
2018,Mexican Grand Prix,GAS,2,SUPERSOFT,19,0.4789999999999992,2.8130000000000024,2.334000000000003
2018,Mexican Grand Prix,GAS,3,SUPERSOFT,37,1.308000000000007,0.0010000000000047748,-1.3070000000000022
2018,Mexican Grand Prix,GRO,1,SUPERSOFT,39,2.190000000000012,1.0760000000000076,-1.1140000000000043
2018,Mexican Grand Prix,GRO,2,ULTRASOFT,14,0.5779999999999887,3.664999999999992,3.0870000000000033
2018,Mexican Grand Prix,GRO,3,HYPERSOFT,7,0.7279999999999944,0.8640000000000043,0.1360000000000099
2018,Mexican Grand Prix,HAM,1,ULTRASOFT,8,0.367999999999995,1.2369999999999948,0.8689999999999998
2018,Mexican Grand Prix,HAM,2,SUPERSOFT,32,0.8230000000000075,0.9980000000000047,0.17499999999999716
2018,Mexican Grand Prix,HAM,3,ULTRASOFT,21,0.08800000000000807,1.9660000000000082,1.8780000000000001
2018,Mexican Grand Prix,HAR,2,ULTRASOFT,19,0.3189999999999884,2.509999999999991,2.1910000000000025
2018,Mexican Grand Prix,HAR,3,SUPERSOFT,39,0.03499999999999659,1.0849999999999937,1.0499999999999972
2018,Mexican Grand Prix,HUL,1,HYPERSOFT,9,0.5829999999999984,1.8829999999999956,1.2999999999999972
2018,Mexican Grand Prix,HUL,2,SUPERSOFT,51,3.649000000000001,0.1110000000000042,-3.5379999999999967
2018,Mexican Grand Prix,LEC,1,HYPERSOFT,10,0.28300000000000125,2.2950000000000017,2.0120000000000005
2018,Mexican Grand Prix,LEC,2,SUPERSOFT,51,3.597999999999999,0.14699999999999136,-3.4510000000000076
2018,Mexican Grand Prix,MAG,1,SUPERSOFT,38,1.6820000000000022,1.706000000000003,0.02400000000000091
2018,Mexican Grand Prix,MAG,2,ULTRASOFT,23,0.8960000000000008,2.562000000000012,1.666000000000011
2018,Mexican Grand Prix,OCO,2,SUPERSOFT,24,0.11999999999999034,1.617999999999995,1.4980000000000047
2018,Mexican Grand Prix,OCO,3,ULTRASOFT,36,0.4269999999999925,0.031999999999996476,-0.394999999999996
2018,Mexican Grand Prix,PER,1,SUPERSOFT,27,0.5330000000000013,0.7390000000000043,0.20600000000000307
2018,Mexican Grand Prix,PER,2,ULTRASOFT,6,0.26799999999998647,2.0509999999999877,1.7830000000000013
2018,Mexican Grand Prix,RAI,1,ULTRASOFT,14,0.5789999999999935,2.2989999999999924,1.7199999999999989
2018,Mexican Grand Prix,RAI,2,SUPERSOFT,48,0.37699999999999534,1.921999999999997,1.5450000000000017
2018,Mexican Grand Prix,RIC,1,ULTRASOFT,9,0.23099999999999454,1.1880000000000024,0.9570000000000078
2018,Mexican Grand Prix,RIC,2,SUPERSOFT,46,2.1610000000000014,0.9080000000000013,-1.2530000000000001
2018,Mexican Grand Prix,SAI,1,HYPERSOFT,8,1.0120000000000005,1.4639999999999986,0.4519999999999982
2018,Mexican Grand Prix,SAI,2,SUPERSOFT,16,1.0969999999999942,0.8269999999999982,-0.269999999999996
2018,Mexican Grand Prix,SIR,1,ULTRASOFT,8,2.8599999999999994,0.6069999999999993,-2.253
2018,Mexican Grand Prix,SIR,2,SUPERSOFT,52,0.7339999999999947,0.5690000000000026,-0.16499999999999204
2018,Mexican Grand Prix,STR,1,ULTRASOFT,7,1.2769999999999868,0.9199999999999875,-0.3569999999999993
2018,Mexican Grand Prix,STR,2,ULTRASOFT,11,0.05900000000001171,1.4850000000000136,1.426000000000002
2018,Mexican Grand Prix,STR,3,SUPERSOFT,40,0.018000000000000682,0.5420000000000016,0.5240000000000009
2018,Mexican Grand Prix,VAN,1,ULTRASOFT,9,1.3220000000000027,1.3539999999999992,0.031999999999996476
2018,Mexican Grand Prix,VAN,2,SUPERSOFT,51,0.9519999999999982,1.1149999999999949,0.1629999999999967
2018,Mexican Grand Prix,VER,1,ULTRASOFT,9,0.16799999999999216,1.367999999999995,1.2000000000000028
2018,Mexican Grand Prix,VER,2,SUPERSOFT,31,0.36099999999999,0.7239999999999895,0.36299999999999955
2018,Mexican Grand Prix,VER,3,SUPERSOFT,19,1.2479999999999905,1.0559999999999974,-0.19199999999999307
2018,Mexican Grand Prix,VET,1,ULTRASOFT,14,0.1599999999999966,0.32799999999998875,0.16799999999999216
2018,Mexican Grand Prix,VET,2,SUPERSOFT,26,1.0160000000000053,0.2259999999999991,-0.7900000000000063
2018,Mexican Grand Prix,VET,3,ULTRASOFT,21,0.820999999999998,1.4289999999999878,0.6079999999999899
2018,Monaco Grand Prix,ALO,1,HYPERSOFT,17,1.1030000000000086,0.6329999999999956,-0.4700000000000131
2018,Monaco Grand Prix,ALO,2,SUPERSOFT,32,0.465999999999994,4.474000000000004,4.00800000000001
2018,Monaco Grand Prix,BOT,1,HYPERSOFT,15,0.5370000000000061,1.725999999999999,1.188999999999993
2018,Monaco Grand Prix,BOT,2,SUPERSOFT,57,0.23799999999999955,1.7750000000000057,1.5370000000000061
2018,Monaco Grand Prix,ERI,1,ULTRASOFT,15,2.5120000000000005,1.2270000000000039,-1.2849999999999966
2018,Monaco Grand Prix,ERI,2,SUPERSOFT,58,0.15399999999999636,1.0279999999999916,0.8739999999999952
2018,Monaco Grand Prix,GAS,1,HYPERSOFT,35,1.7219999999999942,0.5999999999999943,-1.1219999999999999
2018,Monaco Grand Prix,GAS,2,SUPERSOFT,37,1.1400000000000006,1.625,0.48499999999999943
2018,Monaco Grand Prix,GRO,1,ULTRASOFT,13,1.1460000000000008,1.5160000000000053,0.37000000000000455
2018,Monaco Grand Prix,GRO,2,SUPERSOFT,51,1.0550000000000068,1.9249999999999972,0.8699999999999903
2018,Monaco Grand Prix,GRO,3,HYPERSOFT,6,0.3689999999999998,4.310999999999993,3.941999999999993
2018,Monaco Grand Prix,HAM,1,HYPERSOFT,10,1.1200000000000045,0.25199999999999534,-0.8680000000000092
2018,Monaco Grand Prix,HAM,2,ULTRASOFT,62,0.44899999999999807,2.146000000000001,1.6970000000000027
2018,Monaco Grand Prix,HAR,1,HYPERSOFT,11,1.865000000000009,1.4210000000000065,-0.4440000000000026
2018,Monaco Grand Prix,HAR,2,ULTRASOFT,56,0.6180000000000092,1.2560000000000002,0.637999999999991
2018,Monaco Grand Prix,HUL,1,ULTRASOFT,48,1.6260000000000048,0.7279999999999944,-0.8980000000000103
2018,Monaco Grand Prix,HUL,2,HYPERSOFT,24,1.86399999999999,2.695999999999998,0.8320000000000078
2018,Monaco Grand Prix,LEC,1,ULTRASOFT,12,2.120999999999995,0.5999999999999943,-1.5210000000000008
2018,Monaco Grand Prix,LEC,2,SUPERSOFT,55,0.038000000000010914,0.8070000000000022,0.7689999999999912
2018,Monaco Grand Prix,MAG,1,ULTRASOFT,15,1.8230000000000075,0.7519999999999953,-1.0710000000000122
2018,Monaco Grand Prix,MAG,2,SUPERSOFT,58,0.117999999999995,1.4050000000000011,1.2870000000000061
2018,Monaco Grand Prix,OCO,1,HYPERSOFT,21,0.3410000000000082,0.8790000000000049,0.5379999999999967
2018,Monaco Grand Prix,OCO,2,SUPERSOFT,51,2.575000000000003,1.8250000000000028,-0.75
2018,Monaco Grand Prix,PER,1,HYPERSOFT,19,1.3319999999999936,0.7639999999999958,-0.5679999999999978
2018,Monaco Grand Prix,PER,2,SUPERSOFT,54,0.3229999999999933,0.563999999999993,0.24099999999999966
2018,Monaco Grand Prix,RAI,1,HYPERSOFT,15,1.76400000000001,0.7330000000000041,-1.031000000000006
2018,Monaco Grand Prix,RAI,2,ULTRASOFT,57,0.015999999999991132,1.2980000000000018,1.2820000000000107
2018,Monaco Grand Prix,RIC,1,HYPERSOFT,14,2.234000000000009,0.23000000000000398,-2.004000000000005
2018,Monaco Grand Prix,RIC,2,ULTRASOFT,58,1.593999999999994,0.1559999999999917,-1.4380000000000024
2018,Monaco Grand Prix,SAI,1,HYPERSOFT,14,0.9140000000000015,1.1260000000000048,0.2120000000000033
2018,Monaco Grand Prix,SAI,2,ULTRASOFT,59,0.6419999999999959,1.6029999999999944,0.9609999999999985
2018,Monaco Grand Prix,SIR,2,HYPERSOFT,10,0.42799999999999727,1.8939999999999912,1.465999999999994
2018,Monaco Grand Prix,SIR,3,ULTRASOFT,28,0.029000000000010573,2.5290000000000106,2.5
2018,Monaco Grand Prix,SIR,4,SUPERSOFT,25,2.228999999999999,0.07500000000000284,-2.1539999999999964
2018,Monaco Grand Prix,STR,1,ULTRASOFT,7,0.9069999999999965,0.7620000000000005,-0.14499999999999602
2018,Monaco Grand Prix,STR,2,SUPERSOFT,23,2.171999999999997,1.8029999999999973,-0.3689999999999998
2018,Monaco Grand Prix,STR,3,HYPERSOFT,23,0.1559999999999917,4.222999999999999,4.067000000000007
2018,Monaco Grand Prix,STR,4,HYPERSOFT,14,0.2920000000000016,3.094999999999999,2.8029999999999973
2018,Monaco Grand Prix,VAN,1,ULTRASOFT,18,1.9340000000000117,2.618000000000009,0.6839999999999975
2018,Monaco Grand Prix,VAN,2,SUPERSOFT,50,0.472999999999999,1.649000000000001,1.176000000000002
2018,Monaco Grand Prix,VER,1,ULTRASOFT,45,2.608000000000004,0.9939999999999998,-1.6140000000000043
2018,Monaco Grand Prix,VER,2,HYPERSOFT,27,2.1539999999999964,4.390999999999991,2.2369999999999948
2018,Monaco Grand Prix,VET,1,HYPERSOFT,14,2.022999999999996,0.07399999999999807,-1.948999999999998
2018,Monaco Grand Prix,VET,2,ULTRASOFT,58,0.6460000000000008,0.9039999999999964,0.25799999999999557
2018,Russian Grand Prix,ALO,2,SOFT,46,2.7210000000000036,1.1099999999999994,-1.6110000000000042
2018,Russian Grand Prix,BOT,1,ULTRASOFT,9,0.4240000000000066,0.75,0.3259999999999934
2018,Russian Grand Prix,BOT,2,SOFT,40,3.884999999999991,0.8269999999999982,-3.0579999999999927
2018,Russian Grand Prix,ERI,1,HYPERSOFT,9,1.2849999999999966,1.6199999999999903,0.33499999999999375
2018,Russian Grand Prix,ERI,2,SOFT,24,2.0060000000000002,0.42900000000000205,-1.5769999999999982
2018,Russian Grand Prix,ERI,3,ULTRASOFT,14,0.42600000000000193,1.024000000000001,0.597999999999999
2018,Russian Grand Prix,GRO,1,HYPERSOFT,6,1.2530000000000001,0.22999999999998977,-1.0230000000000103
2018,Russian Grand Prix,GRO,2,SOFT,43,3.596999999999994,0.6890000000000072,-2.907999999999987
2018,Russian Grand Prix,HAM,1,ULTRASOFT,12,0.36299999999999955,0.4590000000000032,0.09600000000000364
2018,Russian Grand Prix,HAM,2,SOFT,38,2.7280000000000086,0.487000000000009,-2.2409999999999997
2018,Russian Grand Prix,HUL,1,SOFT,33,4.0519999999999925,0.007999999999995566,-4.043999999999997
2018,Russian Grand Prix,HUL,2,ULTRASOFT,16,0.34899999999998954,0.08399999999998897,-0.26500000000000057
2018,Russian Grand Prix,LEC,1,HYPERSOFT,8,0.3430000000000035,1.2870000000000061,0.9440000000000026
2018,Russian Grand Prix,LEC,2,SOFT,42,3.122,0.4159999999999968,-2.706000000000003
2018,Russian Grand Prix,MAG,1,HYPERSOFT,7,0.5250000000000057,1.411999999999992,0.8869999999999862
2018,Russian Grand Prix,MAG,2,SOFT,42,3.3900000000000006,0.17300000000000182,-3.2169999999999987
2018,Russian Grand Prix,OCO,1,HYPERSOFT,8,0.27899999999999636,0.7150000000000034,0.43600000000000705
2018,Russian Grand Prix,OCO,2,SOFT,41,3.028000000000006,0.13299999999999557,-2.8950000000000102
2018,Russian Grand Prix,PER,1,HYPERSOFT,10,2.350999999999999,0.36599999999999966,-1.9849999999999994
2018,Russian Grand Prix,PER,2,SOFT,39,3.3490000000000038,0.5120000000000005,-2.8370000000000033
2018,Russian Grand Prix,RAI,1,ULTRASOFT,16,0.347999999999999,0.2710000000000008,-0.07699999999999818
2018,Russian Grand Prix,RAI,2,SOFT,34,1.4279999999999973,0.9709999999999894,-0.45700000000000784
2018,Russian Grand Prix,RIC,1,SOFT,37,4.304000000000002,0.2560000000000002,-4.048000000000002
2018,Russian Grand Prix,RIC,2,ULTRASOFT,13,1.355000000000004,2.5730000000000075,1.2180000000000035
2018,Russian Grand Prix,SAI,1,SOFT,30,2.396000000000001,0.1939999999999884,-2.2020000000000124
2018,Russian Grand Prix,SAI,2,ULTRASOFT,18,0.7780000000000058,2.9200000000000017,2.141999999999996
2018,Russian Grand Prix,SIR,1,ULTRASOFT,8,0.34600000000000364,3.489999999999995,3.1439999999999912
2018,Russian Grand Prix,SIR,2,SOFT,40,2.0870000000000033,2.7760000000000105,0.6890000000000072
2018,Russian Grand Prix,STR,2,SOFT,44,2.9740000000000038,0.9959999999999951,-1.9780000000000086
2018,Russian Grand Prix,VAN,1,ULTRASOFT,9,0.16600000000001103,0.9350000000000023,0.7689999999999912
2018,Russian Grand Prix,VAN,2,SOFT,39,2.4720000000000084,2.1230000000000047,-0.34900000000000375
2018,Russian Grand Prix,VER,1,SOFT,40,3.594999999999999,0.5739999999999981,-3.021000000000001
2018,Russian Grand Prix,VER,2,ULTRASOFT,9,0.9320000000000022,1.063999999999993,0.1319999999999908
2018,Russian Grand Prix,VET,1,ULTRASOFT,11,0.5759999999999934,0.5619999999999976,-0.013999999999995794
2018,Russian Grand Prix,VET,2,SOFT,39,3.3629999999999995,0.8960000000000008,-2.4669999999999987
2018,Singapore Grand Prix,ALO,1,ULTRASOFT,33,3.034000000000006,0.19700000000000273,-2.8370000000000033
2018,Singapore Grand Prix,ALO,2,SOFT,22,2.757000000000005,1.9099999999999966,-0.8470000000000084
2018,Singapore Grand Prix,BOT,1,HYPERSOFT,11,2.6380000000000052,0.480000000000004,-2.1580000000000013
2018,Singapore Grand Prix,BOT,2,SOFT,44,0.960000000000008,2.1710000000000065,1.2109999999999985
2018,Singapore Grand Prix,ERI,1,ULTRASOFT,50,5.774000000000001,2.1140000000000043,-3.6599999999999966
2018,Singapore Grand Prix,GAS,1,HYPERSOFT,21,2.6310000000000002,0.6230000000000047,-2.0079999999999956
2018,Singapore Grand Prix,GAS,2,ULTRASOFT,33,0.563999999999993,1.3640000000000043,0.8000000000000114
2018,Singapore Grand Prix,GRO,1,HYPERSOFT,11,0.4969999999999999,2.0289999999999964,1.5319999999999965
2018,Singapore Grand Prix,GRO,2,SOFT,43,2.625,1.8770000000000095,-0.7479999999999905
2018,Singapore Grand Prix,HAM,1,HYPERSOFT,10,3.649000000000001,0.5259999999999962,-3.1230000000000047
2018,Singapore Grand Prix,HAM,2,SOFT,45,2.88900000000001,0.88900000000001,-2.0
2018,Singapore Grand Prix,HAR,1,HYPERSOFT,9,2.0960000000000036,0.3539999999999992,-1.7420000000000044
2018,Singapore Grand Prix,HAR,2,ULTRASOFT,20,1.7650000000000006,4.481999999999999,2.7169999999999987
2018,Singapore Grand Prix,HAR,3,HYPERSOFT,23,1.4140000000000015,7.737000000000009,6.3230000000000075
2018,Singapore Grand Prix,HUL,1,HYPERSOFT,10,2.155000000000001,0.45400000000000773,-1.7009999999999934
2018,Singapore Grand Prix,HUL,2,ULTRASOFT,44,2.2369999999999948,0.46999999999999886,-1.766999999999996
2018,Singapore Grand Prix,LEC,1,ULTRASOFT,33,4.563999999999993,0.4170000000000016,-4.146999999999991
2018,Singapore Grand Prix,LEC,2,HYPERSOFT,21,1.1700000000000017,1.152000000000001,-0.018000000000000682
2018,Singapore Grand Prix,MAG,1,ULTRASOFT,21,2.406000000000006,0.09900000000000375,-2.307000000000002
2018,Singapore Grand Prix,MAG,2,SOFT,8,0.2600000000000051,4.454999999999998,4.194999999999993
2018,Singapore Grand Prix,MAG,3,HYPERSOFT,20,3.191999999999993,8.593000000000004,5.4010000000000105
2018,Singapore Grand Prix,PER,1,HYPERSOFT,12,0.7049999999999983,1.6869999999999976,0.9819999999999993
2018,Singapore Grand Prix,PER,2,ULTRASOFT,14,1.0460000000000065,0.9900000000000091,-0.055999999999997385
2018,Singapore Grand Prix,PER,4,SOFT,20,1.1420000000000101,2.6230000000000047,1.4809999999999945
2018,Singapore Grand Prix,RAI,1,HYPERSOFT,17,3.2690000000000055,1.0349999999999966,-2.234000000000009
2018,Singapore Grand Prix,RAI,2,SOFT,38,0.5499999999999972,2.1099999999999994,1.5600000000000023
2018,Singapore Grand Prix,RIC,1,HYPERSOFT,22,3.1159999999999997,0.7210000000000036,-2.394999999999996
2018,Singapore Grand Prix,RIC,2,ULTRASOFT,33,2.667999999999992,3.5959999999999894,0.9279999999999973
2018,Singapore Grand Prix,SAI,1,ULTRASOFT,32,3.6700000000000017,0.2639999999999958,-3.406000000000006
2018,Singapore Grand Prix,SAI,2,SOFT,22,2.415999999999997,1.3029999999999973,-1.1129999999999995
2018,Singapore Grand Prix,SIR,2,SOFT,52,5.700999999999993,9.507000000000005,3.8060000000000116
2018,Singapore Grand Prix,STR,1,SOFT,35,2.7989999999999924,1.0049999999999955,-1.793999999999997
2018,Singapore Grand Prix,STR,2,ULTRASOFT,19,0.7330000000000041,0.6799999999999926,-0.05300000000001148
2018,Singapore Grand Prix,VAN,1,ULTRASOFT,52,5.631999999999991,1.6969999999999885,-3.9350000000000023
2018,Singapore Grand Prix,VER,1,HYPERSOFT,12,3.1430000000000007,0.06700000000000728,-3.0759999999999934
2018,Singapore Grand Prix,VER,2,SOFT,43,2.548000000000002,1.6899999999999977,-0.8580000000000041
2018,Singapore Grand Prix,VET,1,HYPERSOFT,9,2.953000000000003,0.7519999999999953,-2.2010000000000076
2018,Singapore Grand Prix,VET,2,ULTRASOFT,46,3.3260000000000076,1.7270000000000039,-1.5990000000000038
2018,Spanish Grand Prix,ALO,1,SUPERSOFT,14,2.5090000000000003,0.07800000000000296,-2.4309999999999974
2018,Spanish Grand Prix,ALO,2,MEDIUM,41,2.8319999999999936,0.12899999999999068,-2.703000000000003
2018,Spanish Grand Prix,BOT,1,SOFT,12,1.9599999999999937,0.4510000000000076,-1.5089999999999861
2018,Spanish Grand Prix,BOT,2,MEDIUM,44,1.7040000000000077,1.0,-0.7040000000000077
2018,Spanish Grand Prix,ERI,1,MEDIUM,28,3.003,0.13599999999999568,-2.8670000000000044
2018,Spanish Grand Prix,ERI,2,SOFT,25,1.524000000000001,2.054000000000002,0.5300000000000011
2018,Spanish Grand Prix,HAM,1,SOFT,18,0.7819999999999965,0.19599999999999795,-0.5859999999999985
2018,Spanish Grand Prix,HAM,2,MEDIUM,37,1.578000000000003,0.2920000000000016,-1.2860000000000014
2018,Spanish Grand Prix,HAR,1,MEDIUM,26,3.0790000000000077,0.22100000000000364,-2.858000000000004
2018,Spanish Grand Prix,HAR,2,MEDIUM,27,0.9380000000000024,0.18600000000000705,-0.7519999999999953
2018,Spanish Grand Prix,LEC,1,SOFT,13,2.024000000000001,0.24099999999999966,-1.7830000000000013
2018,Spanish Grand Prix,LEC,2,MEDIUM,41,1.4140000000000015,1.5840000000000032,0.1700000000000017
2018,Spanish Grand Prix,MAG,1,SOFT,25,2.534000000000006,0.22800000000000864,-2.3059999999999974
2018,Spanish Grand Prix,MAG,2,MEDIUM,29,1.0,1.7469999999999999,0.7469999999999999
2018,Spanish Grand Prix,OCO,1,SOFT,22,2.6229999999999905,0.10799999999998988,-2.5150000000000006
2018,Spanish Grand Prix,OCO,2,MEDIUM,8,0.8049999999999926,0.20199999999999818,-0.6029999999999944
2018,Spanish Grand Prix,PER,1,SOFT,19,3.1299999999999955,0.45000000000000284,-2.6799999999999926
2018,Spanish Grand Prix,PER,2,MEDIUM,12,0.6989999999999981,0.9529999999999887,0.2539999999999907
2018,Spanish Grand Prix,PER,3,SOFT,23,0.36299999999999955,1.4749999999999943,1.1119999999999948
2018,Spanish Grand Prix,RAI,1,SOFT,18,2.1909999999999883,0.41499999999999204,-1.7759999999999962
2018,Spanish Grand Prix,RIC,1,SOFT,26,2.2819999999999965,0.027000000000001023,-2.2549999999999955
2018,Spanish Grand Prix,RIC,2,MEDIUM,29,2.728999999999999,2.144999999999996,-0.5840000000000032
2018,Spanish Grand Prix,SAI,1,SOFT,18,2.0940000000000083,0.24399999999999977,-1.8500000000000085
2018,Spanish Grand Prix,SAI,2,MEDIUM,36,2.713000000000008,0.5660000000000025,-2.1470000000000056
2018,Spanish Grand Prix,SIR,1,MEDIUM,17,2.5649999999999977,0.18999999999999773,-2.375
2018,Spanish Grand Prix,SIR,2,MEDIUM,13,2.3880000000000052,0.3149999999999977,-2.0730000000000075
2018,Spanish Grand Prix,SIR,3,SUPERSOFT,21,0.3219999999999885,0.6429999999999865,0.32099999999999795
2018,Spanish Grand Prix,STR,1,SOFT,13,2.2890000000000015,0.10899999999999466,-2.180000000000007
2018,Spanish Grand Prix,STR,2,MEDIUM,41,1.4420000000000073,0.6560000000000059,-0.7860000000000014
2018,Spanish Grand Prix,VAN,1,SOFT,27,3.7419999999999902,0.340999999999994,-3.4009999999999962
2018,Spanish Grand Prix,VAN,2,MEDIUM,7,0.21000000000000796,0.76400000000001,0.554000000000002
2018,Spanish Grand Prix,VER,1,SOFT,27,3.108000000000004,0.7630000000000052,-2.344999999999999
2018,Spanish Grand Prix,VER,2,MEDIUM,29,1.5600000000000023,0.7720000000000056,-0.7879999999999967
2018,Spanish Grand Prix,VET,1,SOFT,10,0.43199999999998795,0.11899999999999977,-0.3129999999999882
2018,Spanish Grand Prix,VET,2,MEDIUM,22,0.9070000000000107,0.5940000000000083,-0.3130000000000024
2018,Spanish Grand Prix,VET,3,MEDIUM,24,1.3469999999999942,0.5120000000000005,-0.8349999999999937
2018,United States Grand Prix,BOT,1,SUPERSOFT,18,1.2129999999999939,0.9429999999999978,-0.269999999999996
2018,United States Grand Prix,BOT,2,SOFT,32,1.3490000000000038,4.203000000000003,2.853999999999999
2018,United States Grand Prix,ERI,1,SOFT,26,2.722999999999999,1.6020000000000039,-1.1209999999999951
2018,United States Grand Prix,ERI,2,SUPERSOFT,24,0.15200000000000102,0.3130000000000024,0.16100000000000136
2018,United States Grand Prix,GAS,1,SUPERSOFT,8,1.4540000000000077,0.2880000000000109,-1.1659999999999968
2018,United States Grand Prix,GAS,2,SOFT,24,0.4059999999999917,2.3119999999999976,1.906000000000006
2018,United States Grand Prix,GAS,3,ULTRASOFT,18,0.5649999999999977,1.6140000000000043,1.0490000000000066
2018,United States Grand Prix,HAM,1,SUPERSOFT,8,0.020999999999986585,0.44899999999999807,0.4280000000000115
2018,United States Grand Prix,HAM,2,SOFT,24,0.021000000000000796,2.3870000000000005,2.3659999999999997
2018,United States Grand Prix,HAM,3,SOFT,18,0.3100000000000023,1.6410000000000053,1.331000000000003
2018,United States Grand Prix,HAR,1,SUPERSOFT,23,2.8930000000000007,1.5160000000000053,-1.3769999999999953
2018,United States Grand Prix,HAR,2,SOFT,27,1.4159999999999968,0.5849999999999937,-0.8310000000000031
2018,United States Grand Prix,HUL,1,ULTRASOFT,18,1.0589999999999975,1.0720000000000027,0.01300000000000523
2018,United States Grand Prix,HUL,2,SOFT,32,1.956000000000003,1.2710000000000008,-0.6850000000000023
2018,United States Grand Prix,LEC,2,SOFT,26,0.8790000000000049,1.097999999999999,0.2189999999999941
2018,United States Grand Prix,MAG,1,SUPERSOFT,26,1.9960000000000093,0.39500000000001023,-1.600999999999999
2018,United States Grand Prix,MAG,2,SOFT,25,1.0010000000000048,1.8670000000000044,0.8659999999999997
2018,United States Grand Prix,OCO,1,ULTRASOFT,18,1.5889999999999986,1.0609999999999928,-0.5280000000000058
2018,United States Grand Prix,OCO,2,SOFT,33,1.9609999999999985,0.7650000000000006,-1.195999999999998
2018,United States Grand Prix,PER,1,ULTRASOFT,21,1.958999999999989,1.2139999999999986,-0.7449999999999903
2018,United States Grand Prix,PER,2,SOFT,29,2.384999999999991,1.1839999999999975,-1.2009999999999934
2018,United States Grand Prix,RAI,1,ULTRASOFT,17,0.6760000000000019,2.0830000000000126,1.4070000000000107
2018,United States Grand Prix,RAI,2,SOFT,34,0.3739999999999952,0.742999999999995,0.3689999999999998
2018,United States Grand Prix,RIC,1,SUPERSOFT,7,0.6199999999999903,0.2809999999999917,-0.33899999999999864
2018,United States Grand Prix,SAI,1,SUPERSOFT,19,0.7780000000000058,0.8089999999999975,0.0309999999999917
2018,United States Grand Prix,SAI,2,SOFT,31,0.8939999999999912,0.9140000000000015,0.020000000000010232
2018,United States Grand Prix,SIR,1,SUPERSOFT,8,1.5589999999999975,0.15399999999999636,-1.4050000000000011
2018,United States Grand Prix,SIR,2,SOFT,17,0.9789999999999992,2.4080000000000013,1.429000000000002
2018,United States Grand Prix,SIR,3,SUPERSOFT,25,1.1829999999999927,2.728999999999999,1.5460000000000065
2018,United States Grand Prix,STR,3,UNKNOWN,29,1.1820000000000022,1.5949999999999989,0.4129999999999967
2018,United States Grand Prix,STR,4,ULTRASOFT,15,1.0239999999999867,0.6439999999999912,-0.37999999999999545
2018,United States Grand Prix,VAN,1,SUPERSOFT,8,1.293999999999997,0.10500000000000398,-1.188999999999993
2018,United States Grand Prix,VAN,2,SOFT,28,0.30299999999999727,0.6009999999999991,0.2980000000000018
2018,United States Grand Prix,VAN,3,SOFT,14,0.5570000000000022,1.198999999999998,0.6419999999999959
2018,United States Grand Prix,VER,1,SOFT,17,1.7490000000000094,0.4490000000000123,-1.2999999999999972
2018,United States Grand Prix,VER,2,SUPERSOFT,33,1.3780000000000001,1.2480000000000047,-0.12999999999999545
2018,United States Grand Prix,VET,1,SUPERSOFT,21,3.1239999999999952,2.3900000000000006,-0.7339999999999947
2018,United States Grand Prix,VET,2,SOFT,29,0.6029999999999944,1.8229999999999933,1.2199999999999989
2019,Abu Dhabi Grand Prix,ALB,1,MEDIUM,11,0.05500000000000682,0.3580000000000041,0.30299999999999727
2019,Abu Dhabi Grand Prix,ALB,2,HARD,41,2.3060000000000116,1.13900000000001,-1.1670000000000016
2019,Abu Dhabi Grand Prix,BOT,1,MEDIUM,27,4.248000000000005,0.3859999999999957,-3.862000000000009
2019,Abu Dhabi Grand Prix,BOT,2,HARD,25,1.2379999999999995,1.8379999999999939,0.5999999999999943
2019,Abu Dhabi Grand Prix,GAS,2,HARD,51,4.346999999999994,0.3999999999999915,-3.9470000000000027
2019,Abu Dhabi Grand Prix,GIO,1,SOFT,6,0.1039999999999992,0.3160000000000025,0.2120000000000033
2019,Abu Dhabi Grand Prix,GIO,2,HARD,16,0.043000000000006366,0.40800000000000125,0.3649999999999949
2019,Abu Dhabi Grand Prix,GIO,3,MEDIUM,27,0.04099999999999682,1.0759999999999934,1.0349999999999966
2019,Abu Dhabi Grand Prix,GRO,1,MEDIUM,16,2.203000000000003,0.2469999999999999,-1.956000000000003
2019,Abu Dhabi Grand Prix,GRO,2,HARD,35,1.480000000000004,0.5259999999999962,-0.9540000000000077
2019,Abu Dhabi Grand Prix,HAM,1,MEDIUM,24,0.5109999999999957,0.8919999999999959,0.3810000000000002
2019,Abu Dhabi Grand Prix,HAM,2,HARD,28,2.426000000000002,2.7249999999999943,0.2989999999999924
2019,Abu Dhabi Grand Prix,HUL,1,SOFT,16,1.3930000000000007,0.45300000000000296,-0.9399999999999977
2019,Abu Dhabi Grand Prix,HUL,2,MEDIUM,35,1.7309999999999945,0.13500000000000512,-1.5959999999999894
2019,Abu Dhabi Grand Prix,KUB,1,HARD,22,1.4609999999999985,1.3960000000000008,-0.06499999999999773
2019,Abu Dhabi Grand Prix,KUB,2,MEDIUM,28,1.2710000000000008,0.867999999999995,-0.4030000000000058
2019,Abu Dhabi Grand Prix,KVY,1,HARD,38,3.9440000000000026,0.3130000000000024,-3.6310000000000002
2019,Abu Dhabi Grand Prix,KVY,2,MEDIUM,13,0.18200000000000216,1.1500000000000057,0.9680000000000035
2019,Abu Dhabi Grand Prix,LEC,1,MEDIUM,10,0.09399999999999409,0.2539999999999907,0.1599999999999966
2019,Abu Dhabi Grand Prix,LEC,2,HARD,24,0.0589999999999975,1.1140000000000043,1.0550000000000068
2019,Abu Dhabi Grand Prix,LEC,3,SOFT,16,0.5570000000000022,1.6850000000000023,1.1280000000000001
2019,Abu Dhabi Grand Prix,MAG,1,MEDIUM,18,0.6869999999999976,0.19700000000000273,-0.4899999999999949
2019,Abu Dhabi Grand Prix,MAG,2,HARD,33,0.1389999999999958,0.4399999999999977,0.30100000000000193
2019,Abu Dhabi Grand Prix,NOR,1,SOFT,6,0.22700000000000387,0.16599999999999682,-0.06100000000000705
2019,Abu Dhabi Grand Prix,NOR,2,HARD,44,1.9660000000000082,2.777000000000001,0.8109999999999928
2019,Abu Dhabi Grand Prix,PER,1,MEDIUM,35,2.054000000000002,0.6090000000000089,-1.4449999999999932
2019,Abu Dhabi Grand Prix,PER,2,HARD,16,0.4960000000000093,1.534000000000006,1.0379999999999967
2019,Abu Dhabi Grand Prix,RAI,1,MEDIUM,20,1.8100000000000023,0.32500000000000284,-1.4849999999999994
2019,Abu Dhabi Grand Prix,RAI,2,HARD,31,0.07200000000000273,0.26400000000001,0.19200000000000728
2019,Abu Dhabi Grand Prix,RIC,1,SOFT,9,0.08299999999999841,0.14999999999999147,0.06699999999999307
2019,Abu Dhabi Grand Prix,RIC,2,HARD,29,1.2540000000000049,1.4599999999999937,0.20599999999998886
2019,Abu Dhabi Grand Prix,RIC,3,SOFT,11,0.4860000000000042,1.5619999999999976,1.0759999999999934
2019,Abu Dhabi Grand Prix,RUS,1,HARD,30,2.4470000000000027,0.09700000000000841,-2.3499999999999943
2019,Abu Dhabi Grand Prix,RUS,2,MEDIUM,21,1.2720000000000056,0.11299999999999955,-1.159000000000006
2019,Abu Dhabi Grand Prix,SAI,1,SOFT,10,0.3429999999999893,0.21399999999999864,-0.12899999999999068
2019,Abu Dhabi Grand Prix,SAI,2,HARD,26,1.215999999999994,0.25,-0.965999999999994
2019,Abu Dhabi Grand Prix,SAI,3,MEDIUM,12,0.9129999999999967,2.1129999999999995,1.2000000000000028
2019,Abu Dhabi Grand Prix,STR,2,HARD,16,0.05700000000000216,1.676000000000002,1.6189999999999998
2019,Abu Dhabi Grand Prix,STR,3,SOFT,20,0.5160000000000053,2.39200000000001,1.8760000000000048
2019,Abu Dhabi Grand Prix,VER,1,MEDIUM,23,0.44700000000000273,0.35599999999999454,-0.09100000000000819
2019,Abu Dhabi Grand Prix,VER,2,HARD,29,0.5819999999999936,0.4449999999999932,-0.13700000000000045
2019,Abu Dhabi Grand Prix,VET,1,SOFT,10,0.2790000000000106,0.8270000000000124,0.5480000000000018
2019,Abu Dhabi Grand Prix,VET,2,HARD,24,1.7540000000000049,0.30400000000000205,-1.4500000000000028
2019,Abu Dhabi Grand Prix,VET,3,MEDIUM,16,1.516999999999996,2.173000000000002,0.6560000000000059
2019,Australian Grand Prix,ALB,1,SOFT,12,0.63900000000001,0.3830000000000098,-0.2560000000000002
2019,Australian Grand Prix,ALB,2,MEDIUM,42,1.6159999999999997,2.706000000000003,1.0900000000000034
2019,Australian Grand Prix,BOT,1,SOFT,21,1.4309999999999974,0.016999999999995907,-1.4140000000000015
2019,Australian Grand Prix,BOT,2,MEDIUM,34,1.8700000000000045,2.581000000000003,0.7109999999999985
2019,Australian Grand Prix,GAS,1,MEDIUM,35,3.1729999999999876,1.1779999999999973,-1.9949999999999903
2019,Australian Grand Prix,GAS,2,SOFT,19,0.3370000000000033,1.644999999999996,1.3079999999999927
2019,Australian Grand Prix,GIO,1,MEDIUM,25,2.183000000000007,0.4450000000000074,-1.7379999999999995
2019,Australian Grand Prix,GIO,2,SOFT,29,0.45400000000000773,0.5969999999999942,0.14299999999998647
2019,Australian Grand Prix,GRO,1,SOFT,13,0.6600000000000108,0.48500000000001364,-0.17499999999999716
2019,Australian Grand Prix,GRO,2,MEDIUM,13,0.6970000000000027,0.5859999999999985,-0.1110000000000042
2019,Australian Grand Prix,HAM,1,SOFT,13,0.8369999999999891,0.12099999999999511,-0.715999999999994
2019,Australian Grand Prix,HAM,2,MEDIUM,42,2.7439999999999998,0.5699999999999932,-2.1740000000000066
2019,Australian Grand Prix,HUL,1,SOFT,11,0.25799999999999557,0.2120000000000033,-0.04599999999999227
2019,Australian Grand Prix,HUL,2,HARD,43,1.7519999999999953,0.3610000000000042,-1.3909999999999911
2019,Australian Grand Prix,KUB,2,MEDIUM,25,1.4390000000000072,0.5640000000000072,-0.875
2019,Australian Grand Prix,KUB,3,SOFT,14,0.8819999999999908,0.9089999999999918,0.027000000000001023
2019,Australian Grand Prix,KUB,4,SOFT,10,0.578000000000003,1.0480000000000018,0.46999999999999886
2019,Australian Grand Prix,KVY,1,MEDIUM,24,2.4869999999999948,0.1389999999999958,-2.347999999999999
2019,Australian Grand Prix,KVY,2,HARD,30,0.4830000000000041,1.551000000000002,1.0679999999999978
2019,Australian Grand Prix,LEC,1,SOFT,25,1.2999999999999972,0.4719999999999942,-0.828000000000003
2019,Australian Grand Prix,LEC,2,HARD,29,0.8259999999999934,2.9819999999999993,2.156000000000006
2019,Australian Grand Prix,MAG,1,SOFT,12,0.546999999999997,0.41500000000000625,-0.1319999999999908
2019,Australian Grand Prix,MAG,2,MEDIUM,43,2.4239999999999924,0.22400000000000375,-2.1999999999999886
2019,Australian Grand Prix,NOR,1,SOFT,13,0.8310000000000031,0.06500000000001194,-0.7659999999999911
2019,Australian Grand Prix,NOR,2,HARD,41,0.5629999999999882,2.266999999999996,1.7040000000000077
2019,Australian Grand Prix,PER,1,SOFT,11,0.8930000000000007,0.09499999999999886,-0.7980000000000018
2019,Australian Grand Prix,PER,2,HARD,43,1.4309999999999974,2.3359999999999985,0.9050000000000011
2019,Australian Grand Prix,RAI,1,SOFT,10,0.34199999999999875,0.13599999999999568,-0.20600000000000307
2019,Australian Grand Prix,RAI,2,MEDIUM,44,0.9849999999999994,0.8149999999999977,-0.1700000000000017
2019,Australian Grand Prix,RIC,2,HARD,26,0.7830000000000013,1.186000000000007,0.4030000000000058
2019,Australian Grand Prix,RUS,1,MEDIUM,24,1.176000000000002,0.0759999999999934,-1.1000000000000085
2019,Australian Grand Prix,RUS,2,SOFT,14,0.5480000000000018,0.9420000000000073,0.39400000000000546
2019,Australian Grand Prix,RUS,3,HARD,13,0.0800000000000125,2.558000000000007,2.4779999999999944
2019,Australian Grand Prix,SAI,1,SOFT,8,0.796999999999997,0.35999999999999943,-0.4369999999999976
2019,Australian Grand Prix,STR,1,MEDIUM,25,2.4819999999999993,0.045000000000001705,-2.4369999999999976
2019,Australian Grand Prix,STR,2,HARD,29,0.4510000000000076,1.3539999999999992,0.9029999999999916
2019,Australian Grand Prix,VER,1,SOFT,23,0.8200000000000074,0.4750000000000085,-0.34499999999999886
2019,Australian Grand Prix,VER,2,MEDIUM,32,1.382000000000005,0.3539999999999992,-1.0280000000000058
2019,Australian Grand Prix,VET,1,SOFT,12,0.5819999999999936,0.3130000000000024,-0.26899999999999125
2019,Australian Grand Prix,VET,2,MEDIUM,43,0.6070000000000135,2.1030000000000086,1.4959999999999951
2019,Austrian Grand Prix,ALB,1,MEDIUM,33,1.436000000000007,0.4369999999999976,-0.9990000000000094
2019,Austrian Grand Prix,ALB,2,HARD,34,0.25900000000000034,0.37999999999999545,0.12099999999999511
2019,Austrian Grand Prix,BOT,1,MEDIUM,19,0.32200000000000273,0.3439999999999941,0.02199999999999136
2019,Austrian Grand Prix,BOT,2,HARD,49,0.9120000000000061,0.9909999999999997,0.07899999999999352
2019,Austrian Grand Prix,GAS,1,SOFT,23,0.7890000000000015,0.6479999999999961,-0.14100000000000534
2019,Austrian Grand Prix,GAS,2,HARD,44,0.6569999999999965,0.8389999999999986,0.18200000000000216
2019,Austrian Grand Prix,GIO,1,SOFT,22,0.9440000000000026,0.23900000000000432,-0.7049999999999983
2019,Austrian Grand Prix,GIO,2,HARD,45,0.8119999999999976,0.6260000000000048,-0.18599999999999284
2019,Austrian Grand Prix,GRO,1,MEDIUM,32,2.6370000000000005,0.9230000000000018,-1.7139999999999986
2019,Austrian Grand Prix,GRO,2,HARD,35,0.4960000000000093,0.047000000000011255,-0.44899999999999807
2019,Austrian Grand Prix,HAM,1,MEDIUM,28,1.3400000000000034,1.1209999999999951,-0.2190000000000083
2019,Austrian Grand Prix,HAM,2,HARD,40,1.6640000000000015,1.8790000000000049,0.2150000000000034
2019,Austrian Grand Prix,HUL,1,MEDIUM,24,1.7000000000000028,0.36099999999999,-1.3390000000000128
2019,Austrian Grand Prix,HUL,2,HARD,43,0.8289999999999935,0.19899999999999807,-0.6299999999999955
2019,Austrian Grand Prix,KUB,1,MEDIUM,17,2.4620000000000033,0.14499999999999602,-2.3170000000000073
2019,Austrian Grand Prix,KUB,2,HARD,48,2.1599999999999966,0.3810000000000002,-1.7789999999999964
2019,Austrian Grand Prix,KVY,1,MEDIUM,30,2.483000000000004,0.5240000000000009,-1.9590000000000032
2019,Austrian Grand Prix,KVY,2,HARD,37,0.262999999999991,1.1019999999999897,0.8389999999999986
2019,Austrian Grand Prix,LEC,1,SOFT,20,0.09099999999999397,0.3259999999999934,0.23499999999999943
2019,Austrian Grand Prix,LEC,2,HARD,48,1.0139999999999958,1.1530000000000058,0.13900000000001
2019,Austrian Grand Prix,MAG,1,SOFT,9,0.8449999999999989,1.2560000000000002,0.41100000000000136
2019,Austrian Grand Prix,MAG,3,HARD,47,0.9989999999999952,2.6049999999999898,1.6059999999999945
2019,Austrian Grand Prix,MAG,4,SOFT,6,1.0509999999999877,0.6229999999999905,-0.42799999999999727
2019,Austrian Grand Prix,NOR,1,SOFT,23,1.1869999999999976,0.34199999999999875,-0.8449999999999989
2019,Austrian Grand Prix,NOR,2,MEDIUM,44,1.2420000000000044,0.17499999999999716,-1.0670000000000073
2019,Austrian Grand Prix,PER,1,MEDIUM,26,1.9359999999999928,0.13400000000000034,-1.8019999999999925
2019,Austrian Grand Prix,PER,2,HARD,41,0.6319999999999908,0.8559999999999945,0.22400000000000375
2019,Austrian Grand Prix,RAI,1,SOFT,21,0.5720000000000027,0.38000000000000966,-0.19199999999999307
2019,Austrian Grand Prix,RAI,2,HARD,46,1.0779999999999887,0.9599999999999937,-0.117999999999995
2019,Austrian Grand Prix,RIC,1,MEDIUM,44,1.9170000000000016,0.6739999999999924,-1.2430000000000092
2019,Austrian Grand Prix,RIC,2,SOFT,23,1.7399999999999949,0.7179999999999893,-1.0220000000000056
2019,Austrian Grand Prix,RUS,1,MEDIUM,25,2.004000000000005,0.0660000000000025,-1.9380000000000024
2019,Austrian Grand Prix,RUS,2,HARD,41,0.1529999999999916,0.5660000000000025,0.4130000000000109
2019,Austrian Grand Prix,SAI,1,MEDIUM,39,2.242999999999995,0.5730000000000075,-1.6699999999999875
2019,Austrian Grand Prix,SAI,2,HARD,28,0.40800000000000125,2.0319999999999965,1.6239999999999952
2019,Austrian Grand Prix,STR,1,MEDIUM,23,1.578000000000003,0.3810000000000002,-1.1970000000000027
2019,Austrian Grand Prix,STR,2,HARD,44,0.8990000000000009,0.5930000000000035,-0.3059999999999974
2019,Austrian Grand Prix,VER,1,MEDIUM,29,1.9559999999999889,0.20599999999998886,-1.75
2019,Austrian Grand Prix,VER,2,HARD,39,1.2420000000000044,0.5440000000000111,-0.6979999999999933
2019,Austrian Grand Prix,VET,1,SOFT,18,1.7820000000000107,0.1460000000000008,-1.63600000000001
2019,Austrian Grand Prix,VET,2,HARD,27,0.5739999999999981,0.7210000000000036,0.14700000000000557
2019,Austrian Grand Prix,VET,3,SOFT,20,0.402000000000001,0.2469999999999999,-0.15500000000000114
2019,Azerbaijan Grand Prix,ALB,1,SOFT,10,0.4240000000000066,3.0250000000000057,2.600999999999999
2019,Azerbaijan Grand Prix,ALB,2,MEDIUM,35,2.557000000000002,0.0969999999999942,-2.460000000000008
2019,Azerbaijan Grand Prix,BOT,1,SOFT,10,0.054000000000002046,1.698999999999998,1.644999999999996
2019,Azerbaijan Grand Prix,BOT,2,MEDIUM,36,3.3970000000000056,0.570999999999998,-2.8260000000000076
2019,Azerbaijan Grand Prix,GAS,1,MEDIUM,37,2.844999999999999,0.6709999999999923,-2.1740000000000066
2019,Azerbaijan Grand Prix,GIO,2,MEDIUM,40,2.5730000000000075,0.10900000000000887,-2.4639999999999986
2019,Azerbaijan Grand Prix,GRO,1,MEDIUM,32,1.9620000000000033,0.07500000000000284,-1.8870000000000005
2019,Azerbaijan Grand Prix,HAM,1,SOFT,11,0.10200000000000387,2.0999999999999943,1.9979999999999905
2019,Azerbaijan Grand Prix,HAM,2,MEDIUM,35,2.0799999999999983,0.5259999999999962,-1.554000000000002
2019,Azerbaijan Grand Prix,HUL,2,MEDIUM,24,1.9140000000000015,0.6869999999999976,-1.2270000000000039
2019,Azerbaijan Grand Prix,HUL,3,SOFT,12,0.5280000000000058,1.9030000000000058,1.375
2019,Azerbaijan Grand Prix,KUB,1,MEDIUM,12,0.6839999999999975,0.7449999999999903,0.06099999999999284
2019,Azerbaijan Grand Prix,KUB,2,MEDIUM,7,0.5880000000000081,0.09900000000000375,-0.4890000000000043
2019,Azerbaijan Grand Prix,KUB,3,MEDIUM,15,1.9519999999999982,3.0859999999999985,1.1340000000000003
2019,Azerbaijan Grand Prix,KUB,4,SOFT,6,0.3810000000000002,2.4009999999999962,2.019999999999996
2019,Azerbaijan Grand Prix,KVY,2,MEDIUM,25,1.4890000000000043,0.33200000000000784,-1.1569999999999965
2019,Azerbaijan Grand Prix,LEC,1,MEDIUM,32,3.2039999999999935,2.6029999999999944,-0.6009999999999991
2019,Azerbaijan Grand Prix,LEC,2,SOFT,8,1.3629999999999995,1.4849999999999994,0.12199999999999989
2019,Azerbaijan Grand Prix,MAG,2,MEDIUM,30,1.5159999999999911,0.16799999999999216,-1.347999999999999
2019,Azerbaijan Grand Prix,MAG,3,SOFT,10,0.06900000000000261,1.6099999999999994,1.5409999999999968
2019,Azerbaijan Grand Prix,NOR,1,SOFT,7,0.578000000000003,1.8090000000000117,1.2310000000000088
2019,Azerbaijan Grand Prix,NOR,2,MEDIUM,28,2.4769999999999897,0.36199999999999477,-2.114999999999995
2019,Azerbaijan Grand Prix,NOR,3,SOFT,11,0.25199999999999534,2.4069999999999965,2.155000000000001
2019,Azerbaijan Grand Prix,PER,1,SOFT,8,0.26599999999999113,2.1569999999999965,1.8910000000000053
2019,Azerbaijan Grand Prix,PER,2,MEDIUM,38,2.325000000000003,1.0990000000000038,-1.225999999999999
2019,Azerbaijan Grand Prix,RAI,2,MEDIUM,41,2.778000000000006,0.09199999999999875,-2.686000000000007
2019,Azerbaijan Grand Prix,RIC,1,SOFT,8,0.5600000000000023,1.3179999999999978,0.7579999999999956
2019,Azerbaijan Grand Prix,RIC,2,MEDIUM,19,1.9570000000000078,0.5100000000000051,-1.4470000000000027
2019,Azerbaijan Grand Prix,RUS,1,MEDIUM,23,1.2999999999999972,0.0799999999999983,-1.2199999999999989
2019,Azerbaijan Grand Prix,RUS,2,MEDIUM,11,1.9449999999999932,0.04000000000000625,-1.904999999999987
2019,Azerbaijan Grand Prix,RUS,3,SOFT,10,1.2379999999999995,4.134,2.896000000000001
2019,Azerbaijan Grand Prix,SAI,1,SOFT,10,0.021000000000000796,1.7519999999999953,1.7309999999999945
2019,Azerbaijan Grand Prix,SAI,2,MEDIUM,36,2.346999999999994,1.1559999999999917,-1.1910000000000025
2019,Azerbaijan Grand Prix,STR,1,SOFT,8,0.8199999999999932,2.4009999999999962,1.581000000000003
2019,Azerbaijan Grand Prix,STR,2,MEDIUM,38,2.8020000000000067,0.14100000000000534,-2.6610000000000014
2019,Azerbaijan Grand Prix,VER,1,SOFT,12,1.164999999999992,1.0699999999999932,-0.09499999999999886
2019,Azerbaijan Grand Prix,VER,2,MEDIUM,34,1.6929999999999978,1.6550000000000011,-0.0379999999999967
2019,Azerbaijan Grand Prix,VET,1,SOFT,9,0.7560000000000002,0.7330000000000041,-0.022999999999996135
2019,Azerbaijan Grand Prix,VET,2,MEDIUM,37,2.3019999999999925,1.296999999999997,-1.0049999999999955
2019,Bahrain Grand Prix,ALB,1,SOFT,7,1.154999999999987,0.39099999999999113,-0.7639999999999958
2019,Bahrain Grand Prix,ALB,2,SOFT,14,0.37699999999999534,2.0330000000000013,1.656000000000006
2019,Bahrain Grand Prix,ALB,3,MEDIUM,27,0.26600000000000534,1.0940000000000083,0.828000000000003
2019,Bahrain Grand Prix,BOT,1,SOFT,10,1.051000000000002,0.5190000000000055,-0.5319999999999965
2019,Bahrain Grand Prix,BOT,2,MEDIUM,24,0.04099999999999682,1.1389999999999958,1.097999999999999
2019,Bahrain Grand Prix,BOT,3,SOFT,15,1.6949999999999932,1.5879999999999939,-0.10699999999999932
2019,Bahrain Grand Prix,GAS,1,SOFT,7,0.5420000000000016,0.7690000000000055,0.22700000000000387
2019,Bahrain Grand Prix,GAS,2,SOFT,28,0.3260000000000076,2.183000000000007,1.8569999999999993
2019,Bahrain Grand Prix,GAS,3,MEDIUM,13,0.1530000000000058,0.5739999999999981,0.42099999999999227
2019,Bahrain Grand Prix,GIO,1,SOFT,14,1.168999999999997,1.465999999999994,0.29699999999999704
2019,Bahrain Grand Prix,GIO,2,MEDIUM,22,0.48399999999999466,1.9939999999999998,1.5100000000000051
2019,Bahrain Grand Prix,GIO,3,SOFT,12,0.07400000000001228,0.6620000000000061,0.5879999999999939
2019,Bahrain Grand Prix,GRO,2,MEDIUM,13,0.6910000000000025,1.2999999999999972,0.6089999999999947
2019,Bahrain Grand Prix,HAM,1,SOFT,11,0.8100000000000023,0.5570000000000022,-0.2530000000000001
2019,Bahrain Grand Prix,HAM,2,SOFT,19,0.20699999999999363,2.8029999999999973,2.5960000000000036
2019,Bahrain Grand Prix,HAM,3,MEDIUM,19,0.8539999999999992,3.292999999999992,2.438999999999993
2019,Bahrain Grand Prix,HUL,1,SOFT,10,1.7560000000000002,0.6470000000000056,-1.1089999999999947
2019,Bahrain Grand Prix,HUL,2,SOFT,18,1.5309999999999917,3.212999999999994,1.6820000000000022
2019,Bahrain Grand Prix,HUL,3,MEDIUM,20,1.8059999999999974,1.2289999999999992,-0.5769999999999982
2019,Bahrain Grand Prix,KUB,1,MEDIUM,9,1.0829999999999984,0.2469999999999999,-0.8359999999999985
2019,Bahrain Grand Prix,KUB,2,SOFT,14,0.5949999999999989,2.6739999999999924,2.0789999999999935
2019,Bahrain Grand Prix,KUB,3,MEDIUM,24,0.7479999999999905,5.461999999999989,4.713999999999999
2019,Bahrain Grand Prix,KVY,1,SOFT,10,1.2239999999999895,0.6469999999999914,-0.5769999999999982
2019,Bahrain Grand Prix,KVY,2,MEDIUM,24,1.350999999999999,3.3969999999999914,2.0459999999999923
2019,Bahrain Grand Prix,KVY,3,SOFT,14,0.2669999999999959,1.1099999999999994,0.8430000000000035
2019,Bahrain Grand Prix,LEC,1,SOFT,11,0.2190000000000083,0.8880000000000052,0.6689999999999969
2019,Bahrain Grand Prix,LEC,2,MEDIUM,21,0.914999999999992,3.0019999999999953,2.0870000000000033
2019,Bahrain Grand Prix,LEC,3,MEDIUM,17,0.9849999999999994,8.073999999999998,7.088999999999999
2019,Bahrain Grand Prix,MAG,1,SOFT,8,0.04200000000000159,1.0049999999999955,0.9629999999999939
2019,Bahrain Grand Prix,MAG,2,MEDIUM,26,0.23000000000000398,3.9810000000000088,3.7510000000000048
2019,Bahrain Grand Prix,MAG,3,SOFT,14,0.6929999999999978,1.2240000000000038,0.5310000000000059
2019,Bahrain Grand Prix,NOR,1,SOFT,8,0.291000000000011,0.5700000000000074,0.27899999999999636
2019,Bahrain Grand Prix,NOR,2,MEDIUM,22,0.5139999999999958,2.722999999999999,2.209000000000003
2019,Bahrain Grand Prix,NOR,3,SOFT,18,0.6210000000000093,0.8650000000000091,0.24399999999999977
2019,Bahrain Grand Prix,PER,1,SOFT,6,0.6399999999999864,0.19199999999999307,-0.4479999999999933
2019,Bahrain Grand Prix,PER,2,MEDIUM,23,0.6599999999999966,2.6809999999999974,2.021000000000001
2019,Bahrain Grand Prix,PER,3,MEDIUM,19,0.5259999999999962,0.8230000000000075,0.29700000000001125
2019,Bahrain Grand Prix,RAI,1,SOFT,7,0.63900000000001,0.06700000000000728,-0.5720000000000027
2019,Bahrain Grand Prix,RAI,2,MEDIUM,22,0.058000000000006935,2.4939999999999998,2.435999999999993
2019,Bahrain Grand Prix,RAI,3,SOFT,19,1.2240000000000038,1.5360000000000014,0.3119999999999976
2019,Bahrain Grand Prix,RIC,1,SOFT,22,1.019999999999996,1.527000000000001,0.507000000000005
2019,Bahrain Grand Prix,RIC,2,MEDIUM,28,1.2759999999999962,1.296999999999997,0.021000000000000796
2019,Bahrain Grand Prix,RUS,1,SOFT,10,0.813999999999993,0.6219999999999999,-0.19199999999999307
2019,Bahrain Grand Prix,RUS,2,MEDIUM,12,0.35999999999999943,2.5549999999999926,2.194999999999993
2019,Bahrain Grand Prix,RUS,3,MEDIUM,25,0.5050000000000097,3.7690000000000055,3.263999999999996
2019,Bahrain Grand Prix,SAI,2,MEDIUM,18,0.9200000000000017,3.0900000000000034,2.1700000000000017
2019,Bahrain Grand Prix,SAI,3,HARD,14,0.10899999999999466,2.1910000000000025,2.082000000000008
2019,Bahrain Grand Prix,SAI,4,SOFT,11,0.11899999999999977,0.6490000000000009,0.5300000000000011
2019,Bahrain Grand Prix,STR,2,MEDIUM,20,0.09999999999999432,1.914999999999992,1.8149999999999977
2019,Bahrain Grand Prix,STR,3,MEDIUM,29,0.7199999999999989,1.5389999999999873,0.8189999999999884
2019,Bahrain Grand Prix,VER,1,SOFT,9,1.4150000000000063,0.3470000000000084,-1.0679999999999978
2019,Bahrain Grand Prix,VER,2,MEDIUM,19,0.8100000000000023,3.1539999999999964,2.343999999999994
2019,Bahrain Grand Prix,VER,3,MEDIUM,21,1.1239999999999952,0.7579999999999956,-0.36599999999999966
2019,Bahrain Grand Prix,VET,1,SOFT,12,0.35599999999999454,1.1979999999999933,0.8419999999999987
2019,Bahrain Grand Prix,VET,2,MEDIUM,19,0.11299999999999955,1.7870000000000061,1.6740000000000066
2019,Bahrain Grand Prix,VET,4,SOFT,15,1.0350000000000108,1.2990000000000066,0.2639999999999958
2019,Belgian Grand Prix,ALB,1,MEDIUM,18,2.915999999999997,0.6729999999999876,-2.243000000000009
2019,Belgian Grand Prix,ALB,2,SOFT,20,0.6849999999999881,1.4799999999999898,0.7950000000000017
2019,Belgian Grand Prix,BOT,1,SOFT,18,1.1750000000000114,0.07600000000000762,-1.0990000000000038
2019,Belgian Grand Prix,BOT,2,MEDIUM,20,0.08599999999999852,2.7009999999999934,2.614999999999995
2019,Belgian Grand Prix,GAS,1,SOFT,8,1.891999999999996,0.17600000000000193,-1.715999999999994
2019,Belgian Grand Prix,GAS,2,MEDIUM,30,1.7639999999999958,1.3520000000000039,-0.41199999999999193
2019,Belgian Grand Prix,GIO,1,MEDIUM,24,2.6740000000000066,0.12700000000000955,-2.546999999999997
2019,Belgian Grand Prix,GIO,2,SOFT,12,0.7450000000000045,0.7609999999999957,0.015999999999991132
2019,Belgian Grand Prix,GRO,1,SOFT,11,0.8580000000000041,0.4969999999999999,-0.3610000000000042
2019,Belgian Grand Prix,GRO,2,MEDIUM,26,0.6709999999999923,5.099999999999994,4.429000000000002
2019,Belgian Grand Prix,HAM,1,SOFT,17,1.4240000000000066,0.3440000000000083,-1.0799999999999983
2019,Belgian Grand Prix,HAM,2,MEDIUM,21,0.15099999999999625,1.551000000000002,1.4000000000000057
2019,Belgian Grand Prix,HUL,1,SOFT,6,1.448999999999998,0.16199999999999193,-1.2870000000000061
2019,Belgian Grand Prix,HUL,2,MEDIUM,18,0.25900000000000034,0.9150000000000063,0.6560000000000059
2019,Belgian Grand Prix,HUL,3,SOFT,12,0.15500000000000114,1.2729999999999961,1.117999999999995
2019,Belgian Grand Prix,KUB,1,MEDIUM,26,3.1470000000000056,0.6419999999999959,-2.5050000000000097
2019,Belgian Grand Prix,KUB,2,SOFT,11,0.561000000000007,1.1640000000000015,0.6029999999999944
2019,Belgian Grand Prix,KVY,1,MEDIUM,19,2.1529999999999916,0.2569999999999908,-1.8960000000000008
2019,Belgian Grand Prix,KVY,2,SOFT,19,0.5789999999999935,1.2959999999999923,0.7169999999999987
2019,Belgian Grand Prix,LEC,1,SOFT,16,0.6410000000000053,0.34600000000000364,-0.2950000000000017
2019,Belgian Grand Prix,LEC,2,MEDIUM,22,0.49800000000000466,1.9950000000000045,1.4969999999999999
2019,Belgian Grand Prix,MAG,1,SOFT,20,0.8649999999999949,0.046999999999997044,-0.8179999999999978
2019,Belgian Grand Prix,MAG,2,MEDIUM,17,1.2079999999999984,1.1769999999999925,-0.03100000000000591
2019,Belgian Grand Prix,NOR,1,SOFT,14,1.5330000000000013,0.5889999999999986,-0.9440000000000026
2019,Belgian Grand Prix,NOR,2,MEDIUM,23,0.6350000000000051,1.031000000000006,0.3960000000000008
2019,Belgian Grand Prix,PER,1,SOFT,10,2.218999999999994,0.13400000000000034,-2.0849999999999937
2019,Belgian Grand Prix,PER,2,MEDIUM,28,1.5379999999999967,0.7019999999999982,-0.8359999999999985
2019,Belgian Grand Prix,RAI,3,MEDIUM,26,1.3599999999999994,1.2719999999999914,-0.08800000000000807
2019,Belgian Grand Prix,RAI,4,SOFT,11,1.0210000000000008,0.8239999999999981,-0.19700000000000273
2019,Belgian Grand Prix,RIC,2,SOFT,39,2.470000000000013,7.1129999999999995,4.6429999999999865
2019,Belgian Grand Prix,RUS,1,MEDIUM,24,2.708999999999989,1.0019999999999953,-1.7069999999999936
2019,Belgian Grand Prix,RUS,2,SOFT,12,0.14300000000000068,1.0649999999999977,0.921999999999997
2019,Belgian Grand Prix,STR,1,SOFT,9,1.906000000000006,0.48499999999999943,-1.4210000000000065
2019,Belgian Grand Prix,STR,2,MEDIUM,14,2.301000000000002,0.862000000000009,-1.438999999999993
2019,Belgian Grand Prix,STR,3,SOFT,13,0.03700000000000614,1.4009999999999962,1.36399999999999
2019,Belgian Grand Prix,VET,1,SOFT,10,0.6030000000000086,0.012000000000000455,-0.5910000000000082
2019,Belgian Grand Prix,VET,2,MEDIUM,16,0.9620000000000033,1.8449999999999989,0.8829999999999956
2019,Belgian Grand Prix,VET,3,SOFT,10,0.32099999999999795,2.5989999999999895,2.2779999999999916
2019,Brazilian Grand Prix,ALB,1,SOFT,22,0.13400000000000034,0.6580000000000013,0.5240000000000009
2019,Brazilian Grand Prix,ALB,2,MEDIUM,24,0.16300000000001091,1.159000000000006,0.9959999999999951
2019,Brazilian Grand Prix,ALB,3,SOFT,9,0.7620000000000005,1.4959999999999951,0.7339999999999947
2019,Brazilian Grand Prix,BOT,1,SOFT,24,0.2839999999999918,0.4919999999999902,0.2079999999999984
2019,Brazilian Grand Prix,BOT,2,HARD,13,0.0969999999999942,0.8439999999999941,0.7469999999999999
2019,Brazilian Grand Prix,BOT,3,MEDIUM,9,1.3140000000000072,3.3910000000000053,2.076999999999998
2019,Brazilian Grand Prix,GAS,1,SOFT,20,0.40500000000000114,0.7950000000000017,0.39000000000000057
2019,Brazilian Grand Prix,GAS,2,MEDIUM,23,0.29699999999999704,0.9469999999999885,0.6499999999999915
2019,Brazilian Grand Prix,GAS,3,SOFT,12,1.5570000000000022,0.03300000000000125,-1.524000000000001
2019,Brazilian Grand Prix,GIO,1,SOFT,18,0.42799999999999727,0.4410000000000025,0.01300000000000523
2019,Brazilian Grand Prix,GIO,2,MEDIUM,24,0.7000000000000028,0.7710000000000008,0.07099999999999795
2019,Brazilian Grand Prix,GIO,3,SOFT,13,0.1280000000000001,1.0990000000000038,0.9710000000000036
2019,Brazilian Grand Prix,GRO,1,SOFT,24,0.3579999999999899,0.9069999999999965,0.5490000000000066
2019,Brazilian Grand Prix,GRO,2,MEDIUM,30,0.1419999999999959,1.6949999999999932,1.5529999999999973
2019,Brazilian Grand Prix,HAM,1,SOFT,18,0.09499999999999886,0.3719999999999999,0.277000000000001
2019,Brazilian Grand Prix,HAM,2,SOFT,21,1.2280000000000086,0.3430000000000035,-0.8850000000000051
2019,Brazilian Grand Prix,HAM,3,MEDIUM,15,0.07200000000000273,0.3640000000000043,0.2920000000000016
2019,Brazilian Grand Prix,HUL,1,MEDIUM,25,1.304000000000002,0.5020000000000095,-0.8019999999999925
2019,Brazilian Grand Prix,HUL,2,HARD,15,0.3610000000000042,0.5240000000000009,0.1629999999999967
2019,Brazilian Grand Prix,HUL,3,SOFT,6,0.7620000000000005,0.4919999999999902,-0.27000000000001023
2019,Brazilian Grand Prix,HUL,4,SOFT,8,2.4909999999999997,1.3760000000000048,-1.1149999999999949
2019,Brazilian Grand Prix,KUB,1,MEDIUM,18,0.5319999999999965,1.0649999999999977,0.5330000000000013
2019,Brazilian Grand Prix,KUB,2,MEDIUM,14,0.0,1.402000000000001,1.402000000000001
2019,Brazilian Grand Prix,KUB,3,HARD,13,0.847999999999999,0.9779999999999944,0.12999999999999545
2019,Brazilian Grand Prix,KUB,4,SOFT,6,1.8780000000000001,0.11599999999999966,-1.7620000000000005
2019,Brazilian Grand Prix,KVY,1,MEDIUM,21,0.7839999999999918,0.340999999999994,-0.44299999999999784
2019,Brazilian Grand Prix,KVY,2,SOFT,21,0.5640000000000072,0.9939999999999998,0.4299999999999926
2019,Brazilian Grand Prix,KVY,3,SOFT,13,0.42600000000000193,1.4939999999999998,1.0679999999999978
2019,Brazilian Grand Prix,LEC,1,MEDIUM,27,0.76400000000001,1.2280000000000086,0.46399999999999864
2019,Brazilian Grand Prix,LEC,2,HARD,22,0.2879999999999967,1.1629999999999967,0.875
2019,Brazilian Grand Prix,LEC,3,SOFT,6,0.7759999999999962,0.2779999999999916,-0.49800000000000466
2019,Brazilian Grand Prix,MAG,1,SOFT,22,0.382000000000005,0.9320000000000022,0.5499999999999972
2019,Brazilian Grand Prix,MAG,2,MEDIUM,24,0.12699999999999534,0.5929999999999893,0.465999999999994
2019,Brazilian Grand Prix,MAG,3,SOFT,8,2.6640000000000015,1.4629999999999939,-1.2010000000000076
2019,Brazilian Grand Prix,NOR,1,SOFT,23,0.3930000000000007,0.7439999999999998,0.3509999999999991
2019,Brazilian Grand Prix,NOR,2,HARD,24,0.2469999999999999,2.1500000000000057,1.9030000000000058
2019,Brazilian Grand Prix,NOR,3,MEDIUM,8,2.641999999999996,2.0870000000000033,-0.5549999999999926
2019,Brazilian Grand Prix,PER,1,SOFT,15,1.1589999999999918,0.27199999999999136,-0.8870000000000005
2019,Brazilian Grand Prix,PER,2,MEDIUM,26,0.519999999999996,0.7269999999999897,0.20699999999999363
2019,Brazilian Grand Prix,PER,3,SOFT,14,0.23299999999998988,1.1979999999999933,0.9650000000000034
2019,Brazilian Grand Prix,RAI,1,SOFT,19,0.038000000000010914,0.7259999999999991,0.6879999999999882
2019,Brazilian Grand Prix,RAI,2,MEDIUM,24,0.1599999999999966,0.5079999999999956,0.347999999999999
2019,Brazilian Grand Prix,RAI,3,SOFT,12,0.8810000000000002,0.5699999999999932,-0.31100000000000705
2019,Brazilian Grand Prix,RIC,1,MEDIUM,6,1.1099999999999994,0.4379999999999882,-0.6720000000000113
2019,Brazilian Grand Prix,RIC,2,SOFT,30,0.340999999999994,0.33799999999999386,-0.0030000000000001137
2019,Brazilian Grand Prix,RIC,3,SOFT,19,0.0799999999999983,1.1880000000000024,1.108000000000004
2019,Brazilian Grand Prix,RUS,1,MEDIUM,21,0.47100000000000364,0.4240000000000066,-0.046999999999997044
2019,Brazilian Grand Prix,RUS,2,MEDIUM,27,0.9009999999999962,0.664999999999992,-0.2360000000000042
2019,Brazilian Grand Prix,RUS,3,SOFT,6,1.6270000000000095,0.16800000000000637,-1.4590000000000032
2019,Brazilian Grand Prix,SAI,1,SOFT,27,1.1730000000000018,0.722999999999999,-0.45000000000000284
2019,Brazilian Grand Prix,SAI,2,MEDIUM,30,0.7530000000000001,0.2879999999999967,-0.4650000000000034
2019,Brazilian Grand Prix,STR,1,SOFT,26,0.5210000000000008,0.3130000000000024,-0.2079999999999984
2019,Brazilian Grand Prix,STR,2,MEDIUM,23,0.4789999999999992,0.7669999999999959,0.2879999999999967
2019,Brazilian Grand Prix,STR,3,SOFT,6,2.9240000000000066,1.5700000000000074,-1.3539999999999992
2019,Brazilian Grand Prix,VER,1,SOFT,19,0.09199999999999875,0.9609999999999985,0.8689999999999998
2019,Brazilian Grand Prix,VER,2,SOFT,21,0.18900000000000716,0.4100000000000108,0.22100000000000364
2019,Brazilian Grand Prix,VER,3,MEDIUM,8,0.3079999999999927,1.0840000000000032,0.7760000000000105
2019,Brazilian Grand Prix,VER,4,SOFT,8,0.42500000000001137,0.4240000000000066,-0.0010000000000047748
2019,Brazilian Grand Prix,VET,1,SOFT,23,0.33100000000000307,1.1000000000000085,0.7690000000000055
2019,Brazilian Grand Prix,VET,2,MEDIUM,22,0.17600000000000193,0.7420000000000044,0.5660000000000025
2019,Brazilian Grand Prix,VET,3,SOFT,9,0.5859999999999985,0.5040000000000049,-0.08199999999999363
2019,British Grand Prix,ALB,1,SOFT,11,0.19000000000001194,0.08100000000000307,-0.10900000000000887
2019,British Grand Prix,ALB,2,MEDIUM,34,0.9050000000000011,1.0729999999999933,0.16799999999999216
2019,British Grand Prix,BOT,1,MEDIUM,14,1.0130000000000052,0.10999999999999943,-0.9030000000000058
2019,British Grand Prix,BOT,2,MEDIUM,23,1.559999999999988,0.21699999999999875,-1.3429999999999893
2019,British Grand Prix,BOT,3,SOFT,6,0.992999999999995,2.3900000000000006,1.3970000000000056
2019,British Grand Prix,GAS,1,MEDIUM,10,0.4369999999999976,0.18300000000000693,-0.2539999999999907
2019,British Grand Prix,GAS,2,HARD,35,2.622,0.4309999999999974,-2.1910000000000025
2019,British Grand Prix,GIO,1,MEDIUM,17,2.537000000000006,0.269999999999996,-2.26700000000001
2019,British Grand Prix,GRO,2,HARD,6,0.3610000000000042,0.34600000000000364,-0.015000000000000568
2019,British Grand Prix,HAM,1,MEDIUM,18,1.6869999999999976,0.5480000000000018,-1.1389999999999958
2019,British Grand Prix,HAM,2,HARD,29,2.620999999999995,1.5390000000000015,-1.0819999999999936
2019,British Grand Prix,HUL,1,SOFT,11,0.3059999999999974,0.10899999999999466,-0.19700000000000273
2019,British Grand Prix,HUL,2,HARD,34,1.695999999999998,0.18300000000000693,-1.512999999999991
2019,British Grand Prix,KUB,1,MEDIUM,18,1.3760000000000048,0.6310000000000002,-0.7450000000000045
2019,British Grand Prix,KUB,2,HARD,28,3.471999999999994,1.6550000000000011,-1.816999999999993
2019,British Grand Prix,KVY,1,SOFT,10,1.7469999999999999,0.48399999999999466,-1.2630000000000052
2019,British Grand Prix,KVY,2,MEDIUM,6,0.585000000000008,1.1370000000000005,0.5519999999999925
2019,British Grand Prix,KVY,3,HARD,29,3.478999999999999,0.17799999999999727,-3.301000000000002
2019,British Grand Prix,LEC,1,SOFT,11,0.5769999999999982,0.9069999999999965,0.3299999999999983
2019,British Grand Prix,LEC,3,HARD,29,3.0930000000000035,0.13599999999999568,-2.957000000000008
2019,British Grand Prix,NOR,1,SOFT,11,0.5990000000000038,0.06499999999999773,-0.534000000000006
2019,British Grand Prix,NOR,2,MEDIUM,16,1.581000000000003,0.15399999999999636,-1.4270000000000067
2019,British Grand Prix,NOR,3,HARD,16,0.960000000000008,0.527000000000001,-0.43300000000000693
2019,British Grand Prix,PER,1,MEDIUM,16,1.4920000000000044,0.36199999999999477,-1.1300000000000097
2019,British Grand Prix,PER,3,SOFT,20,2.3880000000000052,0.5790000000000077,-1.8089999999999975
2019,British Grand Prix,RAI,1,MEDIUM,15,1.0360000000000014,0.016000000000005343,-1.019999999999996
2019,British Grand Prix,RAI,2,HARD,30,4.186999999999998,0.001999999999995339,-4.185000000000002
2019,British Grand Prix,RIC,1,SOFT,10,0.5659999999999883,0.04999999999999716,-0.5159999999999911
2019,British Grand Prix,RIC,2,MEDIUM,6,0.41500000000000625,0.17900000000000205,-0.2360000000000042
2019,British Grand Prix,RIC,3,HARD,29,3.166000000000011,0.2790000000000106,-2.8870000000000005
2019,British Grand Prix,RUS,1,MEDIUM,18,1.2600000000000051,0.3370000000000033,-0.9230000000000018
2019,British Grand Prix,RUS,2,HARD,28,3.2039999999999935,0.6700000000000017,-2.533999999999992
2019,British Grand Prix,SAI,1,MEDIUM,18,1.445999999999998,0.08100000000000307,-1.3649999999999949
2019,British Grand Prix,SAI,2,HARD,29,3.4909999999999997,0.10599999999999454,-3.385000000000005
2019,British Grand Prix,STR,1,MEDIUM,11,1.0279999999999916,0.02599999999999625,-1.0019999999999953
2019,British Grand Prix,STR,2,HARD,20,1.3190000000000026,0.6110000000000042,-0.7079999999999984
2019,British Grand Prix,STR,3,SOFT,12,0.742999999999995,0.14100000000000534,-0.6019999999999897
2019,British Grand Prix,VER,1,MEDIUM,11,0.6069999999999993,0.6419999999999959,0.03499999999999659
2019,British Grand Prix,VER,3,HARD,29,1.7109999999999985,0.4439999999999884,-1.2670000000000101
2019,British Grand Prix,VET,1,SOFT,18,0.5880000000000081,0.2580000000000098,-0.3299999999999983
2019,British Grand Prix,VET,2,HARD,14,1.4409999999999883,0.07499999999998863,-1.3659999999999997
2019,British Grand Prix,VET,3,MEDIUM,12,2.3349999999999937,0.3739999999999952,-1.9609999999999985
2019,Canadian Grand Prix,ALB,2,HARD,57,2.3130000000000024,2.5559999999999974,0.242999999999995
2019,Canadian Grand Prix,BOT,1,MEDIUM,28,1.3740000000000094,0.2980000000000018,-1.0760000000000076
2019,Canadian Grand Prix,BOT,2,HARD,35,1.2579999999999956,0.5079999999999956,-0.75
2019,Canadian Grand Prix,GAS,2,HARD,61,2.537000000000006,1.9300000000000068,-0.6069999999999993
2019,Canadian Grand Prix,GIO,1,HARD,31,1.2569999999999908,0.4969999999999999,-0.7599999999999909
2019,Canadian Grand Prix,GIO,2,MEDIUM,35,1.0060000000000002,0.28600000000000136,-0.7199999999999989
2019,Canadian Grand Prix,GRO,1,MEDIUM,32,2.3670000000000044,0.9939999999999998,-1.3730000000000047
2019,Canadian Grand Prix,GRO,2,HARD,34,0.7579999999999956,0.41100000000000136,-0.3469999999999942
2019,Canadian Grand Prix,HAM,1,MEDIUM,26,0.5300000000000011,0.6350000000000051,0.10500000000000398
2019,Canadian Grand Prix,HAM,2,HARD,41,0.7890000000000015,0.7390000000000043,-0.04999999999999716
2019,Canadian Grand Prix,HUL,1,SOFT,14,0.6199999999999903,0.04199999999998738,-0.578000000000003
2019,Canadian Grand Prix,HUL,2,HARD,52,1.0030000000000001,0.25799999999999557,-0.7450000000000045
2019,Canadian Grand Prix,KUB,1,MEDIUM,6,1.063999999999993,0.13599999999999568,-0.9279999999999973
2019,Canadian Grand Prix,KUB,2,HARD,28,2.4180000000000064,0.7609999999999957,-1.6570000000000107
2019,Canadian Grand Prix,KUB,3,HARD,28,0.9060000000000059,0.37700000000000955,-0.5289999999999964
2019,Canadian Grand Prix,KVY,1,MEDIUM,10,0.1910000000000025,0.06799999999999784,-0.12300000000000466
2019,Canadian Grand Prix,KVY,2,HARD,56,2.3090000000000117,1.1350000000000051,-1.1740000000000066
2019,Canadian Grand Prix,LEC,1,MEDIUM,31,0.4939999999999998,0.6380000000000052,0.14400000000000546
2019,Canadian Grand Prix,LEC,2,HARD,36,1.068000000000012,0.48400000000000887,-0.5840000000000032
2019,Canadian Grand Prix,MAG,1,HARD,37,1.5889999999999986,0.019000000000005457,-1.5699999999999932
2019,Canadian Grand Prix,MAG,2,MEDIUM,28,0.18099999999999739,1.6460000000000008,1.4650000000000034
2019,Canadian Grand Prix,NOR,1,SOFT,7,0.025000000000005684,1.3059999999999974,1.2809999999999917
2019,Canadian Grand Prix,PER,1,MEDIUM,9,0.3259999999999934,0.7289999999999992,0.4030000000000058
2019,Canadian Grand Prix,PER,2,HARD,57,2.1410000000000053,0.585000000000008,-1.5559999999999974
2019,Canadian Grand Prix,RAI,2,HARD,50,1.6059999999999945,0.617999999999995,-0.9879999999999995
2019,Canadian Grand Prix,RAI,3,SOFT,10,0.46300000000000807,0.9130000000000109,0.45000000000000284
2019,Canadian Grand Prix,RIC,1,SOFT,6,0.4749999999999943,0.47799999999999443,0.0030000000000001137
2019,Canadian Grand Prix,RIC,2,HARD,60,2.1599999999999966,1.3490000000000038,-0.8109999999999928
2019,Canadian Grand Prix,RUS,1,MEDIUM,7,0.4860000000000042,1.0690000000000026,0.5829999999999984
2019,Canadian Grand Prix,RUS,2,HARD,58,1.7480000000000047,0.6809999999999974,-1.0670000000000073
2019,Canadian Grand Prix,SAI,2,HARD,65,1.0999999999999943,1.4699999999999989,0.37000000000000455
2019,Canadian Grand Prix,STR,1,HARD,43,2.105000000000004,0.09600000000000364,-2.0090000000000003
2019,Canadian Grand Prix,STR,2,MEDIUM,23,0.5779999999999887,0.7599999999999909,0.18200000000000216
2019,Canadian Grand Prix,VER,1,HARD,46,1.5079999999999956,0.3259999999999934,-1.1820000000000022
2019,Canadian Grand Prix,VER,2,MEDIUM,21,0.9480000000000075,1.0790000000000077,0.13100000000000023
2019,Canadian Grand Prix,VET,1,MEDIUM,24,0.31100000000000705,0.39000000000000057,0.07899999999999352
2019,Canadian Grand Prix,VET,2,HARD,43,0.909000000000006,0.5240000000000009,-0.3850000000000051
2019,Chinese Grand Prix,ALB,1,SOFT,16,0.44999999999998863,0.8239999999999981,0.37400000000000944
2019,Chinese Grand Prix,ALB,2,HARD,35,0.16100000000000136,0.8590000000000089,0.6980000000000075
2019,Chinese Grand Prix,BOT,1,MEDIUM,18,0.33800000000000807,0.9879999999999995,0.6499999999999915
2019,Chinese Grand Prix,BOT,2,HARD,13,0.1319999999999908,1.2329999999999899,1.100999999999999
2019,Chinese Grand Prix,BOT,3,MEDIUM,19,2.2439999999999998,1.5430000000000064,-0.7009999999999934
2019,Chinese Grand Prix,GAS,1,SOFT,16,0.10099999999999909,0.3119999999999976,0.21099999999999852
2019,Chinese Grand Prix,GAS,2,HARD,18,0.722999999999999,0.13799999999999102,-0.585000000000008
2019,Chinese Grand Prix,GAS,3,MEDIUM,12,0.46999999999999886,1.3640000000000043,0.8940000000000055
2019,Chinese Grand Prix,GIO,2,MEDIUM,21,0.43900000000000716,2.5559999999999974,2.1169999999999902
2019,Chinese Grand Prix,GIO,3,MEDIUM,24,0.26300000000000523,1.9710000000000036,1.7079999999999984
2019,Chinese Grand Prix,GRO,2,HARD,25,0.3149999999999977,0.9449999999999932,0.6299999999999955
2019,Chinese Grand Prix,GRO,3,MEDIUM,19,0.8289999999999935,2.4749999999999943,1.6460000000000008
2019,Chinese Grand Prix,HAM,1,MEDIUM,19,0.382000000000005,1.1770000000000067,0.7950000000000017
2019,Chinese Grand Prix,HAM,2,HARD,12,0.23199999999999932,0.5350000000000108,0.3030000000000115
2019,Chinese Grand Prix,HAM,3,MEDIUM,19,0.13100000000000023,0.4660000000000082,0.33500000000000796
2019,Chinese Grand Prix,HUL,1,SOFT,8,0.6530000000000058,0.13400000000000034,-0.5190000000000055
2019,Chinese Grand Prix,KUB,1,MEDIUM,23,1.168999999999997,1.2540000000000049,0.08500000000000796
2019,Chinese Grand Prix,KUB,2,HARD,27,0.7049999999999983,2.388999999999996,1.6839999999999975
2019,Chinese Grand Prix,KVY,2,MEDIUM,16,0.14300000000000068,1.3130000000000024,1.1700000000000017
2019,Chinese Grand Prix,KVY,4,SOFT,9,0.6809999999999974,0.375,-0.3059999999999974
2019,Chinese Grand Prix,LEC,1,MEDIUM,19,0.2120000000000033,1.6940000000000026,1.4819999999999993
2019,Chinese Grand Prix,LEC,2,HARD,18,0.29700000000001125,1.230000000000004,0.9329999999999927
2019,Chinese Grand Prix,LEC,3,MEDIUM,13,0.8160000000000025,1.6430000000000007,0.8269999999999982
2019,Chinese Grand Prix,MAG,1,SOFT,6,0.5630000000000024,0.07700000000001239,-0.48599999999999
2019,Chinese Grand Prix,MAG,2,HARD,22,0.652000000000001,2.5849999999999937,1.9329999999999927
2019,Chinese Grand Prix,MAG,3,MEDIUM,21,0.15800000000000125,1.0929999999999893,0.9349999999999881
2019,Chinese Grand Prix,NOR,2,HARD,14,0.27199999999999136,0.4439999999999884,0.17199999999999704
2019,Chinese Grand Prix,NOR,3,MEDIUM,15,0.04200000000000159,1.2319999999999993,1.1899999999999977
2019,Chinese Grand Prix,NOR,4,SOFT,14,0.09599999999998943,0.5309999999999917,0.4350000000000023
2019,Chinese Grand Prix,PER,1,MEDIUM,17,0.22399999999998954,1.0049999999999955,0.7810000000000059
2019,Chinese Grand Prix,PER,2,HARD,34,1.3539999999999992,1.6779999999999973,0.32399999999999807
2019,Chinese Grand Prix,RAI,1,MEDIUM,22,0.5690000000000026,1.5460000000000065,0.9770000000000039
2019,Chinese Grand Prix,RAI,2,HARD,29,0.3440000000000083,3.5970000000000084,3.253
2019,Chinese Grand Prix,RIC,1,SOFT,15,0.4309999999999974,0.39400000000000546,-0.03699999999999193
2019,Chinese Grand Prix,RIC,2,HARD,36,2.2009999999999934,1.6550000000000011,-0.5459999999999923
2019,Chinese Grand Prix,RUS,1,MEDIUM,19,1.0019999999999953,1.5789999999999935,0.5769999999999982
2019,Chinese Grand Prix,RUS,2,HARD,25,2.0519999999999925,3.554000000000002,1.5020000000000095
2019,Chinese Grand Prix,SAI,2,HARD,33,0.4750000000000085,1.068000000000012,0.5930000000000035
2019,Chinese Grand Prix,SAI,3,SOFT,18,0.6490000000000009,1.436000000000007,0.7870000000000061
2019,Chinese Grand Prix,STR,1,MEDIUM,17,1.188999999999993,0.5219999999999914,-0.6670000000000016
2019,Chinese Grand Prix,STR,2,HARD,22,0.4200000000000017,0.612000000000009,0.19200000000000728
2019,Chinese Grand Prix,STR,3,SOFT,10,1.073999999999998,1.5619999999999976,0.48799999999999955
2019,Chinese Grand Prix,VER,1,MEDIUM,14,0.2120000000000033,0.6089999999999947,0.39699999999999136
2019,Chinese Grand Prix,VER,2,HARD,15,0.15000000000000568,1.0949999999999989,0.9449999999999932
2019,Chinese Grand Prix,VER,3,MEDIUM,21,0.6329999999999956,1.5319999999999965,0.8990000000000009
2019,Chinese Grand Prix,VET,1,MEDIUM,15,0.24899999999999523,1.1189999999999998,0.8700000000000045
2019,Chinese Grand Prix,VET,2,HARD,15,0.15200000000000102,0.41799999999999216,0.26599999999999113
2019,Chinese Grand Prix,VET,3,MEDIUM,20,1.6620000000000061,2.0390000000000015,0.37699999999999534
2019,French Grand Prix,ALB,1,MEDIUM,23,2.5180000000000007,0.31699999999999307,-2.2010000000000076
2019,French Grand Prix,ALB,2,HARD,25,1.5750000000000028,0.4620000000000033,-1.1129999999999995
2019,French Grand Prix,BOT,1,MEDIUM,21,1.8950000000000102,0.6530000000000058,-1.2420000000000044
2019,French Grand Prix,BOT,2,HARD,28,1.7409999999999997,1.0360000000000014,-0.7049999999999983
2019,French Grand Prix,GAS,1,SOFT,15,1.5109999999999957,0.02599999999999625,-1.4849999999999994
2019,French Grand Prix,GAS,2,HARD,32,1.718999999999994,0.39099999999999113,-1.328000000000003
2019,French Grand Prix,GIO,2,HARD,25,1.4710000000000036,0.2680000000000007,-1.203000000000003
2019,French Grand Prix,GIO,3,MEDIUM,16,1.0060000000000002,0.09900000000000375,-0.9069999999999965
2019,French Grand Prix,GRO,1,HARD,29,2.5829999999999984,0.541000000000011,-2.0419999999999874
2019,French Grand Prix,GRO,2,MEDIUM,12,0.42799999999999727,0.05700000000000216,-0.3709999999999951
2019,French Grand Prix,HAM,1,MEDIUM,22,2.067999999999998,0.14299999999998647,-1.9250000000000114
2019,French Grand Prix,HAM,2,HARD,26,1.740000000000009,1.7700000000000102,0.030000000000001137
2019,French Grand Prix,HUL,1,HARD,32,3.414999999999992,0.894999999999996,-2.519999999999996
2019,French Grand Prix,HUL,2,MEDIUM,15,0.8769999999999953,0.9260000000000019,0.049000000000006594
2019,French Grand Prix,KUB,1,MEDIUM,22,2.641999999999996,1.3089999999999975,-1.3329999999999984
2019,French Grand Prix,KUB,2,HARD,25,1.7959999999999923,0.6280000000000001,-1.1679999999999922
2019,French Grand Prix,KVY,1,HARD,30,3.7620000000000005,0.46100000000001273,-3.3009999999999877
2019,French Grand Prix,KVY,2,MEDIUM,18,0.6700000000000017,0.402000000000001,-0.2680000000000007
2019,French Grand Prix,LEC,1,MEDIUM,19,1.6769999999999925,0.22999999999998977,-1.4470000000000027
2019,French Grand Prix,LEC,2,HARD,30,1.3939999999999912,0.15500000000000114,-1.23899999999999
2019,French Grand Prix,MAG,1,MEDIUM,14,0.7000000000000028,0.8440000000000083,0.14400000000000546
2019,French Grand Prix,MAG,2,HARD,34,3.321000000000012,2.1920000000000073,-1.1290000000000049
2019,French Grand Prix,NOR,1,MEDIUM,16,1.9710000000000036,0.07200000000000273,-1.899000000000001
2019,French Grand Prix,NOR,2,HARD,31,1.9539999999999935,0.7459999999999951,-1.2079999999999984
2019,French Grand Prix,PER,1,MEDIUM,16,2.338000000000008,0.487000000000009,-1.850999999999999
2019,French Grand Prix,PER,2,HARD,32,1.436000000000007,1.8440000000000083,0.40800000000000125
2019,French Grand Prix,RAI,1,HARD,29,2.283999999999992,0.012000000000000455,-2.2719999999999914
2019,French Grand Prix,RAI,2,MEDIUM,18,1.1280000000000001,0.6280000000000001,-0.5
2019,French Grand Prix,RIC,1,MEDIUM,14,1.546999999999997,0.1280000000000001,-1.418999999999997
2019,French Grand Prix,RIC,2,HARD,33,2.320999999999998,1.9939999999999998,-0.3269999999999982
2019,French Grand Prix,RUS,1,MEDIUM,23,2.9920000000000044,0.37999999999999545,-2.612000000000009
2019,French Grand Prix,RUS,2,HARD,6,0.8739999999999952,0.40799999999998704,-0.4660000000000082
2019,French Grand Prix,RUS,3,MEDIUM,16,1.8829999999999956,0.006000000000000227,-1.8769999999999953
2019,French Grand Prix,SAI,1,MEDIUM,17,1.649000000000001,0.18299999999999272,-1.4660000000000082
2019,French Grand Prix,SAI,2,HARD,31,2.6429999999999865,0.6549999999999869,-1.9879999999999995
2019,French Grand Prix,STR,1,HARD,37,2.9309999999999974,0.7950000000000017,-2.1359999999999957
2019,French Grand Prix,STR,2,MEDIUM,11,0.05699999999998795,0.3049999999999926,0.24800000000000466
2019,French Grand Prix,VER,1,MEDIUM,18,1.3759999999999906,0.3960000000000008,-0.9799999999999898
2019,French Grand Prix,VER,2,HARD,31,1.2949999999999875,1.4599999999999937,0.16500000000000625
2019,French Grand Prix,VET,1,MEDIUM,23,3.3840000000000003,0.49200000000000443,-2.891999999999996
2019,French Grand Prix,VET,2,HARD,23,1.2980000000000018,0.40399999999999636,-0.8940000000000055
2019,German Grand Prix,ALB,2,INTERMEDIATE,21,4.790000000000006,1.8059999999999974,-2.984000000000009
2019,German Grand Prix,ALB,4,INTERMEDIATE,7,1.3359999999999985,0.21399999999999864,-1.1219999999999999
2019,German Grand Prix,ALB,5,SOFT,14,1.6940000000000026,0.14800000000001035,-1.5459999999999923
2019,German Grand Prix,BOT,2,INTERMEDIATE,19,1.5190000000000055,3.524000000000001,2.0049999999999955
2019,German Grand Prix,BOT,4,INTERMEDIATE,7,2.5930000000000035,0.6680000000000064,-1.9249999999999972
2019,German Grand Prix,BOT,5,SOFT,9,1.066999999999993,0.05299999999999727,-1.0139999999999958
2019,German Grand Prix,GAS,2,INTERMEDIATE,20,9.829999999999998,3.4779999999999944,-6.352000000000004
2019,German Grand Prix,GAS,4,INTERMEDIATE,7,1.98899999999999,0.2539999999999907,-1.7349999999999994
2019,German Grand Prix,GAS,5,SOFT,11,3.188999999999993,0.6929999999999978,-2.495999999999995
2019,German Grand Prix,GIO,2,INTERMEDIATE,20,4.521999999999991,2.3739999999999952,-2.147999999999996
2019,German Grand Prix,GIO,4,INTERMEDIATE,8,3.2890000000000015,1.3200000000000074,-1.968999999999994
2019,German Grand Prix,GIO,5,SOFT,13,0.3539999999999992,0.5519999999999925,0.1979999999999933
2019,German Grand Prix,GRO,2,INTERMEDIATE,20,7.0390000000000015,2.0870000000000033,-4.951999999999998
2019,German Grand Prix,GRO,4,INTERMEDIATE,7,3.0120000000000005,0.563999999999993,-2.4480000000000075
2019,German Grand Prix,GRO,6,SOFT,14,1.1319999999999908,0.15899999999999181,-0.972999999999999
2019,German Grand Prix,HAM,2,INTERMEDIATE,21,1.8309999999999889,3.3329999999999984,1.5020000000000095
2019,German Grand Prix,HAM,4,INTERMEDIATE,8,2.942999999999998,0.5360000000000014,-2.4069999999999965
2019,German Grand Prix,HUL,2,INTERMEDIATE,10,3.519999999999996,1.1199999999999903,-2.4000000000000057
2019,German Grand Prix,HUL,3,INTERMEDIATE,10,0.7660000000000053,4.510000000000005,3.7439999999999998
2019,German Grand Prix,HUL,4,INTERMEDIATE,6,0.8030000000000115,0.5600000000000023,-0.2430000000000092
2019,German Grand Prix,KUB,2,INTERMEDIATE,12,0.02599999999999625,4.040999999999997,4.015000000000001
2019,German Grand Prix,KUB,4,INTERMEDIATE,6,1.5900000000000034,0.23599999999999,-1.3540000000000134
2019,German Grand Prix,KUB,5,SOFT,8,2.058000000000007,1.0570000000000022,-1.0010000000000048
2019,German Grand Prix,KVY,2,INTERMEDIATE,19,7.652000000000001,2.680000000000007,-4.971999999999994
2019,German Grand Prix,KVY,4,INTERMEDIATE,7,2.6469999999999914,0.11899999999999977,-2.5279999999999916
2019,German Grand Prix,KVY,5,SOFT,15,2.3230000000000075,1.0019999999999953,-1.3210000000000122
2019,German Grand Prix,LEC,2,INTERMEDIATE,10,3.3730000000000047,0.9100000000000108,-2.462999999999994
2019,German Grand Prix,LEC,3,INTERMEDIATE,10,1.320999999999998,5.609999999999999,4.2890000000000015
2019,German Grand Prix,MAG,2,INTERMEDIATE,9,0.2740000000000009,3.936000000000007,3.662000000000006
2019,German Grand Prix,MAG,4,INTERMEDIATE,7,3.328000000000003,0.22499999999999432,-3.1030000000000086
2019,German Grand Prix,MAG,6,SOFT,10,1.0949999999999989,0.9140000000000015,-0.18099999999999739
2019,German Grand Prix,NOR,2,INTERMEDIATE,15,0.6749999999999972,3.125,2.450000000000003
2019,German Grand Prix,RAI,2,INTERMEDIATE,19,7.225999999999999,3.230000000000004,-3.995999999999995
2019,German Grand Prix,RAI,4,INTERMEDIATE,8,3.595000000000013,2.967000000000013,-0.6280000000000001
2019,German Grand Prix,RAI,5,SOFT,13,1.3170000000000073,0.2750000000000057,-1.0420000000000016
2019,German Grand Prix,RIC,2,INTERMEDIATE,9,6.555000000000007,0.2360000000000042,-6.319000000000003
2019,German Grand Prix,RUS,2,INTERMEDIATE,13,1.0390000000000015,4.801000000000002,3.7620000000000005
2019,German Grand Prix,RUS,3,INTERMEDIATE,6,0.6360000000000099,0.2259999999999991,-0.4100000000000108
2019,German Grand Prix,RUS,5,SOFT,7,0.9230000000000018,0.9540000000000077,0.03100000000000591
2019,German Grand Prix,SAI,2,INTERMEDIATE,20,4.4140000000000015,3.2040000000000077,-1.2099999999999937
2019,German Grand Prix,SAI,3,INTERMEDIATE,7,1.5069999999999908,0.45699999999999363,-1.0499999999999972
2019,German Grand Prix,SAI,4,SOFT,14,1.8920000000000101,0.10800000000000409,-1.784000000000006
2019,German Grand Prix,STR,2,INTERMEDIATE,14,1.1780000000000115,2.0490000000000066,0.8709999999999951
2019,German Grand Prix,STR,4,INTERMEDIATE,6,1.6559999999999917,0.08299999999999841,-1.5729999999999933
2019,German Grand Prix,STR,6,SOFT,16,8.125,1.0570000000000022,-7.067999999999998
2019,German Grand Prix,VER,2,INTERMEDIATE,18,1.6069999999999993,3.1000000000000085,1.4930000000000092
2019,German Grand Prix,VER,4,INTERMEDIATE,7,0.9369999999999976,0.42900000000000205,-0.5079999999999956
2019,German Grand Prix,VER,6,SOFT,14,1.7409999999999997,0.6940000000000026,-1.046999999999997
2019,German Grand Prix,VET,2,INTERMEDIATE,17,4.2109999999999985,2.469999999999999,-1.7409999999999997
2019,German Grand Prix,VET,4,INTERMEDIATE,7,1.774000000000001,0.0309999999999917,-1.7430000000000092
2019,German Grand Prix,VET,6,SOFT,13,1.7980000000000018,0.028999999999996362,-1.7690000000000055
2019,Hungarian Grand Prix,ALB,1,MEDIUM,26,2.6330000000000098,0.561000000000007,-2.0720000000000027
2019,Hungarian Grand Prix,ALB,2,HARD,40,1.703000000000003,0.5739999999999981,-1.1290000000000049
2019,Hungarian Grand Prix,BOT,2,HARD,39,0.008000000000009777,1.4010000000000105,1.3930000000000007
2019,Hungarian Grand Prix,BOT,3,MEDIUM,22,1.6310000000000002,1.7329999999999899,0.10199999999998965
2019,Hungarian Grand Prix,GAS,1,MEDIUM,26,2.0659999999999883,0.6329999999999956,-1.4329999999999927
2019,Hungarian Grand Prix,GAS,2,HARD,40,0.9740000000000038,0.22499999999999432,-0.7490000000000094
2019,Hungarian Grand Prix,GIO,1,MEDIUM,13,1.1550000000000011,1.2759999999999962,0.12099999999999511
2019,Hungarian Grand Prix,GIO,2,HARD,52,0.20600000000000307,0.9890000000000043,0.7830000000000013
2019,Hungarian Grand Prix,GRO,1,SOFT,17,0.8389999999999986,0.26900000000000546,-0.5699999999999932
2019,Hungarian Grand Prix,GRO,2,HARD,28,0.48799999999999955,0.32200000000000273,-0.16599999999999682
2019,Hungarian Grand Prix,HAM,1,MEDIUM,29,0.6529999999999916,1.168999999999997,0.5160000000000053
2019,Hungarian Grand Prix,HAM,2,HARD,15,0.32200000000000273,0.8460000000000036,0.5240000000000009
2019,Hungarian Grand Prix,HAM,3,MEDIUM,21,0.8759999999999906,2.9469999999999885,2.070999999999998
2019,Hungarian Grand Prix,HUL,1,MEDIUM,34,1.9680000000000035,0.47400000000000375,-1.4939999999999998
2019,Hungarian Grand Prix,HUL,2,SOFT,32,0.6869999999999976,0.73599999999999,0.04899999999999238
2019,Hungarian Grand Prix,KUB,1,MEDIUM,16,1.5630000000000024,0.2540000000000049,-1.3089999999999975
2019,Hungarian Grand Prix,KUB,2,HARD,48,0.7039999999999935,0.769999999999996,0.0660000000000025
2019,Hungarian Grand Prix,KVY,1,MEDIUM,19,2.1909999999999883,0.5239999999999867,-1.6670000000000016
2019,Hungarian Grand Prix,KVY,2,HARD,46,0.6589999999999918,2.5889999999999986,1.9300000000000068
2019,Hungarian Grand Prix,LEC,1,MEDIUM,25,0.6499999999999915,1.304000000000002,0.6540000000000106
2019,Hungarian Grand Prix,LEC,2,HARD,42,1.355000000000004,2.3160000000000025,0.9609999999999985
2019,Hungarian Grand Prix,MAG,1,MEDIUM,36,3.0019999999999953,0.4000000000000057,-2.6019999999999897
2019,Hungarian Grand Prix,MAG,2,SOFT,30,1.538000000000011,0.16500000000000625,-1.3730000000000047
2019,Hungarian Grand Prix,NOR,1,SOFT,26,2.0120000000000005,0.51400000000001,-1.4979999999999905
2019,Hungarian Grand Prix,NOR,2,HARD,40,2.2749999999999915,0.07099999999999795,-2.2039999999999935
2019,Hungarian Grand Prix,PER,1,MEDIUM,16,0.9719999999999942,0.22499999999999432,-0.7469999999999999
2019,Hungarian Grand Prix,PER,2,HARD,50,1.0400000000000063,0.7210000000000036,-0.3190000000000026
2019,Hungarian Grand Prix,RAI,1,SOFT,27,1.8960000000000008,0.4510000000000076,-1.4449999999999932
2019,Hungarian Grand Prix,RAI,2,MEDIUM,39,1.5080000000000098,0.257000000000005,-1.2510000000000048
2019,Hungarian Grand Prix,RIC,1,HARD,44,3.421999999999997,0.2849999999999966,-3.1370000000000005
2019,Hungarian Grand Prix,RIC,2,SOFT,22,0.12399999999999523,0.8310000000000031,0.7070000000000078
2019,Hungarian Grand Prix,RUS,1,MEDIUM,14,0.9679999999999893,1.5679999999999978,0.6000000000000085
2019,Hungarian Grand Prix,RUS,2,HARD,51,1.0589999999999975,0.07600000000000762,-0.9829999999999899
2019,Hungarian Grand Prix,SAI,1,SOFT,27,1.855000000000004,0.30800000000000693,-1.546999999999997
2019,Hungarian Grand Prix,SAI,2,HARD,39,1.4420000000000073,0.3130000000000024,-1.1290000000000049
2019,Hungarian Grand Prix,STR,1,MEDIUM,14,1.2860000000000014,0.8780000000000001,-0.40800000000000125
2019,Hungarian Grand Prix,STR,2,HARD,32,0.28300000000000125,0.2009999999999934,-0.08200000000000784
2019,Hungarian Grand Prix,STR,3,SOFT,17,0.9630000000000081,1.9180000000000064,0.9549999999999983
2019,Hungarian Grand Prix,VER,1,MEDIUM,23,0.46299999999999386,1.056999999999988,0.5939999999999941
2019,Hungarian Grand Prix,VER,2,HARD,40,2.161999999999992,1.608000000000004,-0.5539999999999878
2019,Hungarian Grand Prix,VET,1,MEDIUM,37,0.2459999999999951,1.3930000000000007,1.1470000000000056
2019,Hungarian Grand Prix,VET,2,SOFT,30,0.5169999999999959,0.9260000000000019,0.409000000000006
2019,Italian Grand Prix,ALB,1,SOFT,24,1.6310000000000002,0.8889999999999958,-0.7420000000000044
2019,Italian Grand Prix,ALB,2,MEDIUM,23,1.3499999999999943,0.28999999999999204,-1.0600000000000023
2019,Italian Grand Prix,BOT,1,SOFT,25,0.5160000000000053,0.472999999999999,-0.043000000000006366
2019,Italian Grand Prix,BOT,2,MEDIUM,23,0.6780000000000115,0.9250000000000114,0.2469999999999999
2019,Italian Grand Prix,GAS,1,MEDIUM,26,1.6180000000000092,0.23800000000001376,-1.3799999999999955
2019,Italian Grand Prix,GAS,2,SOFT,21,1.3259999999999934,0.14000000000000057,-1.1859999999999928
2019,Italian Grand Prix,GIO,1,SOFT,19,1.3810000000000002,0.44299999999999784,-0.9380000000000024
2019,Italian Grand Prix,GIO,2,MEDIUM,27,1.0409999999999968,0.3160000000000025,-0.7249999999999943
2019,Italian Grand Prix,GRO,2,MEDIUM,19,0.14100000000000534,0.9010000000000105,0.7600000000000051
2019,Italian Grand Prix,GRO,3,SOFT,22,0.45000000000000284,0.8460000000000036,0.3960000000000008
2019,Italian Grand Prix,HAM,1,SOFT,17,0.4380000000000024,0.17500000000001137,-0.262999999999991
2019,Italian Grand Prix,HAM,2,MEDIUM,26,1.3629999999999995,0.7409999999999997,-0.6219999999999999
2019,Italian Grand Prix,HUL,1,SOFT,26,0.49200000000000443,0.2189999999999941,-0.27300000000001035
2019,Italian Grand Prix,HUL,2,MEDIUM,22,1.543999999999997,0.018000000000000682,-1.5259999999999962
2019,Italian Grand Prix,KUB,1,MEDIUM,26,1.516999999999996,0.41100000000000136,-1.1059999999999945
2019,Italian Grand Prix,KUB,2,SOFT,13,0.18700000000001182,0.06900000000000261,-0.11800000000000921
2019,Italian Grand Prix,KUB,3,MEDIUM,6,0.27199999999999136,0.027999999999991587,-0.24399999999999977
2019,Italian Grand Prix,KVY,1,MEDIUM,26,1.4899999999999949,0.26599999999999113,-1.2240000000000038
2019,Italian Grand Prix,LEC,1,SOFT,18,0.27199999999999136,0.2530000000000001,-0.018999999999991246
2019,Italian Grand Prix,LEC,2,HARD,30,1.4899999999999949,0.4170000000000016,-1.0729999999999933
2019,Italian Grand Prix,MAG,1,SOFT,18,0.7010000000000076,0.09700000000000841,-0.6039999999999992
2019,Italian Grand Prix,MAG,2,MEDIUM,9,0.291000000000011,0.1570000000000107,-0.13400000000000034
2019,Italian Grand Prix,MAG,3,SOFT,7,0.05299999999999727,0.9680000000000035,0.9150000000000063
2019,Italian Grand Prix,NOR,1,MEDIUM,19,2.531000000000006,0.76400000000001,-1.766999999999996
2019,Italian Grand Prix,NOR,2,HARD,25,1.0349999999999966,0.2780000000000058,-0.7569999999999908
2019,Italian Grand Prix,PER,1,MEDIUM,26,2.5200000000000102,0.20400000000000773,-2.3160000000000025
2019,Italian Grand Prix,PER,2,SOFT,22,0.36299999999999955,0.33500000000000796,-0.027999999999991587
2019,Italian Grand Prix,RAI,1,MEDIUM,17,2.4069999999999965,0.3050000000000068,-2.1019999999999897
2019,Italian Grand Prix,RAI,3,SOFT,22,0.8020000000000067,0.6869999999999976,-0.1150000000000091
2019,Italian Grand Prix,RIC,1,SOFT,27,0.7810000000000059,0.43600000000000705,-0.34499999999999886
2019,Italian Grand Prix,RIC,2,MEDIUM,22,1.6450000000000102,0.09600000000000364,-1.5490000000000066
2019,Italian Grand Prix,RUS,1,MEDIUM,21,2.209000000000003,0.5,-1.7090000000000032
2019,Italian Grand Prix,RUS,2,HARD,26,0.46999999999999886,0.5510000000000019,0.08100000000000307
2019,Italian Grand Prix,SAI,1,SOFT,25,1.2980000000000018,0.409000000000006,-0.8889999999999958
2019,Italian Grand Prix,STR,1,SOFT,13,0.1980000000000075,0.8190000000000026,0.6209999999999951
2019,Italian Grand Prix,STR,3,MEDIUM,27,0.7219999999999942,0.44899999999999807,-0.27299999999999613
2019,Italian Grand Prix,VER,2,SOFT,24,0.046999999999997044,1.6460000000000008,1.5990000000000038
2019,Italian Grand Prix,VER,3,MEDIUM,23,1.7530000000000001,0.9779999999999944,-0.7750000000000057
2019,Italian Grand Prix,VET,3,HARD,25,0.7449999999999903,0.6389999999999958,-0.10599999999999454
2019,Italian Grand Prix,VET,4,MEDIUM,10,0.6549999999999869,0.11299999999999955,-0.5419999999999874
2019,Japanese Grand Prix,ALB,1,SOFT,13,1.156000000000006,1.0940000000000083,-0.06199999999999761
2019,Japanese Grand Prix,ALB,2,MEDIUM,17,0.47799999999999443,0.3930000000000007,-0.08499999999999375
2019,Japanese Grand Prix,ALB,3,SOFT,18,0.6239999999999952,0.9819999999999993,0.3580000000000041
2019,Japanese Grand Prix,BOT,1,SOFT,15,0.30100000000000193,0.3510000000000133,0.05000000000001137
2019,Japanese Grand Prix,BOT,2,MEDIUM,17,0.5519999999999925,1.0480000000000018,0.4960000000000093
2019,Japanese Grand Prix,BOT,3,SOFT,16,0.7940000000000111,1.3240000000000123,0.5300000000000011
2019,Japanese Grand Prix,GAS,1,SOFT,16,0.7680000000000007,0.8940000000000055,0.12600000000000477
2019,Japanese Grand Prix,GAS,2,MEDIUM,33,0.8569999999999993,2.8359999999999985,1.9789999999999992
2019,Japanese Grand Prix,GIO,1,MEDIUM,16,0.5040000000000049,0.5590000000000117,0.05500000000000682
2019,Japanese Grand Prix,GIO,2,HARD,29,0.5319999999999965,1.0289999999999964,0.4969999999999999
2019,Japanese Grand Prix,GRO,1,SOFT,14,0.6159999999999997,0.44899999999999807,-0.1670000000000016
2019,Japanese Grand Prix,GRO,2,HARD,35,0.5589999999999975,2.2990000000000066,1.740000000000009
2019,Japanese Grand Prix,HAM,1,SOFT,19,0.42600000000000193,0.7590000000000003,0.3329999999999984
2019,Japanese Grand Prix,HAM,2,MEDIUM,19,0.36099999999999,0.32799999999998875,-0.03300000000000125
2019,Japanese Grand Prix,HAM,3,SOFT,10,0.5549999999999926,1.7000000000000028,1.1450000000000102
2019,Japanese Grand Prix,HUL,1,SOFT,17,0.8130000000000024,0.5319999999999965,-0.2810000000000059
2019,Japanese Grand Prix,HUL,2,MEDIUM,32,0.8780000000000001,2.870999999999995,1.992999999999995
2019,Japanese Grand Prix,KUB,1,MEDIUM,20,0.17199999999999704,0.9039999999999964,0.7319999999999993
2019,Japanese Grand Prix,KUB,2,HARD,9,0.6770000000000067,1.4879999999999995,0.8109999999999928
2019,Japanese Grand Prix,KUB,3,MEDIUM,17,0.7800000000000011,2.4210000000000065,1.6410000000000053
2019,Japanese Grand Prix,KVY,1,SOFT,25,1.8619999999999948,2.527000000000001,0.6650000000000063
2019,Japanese Grand Prix,KVY,2,MEDIUM,24,1.8939999999999912,0.7659999999999911,-1.1280000000000001
2019,Japanese Grand Prix,LEC,2,MEDIUM,20,0.5349999999999966,1.2549999999999955,0.7199999999999989
2019,Japanese Grand Prix,LEC,3,SOFT,19,1.1880000000000024,1.0730000000000075,-0.11499999999999488
2019,Japanese Grand Prix,MAG,1,MEDIUM,15,0.32399999999999807,0.7090000000000032,0.3850000000000051
2019,Japanese Grand Prix,MAG,2,HARD,28,0.4749999999999943,0.8999999999999915,0.42499999999999716
2019,Japanese Grand Prix,NOR,2,MEDIUM,19,0.9069999999999965,2.5999999999999943,1.6929999999999978
2019,Japanese Grand Prix,NOR,3,HARD,26,1.090999999999994,1.093999999999994,0.0030000000000001137
2019,Japanese Grand Prix,PER,1,SOFT,17,0.972999999999999,0.6619999999999919,-0.31100000000000705
2019,Japanese Grand Prix,PER,2,MEDIUM,20,0.6919999999999931,0.7279999999999944,0.036000000000001364
2019,Japanese Grand Prix,PER,3,SOFT,9,0.7150000000000034,2.740000000000009,2.0250000000000057
2019,Japanese Grand Prix,RAI,1,MEDIUM,13,0.7959999999999923,0.8079999999999927,0.012000000000000455
2019,Japanese Grand Prix,RAI,2,HARD,19,0.4299999999999926,1.2849999999999966,0.855000000000004
2019,Japanese Grand Prix,RAI,3,SOFT,15,0.35300000000000864,0.534000000000006,0.18099999999999739
2019,Japanese Grand Prix,RIC,1,MEDIUM,27,2.058000000000007,1.8640000000000043,-0.19400000000000261
2019,Japanese Grand Prix,RIC,2,SOFT,22,0.6430000000000007,0.6200000000000045,-0.022999999999996135
2019,Japanese Grand Prix,RUS,1,MEDIUM,23,1.0900000000000034,2.1159999999999997,1.0259999999999962
2019,Japanese Grand Prix,RUS,2,HARD,25,0.14499999999999602,2.424999999999997,2.280000000000001
2019,Japanese Grand Prix,SAI,1,SOFT,24,0.47800000000000864,1.0960000000000036,0.617999999999995
2019,Japanese Grand Prix,SAI,2,MEDIUM,26,1.0829999999999984,0.3919999999999959,-0.6910000000000025
2019,Japanese Grand Prix,STR,1,SOFT,16,0.6569999999999965,0.7809999999999917,0.12399999999999523
2019,Japanese Grand Prix,STR,2,MEDIUM,33,1.5330000000000013,2.3970000000000056,0.8640000000000043
2019,Japanese Grand Prix,VER,1,SOFT,12,0.8260000000000076,0.12199999999999989,-0.7040000000000077
2019,Japanese Grand Prix,VET,1,SOFT,14,0.10899999999999466,1.0529999999999973,0.9440000000000026
2019,Japanese Grand Prix,VET,2,SOFT,13,0.12100000000000932,0.6940000000000026,0.5729999999999933
2019,Japanese Grand Prix,VET,3,MEDIUM,21,0.28300000000000125,0.5010000000000048,0.21800000000000352
2019,Mexican Grand Prix,ALB,1,MEDIUM,10,0.45300000000000296,0.03900000000000148,-0.4140000000000015
2019,Mexican Grand Prix,ALB,2,MEDIUM,28,0.7719999999999914,0.14300000000000068,-0.6289999999999907
2019,Mexican Grand Prix,ALB,3,HARD,26,0.4230000000000018,1.399000000000001,0.9759999999999991
2019,Mexican Grand Prix,BOT,1,MEDIUM,32,1.5260000000000105,0.5580000000000069,-0.9680000000000035
2019,Mexican Grand Prix,BOT,2,HARD,34,0.9369999999999976,0.2120000000000033,-0.7249999999999943
2019,Mexican Grand Prix,GAS,2,HARD,38,2.3059999999999974,0.1529999999999916,-2.153000000000006
2019,Mexican Grand Prix,GAS,3,MEDIUM,20,0.6749999999999972,0.41100000000000136,-0.2639999999999958
2019,Mexican Grand Prix,GIO,1,MEDIUM,17,1.4179999999999922,0.45699999999999363,-0.9609999999999985
2019,Mexican Grand Prix,GIO,2,HARD,48,0.757000000000005,0.6620000000000061,-0.09499999999999886
2019,Mexican Grand Prix,GRO,1,MEDIUM,33,1.347999999999999,0.8269999999999982,-0.5210000000000008
2019,Mexican Grand Prix,GRO,2,HARD,31,0.10599999999999454,0.32500000000000284,0.2190000000000083
2019,Mexican Grand Prix,HAM,1,MEDIUM,19,0.9810000000000088,0.4510000000000076,-0.5300000000000011
2019,Mexican Grand Prix,HAM,2,HARD,47,1.5139999999999958,0.48799999999999955,-1.0259999999999962
2019,Mexican Grand Prix,HUL,1,MEDIUM,14,0.8900000000000006,0.23199999999999932,-0.6580000000000013
2019,Mexican Grand Prix,HUL,2,HARD,51,1.7950000000000017,0.45300000000000296,-1.3419999999999987
2019,Mexican Grand Prix,KUB,1,MEDIUM,17,0.9429999999999978,1.3269999999999982,0.38400000000000034
2019,Mexican Grand Prix,KUB,2,HARD,37,2.253,0.5210000000000008,-1.7319999999999993
2019,Mexican Grand Prix,KUB,3,MEDIUM,8,0.34499999999999886,1.4000000000000057,1.0550000000000068
2019,Mexican Grand Prix,KVY,1,SOFT,6,0.23699999999999477,0.14499999999999602,-0.09199999999999875
2019,Mexican Grand Prix,KVY,2,HARD,32,1.0619999999999976,0.5900000000000034,-0.4719999999999942
2019,Mexican Grand Prix,KVY,3,MEDIUM,25,0.08499999999999375,1.0750000000000028,0.9900000000000091
2019,Mexican Grand Prix,LEC,1,MEDIUM,11,0.7220000000000084,0.19400000000000261,-0.5280000000000058
2019,Mexican Grand Prix,LEC,2,MEDIUM,26,0.1389999999999958,0.7810000000000059,0.6420000000000101
2019,Mexican Grand Prix,LEC,3,HARD,27,0.6069999999999993,0.5160000000000053,-0.09099999999999397
2019,Mexican Grand Prix,MAG,1,MEDIUM,24,0.34600000000000364,0.1389999999999958,-0.20700000000000784
2019,Mexican Grand Prix,MAG,2,HARD,40,0.3499999999999943,2.5189999999999912,2.168999999999997
2019,Mexican Grand Prix,NOR,1,SOFT,8,0.23999999999999488,0.2750000000000057,0.0350000000000108
2019,Mexican Grand Prix,NOR,2,HARD,34,1.0049999999999955,0.07800000000000296,-0.9269999999999925
2019,Mexican Grand Prix,PER,1,MEDIUM,16,1.3299999999999983,0.17100000000000648,-1.1589999999999918
2019,Mexican Grand Prix,PER,2,HARD,50,1.2729999999999961,0.0040000000000048885,-1.2689999999999912
2019,Mexican Grand Prix,RAI,1,MEDIUM,11,0.936000000000007,0.22299999999999898,-0.7130000000000081
2019,Mexican Grand Prix,RAI,2,HARD,35,2.3730000000000047,0.6450000000000102,-1.7279999999999944
2019,Mexican Grand Prix,RIC,1,HARD,46,2.372,0.30800000000000693,-2.063999999999993
2019,Mexican Grand Prix,RIC,2,MEDIUM,20,0.1700000000000017,0.5040000000000049,0.3340000000000032
2019,Mexican Grand Prix,RUS,1,MEDIUM,18,0.6099999999999994,0.2890000000000015,-0.32099999999999795
2019,Mexican Grand Prix,RUS,2,HARD,46,2.3859999999999957,0.25900000000000034,-2.1269999999999953
2019,Mexican Grand Prix,SAI,1,SOFT,11,0.3269999999999982,0.10200000000000387,-0.22499999999999432
2019,Mexican Grand Prix,SAI,2,HARD,18,0.28700000000000614,1.5060000000000002,1.218999999999994
2019,Mexican Grand Prix,SAI,3,MEDIUM,34,1.3179999999999978,0.26599999999999113,-1.0520000000000067
2019,Mexican Grand Prix,STR,1,MEDIUM,33,1.578000000000003,0.10999999999999943,-1.4680000000000035
2019,Mexican Grand Prix,STR,2,HARD,32,0.585000000000008,0.2610000000000099,-0.32399999999999807
2019,Mexican Grand Prix,VER,2,HARD,65,0.7109999999999985,1.0759999999999934,0.3649999999999949
2019,Mexican Grand Prix,VET,1,MEDIUM,33,0.9320000000000022,1.3670000000000044,0.4350000000000023
2019,Mexican Grand Prix,VET,2,HARD,32,1.156000000000006,0.5160000000000053,-0.6400000000000006
2019,Monaco Grand Prix,ALB,1,SOFT,33,2.6899999999999977,1.1789999999999878,-1.51100000000001
2019,Monaco Grand Prix,ALB,2,MEDIUM,37,0.29999999999999716,2.548000000000002,2.2480000000000047
2019,Monaco Grand Prix,BOT,1,SOFT,9,0.6539999999999964,0.16100000000000136,-0.492999999999995
2019,Monaco Grand Prix,BOT,3,HARD,64,4.445000000000007,2.6370000000000005,-1.808000000000007
2019,Monaco Grand Prix,GAS,1,SOFT,20,1.7849999999999966,0.5899999999999892,-1.1950000000000074
2019,Monaco Grand Prix,GAS,2,MEDIUM,33,1.0030000000000001,0.9110000000000014,-0.09199999999999875
2019,Monaco Grand Prix,GAS,3,SOFT,15,2.8260000000000076,2.6400000000000006,-0.18600000000000705
2019,Monaco Grand Prix,GIO,1,SOFT,36,2.9920000000000044,2.7830000000000013,-0.20900000000000318
2019,Monaco Grand Prix,GIO,2,MEDIUM,31,0.6529999999999916,3.2759999999999962,2.6230000000000047
2019,Monaco Grand Prix,GRO,1,SOFT,43,2.7040000000000077,0.8329999999999984,-1.8710000000000093
2019,Monaco Grand Prix,GRO,2,MEDIUM,27,0.7360000000000042,0.9770000000000039,0.24099999999999966
2019,Monaco Grand Prix,HAM,1,SOFT,9,0.5529999999999973,0.13100000000000023,-0.42199999999999704
2019,Monaco Grand Prix,HAM,2,MEDIUM,64,2.5390000000000015,0.45299999999998875,-2.0860000000000127
2019,Monaco Grand Prix,HUL,1,MEDIUM,7,0.5360000000000014,1.0220000000000056,0.4860000000000042
2019,Monaco Grand Prix,HUL,2,HARD,63,1.7909999999999968,2.9960000000000093,1.2050000000000125
2019,Monaco Grand Prix,KUB,1,MEDIUM,13,1.365000000000009,1.4860000000000042,0.12099999999999511
2019,Monaco Grand Prix,KUB,2,HARD,55,1.0159999999999911,1.5,0.48400000000000887
2019,Monaco Grand Prix,KVY,1,SOFT,25,3.406000000000006,1.26100000000001,-2.144999999999996
2019,Monaco Grand Prix,KVY,2,MEDIUM,45,0.6670000000000016,1.5699999999999932,0.9029999999999916
2019,Monaco Grand Prix,LEC,1,MEDIUM,7,0.28700000000000614,1.0670000000000073,0.7800000000000011
2019,Monaco Grand Prix,MAG,1,SOFT,8,0.3579999999999899,1.0529999999999973,0.6950000000000074
2019,Monaco Grand Prix,MAG,2,MEDIUM,63,4.067999999999998,1.7620000000000005,-2.3059999999999974
2019,Monaco Grand Prix,NOR,1,MEDIUM,40,1.5289999999999964,0.277000000000001,-1.2519999999999953
2019,Monaco Grand Prix,NOR,2,SOFT,30,0.5559999999999974,0.804000000000002,0.24800000000000466
2019,Monaco Grand Prix,PER,1,MEDIUM,8,1.0559999999999974,0.6890000000000072,-0.3669999999999902
2019,Monaco Grand Prix,PER,2,HARD,63,1.2049999999999983,2.2339999999999947,1.0289999999999964
2019,Monaco Grand Prix,RAI,1,SOFT,39,1.6570000000000107,3.4540000000000077,1.796999999999997
2019,Monaco Grand Prix,RAI,2,MEDIUM,30,0.695999999999998,1.4569999999999936,0.7609999999999957
2019,Monaco Grand Prix,RIC,1,SOFT,8,0.36599999999999966,0.9099999999999966,0.5439999999999969
2019,Monaco Grand Prix,RIC,2,MEDIUM,64,5.1129999999999995,0.2819999999999965,-4.831000000000003
2019,Monaco Grand Prix,RUS,1,MEDIUM,8,1.0279999999999916,0.9560000000000031,-0.07199999999998852
2019,Monaco Grand Prix,RUS,2,HARD,63,3.656000000000006,0.13000000000000966,-3.5259999999999962
2019,Monaco Grand Prix,SAI,1,SOFT,23,1.9969999999999999,0.12600000000000477,-1.8709999999999951
2019,Monaco Grand Prix,SAI,2,MEDIUM,47,0.8489999999999895,2.3349999999999937,1.4860000000000042
2019,Monaco Grand Prix,STR,1,MEDIUM,32,1.1260000000000048,0.5829999999999984,-0.5430000000000064
2019,Monaco Grand Prix,STR,2,HARD,37,1.1209999999999951,0.9669999999999987,-0.15399999999999636
2019,Monaco Grand Prix,VER,1,SOFT,9,0.8349999999999937,0.14799999999999613,-0.6869999999999976
2019,Monaco Grand Prix,VER,2,HARD,64,2.6340000000000003,0.3819999999999908,-2.2520000000000095
2019,Monaco Grand Prix,VET,1,SOFT,9,0.8629999999999995,0.2639999999999958,-0.5990000000000038
2019,Monaco Grand Prix,VET,2,HARD,64,3.0450000000000017,1.688999999999993,-1.3560000000000088
2019,Russian Grand Prix,ALB,1,MEDIUM,23,3.3300000000000125,0.3200000000000074,-3.010000000000005
2019,Russian Grand Prix,ALB,2,SOFT,21,3.646000000000001,0.9009999999999962,-2.7450000000000045
2019,Russian Grand Prix,BOT,1,MEDIUM,24,3.219999999999999,0.14399999999999125,-3.0760000000000076
2019,Russian Grand Prix,BOT,2,SOFT,21,1.3789999999999907,0.48499999999999943,-0.8939999999999912
2019,Russian Grand Prix,GAS,1,MEDIUM,22,3.412000000000006,1.612000000000009,-1.7999999999999972
2019,Russian Grand Prix,GAS,2,SOFT,21,2.314000000000007,0.2430000000000092,-2.070999999999998
2019,Russian Grand Prix,GIO,2,HARD,23,2.4309999999999974,0.3229999999999933,-2.108000000000004
2019,Russian Grand Prix,GIO,3,MEDIUM,21,2.706000000000003,0.2540000000000049,-2.451999999999998
2019,Russian Grand Prix,HAM,1,MEDIUM,24,1.8619999999999948,0.11399999999999011,-1.7480000000000047
2019,Russian Grand Prix,HAM,2,SOFT,21,1.8770000000000095,1.1899999999999977,-0.6870000000000118
2019,Russian Grand Prix,HUL,1,SOFT,12,2.728999999999999,0.4960000000000093,-2.23299999999999
2019,Russian Grand Prix,HUL,2,MEDIUM,9,0.29699999999999704,0.6329999999999956,0.3359999999999985
2019,Russian Grand Prix,HUL,3,SOFT,21,2.6259999999999906,0.10599999999999454,-2.519999999999996
2019,Russian Grand Prix,KUB,3,MEDIUM,23,2.760000000000005,1.2639999999999958,-1.4960000000000093
2019,Russian Grand Prix,KVY,1,HARD,23,3.5,0.21699999999999875,-3.2830000000000013
2019,Russian Grand Prix,KVY,3,SOFT,21,3.1990000000000123,0.010000000000005116,-3.189000000000007
2019,Russian Grand Prix,LEC,1,SOFT,18,1.3430000000000035,0.32800000000000296,-1.0150000000000006
2019,Russian Grand Prix,LEC,3,SOFT,21,1.6170000000000044,0.7019999999999982,-0.9150000000000063
2019,Russian Grand Prix,MAG,1,SOFT,23,3.429000000000002,0.17900000000000205,-3.25
2019,Russian Grand Prix,MAG,2,MEDIUM,21,1.6750000000000114,0.07699999999999818,-1.5980000000000132
2019,Russian Grand Prix,NOR,1,SOFT,16,2.0690000000000026,0.0799999999999983,-1.9890000000000043
2019,Russian Grand Prix,NOR,2,MEDIUM,26,2.301000000000002,0.06199999999999761,-2.2390000000000043
2019,Russian Grand Prix,PER,1,SOFT,19,2.76400000000001,0.1460000000000008,-2.618000000000009
2019,Russian Grand Prix,PER,2,MEDIUM,23,3.844999999999999,0.28899999999998727,-3.5560000000000116
2019,Russian Grand Prix,RAI,2,MEDIUM,16,1.3089999999999975,0.04099999999999682,-1.2680000000000007
2019,Russian Grand Prix,RAI,3,SOFT,21,2.8529999999999944,0.046999999999997044,-2.8059999999999974
2019,Russian Grand Prix,RIC,2,MEDIUM,20,2.5519999999999925,0.37299999999999045,-2.179000000000002
2019,Russian Grand Prix,RUS,1,MEDIUM,23,2.0049999999999955,0.2600000000000051,-1.7449999999999903
2019,Russian Grand Prix,SAI,1,SOFT,17,1.3319999999999936,0.0660000000000025,-1.2659999999999911
2019,Russian Grand Prix,SAI,2,MEDIUM,25,2.201999999999998,0.32500000000000284,-1.8769999999999953
2019,Russian Grand Prix,STR,1,MEDIUM,23,4.193000000000012,0.30000000000001137,-3.8930000000000007
2019,Russian Grand Prix,STR,2,SOFT,21,3.0660000000000025,0.08599999999999852,-2.980000000000004
2019,Russian Grand Prix,VER,1,SOFT,24,3.3349999999999937,0.37599999999999056,-2.959000000000003
2019,Russian Grand Prix,VER,2,MEDIUM,21,1.3179999999999978,0.6620000000000061,-0.6559999999999917
2019,Russian Grand Prix,VET,1,SOFT,22,1.347999999999999,0.597999999999999,-0.75
2019,Singapore Grand Prix,ALB,1,SOFT,18,0.367999999999995,0.7549999999999955,0.38700000000000045
2019,Singapore Grand Prix,ALB,2,HARD,29,1.3889999999999958,1.0079999999999956,-0.3810000000000002
2019,Singapore Grand Prix,BOT,1,SOFT,20,1.742999999999995,0.20600000000000307,-1.536999999999992
2019,Singapore Grand Prix,BOT,2,HARD,27,4.984999999999999,1.7369999999999948,-3.2480000000000047
2019,Singapore Grand Prix,GAS,1,HARD,30,3.225999999999999,2.013999999999996,-1.2120000000000033
2019,Singapore Grand Prix,GAS,2,MEDIUM,17,1.6199999999999903,0.20899999999998897,-1.4110000000000014
2019,Singapore Grand Prix,GIO,1,MEDIUM,32,1.6479999999999961,2.2249999999999943,0.5769999999999982
2019,Singapore Grand Prix,GIO,3,SOFT,15,3.5470000000000113,0.4030000000000058,-3.1440000000000055
2019,Singapore Grand Prix,GRO,1,MEDIUM,21,2.6329999999999956,0.9159999999999968,-1.7169999999999987
2019,Singapore Grand Prix,GRO,2,HARD,10,0.09300000000000352,2.0859999999999985,1.992999999999995
2019,Singapore Grand Prix,GRO,3,SOFT,15,2.674999999999997,2.1769999999999925,-0.49800000000000466
2019,Singapore Grand Prix,HAM,1,SOFT,24,1.7210000000000036,1.7460000000000093,0.025000000000005684
2019,Singapore Grand Prix,HAM,2,HARD,23,2.8359999999999985,0.6709999999999923,-2.1650000000000063
2019,Singapore Grand Prix,HUL,2,HARD,33,0.6640000000000015,1.8900000000000006,1.225999999999999
2019,Singapore Grand Prix,HUL,3,MEDIUM,15,3.3840000000000003,0.16899999999999693,-3.2150000000000034
2019,Singapore Grand Prix,KUB,1,MEDIUM,19,3.0720000000000027,1.038000000000011,-2.033999999999992
2019,Singapore Grand Prix,KUB,2,HARD,15,0.8489999999999895,2.676000000000002,1.8270000000000124
2019,Singapore Grand Prix,KUB,3,MEDIUM,12,5.028999999999996,0.2799999999999869,-4.749000000000009
2019,Singapore Grand Prix,KVY,1,MEDIUM,10,1.4410000000000025,3.5200000000000102,2.0790000000000077
2019,Singapore Grand Prix,KVY,2,HARD,22,0.33899999999999864,1.4620000000000033,1.1230000000000047
2019,Singapore Grand Prix,KVY,3,SOFT,15,4.882000000000005,2.6850000000000023,-2.1970000000000027
2019,Singapore Grand Prix,LEC,1,SOFT,18,1.141999999999996,1.1859999999999928,0.04399999999999693
2019,Singapore Grand Prix,LEC,2,HARD,29,2.2519999999999953,0.5529999999999973,-1.698999999999998
2019,Singapore Grand Prix,MAG,1,MEDIUM,16,1.1680000000000064,0.21300000000000807,-0.9549999999999983
2019,Singapore Grand Prix,MAG,2,HARD,25,1.2860000000000014,5.132000000000005,3.8460000000000036
2019,Singapore Grand Prix,NOR,1,SOFT,18,0.6600000000000108,0.8190000000000026,0.15899999999999181
2019,Singapore Grand Prix,NOR,2,HARD,29,1.2360000000000042,0.2820000000000107,-0.9539999999999935
2019,Singapore Grand Prix,PER,1,MEDIUM,11,3.5990000000000038,2.637999999999991,-0.9610000000000127
2019,Singapore Grand Prix,PER,2,HARD,23,4.834999999999994,2.435999999999993,-2.399000000000001
2019,Singapore Grand Prix,RAI,1,MEDIUM,13,1.6219999999999999,0.5480000000000018,-1.073999999999998
2019,Singapore Grand Prix,RAI,2,HARD,24,0.30800000000000693,3.5940000000000083,3.2860000000000014
2019,Singapore Grand Prix,RIC,1,MEDIUM,32,1.5990000000000038,3.6899999999999977,2.090999999999994
2019,Singapore Grand Prix,RIC,2,HARD,15,3.3739999999999952,2.076999999999998,-1.296999999999997
2019,Singapore Grand Prix,RUS,2,HARD,32,0.14300000000000068,0.6820000000000022,0.5390000000000015
2019,Singapore Grand Prix,SAI,2,HARD,32,2.2650000000000006,1.740000000000009,-0.5249999999999915
2019,Singapore Grand Prix,SAI,3,MEDIUM,15,0.014000000000010004,2.160000000000011,2.146000000000001
2019,Singapore Grand Prix,STR,1,MEDIUM,29,2.6529999999999916,1.7129999999999939,-0.9399999999999977
2019,Singapore Grand Prix,STR,4,SOFT,12,7.366,2.4479999999999933,-4.918000000000006
2019,Singapore Grand Prix,VER,1,SOFT,17,0.8390000000000128,0.7710000000000008,-0.06800000000001205
2019,Singapore Grand Prix,VER,2,HARD,30,0.7049999999999983,0.30700000000000216,-0.39799999999999613
2019,Singapore Grand Prix,VET,1,SOFT,17,0.7160000000000082,0.4069999999999965,-0.3090000000000117
2019,Singapore Grand Prix,VET,2,HARD,30,2.1979999999999933,0.7269999999999897,-1.4710000000000036
2019,Spanish Grand Prix,ALB,1,SOFT,23,1.0870000000000033,0.06399999999999295,-1.0230000000000103
2019,Spanish Grand Prix,ALB,2,MEDIUM,18,0.7339999999999947,0.41199999999999193,-0.32200000000000273
2019,Spanish Grand Prix,ALB,3,MEDIUM,14,1.6839999999999975,0.003999999999990678,-1.6800000000000068
2019,Spanish Grand Prix,BOT,1,SOFT,24,1.1820000000000022,1.426000000000002,0.24399999999999977
2019,Spanish Grand Prix,BOT,2,MEDIUM,17,0.7710000000000008,0.7379999999999995,-0.03300000000000125
2019,Spanish Grand Prix,BOT,3,SOFT,14,2.480000000000004,1.3610000000000042,-1.1189999999999998
2019,Spanish Grand Prix,GAS,1,SOFT,20,0.9210000000000065,0.9120000000000061,-0.009000000000000341
2019,Spanish Grand Prix,GAS,2,MEDIUM,22,0.63900000000001,0.18300000000000693,-0.45600000000000307
2019,Spanish Grand Prix,GAS,3,SOFT,14,0.7439999999999998,0.21800000000000352,-0.5259999999999962
2019,Spanish Grand Prix,GIO,2,HARD,33,0.3569999999999993,1.516999999999996,1.1599999999999966
2019,Spanish Grand Prix,GIO,3,SOFT,15,2.326999999999998,0.18600000000000705,-2.140999999999991
2019,Spanish Grand Prix,GRO,1,SOFT,24,0.9340000000000117,0.2150000000000034,-0.7190000000000083
2019,Spanish Grand Prix,GRO,2,MEDIUM,17,0.4520000000000124,0.2289999999999992,-0.2230000000000132
2019,Spanish Grand Prix,GRO,3,SOFT,14,0.9740000000000038,0.012000000000000455,-0.9620000000000033
2019,Spanish Grand Prix,HAM,1,SOFT,25,1.656000000000006,1.3589999999999947,-0.29700000000001125
2019,Spanish Grand Prix,HAM,2,MEDIUM,17,1.1779999999999973,0.9380000000000024,-0.23999999999999488
2019,Spanish Grand Prix,HAM,3,SOFT,14,1.3579999999999899,1.2789999999999964,-0.07899999999999352
2019,Spanish Grand Prix,HUL,1,MEDIUM,33,3.38900000000001,1.274000000000001,-2.115000000000009
2019,Spanish Grand Prix,HUL,2,SOFT,22,3.460000000000008,0.055999999999997385,-3.4040000000000106
2019,Spanish Grand Prix,KUB,1,MEDIUM,29,1.3449999999999989,1.7579999999999956,0.4129999999999967
2019,Spanish Grand Prix,KUB,2,SOFT,11,1.9809999999999945,0.7309999999999945,-1.25
2019,Spanish Grand Prix,KUB,3,MEDIUM,14,1.6620000000000061,0.1700000000000017,-1.4920000000000044
2019,Spanish Grand Prix,KVY,1,SOFT,19,1.1559999999999917,0.2219999999999942,-0.9339999999999975
2019,Spanish Grand Prix,KVY,2,MEDIUM,22,0.9320000000000022,0.2469999999999999,-0.6850000000000023
2019,Spanish Grand Prix,KVY,3,MEDIUM,14,1.641999999999996,0.3649999999999949,-1.277000000000001
2019,Spanish Grand Prix,LEC,1,SOFT,23,1.3610000000000042,1.453000000000003,0.09199999999999875
2019,Spanish Grand Prix,LEC,2,HARD,19,0.7949999999999875,1.1339999999999861,0.33899999999999864
2019,Spanish Grand Prix,LEC,3,MEDIUM,14,1.0990000000000038,0.45700000000000784,-0.6419999999999959
2019,Spanish Grand Prix,MAG,1,SOFT,21,1.0319999999999965,0.06700000000000728,-0.9649999999999892
2019,Spanish Grand Prix,MAG,2,MEDIUM,20,0.6869999999999976,0.2960000000000065,-0.39099999999999113
2019,Spanish Grand Prix,MAG,3,SOFT,14,1.0210000000000008,0.24099999999999966,-0.7800000000000011
2019,Spanish Grand Prix,NOR,1,SOFT,24,2.305000000000007,0.06100000000000705,-2.2439999999999998
2019,Spanish Grand Prix,NOR,2,MEDIUM,17,0.08099999999998886,0.6529999999999916,0.5720000000000027
2019,Spanish Grand Prix,PER,1,SOFT,22,1.9089999999999918,0.3889999999999958,-1.519999999999996
2019,Spanish Grand Prix,PER,2,MEDIUM,19,0.4619999999999891,0.5649999999999977,0.10300000000000864
2019,Spanish Grand Prix,PER,3,SOFT,14,1.9470000000000027,0.5530000000000115,-1.3939999999999912
2019,Spanish Grand Prix,RAI,1,MEDIUM,26,2.4720000000000084,0.39100000000000534,-2.081000000000003
2019,Spanish Grand Prix,RAI,2,HARD,15,0.6329999999999956,0.006999999999990791,-0.6260000000000048
2019,Spanish Grand Prix,RAI,3,SOFT,14,2.6239999999999952,0.18899999999999295,-2.4350000000000023
2019,Spanish Grand Prix,RIC,1,SOFT,22,1.406000000000006,0.17499999999999716,-1.2310000000000088
2019,Spanish Grand Prix,RIC,2,HARD,19,0.8340000000000032,0.04899999999999238,-0.7850000000000108
2019,Spanish Grand Prix,RIC,3,MEDIUM,14,2.534000000000006,0.777000000000001,-1.757000000000005
2019,Spanish Grand Prix,RUS,1,MEDIUM,30,2.7209999999999894,0.6219999999999999,-2.0989999999999895
2019,Spanish Grand Prix,RUS,2,SOFT,10,0.23900000000000432,1.007000000000005,0.7680000000000007
2019,Spanish Grand Prix,RUS,3,MEDIUM,14,2.062999999999988,0.3079999999999927,-1.7549999999999955
2019,Spanish Grand Prix,SAI,1,SOFT,22,1.222999999999999,0.5490000000000066,-0.6739999999999924
2019,Spanish Grand Prix,SAI,2,MEDIUM,19,0.5869999999999891,0.1909999999999883,-0.3960000000000008
2019,Spanish Grand Prix,SAI,3,SOFT,14,1.5930000000000035,0.47800000000000864,-1.1149999999999949
2019,Spanish Grand Prix,STR,1,MEDIUM,20,1.7340000000000089,0.10200000000000387,-1.632000000000005
2019,Spanish Grand Prix,STR,2,SOFT,21,0.2710000000000008,0.4510000000000076,0.18000000000000682
2019,Spanish Grand Prix,VER,1,SOFT,18,0.8569999999999993,0.5390000000000015,-0.31799999999999784
2019,Spanish Grand Prix,VER,2,SOFT,21,0.6560000000000059,0.5040000000000049,-0.15200000000000102
2019,Spanish Grand Prix,VER,3,MEDIUM,15,1.3569999999999993,0.4259999999999877,-0.9310000000000116
2019,Spanish Grand Prix,VET,1,SOFT,17,0.5489999999999924,0.7759999999999962,0.22700000000000387
2019,Spanish Grand Prix,VET,2,MEDIUM,19,2.0379999999999967,0.31799999999999784,-1.7199999999999989
2019,Spanish Grand Prix,VET,3,MEDIUM,18,0.5180000000000007,0.2710000000000008,-0.2469999999999999
2019,United States Grand Prix,ALB,2,MEDIUM,16,0.2219999999999942,2.228999999999999,2.007000000000005
2019,United States Grand Prix,ALB,3,MEDIUM,18,1.0210000000000008,1.2990000000000066,0.2780000000000058
2019,United States Grand Prix,ALB,4,SOFT,15,0.605000000000004,1.4159999999999968,0.8109999999999928
2019,United States Grand Prix,BOT,1,MEDIUM,12,0.5570000000000022,0.9249999999999972,0.367999999999995
2019,United States Grand Prix,BOT,2,HARD,19,0.05299999999999727,2.2630000000000052,2.210000000000008
2019,United States Grand Prix,BOT,3,MEDIUM,20,1.7110000000000127,3.3940000000000055,1.6829999999999927
2019,United States Grand Prix,GAS,1,SOFT,17,0.8439999999999941,0.8109999999999928,-0.03300000000000125
2019,United States Grand Prix,GAS,2,HARD,32,0.6159999999999997,4.037000000000006,3.4210000000000065
2019,United States Grand Prix,GIO,1,MEDIUM,14,0.30800000000000693,0.7150000000000034,0.4069999999999965
2019,United States Grand Prix,GIO,2,HARD,19,0.42199999999999704,2.037000000000006,1.615000000000009
2019,United States Grand Prix,GIO,3,SOFT,15,0.5970000000000084,1.4380000000000024,0.840999999999994
2019,United States Grand Prix,GRO,1,MEDIUM,20,1.3759999999999906,2.3370000000000033,0.9610000000000127
2019,United States Grand Prix,GRO,2,HARD,30,0.5,1.6610000000000014,1.1610000000000014
2019,United States Grand Prix,HAM,1,MEDIUM,22,0.8810000000000002,1.2660000000000053,0.3850000000000051
2019,United States Grand Prix,HAM,2,HARD,31,0.5520000000000067,2.057000000000002,1.5049999999999955
2019,United States Grand Prix,HUL,1,HARD,25,1.2920000000000016,2.0720000000000027,0.7800000000000011
2019,United States Grand Prix,HUL,2,MEDIUM,10,1.0360000000000014,0.36999999999999034,-0.666000000000011
2019,United States Grand Prix,HUL,3,SOFT,15,1.1920000000000073,1.7690000000000055,0.5769999999999982
2019,United States Grand Prix,KUB,1,MEDIUM,9,0.4449999999999932,1.6059999999999945,1.1610000000000014
2019,United States Grand Prix,KUB,2,HARD,18,1.1610000000000014,0.8979999999999961,-0.26300000000000523
2019,United States Grand Prix,KVY,1,HARD,17,0.8169999999999931,0.4159999999999968,-0.40099999999999625
2019,United States Grand Prix,KVY,2,MEDIUM,16,0.23699999999999477,0.8439999999999941,0.6069999999999993
2019,United States Grand Prix,KVY,3,SOFT,15,0.7409999999999997,1.5840000000000032,0.8430000000000035
2019,United States Grand Prix,LEC,1,MEDIUM,18,0.2389999999999901,1.2219999999999942,0.9830000000000041
2019,United States Grand Prix,LEC,2,HARD,20,0.7719999999999914,1.3049999999999926,0.5330000000000013
2019,United States Grand Prix,LEC,3,SOFT,13,2.8569999999999993,4.353999999999999,1.4969999999999999
2019,United States Grand Prix,MAG,1,MEDIUM,15,0.4900000000000091,0.7890000000000015,0.2989999999999924
2019,United States Grand Prix,MAG,2,HARD,20,0.5439999999999969,1.3329999999999984,0.7890000000000015
2019,United States Grand Prix,MAG,3,SOFT,10,1.0490000000000066,1.225999999999999,0.1769999999999925
2019,United States Grand Prix,NOR,1,SOFT,16,0.8230000000000075,0.9309999999999974,0.10799999999998988
2019,United States Grand Prix,NOR,2,HARD,21,0.48699999999999477,1.2339999999999947,0.7469999999999999
2019,United States Grand Prix,NOR,3,MEDIUM,12,1.0550000000000068,1.5690000000000026,0.5139999999999958
2019,United States Grand Prix,PER,1,MEDIUM,22,2.0420000000000016,0.7180000000000035,-1.323999999999998
2019,United States Grand Prix,PER,2,HARD,30,1.1679999999999922,2.4579999999999984,1.2900000000000063
2019,United States Grand Prix,RAI,1,SOFT,16,1.3190000000000026,0.7020000000000124,-0.6169999999999902
2019,United States Grand Prix,RAI,2,HARD,20,0.9510000000000076,0.034000000000006025,-0.9170000000000016
2019,United States Grand Prix,RAI,3,SOFT,14,1.4989999999999952,1.4899999999999949,-0.009000000000000341
2019,United States Grand Prix,RIC,1,SOFT,19,0.6980000000000075,0.5370000000000061,-0.16100000000000136
2019,United States Grand Prix,RIC,2,HARD,34,0.6160000000000139,1.2140000000000128,0.597999999999999
2019,United States Grand Prix,RUS,1,MEDIUM,21,0.9249999999999972,2.030000000000001,1.105000000000004
2019,United States Grand Prix,RUS,2,HARD,20,0.3190000000000026,2.7349999999999994,2.415999999999997
2019,United States Grand Prix,RUS,3,SOFT,7,2.551000000000002,0.5459999999999923,-2.0050000000000097
2019,United States Grand Prix,SAI,1,SOFT,15,0.6299999999999955,0.7199999999999989,0.09000000000000341
2019,United States Grand Prix,SAI,2,HARD,36,0.6090000000000089,3.8470000000000084,3.2379999999999995
2019,United States Grand Prix,STR,1,MEDIUM,7,0.6269999999999953,0.4299999999999926,-0.19700000000000273
2019,United States Grand Prix,STR,2,HARD,18,0.6910000000000025,0.3030000000000115,-0.387999999999991
2019,United States Grand Prix,STR,3,SOFT,25,0.47400000000000375,2.457000000000008,1.983000000000004
2019,United States Grand Prix,VER,1,MEDIUM,11,0.45300000000000296,1.2000000000000028,0.7469999999999999
2019,United States Grand Prix,VER,2,HARD,19,0.19400000000000261,1.1340000000000003,0.9399999999999977
2019,United States Grand Prix,VER,3,MEDIUM,20,0.41800000000000637,2.2279999999999944,1.809999999999988
2019,United States Grand Prix,VET,1,MEDIUM,6,0.9259999999999877,0.028999999999996362,-0.8969999999999914
2020,70th Anniversary Grand Prix,ALB,2,HARD,21,2.278000000000006,0.6929999999999978,-1.585000000000008
2020,70th Anniversary Grand Prix,ALB,3,HARD,20,1.6259999999999906,0.7069999999999936,-0.9189999999999969
2020,70th Anniversary Grand Prix,BOT,1,MEDIUM,11,0.17799999999999727,1.198999999999998,1.0210000000000008
2020,70th Anniversary Grand Prix,BOT,2,HARD,17,0.534000000000006,0.10699999999999932,-0.4270000000000067
2020,70th Anniversary Grand Prix,BOT,3,HARD,19,1.2009999999999934,3.567999999999998,2.3670000000000044
2020,70th Anniversary Grand Prix,GAS,2,HARD,14,0.465999999999994,0.5729999999999933,0.10699999999999932
2020,70th Anniversary Grand Prix,GAS,3,HARD,28,2.4749999999999943,0.2530000000000001,-2.221999999999994
2020,70th Anniversary Grand Prix,GIO,2,HARD,24,0.054000000000002046,1.2040000000000077,1.1500000000000057
2020,70th Anniversary Grand Prix,GIO,3,MEDIUM,17,0.4340000000000117,0.3810000000000002,-0.05300000000001148
2020,70th Anniversary Grand Prix,GRO,1,MEDIUM,15,2.4279999999999973,0.4689999999999941,-1.9590000000000032
2020,70th Anniversary Grand Prix,GRO,2,HARD,18,1.1350000000000051,0.14400000000000546,-0.9909999999999997
2020,70th Anniversary Grand Prix,GRO,3,HARD,12,2.3989999999999867,0.29299999999999216,-2.1059999999999945
2020,70th Anniversary Grand Prix,HAM,1,MEDIUM,12,0.007999999999995566,1.3419999999999987,1.3340000000000032
2020,70th Anniversary Grand Prix,HAM,2,HARD,25,0.7530000000000001,0.3889999999999958,-0.3640000000000043
2020,70th Anniversary Grand Prix,HAM,3,HARD,10,1.1740000000000066,2.162000000000006,0.9879999999999995
2020,70th Anniversary Grand Prix,HUL,1,MEDIUM,13,0.4939999999999998,0.20900000000000318,-0.2849999999999966
2020,70th Anniversary Grand Prix,HUL,2,HARD,13,0.9080000000000013,0.3190000000000026,-0.5889999999999986
2020,70th Anniversary Grand Prix,HUL,3,HARD,12,0.24900000000000944,0.6970000000000027,0.4479999999999933
2020,70th Anniversary Grand Prix,HUL,4,SOFT,7,0.8059999999999974,0.45999999999999375,-0.34600000000000364
2020,70th Anniversary Grand Prix,KVY,1,HARD,17,2.4240000000000066,0.11700000000000443,-2.307000000000002
2020,70th Anniversary Grand Prix,KVY,2,HARD,13,0.688999999999993,0.15200000000000102,-0.5369999999999919
2020,70th Anniversary Grand Prix,KVY,3,MEDIUM,16,0.5799999999999983,0.24200000000000443,-0.33799999999999386
2020,70th Anniversary Grand Prix,LAT,1,MEDIUM,7,2.100999999999999,0.16799999999999216,-1.933000000000007
2020,70th Anniversary Grand Prix,LAT,2,HARD,14,0.26400000000001,0.6360000000000099,0.3719999999999999
2020,70th Anniversary Grand Prix,LAT,3,HARD,18,0.8100000000000023,1.7560000000000002,0.945999999999998
2020,70th Anniversary Grand Prix,LEC,1,MEDIUM,16,1.6780000000000115,0.4590000000000032,-1.2190000000000083
2020,70th Anniversary Grand Prix,LEC,2,HARD,33,1.2239999999999895,3.2649999999999864,2.040999999999997
2020,70th Anniversary Grand Prix,MAG,1,MEDIUM,7,1.2270000000000039,0.09199999999999875,-1.1350000000000051
2020,70th Anniversary Grand Prix,MAG,2,HARD,8,0.21000000000000796,1.0750000000000028,0.8649999999999949
2020,70th Anniversary Grand Prix,MAG,3,HARD,21,1.1269999999999953,0.9249999999999972,-0.20199999999999818
2020,70th Anniversary Grand Prix,NOR,1,MEDIUM,10,1.0640000000000072,0.07500000000000284,-0.9890000000000043
2020,70th Anniversary Grand Prix,NOR,2,HARD,15,1.2549999999999955,0.3149999999999977,-0.9399999999999977
2020,70th Anniversary Grand Prix,NOR,3,HARD,22,1.5460000000000065,0.3120000000000118,-1.2339999999999947
2020,70th Anniversary Grand Prix,OCO,1,MEDIUM,20,1.7090000000000032,0.04800000000000182,-1.6610000000000014
2020,70th Anniversary Grand Prix,OCO,2,HARD,29,1.7000000000000028,0.2539999999999907,-1.4460000000000122
2020,70th Anniversary Grand Prix,RAI,1,HARD,24,1.8260000000000076,0.3960000000000008,-1.4300000000000068
2020,70th Anniversary Grand Prix,RAI,2,MEDIUM,24,0.8859999999999957,1.3259999999999934,0.4399999999999977
2020,70th Anniversary Grand Prix,RIC,1,MEDIUM,12,0.6970000000000027,0.0030000000000001137,-0.6940000000000026
2020,70th Anniversary Grand Prix,RIC,2,MEDIUM,10,0.902000000000001,0.38400000000000034,-0.5180000000000007
2020,70th Anniversary Grand Prix,RIC,3,HARD,7,0.35999999999999943,0.664999999999992,0.3049999999999926
2020,70th Anniversary Grand Prix,RIC,4,MEDIUM,15,0.8599999999999994,2.0919999999999987,1.2319999999999993
2020,70th Anniversary Grand Prix,RUS,1,MEDIUM,6,1.4460000000000122,0.1010000000000133,-1.3449999999999989
2020,70th Anniversary Grand Prix,RUS,2,HARD,14,0.34199999999999875,1.3459999999999894,1.0039999999999907
2020,70th Anniversary Grand Prix,RUS,3,HARD,13,1.0009999999999906,1.3709999999999951,0.37000000000000455
2020,70th Anniversary Grand Prix,RUS,4,MEDIUM,11,0.9560000000000031,0.09900000000000375,-0.8569999999999993
2020,70th Anniversary Grand Prix,SAI,1,HARD,20,1.5330000000000013,0.24399999999999977,-1.2890000000000015
2020,70th Anniversary Grand Prix,SAI,2,MEDIUM,10,0.42799999999999727,0.3130000000000024,-0.11499999999999488
2020,70th Anniversary Grand Prix,SAI,3,HARD,17,1.2220000000000084,0.18900000000000716,-1.0330000000000013
2020,70th Anniversary Grand Prix,STR,1,MEDIUM,16,1.2549999999999955,0.04200000000000159,-1.2129999999999939
2020,70th Anniversary Grand Prix,STR,2,HARD,11,1.3489999999999895,0.2989999999999924,-1.0499999999999972
2020,70th Anniversary Grand Prix,STR,3,HARD,20,0.08100000000000307,1.4680000000000035,1.3870000000000005
2020,70th Anniversary Grand Prix,VER,1,HARD,24,0.8900000000000006,0.23000000000000398,-0.6599999999999966
2020,70th Anniversary Grand Prix,VER,3,HARD,19,1.4269999999999925,0.5480000000000018,-0.8789999999999907
2020,70th Anniversary Grand Prix,VET,1,HARD,20,3.0420000000000016,0.11700000000000443,-2.924999999999997
2020,70th Anniversary Grand Prix,VET,2,HARD,9,0.046999999999997044,0.7580000000000098,0.7110000000000127
2020,70th Anniversary Grand Prix,VET,3,MEDIUM,16,0.8310000000000031,0.03499999999999659,-0.7960000000000065
2020,Abu Dhabi Grand Prix,ALB,1,SOFT,8,1.1439999999999912,0.3889999999999958,-0.7549999999999955
2020,Abu Dhabi Grand Prix,ALB,2,HARD,42,1.5079999999999956,0.7819999999999965,-0.7259999999999991
2020,Abu Dhabi Grand Prix,BOT,1,MEDIUM,8,0.12699999999999534,0.1629999999999967,0.036000000000001364
2020,Abu Dhabi Grand Prix,BOT,2,HARD,42,0.41100000000000136,1.9410000000000025,1.5300000000000011
2020,Abu Dhabi Grand Prix,FIT,1,MEDIUM,7,0.936000000000007,0.44000000000001194,-0.4959999999999951
2020,Abu Dhabi Grand Prix,FIT,2,HARD,20,1.6019999999999897,0.5079999999999956,-1.093999999999994
2020,Abu Dhabi Grand Prix,FIT,3,MEDIUM,12,0.28300000000000125,2.859000000000009,2.5760000000000076
2020,Abu Dhabi Grand Prix,GAS,1,SOFT,8,0.33100000000000307,0.695999999999998,0.3649999999999949
2020,Abu Dhabi Grand Prix,GAS,2,HARD,42,2.4809999999999945,0.07500000000000284,-2.4059999999999917
2020,Abu Dhabi Grand Prix,GIO,1,MEDIUM,21,0.578000000000003,0.04400000000001114,-0.5339999999999918
2020,Abu Dhabi Grand Prix,GIO,2,HARD,26,0.38000000000000966,2.2010000000000076,1.820999999999998
2020,Abu Dhabi Grand Prix,HAM,1,MEDIUM,8,0.15699999999999648,0.07200000000000273,-0.08499999999999375
2020,Abu Dhabi Grand Prix,HAM,2,HARD,40,0.688999999999993,1.2450000000000045,0.5560000000000116
2020,Abu Dhabi Grand Prix,KVY,1,SOFT,8,0.22400000000000375,2.328000000000003,2.103999999999999
2020,Abu Dhabi Grand Prix,KVY,2,HARD,41,3.8200000000000074,0.7330000000000041,-3.0870000000000033
2020,Abu Dhabi Grand Prix,LAT,1,MEDIUM,7,0.20600000000000307,0.13799999999999102,-0.06800000000001205
2020,Abu Dhabi Grand Prix,LAT,2,HARD,21,2.3149999999999977,0.13599999999999568,-2.179000000000002
2020,Abu Dhabi Grand Prix,LAT,3,MEDIUM,16,0.4399999999999977,0.5900000000000034,0.15000000000000568
2020,Abu Dhabi Grand Prix,LEC,1,MEDIUM,14,0.6550000000000011,1.13600000000001,0.48100000000000875
2020,Abu Dhabi Grand Prix,LEC,2,HARD,27,0.8539999999999992,2.5559999999999974,1.7019999999999982
2020,Abu Dhabi Grand Prix,MAG,1,HARD,24,1.3320000000000078,2.094999999999999,0.762999999999991
2020,Abu Dhabi Grand Prix,MAG,2,MEDIUM,14,0.10899999999999466,4.640999999999991,4.5319999999999965
2020,Abu Dhabi Grand Prix,MAG,3,MEDIUM,6,0.006000000000000227,0.6099999999999994,0.6039999999999992
2020,Abu Dhabi Grand Prix,NOR,1,SOFT,8,0.07199999999998852,0.4069999999999965,0.33500000000000796
2020,Abu Dhabi Grand Prix,NOR,2,HARD,38,1.7399999999999949,0.347999999999999,-1.391999999999996
2020,Abu Dhabi Grand Prix,OCO,1,MEDIUM,8,0.3300000000000125,0.597999999999999,0.26799999999998647
2020,Abu Dhabi Grand Prix,OCO,2,HARD,42,2.161999999999992,0.39099999999999113,-1.7710000000000008
2020,Abu Dhabi Grand Prix,PER,1,HARD,7,2.437999999999988,0.9679999999999893,-1.4699999999999989
2020,Abu Dhabi Grand Prix,RAI,1,MEDIUM,8,0.030000000000001137,1.1479999999999961,1.117999999999995
2020,Abu Dhabi Grand Prix,RAI,2,HARD,41,4.424000000000007,0.25500000000000966,-4.168999999999997
2020,Abu Dhabi Grand Prix,RIC,1,HARD,33,2.594999999999999,0.6910000000000025,-1.9039999999999964
2020,Abu Dhabi Grand Prix,RIC,2,MEDIUM,15,2.3599999999999994,0.48499999999999943,-1.875
2020,Abu Dhabi Grand Prix,RUS,1,MEDIUM,7,0.5729999999999933,0.2150000000000034,-0.3579999999999899
2020,Abu Dhabi Grand Prix,RUS,2,HARD,41,2.872,0.3430000000000035,-2.5289999999999964
2020,Abu Dhabi Grand Prix,SAI,1,MEDIUM,8,0.07399999999999807,0.4129999999999967,0.33899999999999864
2020,Abu Dhabi Grand Prix,SAI,2,HARD,42,2.3810000000000002,0.4789999999999992,-1.902000000000001
2020,Abu Dhabi Grand Prix,STR,1,SOFT,8,0.1979999999999933,0.16899999999999693,-0.028999999999996362
2020,Abu Dhabi Grand Prix,STR,2,HARD,42,2.8760000000000048,1.6910000000000025,-1.1850000000000023
2020,Abu Dhabi Grand Prix,VER,1,MEDIUM,8,0.08500000000000796,0.2990000000000066,0.21399999999999864
2020,Abu Dhabi Grand Prix,VER,2,HARD,42,0.1950000000000074,0.6680000000000064,0.472999999999999
2020,Abu Dhabi Grand Prix,VET,1,HARD,29,1.4480000000000075,1.0259999999999962,-0.42200000000001125
2020,Abu Dhabi Grand Prix,VET,2,MEDIUM,16,0.41100000000000136,3.0520000000000067,2.6410000000000053
2020,Austrian Grand Prix,ALB,1,SOFT,17,0.4409999999999883,0.5229999999999961,0.08200000000000784
2020,Austrian Grand Prix,ALB,2,HARD,15,0.2710000000000008,0.15200000000000102,-0.11899999999999977
2020,Austrian Grand Prix,BOT,1,SOFT,18,0.5429999999999922,1.0999999999999943,0.5570000000000022
2020,Austrian Grand Prix,BOT,2,HARD,17,0.1290000000000049,0.2909999999999968,0.16199999999999193
2020,Austrian Grand Prix,BOT,3,HARD,7,0.5420000000000016,0.7550000000000097,0.21300000000000807
2020,Austrian Grand Prix,GAS,1,MEDIUM,19,0.7760000000000105,0.07500000000000284,-0.7010000000000076
2020,Austrian Grand Prix,GAS,2,HARD,16,0.4939999999999998,0.0,-0.4939999999999998
2020,Austrian Grand Prix,GAS,3,HARD,6,0.4000000000000057,0.36299999999999955,-0.03700000000000614
2020,Austrian Grand Prix,GIO,1,MEDIUM,19,0.7659999999999911,2.1469999999999914,1.3810000000000002
2020,Austrian Grand Prix,GIO,2,HARD,16,1.1140000000000043,0.16100000000000136,-0.953000000000003
2020,Austrian Grand Prix,GIO,3,SOFT,6,0.34499999999999886,0.3709999999999951,0.02599999999999625
2020,Austrian Grand Prix,GRO,1,MEDIUM,15,1.1219999999999999,1.8629999999999995,0.7409999999999997
2020,Austrian Grand Prix,GRO,2,HARD,13,0.45300000000000296,0.03300000000000125,-0.4200000000000017
2020,Austrian Grand Prix,HAM,1,SOFT,17,1.3619999999999948,0.35599999999999454,-1.0060000000000002
2020,Austrian Grand Prix,HAM,2,HARD,16,0.18499999999998806,0.38999999999998636,0.2049999999999983
2020,Austrian Grand Prix,HAM,3,HARD,6,0.20399999999999352,0.7069999999999936,0.5030000000000001
2020,Austrian Grand Prix,KVY,1,MEDIUM,19,1.3059999999999974,0.23499999999999943,-1.070999999999998
2020,Austrian Grand Prix,KVY,2,HARD,13,1.3259999999999934,0.5279999999999916,-0.7980000000000018
2020,Austrian Grand Prix,LAT,1,MEDIUM,19,1.1410000000000053,2.730000000000004,1.5889999999999986
2020,Austrian Grand Prix,LAT,2,HARD,17,0.5170000000000101,6.344000000000008,5.826999999999998
2020,Austrian Grand Prix,LAT,4,SOFT,6,0.3160000000000025,0.46699999999999875,0.15099999999999625
2020,Austrian Grand Prix,LEC,1,SOFT,18,0.34600000000000364,0.2740000000000009,-0.07200000000000273
2020,Austrian Grand Prix,LEC,2,HARD,15,0.4819999999999993,0.30399999999998784,-0.17800000000001148
2020,Austrian Grand Prix,LEC,4,MEDIUM,6,0.13799999999999102,0.32500000000000284,0.18700000000001182
2020,Austrian Grand Prix,MAG,1,MEDIUM,17,0.8619999999999948,0.16400000000000148,-0.6979999999999933
2020,Austrian Grand Prix,NOR,1,SOFT,18,0.9500000000000028,0.10299999999999443,-0.8470000000000084
2020,Austrian Grand Prix,NOR,2,HARD,15,0.472999999999999,0.05699999999998795,-0.416000000000011
2020,Austrian Grand Prix,NOR,4,MEDIUM,6,1.0990000000000038,0.3060000000000116,-0.7929999999999922
2020,Austrian Grand Prix,OCO,1,MEDIUM,19,1.168999999999997,7.24499999999999,6.075999999999993
2020,Austrian Grand Prix,OCO,2,HARD,15,1.1610000000000014,0.19200000000000728,-0.9689999999999941
2020,Austrian Grand Prix,PER,1,SOFT,18,0.4959999999999951,0.22699999999998965,-0.26900000000000546
2020,Austrian Grand Prix,PER,2,MEDIUM,16,0.42799999999999727,0.07600000000000762,-0.35199999999998965
2020,Austrian Grand Prix,PER,3,MEDIUM,6,0.5470000000000113,1.906000000000006,1.3589999999999947
2020,Austrian Grand Prix,RAI,1,MEDIUM,16,1.722999999999999,0.33799999999999386,-1.3850000000000051
2020,Austrian Grand Prix,RAI,2,HARD,20,1.7479999999999905,0.35299999999999443,-1.394999999999996
2020,Austrian Grand Prix,RIC,1,SOFT,9,0.6260000000000048,0.21399999999999864,-0.41200000000000614
2020,Austrian Grand Prix,RUS,1,MEDIUM,17,1.4429999999999978,0.14799999999999613,-1.2950000000000017
2020,Austrian Grand Prix,RUS,2,HARD,19,1.6450000000000102,0.3760000000000048,-1.2690000000000055
2020,Austrian Grand Prix,SAI,1,SOFT,18,0.3059999999999974,0.13100000000000023,-0.17499999999999716
2020,Austrian Grand Prix,SAI,2,HARD,16,0.4369999999999976,0.30400000000000205,-0.13299999999999557
2020,Austrian Grand Prix,SAI,4,MEDIUM,6,0.6089999999999947,0.7199999999999989,0.1110000000000042
2020,Austrian Grand Prix,STR,1,SOFT,12,0.24399999999999977,3.7150000000000034,3.4710000000000036
2020,Austrian Grand Prix,VER,1,MEDIUM,8,0.07699999999999818,0.1869999999999976,0.10999999999999943
2020,Austrian Grand Prix,VET,1,MEDIUM,19,0.33800000000000807,0.44600000000001216,0.10800000000000409
2020,Austrian Grand Prix,VET,2,HARD,14,0.32900000000000773,0.3089999999999975,-0.020000000000010232
2020,Austrian Grand Prix,VET,4,SOFT,6,2.131999999999991,0.10599999999999454,-2.0259999999999962
2020,Bahrain Grand Prix,ALB,2,MEDIUM,10,0.10699999999999932,0.8460000000000036,0.7390000000000043
2020,Bahrain Grand Prix,ALB,3,MEDIUM,13,1.1710000000000065,0.7830000000000013,-0.38800000000000523
2020,Bahrain Grand Prix,ALB,4,HARD,18,0.24800000000000466,0.9279999999999973,0.6799999999999926
2020,Bahrain Grand Prix,BOT,3,HARD,16,2.7240000000000038,0.10900000000000887,-2.614999999999995
2020,Bahrain Grand Prix,BOT,4,MEDIUM,11,0.39699999999999136,2.089999999999989,1.6929999999999978
2020,Bahrain Grand Prix,BOT,5,MEDIUM,14,0.40800000000000125,0.909000000000006,0.5010000000000048
2020,Bahrain Grand Prix,GAS,2,HARD,16,0.8330000000000126,1.4120000000000061,0.5789999999999935
2020,Bahrain Grand Prix,GAS,3,HARD,27,0.5080000000000098,0.7390000000000043,0.23099999999999454
2020,Bahrain Grand Prix,GIO,2,MEDIUM,11,1.247000000000014,0.5470000000000113,-0.7000000000000028
2020,Bahrain Grand Prix,GIO,3,HARD,31,0.6299999999999955,2.7860000000000014,2.156000000000006
2020,Bahrain Grand Prix,HAM,2,MEDIUM,10,0.6239999999999952,1.195999999999998,0.5720000000000027
2020,Bahrain Grand Prix,HAM,3,MEDIUM,14,0.828000000000003,1.039999999999992,0.21199999999998909
2020,Bahrain Grand Prix,HAM,4,HARD,18,0.03300000000000125,1.2890000000000015,1.2560000000000002
2020,Bahrain Grand Prix,KVY,2,SOFT,8,0.7249999999999943,0.7530000000000001,0.028000000000005798
2020,Bahrain Grand Prix,KVY,3,HARD,14,0.3230000000000075,1.9080000000000013,1.5849999999999937
2020,Bahrain Grand Prix,KVY,4,HARD,18,0.4399999999999977,1.181999999999988,0.7419999999999902
2020,Bahrain Grand Prix,LAT,2,MEDIUM,12,0.6700000000000017,1.7399999999999949,1.0699999999999932
2020,Bahrain Grand Prix,LAT,3,MEDIUM,14,0.046999999999997044,1.5389999999999873,1.4919999999999902
2020,Bahrain Grand Prix,LAT,4,HARD,14,0.24099999999999966,1.7120000000000033,1.4710000000000036
2020,Bahrain Grand Prix,LEC,2,MEDIUM,14,0.021000000000000796,0.7469999999999999,0.7259999999999991
2020,Bahrain Grand Prix,LEC,3,HARD,15,0.262999999999991,1.2830000000000013,1.0200000000000102
2020,Bahrain Grand Prix,LEC,4,HARD,12,0.07099999999999795,1.2639999999999958,1.1929999999999978
2020,Bahrain Grand Prix,MAG,3,HARD,18,1.413000000000011,0.40500000000000114,-1.0080000000000098
2020,Bahrain Grand Prix,MAG,4,HARD,24,0.39100000000000534,2.406000000000006,2.0150000000000006
2020,Bahrain Grand Prix,NOR,2,MEDIUM,9,0.31100000000000705,0.4270000000000067,0.11599999999999966
2020,Bahrain Grand Prix,NOR,3,MEDIUM,18,0.784000000000006,0.12999999999999545,-0.6540000000000106
2020,Bahrain Grand Prix,NOR,4,HARD,14,0.10500000000000398,0.3810000000000002,0.27599999999999625
2020,Bahrain Grand Prix,OCO,2,MEDIUM,8,0.45600000000000307,0.40099999999999625,-0.05500000000000682
2020,Bahrain Grand Prix,OCO,3,MEDIUM,15,1.051000000000002,0.6129999999999995,-0.4380000000000024
2020,Bahrain Grand Prix,OCO,4,HARD,18,0.14300000000000068,0.7939999999999969,0.6509999999999962
2020,Bahrain Grand Prix,PER,2,MEDIUM,11,0.27599999999999625,0.7249999999999943,0.44899999999999807
2020,Bahrain Grand Prix,PER,3,HARD,14,0.2849999999999966,0.5990000000000038,0.31400000000000716
2020,Bahrain Grand Prix,PER,4,HARD,16,0.16499999999999204,1.2519999999999953,1.0870000000000033
2020,Bahrain Grand Prix,RAI,2,MEDIUM,8,0.9329999999999927,0.18199999999998795,-0.7510000000000048
2020,Bahrain Grand Prix,RAI,3,HARD,21,0.18900000000000716,3.132000000000005,2.942999999999998
2020,Bahrain Grand Prix,RAI,4,MEDIUM,11,0.2230000000000132,2.6640000000000015,2.4409999999999883
2020,Bahrain Grand Prix,RIC,2,MEDIUM,7,0.5260000000000105,0.2259999999999991,-0.30000000000001137
2020,Bahrain Grand Prix,RIC,3,HARD,18,1.7169999999999987,0.527000000000001,-1.1899999999999977
2020,Bahrain Grand Prix,RIC,4,HARD,16,1.2600000000000051,1.742999999999995,0.4829999999999899
2020,Bahrain Grand Prix,RUS,2,MEDIUM,11,0.2879999999999967,0.40500000000000114,0.11700000000000443
2020,Bahrain Grand Prix,RUS,3,HARD,17,0.25099999999999056,1.4649999999999892,1.2139999999999986
2020,Bahrain Grand Prix,RUS,4,MEDIUM,12,0.492999999999995,0.5480000000000018,0.05500000000000682
2020,Bahrain Grand Prix,SAI,2,SOFT,12,0.6989999999999981,0.42899999999998784,-0.27000000000001023
2020,Bahrain Grand Prix,SAI,3,MEDIUM,16,0.8439999999999941,0.9949999999999903,0.15099999999999625
2020,Bahrain Grand Prix,SAI,4,HARD,12,0.7069999999999936,0.5900000000000034,-0.11699999999999022
2020,Bahrain Grand Prix,VER,2,MEDIUM,11,0.3499999999999943,1.543999999999997,1.1940000000000026
2020,Bahrain Grand Prix,VER,3,HARD,12,0.42200000000001125,1.4660000000000082,1.043999999999997
2020,Bahrain Grand Prix,VER,4,HARD,10,0.06400000000000716,1.203000000000003,1.1389999999999958
2020,Bahrain Grand Prix,VER,5,MEDIUM,6,0.07699999999999818,0.8449999999999989,0.7680000000000007
2020,Bahrain Grand Prix,VET,2,HARD,11,1.108000000000004,1.3220000000000027,0.21399999999999864
2020,Bahrain Grand Prix,VET,3,MEDIUM,17,0.402000000000001,2.719999999999999,2.317999999999998
2020,Bahrain Grand Prix,VET,4,HARD,12,0.6009999999999991,1.5969999999999942,0.9959999999999951
2020,Belgian Grand Prix,ALB,1,SOFT,8,0.8239999999999981,0.3689999999999998,-0.4549999999999983
2020,Belgian Grand Prix,ALB,2,SOFT,30,2.6069999999999993,1.5210000000000008,-1.0859999999999985
2020,Belgian Grand Prix,BOT,1,MEDIUM,9,0.2960000000000065,0.07700000000001239,-0.2189999999999941
2020,Belgian Grand Prix,BOT,2,HARD,30,0.49799999999999045,3.11099999999999,2.6129999999999995
2020,Belgian Grand Prix,GAS,1,HARD,18,1.608000000000004,0.472999999999999,-1.1350000000000051
2020,Belgian Grand Prix,GAS,2,MEDIUM,17,0.18200000000000216,0.47400000000000375,0.2920000000000016
2020,Belgian Grand Prix,GIO,1,MEDIUM,8,0.9749999999999943,0.5349999999999966,-0.4399999999999977
2020,Belgian Grand Prix,GRO,1,MEDIUM,8,1.6610000000000014,0.5210000000000008,-1.1400000000000006
2020,Belgian Grand Prix,GRO,2,HARD,29,2.2120000000000033,1.0430000000000064,-1.168999999999997
2020,Belgian Grand Prix,HAM,1,MEDIUM,9,0.7720000000000056,0.40099999999999625,-0.3710000000000093
2020,Belgian Grand Prix,HAM,2,HARD,30,0.4890000000000043,2.198999999999998,1.7099999999999937
2020,Belgian Grand Prix,KVY,1,MEDIUM,8,1.288000000000011,0.4450000000000074,-0.8430000000000035
2020,Belgian Grand Prix,KVY,2,HARD,30,2.125,1.7310000000000088,-0.39399999999999125
2020,Belgian Grand Prix,LAT,1,MEDIUM,8,0.5330000000000013,0.2740000000000009,-0.25900000000000034
2020,Belgian Grand Prix,LAT,2,HARD,15,1.8070000000000022,0.4789999999999992,-1.328000000000003
2020,Belgian Grand Prix,LAT,3,MEDIUM,13,0.49200000000000443,1.7469999999999999,1.2549999999999955
2020,Belgian Grand Prix,LEC,1,SOFT,8,1.2479999999999905,0.32099999999999795,-0.9269999999999925
2020,Belgian Grand Prix,LEC,2,HARD,9,1.9309999999999974,0.32800000000000296,-1.6029999999999944
2020,Belgian Grand Prix,LEC,3,MEDIUM,19,0.6189999999999998,2.438999999999993,1.8199999999999932
2020,Belgian Grand Prix,MAG,1,MEDIUM,8,1.274000000000001,0.5400000000000063,-0.7339999999999947
2020,Belgian Grand Prix,MAG,2,HARD,20,1.9420000000000073,0.22700000000000387,-1.7150000000000034
2020,Belgian Grand Prix,MAG,3,SOFT,8,0.4420000000000073,1.475999999999999,1.0339999999999918
2020,Belgian Grand Prix,NOR,1,SOFT,8,0.8689999999999998,0.07900000000000773,-0.789999999999992
2020,Belgian Grand Prix,NOR,2,SOFT,29,3.208999999999989,1.586999999999989,-1.6219999999999999
2020,Belgian Grand Prix,OCO,1,SOFT,8,0.7609999999999957,0.3160000000000025,-0.4449999999999932
2020,Belgian Grand Prix,OCO,2,HARD,30,3.0959999999999894,1.586999999999989,-1.5090000000000003
2020,Belgian Grand Prix,PER,1,SOFT,11,1.1149999999999949,0.8919999999999959,-0.22299999999999898
2020,Belgian Grand Prix,PER,2,HARD,25,0.4660000000000082,1.3400000000000034,0.8739999999999952
2020,Belgian Grand Prix,RAI,1,MEDIUM,8,1.0409999999999968,0.3639999999999901,-0.6770000000000067
2020,Belgian Grand Prix,RAI,2,SOFT,30,1.9089999999999918,1.5960000000000036,-0.3129999999999882
2020,Belgian Grand Prix,RIC,1,SOFT,9,0.6499999999999915,0.11499999999999488,-0.5349999999999966
2020,Belgian Grand Prix,RIC,2,HARD,30,3.695999999999998,0.7759999999999962,-2.9200000000000017
2020,Belgian Grand Prix,RUS,1,MEDIUM,8,1.4629999999999939,0.8109999999999928,-0.652000000000001
2020,Belgian Grand Prix,STR,1,SOFT,7,0.5019999999999953,0.13400000000000034,-0.367999999999995
2020,Belgian Grand Prix,STR,2,HARD,30,2.6260000000000048,1.5940000000000083,-1.0319999999999965
2020,Belgian Grand Prix,VER,1,MEDIUM,9,0.44299999999999784,0.1490000000000009,-0.29399999999999693
2020,Belgian Grand Prix,VER,2,SOFT,30,0.3789999999999907,2.205999999999989,1.8269999999999982
2020,Belgian Grand Prix,VET,1,MEDIUM,8,0.31099999999999284,0.2049999999999983,-0.10599999999999454
2020,Belgian Grand Prix,VET,2,HARD,30,2.3389999999999986,1.4270000000000067,-0.9119999999999919
2020,British Grand Prix,ALB,2,HARD,14,0.5859999999999985,0.5529999999999973,-0.03300000000000125
2020,British Grand Prix,ALB,3,MEDIUM,21,0.9480000000000075,0.43300000000000693,-0.5150000000000006
2020,British Grand Prix,BOT,1,MEDIUM,7,0.44299999999999784,0.3649999999999949,-0.07800000000000296
2020,British Grand Prix,BOT,2,HARD,31,1.1500000000000057,1.7860000000000014,0.6359999999999957
2020,British Grand Prix,GAS,1,MEDIUM,6,1.9280000000000115,0.46100000000001273,-1.4669999999999987
2020,British Grand Prix,GAS,2,HARD,33,4.39500000000001,0.3610000000000042,-4.034000000000006
2020,British Grand Prix,GIO,1,MEDIUM,6,1.0750000000000028,0.17600000000000193,-0.8990000000000009
2020,British Grand Prix,GIO,2,HARD,34,3.049999999999997,0.10499999999998977,-2.9450000000000074
2020,British Grand Prix,GRO,1,MEDIUM,22,3.173000000000002,0.05700000000000216,-3.1159999999999997
2020,British Grand Prix,GRO,2,HARD,15,0.5829999999999984,0.5360000000000014,-0.046999999999997044
2020,British Grand Prix,HAM,1,MEDIUM,7,0.4099999999999966,0.3049999999999926,-0.10500000000000398
2020,British Grand Prix,HAM,2,HARD,33,1.1329999999999956,1.8430000000000035,0.710000000000008
2020,British Grand Prix,KVY,1,MEDIUM,6,1.9590000000000032,0.9410000000000025,-1.0180000000000007
2020,British Grand Prix,LAT,1,MEDIUM,6,1.5120000000000005,0.7000000000000028,-0.8119999999999976
2020,British Grand Prix,LAT,2,HARD,34,4.193999999999988,0.7259999999999991,-3.4679999999999893
2020,British Grand Prix,LEC,1,MEDIUM,6,0.7669999999999959,0.13599999999999568,-0.6310000000000002
2020,British Grand Prix,LEC,2,HARD,34,2.522999999999996,0.9500000000000028,-1.5729999999999933
2020,British Grand Prix,NOR,1,SOFT,6,1.5190000000000055,0.40500000000000114,-1.1140000000000043
2020,British Grand Prix,NOR,2,HARD,33,2.4549999999999983,0.32099999999999795,-2.1340000000000003
2020,British Grand Prix,OCO,1,SOFT,6,1.600999999999999,0.10200000000000387,-1.4989999999999952
2020,British Grand Prix,OCO,2,HARD,34,4.236999999999995,0.02400000000000091,-4.212999999999994
2020,British Grand Prix,RAI,1,MEDIUM,6,1.0790000000000077,0.21300000000000807,-0.8659999999999997
2020,British Grand Prix,RAI,2,HARD,28,2.632000000000005,0.3649999999999949,-2.26700000000001
2020,British Grand Prix,RIC,1,SOFT,6,1.3460000000000036,0.27299999999999613,-1.0730000000000075
2020,British Grand Prix,RIC,2,HARD,34,3.8769999999999953,0.30100000000000193,-3.5759999999999934
2020,British Grand Prix,RUS,1,MEDIUM,6,0.9519999999999982,0.1670000000000016,-0.7849999999999966
2020,British Grand Prix,RUS,2,HARD,34,3.3830000000000098,0.9960000000000093,-2.3870000000000005
2020,British Grand Prix,SAI,1,SOFT,6,1.0480000000000018,0.25199999999999534,-0.7960000000000065
2020,British Grand Prix,SAI,2,HARD,30,2.5420000000000016,0.15000000000000568,-2.391999999999996
2020,British Grand Prix,STR,1,MEDIUM,6,1.4609999999999985,0.3400000000000034,-1.1209999999999951
2020,British Grand Prix,STR,2,HARD,34,3.075000000000003,1.2050000000000125,-1.8699999999999903
2020,British Grand Prix,VER,1,MEDIUM,6,0.8160000000000025,0.06099999999999284,-0.7550000000000097
2020,British Grand Prix,VER,2,HARD,31,2.0260000000000105,0.605000000000004,-1.4210000000000065
2020,British Grand Prix,VET,1,SOFT,6,1.8410000000000082,0.2920000000000016,-1.5490000000000066
2020,British Grand Prix,VET,2,HARD,33,3.1289999999999907,1.009999999999991,-2.1189999999999998
2020,Eifel Grand Prix,ALB,2,MEDIUM,13,0.5859999999999985,1.1800000000000068,0.5940000000000083
2020,Eifel Grand Prix,BOT,1,SOFT,10,0.3269999999999982,0.0049999999999954525,-0.32200000000000273
2020,Eifel Grand Prix,GAS,1,MEDIUM,26,2.2579999999999956,2.1839999999999975,-0.07399999999999807
2020,Eifel Grand Prix,GAS,2,HARD,12,0.554000000000002,0.10999999999999943,-0.4440000000000026
2020,Eifel Grand Prix,GAS,3,SOFT,10,0.7010000000000076,0.30400000000000205,-0.39700000000000557
2020,Eifel Grand Prix,GIO,1,SOFT,13,0.6219999999999999,0.8440000000000083,0.2220000000000084
2020,Eifel Grand Prix,GIO,2,MEDIUM,19,0.5310000000000059,0.8260000000000076,0.2950000000000017
2020,Eifel Grand Prix,GIO,3,MEDIUM,16,0.15499999999998693,0.7799999999999869,0.625
2020,Eifel Grand Prix,GRO,1,MEDIUM,24,2.6970000000000027,0.37599999999999056,-2.321000000000012
2020,Eifel Grand Prix,GRO,2,HARD,23,0.2750000000000057,0.10200000000000387,-0.17300000000000182
2020,Eifel Grand Prix,HAM,1,SOFT,12,0.5310000000000059,0.117999999999995,-0.4130000000000109
2020,Eifel Grand Prix,HAM,2,MEDIUM,27,0.45700000000000784,0.3539999999999992,-0.10300000000000864
2020,Eifel Grand Prix,HAM,3,SOFT,11,0.34199999999999875,0.8260000000000076,0.48400000000000887
2020,Eifel Grand Prix,HUL,1,SOFT,26,2.3100000000000023,0.5649999999999977,-1.7450000000000045
2020,Eifel Grand Prix,HUL,2,MEDIUM,12,1.0840000000000032,0.5240000000000009,-0.5600000000000023
2020,Eifel Grand Prix,HUL,3,SOFT,11,1.4799999999999898,0.3190000000000026,-1.1609999999999872
2020,Eifel Grand Prix,KVY,1,MEDIUM,13,1.2410000000000139,0.7240000000000038,-0.5170000000000101
2020,Eifel Grand Prix,KVY,2,HARD,23,0.8380000000000081,0.15200000000000102,-0.686000000000007
2020,Eifel Grand Prix,KVY,3,SOFT,11,0.9779999999999944,0.28300000000000125,-0.6949999999999932
2020,Eifel Grand Prix,LAT,1,SOFT,12,0.9680000000000035,0.3850000000000051,-0.5829999999999984
2020,Eifel Grand Prix,LAT,2,MEDIUM,16,0.5120000000000005,1.1680000000000064,0.6560000000000059
2020,Eifel Grand Prix,LAT,3,MEDIUM,19,0.11700000000000443,1.4220000000000113,1.3050000000000068
2020,Eifel Grand Prix,LEC,1,SOFT,8,0.19299999999999784,0.2669999999999959,0.07399999999999807
2020,Eifel Grand Prix,LEC,2,MEDIUM,21,1.5589999999999975,0.953000000000003,-0.6059999999999945
2020,Eifel Grand Prix,LEC,3,MEDIUM,18,0.7309999999999945,0.39799999999999613,-0.3329999999999984
2020,Eifel Grand Prix,MAG,1,SOFT,12,0.7160000000000082,2.5,1.7839999999999918
2020,Eifel Grand Prix,MAG,2,MEDIUM,16,0.9469999999999885,0.19899999999999807,-0.7479999999999905
2020,Eifel Grand Prix,MAG,3,MEDIUM,18,0.1910000000000025,2.0390000000000015,1.847999999999999
2020,Eifel Grand Prix,NOR,1,SOFT,26,1.73599999999999,1.195999999999998,-0.539999999999992
2020,Eifel Grand Prix,NOR,2,MEDIUM,12,0.86099999999999,0.17199999999999704,-0.688999999999993
2020,Eifel Grand Prix,OCO,1,SOFT,19,1.4220000000000113,0.06300000000000239,-1.3590000000000089
2020,Eifel Grand Prix,PER,1,SOFT,25,1.7109999999999985,0.31799999999999784,-1.3930000000000007
2020,Eifel Grand Prix,PER,2,MEDIUM,13,1.1299999999999955,0.06499999999999773,-1.0649999999999977
2020,Eifel Grand Prix,PER,3,SOFT,11,0.7710000000000008,0.2809999999999917,-0.4900000000000091
2020,Eifel Grand Prix,RAI,1,SOFT,8,1.168999999999997,0.2560000000000002,-0.9129999999999967
2020,Eifel Grand Prix,RAI,2,MEDIUM,28,1.480000000000004,0.7169999999999987,-0.7630000000000052
2020,Eifel Grand Prix,RAI,3,SOFT,11,2.8619999999999948,0.8870000000000005,-1.9749999999999943
2020,Eifel Grand Prix,RIC,1,SOFT,14,1.1110000000000042,0.257000000000005,-0.8539999999999992
2020,Eifel Grand Prix,RIC,2,MEDIUM,26,1.2560000000000002,0.2920000000000016,-0.9639999999999986
2020,Eifel Grand Prix,RIC,3,SOFT,10,0.28999999999999204,0.2049999999999983,-0.08499999999999375
2020,Eifel Grand Prix,RUS,1,SOFT,9,0.9579999999999984,0.4040000000000106,-0.5539999999999878
2020,Eifel Grand Prix,SAI,1,SOFT,24,1.7249999999999943,0.08299999999999841,-1.641999999999996
2020,Eifel Grand Prix,SAI,2,MEDIUM,14,0.5499999999999972,0.1629999999999967,-0.38700000000000045
2020,Eifel Grand Prix,SAI,3,SOFT,11,0.7639999999999958,0.47799999999999443,-0.28600000000000136
2020,Eifel Grand Prix,VER,1,SOFT,13,0.7080000000000126,0.6290000000000049,-0.07900000000000773
2020,Eifel Grand Prix,VER,2,MEDIUM,27,0.612000000000009,0.5490000000000066,-0.06300000000000239
2020,Eifel Grand Prix,VER,3,SOFT,11,0.9190000000000111,0.855000000000004,-0.06400000000000716
2020,Eifel Grand Prix,VET,1,MEDIUM,9,1.0200000000000102,0.39800000000001035,-0.6219999999999999
2020,Eifel Grand Prix,VET,2,HARD,26,0.34600000000000364,1.987000000000009,1.6410000000000053
2020,Eifel Grand Prix,VET,3,SOFT,10,2.8569999999999993,1.0349999999999966,-1.8220000000000027
2020,Emilia Romagna Grand Prix,ALB,1,SOFT,12,1.1300000000000097,0.06200000000001182,-1.0679999999999978
2020,Emilia Romagna Grand Prix,ALB,2,HARD,32,1.7050000000000125,0.26900000000000546,-1.436000000000007
2020,Emilia Romagna Grand Prix,BOT,1,MEDIUM,17,1.1119999999999948,0.014999999999986358,-1.0970000000000084
2020,Emilia Romagna Grand Prix,BOT,2,HARD,28,0.2150000000000034,0.43200000000000216,0.21699999999999875
2020,Emilia Romagna Grand Prix,BOT,3,SOFT,6,1.409000000000006,1.6269999999999953,0.2179999999999893
2020,Emilia Romagna Grand Prix,GAS,1,SOFT,6,0.4339999999999975,0.042999999999992156,-0.39100000000000534
2020,Emilia Romagna Grand Prix,GIO,1,SOFT,8,0.9030000000000058,0.08600000000001273,-0.8169999999999931
2020,Emilia Romagna Grand Prix,GIO,2,MEDIUM,42,1.355000000000004,0.19700000000000273,-1.1580000000000013
2020,Emilia Romagna Grand Prix,GRO,1,MEDIUM,6,1.831000000000003,0.9240000000000066,-0.9069999999999965
2020,Emilia Romagna Grand Prix,GRO,2,HARD,36,1.1539999999999964,0.16599999999999682,-0.9879999999999995
2020,Emilia Romagna Grand Prix,HAM,1,MEDIUM,27,2.38900000000001,0.8000000000000114,-1.5889999999999986
2020,Emilia Romagna Grand Prix,HAM,2,HARD,19,0.7939999999999969,0.44599999999999795,-0.347999999999999
2020,Emilia Romagna Grand Prix,HAM,3,SOFT,6,1.5760000000000076,0.4300000000000068,-1.1460000000000008
2020,Emilia Romagna Grand Prix,KVY,1,SOFT,12,1.4640000000000128,0.11700000000000443,-1.3470000000000084
2020,Emilia Romagna Grand Prix,KVY,2,HARD,33,1.6460000000000008,0.2120000000000033,-1.4339999999999975
2020,Emilia Romagna Grand Prix,KVY,3,SOFT,6,1.362000000000009,0.19299999999999784,-1.1690000000000111
2020,Emilia Romagna Grand Prix,LAT,1,MEDIUM,30,2.3599999999999994,0.32399999999999807,-2.0360000000000014
2020,Emilia Romagna Grand Prix,LAT,2,HARD,20,0.07800000000000296,0.24600000000000932,0.16800000000000637
2020,Emilia Romagna Grand Prix,LEC,1,SOFT,11,1.188999999999993,0.03499999999999659,-1.1539999999999964
2020,Emilia Romagna Grand Prix,LEC,2,HARD,40,2.596999999999994,0.06199999999999761,-2.5349999999999966
2020,Emilia Romagna Grand Prix,MAG,1,MEDIUM,23,1.617999999999995,0.41499999999999204,-1.203000000000003
2020,Emilia Romagna Grand Prix,MAG,2,HARD,17,3.6680000000000064,0.25200000000000955,-3.415999999999997
2020,Emilia Romagna Grand Prix,NOR,1,SOFT,10,0.9300000000000068,0.08599999999999852,-0.8440000000000083
2020,Emilia Romagna Grand Prix,NOR,2,MEDIUM,34,1.8269999999999982,0.12700000000000955,-1.6999999999999886
2020,Emilia Romagna Grand Prix,NOR,3,SOFT,6,1.347999999999999,0.0799999999999983,-1.2680000000000007
2020,Emilia Romagna Grand Prix,OCO,1,MEDIUM,11,1.311000000000007,0.39100000000000534,-0.9200000000000017
2020,Emilia Romagna Grand Prix,OCO,2,HARD,13,0.597999999999999,0.4270000000000067,-0.17099999999999227
2020,Emilia Romagna Grand Prix,PER,1,MEDIUM,25,2.9869999999999948,0.03300000000000125,-2.9539999999999935
2020,Emilia Romagna Grand Prix,PER,2,HARD,21,0.7539999999999907,0.24199999999999022,-0.5120000000000005
2020,Emilia Romagna Grand Prix,PER,3,SOFT,6,1.2690000000000055,0.27599999999999625,-0.9930000000000092
2020,Emilia Romagna Grand Prix,RAI,1,MEDIUM,45,3.6629999999999967,0.16100000000000136,-3.5019999999999953
2020,Emilia Romagna Grand Prix,RAI,2,SOFT,6,1.558000000000007,0.05300000000001148,-1.5049999999999955
2020,Emilia Romagna Grand Prix,RIC,1,SOFT,12,0.4259999999999877,0.49099999999999966,0.06500000000001194
2020,Emilia Romagna Grand Prix,RIC,2,HARD,40,2.836999999999989,0.34899999999998954,-2.4879999999999995
2020,Emilia Romagna Grand Prix,RUS,1,MEDIUM,9,0.9440000000000026,0.034000000000006025,-0.9099999999999966
2020,Emilia Romagna Grand Prix,RUS,2,HARD,34,1.5339999999999918,0.11199999999999477,-1.421999999999997
2020,Emilia Romagna Grand Prix,SAI,1,SOFT,14,1.6269999999999953,0.32800000000000296,-1.2989999999999924
2020,Emilia Romagna Grand Prix,SAI,2,MEDIUM,30,1.5219999999999914,0.12299999999999045,-1.399000000000001
2020,Emilia Romagna Grand Prix,SAI,3,SOFT,6,1.0970000000000084,0.034000000000006025,-1.0630000000000024
2020,Emilia Romagna Grand Prix,STR,2,HARD,26,0.9950000000000045,0.10999999999999943,-0.8850000000000051
2020,Emilia Romagna Grand Prix,STR,3,MEDIUM,19,0.6470000000000056,0.5049999999999955,-0.14200000000001012
2020,Emilia Romagna Grand Prix,STR,4,SOFT,6,2.4039999999999964,0.3960000000000008,-2.0079999999999956
2020,Emilia Romagna Grand Prix,VER,1,MEDIUM,16,0.9579999999999984,0.2009999999999934,-0.757000000000005
2020,Emilia Romagna Grand Prix,VER,2,HARD,29,1.1670000000000016,0.2950000000000017,-0.8719999999999999
2020,Emilia Romagna Grand Prix,VET,1,MEDIUM,35,3.472999999999999,0.09799999999999898,-3.375
2020,Emilia Romagna Grand Prix,VET,2,HARD,9,1.1099999999999994,0.6030000000000086,-0.5069999999999908
2020,Emilia Romagna Grand Prix,VET,3,SOFT,6,2.0889999999999986,0.17300000000000182,-1.9159999999999968
2020,Hungarian Grand Prix,ALB,2,MEDIUM,29,3.257000000000005,0.036000000000001364,-3.2210000000000036
2020,Hungarian Grand Prix,ALB,3,HARD,35,1.1700000000000017,0.7190000000000083,-0.4509999999999934
2020,Hungarian Grand Prix,BOT,2,MEDIUM,29,8.447000000000003,0.8719999999999999,-7.575000000000003
2020,Hungarian Grand Prix,BOT,3,MEDIUM,14,1.183000000000007,1.5970000000000084,0.4140000000000015
2020,Hungarian Grand Prix,BOT,4,HARD,20,0.3739999999999952,1.2039999999999935,0.8299999999999983
2020,Hungarian Grand Prix,GAS,2,SOFT,10,4.2960000000000065,2.6670000000000016,-1.6290000000000049
2020,Hungarian Grand Prix,GIO,2,SOFT,14,0.902000000000001,2.4420000000000073,1.5400000000000063
2020,Hungarian Grand Prix,GIO,3,MEDIUM,18,0.1979999999999933,1.1749999999999972,0.9770000000000039
2020,Hungarian Grand Prix,GIO,4,HARD,28,0.16599999999999682,0.3289999999999935,0.1629999999999967
2020,Hungarian Grand Prix,GRO,1,MEDIUM,32,12.305000000000007,1.8800000000000097,-10.424999999999997
2020,Hungarian Grand Prix,HAM,2,MEDIUM,32,2.7930000000000064,0.49500000000000455,-2.298000000000002
2020,Hungarian Grand Prix,HAM,3,MEDIUM,27,1.4809999999999945,0.09899999999998954,-1.382000000000005
2020,Hungarian Grand Prix,KVY,2,SOFT,15,8.039999999999992,1.774000000000001,-6.265999999999991
2020,Hungarian Grand Prix,KVY,3,HARD,50,3.186000000000007,0.9320000000000022,-2.254000000000005
2020,Hungarian Grand Prix,LAT,3,MEDIUM,25,1.0259999999999962,3.9009999999999962,2.875
2020,Hungarian Grand Prix,LAT,4,MEDIUM,6,1.0020000000000095,0.2980000000000018,-0.7040000000000077
2020,Hungarian Grand Prix,LAT,5,SOFT,11,0.2839999999999918,2.7759999999999962,2.4920000000000044
2020,Hungarian Grand Prix,LAT,6,HARD,12,3.1330000000000098,0.14800000000001035,-2.9849999999999994
2020,Hungarian Grand Prix,LEC,2,SOFT,16,6.088999999999999,2.0010000000000048,-4.087999999999994
2020,Hungarian Grand Prix,LEC,3,HARD,48,0.6479999999999961,0.769999999999996,0.12199999999999989
2020,Hungarian Grand Prix,MAG,1,MEDIUM,33,11.550999999999988,0.48499999999999943,-11.065999999999988
2020,Hungarian Grand Prix,NOR,2,MEDIUM,29,2.858000000000004,0.32399999999999807,-2.534000000000006
2020,Hungarian Grand Prix,NOR,3,HARD,33,0.2790000000000106,1.7350000000000136,1.456000000000003
2020,Hungarian Grand Prix,OCO,2,MEDIUM,25,3.4529999999999887,0.18899999999999295,-3.263999999999996
2020,Hungarian Grand Prix,OCO,3,HARD,37,2.1330000000000098,1.8590000000000089,-0.2740000000000009
2020,Hungarian Grand Prix,PER,2,MEDIUM,30,5.022999999999996,0.7099999999999937,-4.313000000000002
2020,Hungarian Grand Prix,PER,3,HARD,33,1.191999999999993,1.7069999999999936,0.5150000000000006
2020,Hungarian Grand Prix,RAI,2,MEDIUM,28,5.402999999999992,0.590999999999994,-4.811999999999998
2020,Hungarian Grand Prix,RAI,3,HARD,35,2.0090000000000003,0.4030000000000058,-1.6059999999999945
2020,Hungarian Grand Prix,RIC,2,MEDIUM,37,3.765999999999991,0.14000000000000057,-3.6259999999999906
2020,Hungarian Grand Prix,RIC,3,MEDIUM,25,0.1950000000000074,0.8380000000000081,0.6430000000000007
2020,Hungarian Grand Prix,RUS,2,SOFT,13,1.0429999999999922,1.543999999999997,0.5010000000000048
2020,Hungarian Grand Prix,RUS,3,MEDIUM,29,1.3289999999999935,0.29399999999999693,-1.0349999999999966
2020,Hungarian Grand Prix,RUS,4,MEDIUM,18,0.2540000000000049,0.21300000000000807,-0.04099999999999682
2020,Hungarian Grand Prix,SAI,2,MEDIUM,35,5.631999999999991,0.10199999999998965,-5.530000000000001
2020,Hungarian Grand Prix,SAI,3,HARD,28,0.7760000000000105,0.2150000000000034,-0.561000000000007
2020,Hungarian Grand Prix,STR,2,MEDIUM,30,4.079000000000008,1.6280000000000001,-2.4510000000000076
2020,Hungarian Grand Prix,STR,3,MEDIUM,15,0.4310000000000116,0.4939999999999998,0.06299999999998818
2020,Hungarian Grand Prix,STR,4,HARD,17,1.0390000000000015,0.17799999999999727,-0.8610000000000042
2020,Hungarian Grand Prix,VER,2,MEDIUM,30,1.686000000000007,1.2160000000000082,-0.46999999999999886
2020,Hungarian Grand Prix,VER,3,HARD,33,1.081000000000003,0.16200000000000614,-0.9189999999999969
2020,Hungarian Grand Prix,VET,2,MEDIUM,23,3.899000000000001,0.7109999999999985,-3.1880000000000024
2020,Hungarian Grand Prix,VET,3,HARD,39,0.4230000000000018,0.5919999999999987,0.16899999999999693
2020,Italian Grand Prix,ALB,1,SOFT,18,1.1380000000000052,0.3410000000000082,-0.796999999999997
2020,Italian Grand Prix,ALB,3,HARD,23,1.7609999999999957,0.9950000000000045,-0.7659999999999911
2020,Italian Grand Prix,BOT,1,SOFT,16,0.6800000000000068,0.4420000000000073,-0.23799999999999955
2020,Italian Grand Prix,BOT,3,MEDIUM,25,1.323999999999998,0.11400000000000432,-1.2099999999999937
2020,Italian Grand Prix,GAS,1,SOFT,15,0.4890000000000043,0.30299999999999727,-0.18600000000000705
2020,Italian Grand Prix,GAS,3,MEDIUM,25,0.6049999999999898,1.073999999999998,0.4690000000000083
2020,Italian Grand Prix,GIO,1,MEDIUM,18,1.448999999999998,0.23799999999999955,-1.2109999999999985
2020,Italian Grand Prix,GIO,4,SOFT,22,0.3960000000000008,0.9579999999999984,0.5619999999999976
2020,Italian Grand Prix,GRO,1,MEDIUM,18,0.8780000000000001,0.3719999999999999,-0.5060000000000002
2020,Italian Grand Prix,GRO,3,HARD,25,1.3689999999999998,1.3760000000000048,0.007000000000005002
2020,Italian Grand Prix,HAM,1,SOFT,18,0.7459999999999951,0.16899999999999693,-0.5769999999999982
2020,Italian Grand Prix,HAM,4,HARD,24,0.7180000000000035,0.9969999999999999,0.27899999999999636
2020,Italian Grand Prix,KVY,1,HARD,18,0.5220000000000056,0.3440000000000083,-0.17799999999999727
2020,Italian Grand Prix,KVY,3,MEDIUM,23,0.3370000000000033,0.972999999999999,0.6359999999999957
2020,Italian Grand Prix,LAT,1,MEDIUM,14,1.6359999999999957,0.117999999999995,-1.5180000000000007
2020,Italian Grand Prix,LAT,3,MEDIUM,25,0.9909999999999997,0.6480000000000103,-0.3429999999999893
2020,Italian Grand Prix,LEC,1,SOFT,15,0.570999999999998,0.36700000000000443,-0.20399999999999352
2020,Italian Grand Prix,MAG,2,HARD,15,0.37599999999999056,0.4379999999999882,0.06199999999999761
2020,Italian Grand Prix,NOR,1,SOFT,16,0.3229999999999933,0.046999999999997044,-0.27599999999999625
2020,Italian Grand Prix,NOR,3,MEDIUM,25,0.9579999999999984,0.021000000000000796,-0.9369999999999976
2020,Italian Grand Prix,OCO,1,SOFT,18,0.5719999999999885,0.06999999999999318,-0.5019999999999953
2020,Italian Grand Prix,OCO,3,SOFT,25,1.0020000000000095,0.19400000000000261,-0.8080000000000069
2020,Italian Grand Prix,PER,1,SOFT,18,0.5490000000000066,0.12600000000000477,-0.4230000000000018
2020,Italian Grand Prix,PER,3,MEDIUM,25,1.2900000000000063,0.48499999999999943,-0.8050000000000068
2020,Italian Grand Prix,RAI,1,MEDIUM,16,0.7099999999999937,0.23099999999999454,-0.4789999999999992
2020,Italian Grand Prix,RAI,3,SOFT,21,0.12000000000000455,2.4080000000000013,2.2879999999999967
2020,Italian Grand Prix,RIC,1,SOFT,18,0.5090000000000003,0.1700000000000017,-0.33899999999999864
2020,Italian Grand Prix,RIC,3,MEDIUM,25,1.3460000000000036,0.4939999999999998,-0.8520000000000039
2020,Italian Grand Prix,RUS,1,MEDIUM,18,1.090999999999994,0.18999999999999773,-0.9009999999999962
2020,Italian Grand Prix,RUS,3,MEDIUM,23,2.185999999999993,1.715999999999994,-0.46999999999999886
2020,Italian Grand Prix,SAI,1,SOFT,18,0.23999999999999488,0.10599999999999454,-0.13400000000000034
2020,Italian Grand Prix,SAI,3,MEDIUM,25,1.1529999999999916,0.8169999999999931,-0.3359999999999985
2020,Italian Grand Prix,STR,1,SOFT,19,0.5990000000000038,0.2289999999999992,-0.37000000000000455
2020,Italian Grand Prix,STR,2,MEDIUM,25,1.274000000000001,0.9689999999999941,-0.3050000000000068
2020,Italian Grand Prix,VER,1,SOFT,18,0.3229999999999933,0.4159999999999968,0.09300000000000352
2020,Portuguese Grand Prix,ALB,1,SOFT,16,1.331000000000003,0.6009999999999991,-0.730000000000004
2020,Portuguese Grand Prix,ALB,2,MEDIUM,25,0.20700000000000784,0.07100000000001216,-0.13599999999999568
2020,Portuguese Grand Prix,ALB,3,SOFT,17,1.3960000000000008,0.25799999999999557,-1.1380000000000052
2020,Portuguese Grand Prix,BOT,1,MEDIUM,37,3.0060000000000002,0.7070000000000078,-2.2989999999999924
2020,Portuguese Grand Prix,BOT,2,HARD,24,2.2109999999999985,1.1629999999999967,-1.0480000000000018
2020,Portuguese Grand Prix,GAS,1,SOFT,24,2.75,0.20600000000000307,-2.543999999999997
2020,Portuguese Grand Prix,GAS,2,MEDIUM,36,1.9609999999999985,0.7139999999999986,-1.2469999999999999
2020,Portuguese Grand Prix,GIO,1,MEDIUM,26,3.4200000000000017,0.30400000000000205,-3.1159999999999997
2020,Portuguese Grand Prix,GIO,2,HARD,35,0.8760000000000048,0.10200000000000387,-0.7740000000000009
2020,Portuguese Grand Prix,GRO,1,MEDIUM,22,4.058000000000007,0.058000000000006935,-4.0
2020,Portuguese Grand Prix,GRO,2,HARD,35,1.2129999999999939,0.3370000000000033,-0.8759999999999906
2020,Portuguese Grand Prix,HAM,1,MEDIUM,38,3.2789999999999964,0.23299999999998988,-3.0460000000000065
2020,Portuguese Grand Prix,HAM,2,HARD,25,1.9039999999999964,0.6370000000000005,-1.266999999999996
2020,Portuguese Grand Prix,KVY,1,MEDIUM,23,5.347999999999999,0.6060000000000088,-4.74199999999999
2020,Portuguese Grand Prix,KVY,2,HARD,23,2.0190000000000055,1.115000000000009,-0.9039999999999964
2020,Portuguese Grand Prix,KVY,3,SOFT,8,0.7800000000000011,0.8190000000000026,0.03900000000000148
2020,Portuguese Grand Prix,LAT,1,MEDIUM,21,4.214999999999989,0.18999999999999773,-4.0249999999999915
2020,Portuguese Grand Prix,LAT,2,HARD,36,2.0960000000000036,0.8840000000000003,-1.2120000000000033
2020,Portuguese Grand Prix,LEC,1,MEDIUM,32,3.112000000000009,0.5100000000000051,-2.602000000000004
2020,Portuguese Grand Prix,LEC,2,HARD,31,1.1880000000000024,0.4159999999999968,-0.7720000000000056
2020,Portuguese Grand Prix,MAG,1,HARD,27,4.510000000000005,1.291000000000011,-3.218999999999994
2020,Portuguese Grand Prix,MAG,2,MEDIUM,32,2.3770000000000095,0.25200000000000955,-2.125
2020,Portuguese Grand Prix,NOR,1,SOFT,16,0.5970000000000084,0.23400000000000887,-0.36299999999999955
2020,Portuguese Grand Prix,NOR,2,HARD,22,1.4350000000000023,0.07699999999999818,-1.358000000000004
2020,Portuguese Grand Prix,NOR,3,MEDIUM,19,1.9920000000000044,0.9830000000000041,-1.0090000000000003
2020,Portuguese Grand Prix,OCO,1,MEDIUM,50,3.3829999999999956,0.6170000000000044,-2.765999999999991
2020,Portuguese Grand Prix,OCO,2,SOFT,11,0.3580000000000041,0.5300000000000011,0.17199999999999704
2020,Portuguese Grand Prix,PER,2,MEDIUM,42,1.6880000000000024,0.1389999999999958,-1.5490000000000066
2020,Portuguese Grand Prix,PER,3,SOFT,19,0.0589999999999975,1.4239999999999924,1.3649999999999949
2020,Portuguese Grand Prix,RAI,1,SOFT,9,0.7060000000000031,1.585000000000008,0.8790000000000049
2020,Portuguese Grand Prix,RAI,2,MEDIUM,51,1.6119999999999948,0.7609999999999957,-0.8509999999999991
2020,Portuguese Grand Prix,RIC,1,SOFT,12,0.9500000000000028,1.0609999999999928,0.11099999999999
2020,Portuguese Grand Prix,RIC,2,MEDIUM,50,2.003,0.21999999999999886,-1.7830000000000013
2020,Portuguese Grand Prix,RUS,1,MEDIUM,33,3.828000000000003,0.4969999999999999,-3.331000000000003
2020,Portuguese Grand Prix,RUS,2,HARD,28,1.509999999999991,0.16499999999999204,-1.3449999999999989
2020,Portuguese Grand Prix,SAI,1,SOFT,24,0.7060000000000031,0.3430000000000035,-0.36299999999999955
2020,Portuguese Grand Prix,SAI,2,MEDIUM,37,1.676000000000002,1.2489999999999952,-0.4270000000000067
2020,Portuguese Grand Prix,STR,1,MEDIUM,14,1.7319999999999993,0.7319999999999993,-1.0
2020,Portuguese Grand Prix,STR,2,HARD,13,1.4779999999999944,0.43200000000000216,-1.0459999999999923
2020,Portuguese Grand Prix,STR,3,SOFT,15,0.664999999999992,0.6069999999999993,-0.057999999999992724
2020,Portuguese Grand Prix,VER,1,SOFT,20,2.080999999999989,0.6310000000000002,-1.4499999999999886
2020,Portuguese Grand Prix,VER,2,MEDIUM,42,2.236000000000004,0.5900000000000034,-1.6460000000000008
2020,Portuguese Grand Prix,VET,1,MEDIUM,25,4.552999999999997,0.3200000000000074,-4.23299999999999
2020,Portuguese Grand Prix,VET,2,HARD,36,1.3200000000000074,0.26500000000000057,-1.0550000000000068
2020,Russian Grand Prix,ALB,2,HARD,21,3.3669999999999902,0.3340000000000032,-3.032999999999987
2020,Russian Grand Prix,ALB,3,MEDIUM,23,0.8850000000000051,0.05200000000000671,-0.8329999999999984
2020,Russian Grand Prix,BOT,1,MEDIUM,20,2.097999999999999,0.32200000000000273,-1.7759999999999962
2020,Russian Grand Prix,BOT,2,HARD,25,1.2339999999999947,0.6069999999999993,-0.6269999999999953
2020,Russian Grand Prix,GAS,1,SOFT,12,0.5139999999999958,0.556999999999988,0.042999999999992156
2020,Russian Grand Prix,GAS,2,HARD,22,2.3689999999999998,0.0870000000000033,-2.2819999999999965
2020,Russian Grand Prix,GAS,3,MEDIUM,10,4.082999999999998,1.710000000000008,-2.3729999999999905
2020,Russian Grand Prix,GIO,1,MEDIUM,10,1.031000000000006,0.10900000000000887,-0.921999999999997
2020,Russian Grand Prix,GIO,2,HARD,34,1.8259999999999934,0.3960000000000008,-1.4299999999999926
2020,Russian Grand Prix,GRO,1,MEDIUM,11,1.5879999999999939,0.33199999999999363,-1.2560000000000002
2020,Russian Grand Prix,GRO,2,HARD,21,0.2530000000000001,0.4340000000000117,0.1810000000000116
2020,Russian Grand Prix,GRO,3,MEDIUM,8,0.277000000000001,0.4369999999999976,0.1599999999999966
2020,Russian Grand Prix,HAM,1,SOFT,10,1.186000000000007,0.0799999999999983,-1.1060000000000088
2020,Russian Grand Prix,HAM,2,HARD,35,2.0549999999999926,1.605000000000004,-0.44999999999998863
2020,Russian Grand Prix,KVY,1,HARD,24,3.168999999999997,0.6289999999999907,-2.5400000000000063
2020,Russian Grand Prix,KVY,2,MEDIUM,20,0.4690000000000083,0.4609999999999985,-0.008000000000009777
2020,Russian Grand Prix,LAT,1,MEDIUM,11,1.8629999999999995,0.277000000000001,-1.5859999999999985
2020,Russian Grand Prix,LAT,2,HARD,33,0.5160000000000053,1.5300000000000011,1.0139999999999958
2020,Russian Grand Prix,LEC,1,MEDIUM,22,2.060999999999993,0.13700000000000045,-1.9239999999999924
2020,Russian Grand Prix,LEC,2,HARD,22,0.6890000000000072,1.1410000000000053,0.4519999999999982
2020,Russian Grand Prix,MAG,1,MEDIUM,13,1.1910000000000025,0.22999999999998977,-0.9610000000000127
2020,Russian Grand Prix,MAG,2,HARD,31,0.4590000000000032,0.6410000000000053,0.18200000000000216
2020,Russian Grand Prix,NOR,2,HARD,40,4.352999999999994,1.3599999999999994,-2.992999999999995
2020,Russian Grand Prix,OCO,1,SOFT,12,0.49900000000000944,0.17900000000000205,-0.3200000000000074
2020,Russian Grand Prix,OCO,2,HARD,32,2.3440000000000083,0.39400000000000546,-1.9500000000000028
2020,Russian Grand Prix,PER,1,SOFT,14,1.4390000000000072,0.48799999999999955,-0.9510000000000076
2020,Russian Grand Prix,PER,2,HARD,31,1.61399999999999,0.3889999999999958,-1.2249999999999943
2020,Russian Grand Prix,RAI,1,HARD,29,3.554000000000002,0.6809999999999974,-2.8730000000000047
2020,Russian Grand Prix,RAI,2,MEDIUM,15,0.6880000000000024,1.7459999999999951,1.0579999999999927
2020,Russian Grand Prix,RIC,1,SOFT,9,0.5110000000000099,0.4819999999999993,-0.029000000000010573
2020,Russian Grand Prix,RIC,2,HARD,34,3.385000000000005,1.0300000000000011,-2.355000000000004
2020,Russian Grand Prix,RUS,2,HARD,8,0.8430000000000035,1.5450000000000017,0.7019999999999982
2020,Russian Grand Prix,RUS,3,MEDIUM,33,0.7249999999999943,1.9479999999999933,1.222999999999999
2020,Russian Grand Prix,VER,1,MEDIUM,19,1.4549999999999983,0.34600000000000364,-1.1089999999999947
2020,Russian Grand Prix,VER,2,HARD,26,1.9550000000000125,0.46100000000001273,-1.4939999999999998
2020,Russian Grand Prix,VET,1,MEDIUM,24,2.570999999999998,1.8709999999999951,-0.7000000000000028
2020,Russian Grand Prix,VET,2,HARD,20,0.47400000000000375,0.9300000000000068,0.45600000000000307
2020,Sakhir Grand Prix,AIT,1,MEDIUM,23,1.580999999999996,0.6609999999999943,-0.9200000000000017
2020,Sakhir Grand Prix,AIT,2,HARD,20,0.17200000000000415,0.6210000000000022,0.44899999999999807
2020,Sakhir Grand Prix,AIT,4,SOFT,19,0.5560000000000045,0.034000000000006025,-0.5219999999999985
2020,Sakhir Grand Prix,ALB,1,MEDIUM,38,1.6069999999999993,0.1980000000000004,-1.408999999999999
2020,Sakhir Grand Prix,ALB,2,HARD,10,0.43200000000000216,0.41900000000000404,-0.012999999999998124
2020,Sakhir Grand Prix,ALB,3,SOFT,19,0.7240000000000038,0.31500000000000483,-0.4089999999999989
2020,Sakhir Grand Prix,BOT,1,MEDIUM,40,0.7010000000000005,0.3119999999999976,-0.3890000000000029
2020,Sakhir Grand Prix,BOT,2,HARD,8,0.1419999999999959,0.04999999999999716,-0.09199999999999875
2020,Sakhir Grand Prix,BOT,3,HARD,19,1.1210000000000022,0.4030000000000058,-0.7179999999999964
2020,Sakhir Grand Prix,FIT,1,SOFT,24,0.6880000000000024,0.1460000000000008,-0.5420000000000016
2020,Sakhir Grand Prix,FIT,2,MEDIUM,20,0.045000000000001705,0.8400000000000034,0.7950000000000017
2020,Sakhir Grand Prix,FIT,4,SOFT,19,0.8560000000000016,0.14799999999999613,-0.7080000000000055
2020,Sakhir Grand Prix,GAS,1,SOFT,21,0.7650000000000006,0.5949999999999989,-0.1700000000000017
2020,Sakhir Grand Prix,GAS,2,MEDIUM,21,0.08400000000000318,0.5549999999999997,0.47099999999999653
2020,Sakhir Grand Prix,GAS,3,HARD,23,0.240000000000002,1.2270000000000039,0.9870000000000019
2020,Sakhir Grand Prix,GIO,1,MEDIUM,19,1.3150000000000048,0.257000000000005,-1.0579999999999998
2020,Sakhir Grand Prix,GIO,2,HARD,26,0.09799999999999898,0.5730000000000004,0.4750000000000014
2020,Sakhir Grand Prix,GIO,3,MEDIUM,23,0.24399999999999977,0.9239999999999995,0.6799999999999997
2020,Sakhir Grand Prix,KVY,1,SOFT,20,0.5489999999999995,0.5189999999999984,-0.030000000000001137
2020,Sakhir Grand Prix,KVY,2,MEDIUM,24,0.22299999999999898,0.8340000000000032,0.6110000000000042
2020,Sakhir Grand Prix,KVY,3,HARD,23,0.38000000000000256,0.38400000000000034,0.003999999999997783
2020,Sakhir Grand Prix,LAT,1,SOFT,19,0.7959999999999994,0.23699999999999477,-0.5590000000000046
2020,Sakhir Grand Prix,LAT,2,MEDIUM,24,0.31700000000000017,0.7919999999999945,0.4749999999999943
2020,Sakhir Grand Prix,MAG,1,SOFT,18,0.22500000000000142,0.015999999999998238,-0.20900000000000318
2020,Sakhir Grand Prix,MAG,2,MEDIUM,25,0.1529999999999987,1.331000000000003,1.1780000000000044
2020,Sakhir Grand Prix,MAG,3,SOFT,22,0.2330000000000041,0.7160000000000011,0.482999999999997
2020,Sakhir Grand Prix,NOR,1,SOFT,13,0.3059999999999974,0.3549999999999969,0.04899999999999949
2020,Sakhir Grand Prix,NOR,2,MEDIUM,31,0.6989999999999981,0.9160000000000039,0.21700000000000585
2020,Sakhir Grand Prix,NOR,3,MEDIUM,23,0.5209999999999937,0.25900000000000034,-0.26199999999999335
2020,Sakhir Grand Prix,OCO,1,MEDIUM,34,0.8909999999999982,0.1319999999999979,-0.7590000000000003
2020,Sakhir Grand Prix,OCO,2,HARD,36,0.14000000000000057,0.17099999999999937,0.030999999999998806
2020,Sakhir Grand Prix,PER,2,MEDIUM,40,1.1379999999999981,0.21000000000000085,-0.9279999999999973
2020,Sakhir Grand Prix,PER,3,HARD,30,0.2629999999999981,0.4540000000000006,0.1910000000000025
2020,Sakhir Grand Prix,RAI,1,MEDIUM,16,0.5119999999999933,0.05399999999999494,-0.4579999999999984
2020,Sakhir Grand Prix,RAI,2,HARD,26,0.40799999999999415,0.5539999999999949,0.1460000000000008
2020,Sakhir Grand Prix,RAI,4,SOFT,19,1.1330000000000027,0.6189999999999998,-0.5140000000000029
2020,Sakhir Grand Prix,RIC,1,SOFT,22,0.5140000000000029,0.2190000000000012,-0.2950000000000017
2020,Sakhir Grand Prix,RIC,2,MEDIUM,24,0.17200000000000415,0.2980000000000018,0.12599999999999767
2020,Sakhir Grand Prix,RIC,3,HARD,23,0.1869999999999976,0.39800000000000324,0.21100000000000563
2020,Sakhir Grand Prix,RUS,1,MEDIUM,37,0.18499999999999517,0.18999999999999773,0.005000000000002558
2020,Sakhir Grand Prix,RUS,2,HARD,13,0.0870000000000033,0.33100000000000307,0.24399999999999977
2020,Sakhir Grand Prix,RUS,4,MEDIUM,9,1.1400000000000006,0.04899999999999949,-1.091000000000001
2020,Sakhir Grand Prix,RUS,5,SOFT,8,1.1379999999999981,1.5219999999999985,0.38400000000000034
2020,Sakhir Grand Prix,SAI,1,SOFT,21,0.2530000000000001,0.06400000000000006,-0.18900000000000006
2020,Sakhir Grand Prix,SAI,2,MEDIUM,25,0.5829999999999984,0.5609999999999999,-0.021999999999998465
2020,Sakhir Grand Prix,SAI,3,MEDIUM,23,0.11500000000000199,0.23000000000000398,0.11500000000000199
2020,Sakhir Grand Prix,STR,1,SOFT,35,0.7139999999999986,0.1180000000000021,-0.5959999999999965
2020,Sakhir Grand Prix,STR,2,MEDIUM,35,0.07600000000000051,0.016000000000005343,-0.05999999999999517
2020,Sakhir Grand Prix,VET,1,MEDIUM,24,0.980000000000004,0.2290000000000063,-0.7509999999999977
2020,Sakhir Grand Prix,VET,2,HARD,21,0.0,0.28300000000000125,0.28300000000000125
2020,Sakhir Grand Prix,VET,4,SOFT,19,0.7720000000000056,0.41499999999999915,-0.3570000000000064
2020,Spanish Grand Prix,ALB,1,SOFT,15,0.6099999999999994,0.8379999999999939,0.22799999999999443
2020,Spanish Grand Prix,ALB,2,HARD,20,1.9170000000000016,0.512999999999991,-1.4040000000000106
2020,Spanish Grand Prix,ALB,3,MEDIUM,25,0.8130000000000024,2.125,1.3119999999999976
2020,Spanish Grand Prix,BOT,1,SOFT,21,1.6129999999999995,0.8880000000000052,-0.7249999999999943
2020,Spanish Grand Prix,BOT,2,MEDIUM,23,1.1340000000000003,1.2109999999999985,0.07699999999999818
2020,Spanish Grand Prix,BOT,3,SOFT,14,2.135000000000005,2.1839999999999975,0.04899999999999238
2020,Spanish Grand Prix,GAS,1,SOFT,19,0.5400000000000063,0.5210000000000008,-0.019000000000005457
2020,Spanish Grand Prix,GAS,2,MEDIUM,19,2.0990000000000038,0.9590000000000032,-1.1400000000000006
2020,Spanish Grand Prix,GAS,3,MEDIUM,22,1.0009999999999906,1.7590000000000003,0.7580000000000098
2020,Spanish Grand Prix,GIO,1,MEDIUM,19,1.4270000000000067,0.5060000000000002,-0.9210000000000065
2020,Spanish Grand Prix,GIO,2,MEDIUM,22,0.33199999999999363,1.5069999999999908,1.1749999999999972
2020,Spanish Grand Prix,GIO,3,SOFT,19,0.6589999999999918,1.4500000000000028,0.791000000000011
2020,Spanish Grand Prix,GRO,1,MEDIUM,30,1.4579999999999984,1.4140000000000015,-0.04399999999999693
2020,Spanish Grand Prix,GRO,2,SOFT,27,0.2289999999999992,1.0789999999999935,0.8499999999999943
2020,Spanish Grand Prix,HAM,1,SOFT,21,1.9120000000000061,0.6430000000000007,-1.2690000000000055
2020,Spanish Grand Prix,HAM,2,MEDIUM,25,2.1310000000000002,0.6099999999999994,-1.5210000000000008
2020,Spanish Grand Prix,HAM,3,MEDIUM,15,1.0699999999999932,1.0499999999999972,-0.01999999999999602
2020,Spanish Grand Prix,KVY,1,SOFT,19,0.7889999999999873,0.5749999999999886,-0.21399999999999864
2020,Spanish Grand Prix,KVY,2,MEDIUM,22,0.7539999999999907,1.1370000000000005,0.3830000000000098
2020,Spanish Grand Prix,KVY,3,MEDIUM,19,0.14000000000000057,1.222999999999999,1.0829999999999984
2020,Spanish Grand Prix,LAT,1,MEDIUM,26,1.656000000000006,2.1340000000000003,0.47799999999999443
2020,Spanish Grand Prix,LAT,2,MEDIUM,19,0.6359999999999957,0.9689999999999941,0.3329999999999984
2020,Spanish Grand Prix,LAT,3,SOFT,14,0.9069999999999965,1.448999999999998,0.5420000000000016
2020,Spanish Grand Prix,LEC,1,SOFT,27,0.7669999999999959,0.8389999999999986,0.07200000000000273
2020,Spanish Grand Prix,LEC,2,MEDIUM,6,1.2299999999999898,2.8059999999999974,1.5760000000000076
2020,Spanish Grand Prix,MAG,1,SOFT,26,0.980000000000004,0.04200000000000159,-0.9380000000000024
2020,Spanish Grand Prix,MAG,2,MEDIUM,36,0.8449999999999989,0.36299999999999955,-0.4819999999999993
2020,Spanish Grand Prix,NOR,1,SOFT,19,1.2860000000000014,0.25900000000000034,-1.027000000000001
2020,Spanish Grand Prix,NOR,2,SOFT,21,1.8810000000000002,0.9200000000000017,-0.9609999999999985
2020,Spanish Grand Prix,NOR,3,MEDIUM,20,1.0120000000000005,1.7690000000000055,0.757000000000005
2020,Spanish Grand Prix,OCO,1,MEDIUM,32,1.9269999999999925,0.21299999999999386,-1.7139999999999986
2020,Spanish Grand Prix,OCO,2,SOFT,30,2.5719999999999885,0.5899999999999892,-1.9819999999999993
2020,Spanish Grand Prix,PER,1,SOFT,27,0.5420000000000016,1.581000000000003,1.0390000000000015
2020,Spanish Grand Prix,PER,2,MEDIUM,35,2.1539999999999964,0.6370000000000005,-1.516999999999996
2020,Spanish Grand Prix,RAI,1,MEDIUM,18,1.2710000000000008,0.659000000000006,-0.6119999999999948
2020,Spanish Grand Prix,RAI,2,MEDIUM,22,0.5120000000000005,1.9249999999999972,1.4129999999999967
2020,Spanish Grand Prix,RAI,3,SOFT,20,0.30299999999999727,1.0949999999999989,0.7920000000000016
2020,Spanish Grand Prix,RIC,1,MEDIUM,33,1.527000000000001,0.6690000000000111,-0.8579999999999899
2020,Spanish Grand Prix,RIC,2,SOFT,29,2.540999999999997,1.6310000000000002,-0.9099999999999966
2020,Spanish Grand Prix,RUS,1,SOFT,17,1.6550000000000011,0.23000000000000398,-1.4249999999999972
2020,Spanish Grand Prix,RUS,2,MEDIUM,14,0.3400000000000034,1.3170000000000073,0.9770000000000039
2020,Spanish Grand Prix,RUS,3,MEDIUM,29,0.6539999999999964,2.3870000000000005,1.733000000000004
2020,Spanish Grand Prix,SAI,1,SOFT,20,0.9119999999999919,0.6610000000000014,-0.25099999999999056
2020,Spanish Grand Prix,SAI,2,SOFT,17,2.265999999999991,1.0559999999999974,-1.2099999999999937
2020,Spanish Grand Prix,SAI,3,MEDIUM,23,1.5519999999999925,0.7560000000000002,-0.7959999999999923
2020,Spanish Grand Prix,STR,1,SOFT,25,0.5659999999999883,1.4809999999999945,0.9150000000000063
2020,Spanish Grand Prix,STR,2,MEDIUM,13,0.32200000000000273,0.24899999999999523,-0.0730000000000075
2020,Spanish Grand Prix,STR,3,SOFT,22,1.1380000000000052,1.1530000000000058,0.015000000000000568
2020,Spanish Grand Prix,VER,1,SOFT,19,1.3320000000000078,0.6670000000000016,-0.6650000000000063
2020,Spanish Grand Prix,VER,2,MEDIUM,18,0.6859999999999928,0.8790000000000049,0.19300000000001205
2020,Spanish Grand Prix,VER,3,MEDIUM,24,0.7439999999999998,1.286999999999992,0.5429999999999922
2020,Spanish Grand Prix,VET,1,MEDIUM,27,0.8759999999999906,0.7270000000000039,-0.1489999999999867
2020,Spanish Grand Prix,VET,2,SOFT,35,1.490000000000009,1.7000000000000028,0.20999999999999375
2020,Styrian Grand Prix,ALB,1,SOFT,31,1.9990000000000094,0.14700000000000557,-1.8520000000000039
2020,Styrian Grand Prix,ALB,2,MEDIUM,33,0.8939999999999912,0.5699999999999932,-0.32399999999999807
2020,Styrian Grand Prix,BOT,1,SOFT,30,2.2210000000000036,0.3680000000000092,-1.8529999999999944
2020,Styrian Grand Prix,BOT,2,MEDIUM,36,0.46399999999999864,0.27299999999999613,-0.1910000000000025
2020,Styrian Grand Prix,GAS,1,SOFT,20,1.456000000000003,0.7409999999999997,-0.7150000000000034
2020,Styrian Grand Prix,GAS,2,HARD,21,0.7189999999999941,0.5759999999999934,-0.14300000000000068
2020,Styrian Grand Prix,GAS,3,SOFT,20,0.7379999999999995,0.43600000000000705,-0.3019999999999925
2020,Styrian Grand Prix,GIO,1,MEDIUM,33,2.266999999999996,0.7199999999999989,-1.546999999999997
2020,Styrian Grand Prix,GIO,2,SOFT,27,0.4230000000000018,2.138999999999996,1.715999999999994
2020,Styrian Grand Prix,GRO,1,SOFT,33,2.681999999999988,0.6859999999999928,-1.9959999999999951
2020,Styrian Grand Prix,GRO,2,MEDIUM,30,0.4309999999999974,0.2819999999999965,-0.1490000000000009
2020,Styrian Grand Prix,HAM,1,SOFT,23,0.7139999999999986,0.2989999999999924,-0.41500000000000625
2020,Styrian Grand Prix,HAM,2,MEDIUM,43,1.3520000000000039,1.443000000000012,0.09100000000000819
2020,Styrian Grand Prix,KVY,1,MEDIUM,31,2.530000000000001,0.1769999999999925,-2.3530000000000086
2020,Styrian Grand Prix,KVY,2,HARD,33,0.9669999999999987,0.33199999999999363,-0.6350000000000051
2020,Styrian Grand Prix,LAT,1,MEDIUM,27,1.5190000000000055,0.2530000000000001,-1.2660000000000053
2020,Styrian Grand Prix,LAT,2,SOFT,35,0.9690000000000083,0.09700000000000841,-0.8719999999999999
2020,Styrian Grand Prix,MAG,1,SOFT,27,2.0219999999999914,0.11899999999999977,-1.9029999999999916
2020,Styrian Grand Prix,MAG,2,MEDIUM,37,0.9869999999999948,0.6479999999999961,-0.33899999999999864
2020,Styrian Grand Prix,NOR,1,SOFT,35,2.9180000000000064,0.43600000000000705,-2.4819999999999993
2020,Styrian Grand Prix,NOR,2,MEDIUM,31,0.8940000000000055,0.7740000000000009,-0.12000000000000455
2020,Styrian Grand Prix,OCO,1,SOFT,21,1.7220000000000084,0.15099999999999625,-1.5710000000000122
2020,Styrian Grand Prix,PER,1,SOFT,34,2.6310000000000002,0.05200000000000671,-2.5789999999999935
2020,Styrian Grand Prix,PER,2,MEDIUM,32,0.8589999999999947,6.572000000000003,5.713000000000008
2020,Styrian Grand Prix,RAI,1,MEDIUM,39,2.5990000000000038,0.10699999999999932,-2.4920000000000044
2020,Styrian Grand Prix,RAI,2,SOFT,25,0.6439999999999912,1.5189999999999912,0.875
2020,Styrian Grand Prix,RIC,1,MEDIUM,33,2.6839999999999975,0.15099999999999625,-2.5330000000000013
2020,Styrian Grand Prix,RIC,2,SOFT,31,0.5470000000000113,0.6159999999999997,0.0689999999999884
2020,Styrian Grand Prix,RUS,1,SOFT,29,0.6949999999999932,0.8419999999999987,0.14700000000000557
2020,Styrian Grand Prix,RUS,2,MEDIUM,34,0.242999999999995,0.40500000000000114,0.16200000000000614
2020,Styrian Grand Prix,SAI,1,SOFT,28,1.4909999999999997,0.3059999999999974,-1.1850000000000023
2020,Styrian Grand Prix,SAI,2,MEDIUM,32,1.2339999999999947,0.4129999999999967,-0.820999999999998
2020,Styrian Grand Prix,STR,1,SOFT,28,1.7410000000000139,0.1490000000000009,-1.592000000000013
2020,Styrian Grand Prix,STR,2,MEDIUM,36,1.0460000000000065,0.9009999999999962,-0.14500000000001023
2020,Styrian Grand Prix,VER,1,SOFT,20,0.3930000000000007,0.13800000000000523,-0.25499999999999545
2020,Styrian Grand Prix,VER,2,MEDIUM,40,0.5660000000000025,0.6910000000000025,0.125
2020,Turkish Grand Prix,ALB,1,WET,10,7.045999999999992,0.016999999999995907,-7.028999999999996
2020,Turkish Grand Prix,ALB,2,INTERMEDIATE,18,1.208999999999989,1.152000000000001,-0.05699999999998795
2020,Turkish Grand Prix,ALB,3,INTERMEDIATE,23,3.323999999999998,1.6479999999999961,-1.676000000000002
2020,Turkish Grand Prix,BOT,2,INTERMEDIATE,34,10.507000000000005,0.257000000000005,-10.25
2020,Turkish Grand Prix,BOT,3,INTERMEDIATE,10,3.6000000000000085,2.576999999999998,-1.0230000000000103
2020,Turkish Grand Prix,GAS,1,WET,8,8.646,3.385000000000005,-5.260999999999996
2020,Turkish Grand Prix,GAS,2,INTERMEDIATE,19,5.284999999999997,0.1770000000000067,-5.10799999999999
2020,Turkish Grand Prix,GAS,3,INTERMEDIATE,23,3.921999999999997,1.043999999999997,-2.878
2020,Turkish Grand Prix,GIO,1,WET,6,5.233999999999995,0.5509999999999877,-4.683000000000007
2020,Turkish Grand Prix,GRO,2,INTERMEDIATE,23,7.201000000000008,0.1670000000000016,-7.034000000000006
2020,Turkish Grand Prix,GRO,3,INTERMEDIATE,6,0.722999999999999,0.8269999999999982,0.1039999999999992
2020,Turkish Grand Prix,HAM,1,WET,6,4.097000000000008,0.7210000000000036,-3.3760000000000048
2020,Turkish Grand Prix,HAM,2,INTERMEDIATE,46,9.796000000000006,0.15900000000000603,-9.637
2020,Turkish Grand Prix,KVY,1,WET,6,5.2039999999999935,1.195999999999998,-4.007999999999996
2020,Turkish Grand Prix,KVY,2,INTERMEDIATE,46,11.031999999999996,1.7989999999999924,-9.233000000000004
2020,Turkish Grand Prix,LAT,2,INTERMEDIATE,26,12.33999999999999,5.128999999999991,-7.2109999999999985
2020,Turkish Grand Prix,LEC,2,INTERMEDIATE,20,8.759,1.8259999999999934,-6.933000000000007
2020,Turkish Grand Prix,LEC,3,INTERMEDIATE,26,1.0010000000000048,0.2510000000000048,-0.75
2020,Turkish Grand Prix,MAG,1,WET,6,4.959999999999994,0.9269999999999925,-4.033000000000001
2020,Turkish Grand Prix,MAG,2,INTERMEDIATE,22,7.352999999999994,0.37300000000000466,-6.97999999999999
2020,Turkish Grand Prix,MAG,3,INTERMEDIATE,18,1.9720000000000084,0.9310000000000116,-1.0409999999999968
2020,Turkish Grand Prix,NOR,1,WET,7,5.674999999999997,1.2920000000000016,-4.382999999999996
2020,Turkish Grand Prix,NOR,2,INTERMEDIATE,23,7.143999999999991,0.14000000000000057,-7.003999999999991
2020,Turkish Grand Prix,NOR,3,INTERMEDIATE,21,3.522999999999996,2.3389999999999986,-1.1839999999999975
2020,Turkish Grand Prix,OCO,2,WET,6,1.2720000000000056,0.9410000000000025,-0.33100000000000307
2020,Turkish Grand Prix,OCO,3,INTERMEDIATE,44,5.983999999999995,0.31399999999999295,-5.670000000000002
2020,Turkish Grand Prix,PER,1,WET,8,2.012999999999991,0.2049999999999983,-1.8079999999999927
2020,Turkish Grand Prix,PER,2,INTERMEDIATE,44,4.930999999999997,0.8250000000000028,-4.1059999999999945
2020,Turkish Grand Prix,RAI,1,WET,6,3.198999999999998,1.355000000000004,-1.843999999999994
2020,Turkish Grand Prix,RAI,2,INTERMEDIATE,18,7.756,1.0460000000000065,-6.709999999999994
2020,Turkish Grand Prix,RAI,3,INTERMEDIATE,18,2.01700000000001,5.7690000000000055,3.7519999999999953
2020,Turkish Grand Prix,RIC,1,WET,8,4.704000000000008,0.45700000000000784,-4.247
2020,Turkish Grand Prix,RIC,2,INTERMEDIATE,17,3.7139999999999986,1.632000000000005,-2.0819999999999936
2020,Turkish Grand Prix,RIC,3,INTERMEDIATE,25,3.2919999999999874,1.5699999999999932,-1.7219999999999942
2020,Turkish Grand Prix,RUS,1,INTERMEDIATE,25,16.629000000000005,0.41800000000000637,-16.211
2020,Turkish Grand Prix,RUS,2,INTERMEDIATE,8,0.19999999999998863,4.015000000000001,3.815000000000012
2020,Turkish Grand Prix,RUS,3,INTERMEDIATE,14,2.653000000000006,3.8330000000000126,1.1800000000000068
2020,Turkish Grand Prix,SAI,1,WET,8,5.664999999999992,1.0549999999999926,-4.609999999999999
2020,Turkish Grand Prix,SAI,2,INTERMEDIATE,18,3.8490000000000038,1.1850000000000023,-2.6640000000000015
2020,Turkish Grand Prix,SAI,3,INTERMEDIATE,24,2.819999999999993,0.5360000000000014,-2.283999999999992
2020,Turkish Grand Prix,STR,1,WET,7,0.9120000000000061,0.7180000000000035,-0.19400000000000261
2020,Turkish Grand Prix,STR,2,INTERMEDIATE,22,3.1880000000000024,0.5769999999999982,-2.611000000000004
2020,Turkish Grand Prix,STR,3,INTERMEDIATE,20,6.541999999999987,1.5499999999999972,-4.99199999999999
2020,Turkish Grand Prix,VER,1,WET,9,6.656000000000006,2.4809999999999945,-4.175000000000011
2020,Turkish Grand Prix,VER,3,INTERMEDIATE,21,0.9270000000000067,1.1270000000000095,0.20000000000000284
2020,Turkish Grand Prix,VER,4,INTERMEDIATE,11,2.3659999999999997,2.234000000000009,-0.1319999999999908
2020,Turkish Grand Prix,VET,1,WET,6,3.1569999999999965,0.3850000000000051,-2.7719999999999914
2020,Turkish Grand Prix,VET,2,INTERMEDIATE,20,6.704999999999998,1.100999999999999,-5.603999999999999
2020,Turkish Grand Prix,VET,3,INTERMEDIATE,24,3.286999999999992,0.4409999999999883,-2.8460000000000036
2020,Tuscan Grand Prix,ALB,3,SOFT,22,0.847999999999999,1.2530000000000001,0.40500000000000114
2020,Tuscan Grand Prix,ALB,4,MEDIUM,9,0.5579999999999927,0.39799999999999613,-0.1599999999999966
2020,Tuscan Grand Prix,ALB,6,SOFT,13,0.9980000000000047,0.7349999999999994,-0.26300000000000523
2020,Tuscan Grand Prix,BOT,3,MEDIUM,21,0.8329999999999984,2.0859999999999985,1.2530000000000001
2020,Tuscan Grand Prix,BOT,4,HARD,10,0.07499999999998863,0.347999999999999,0.27300000000001035
2020,Tuscan Grand Prix,BOT,6,SOFT,13,1.5690000000000026,0.6219999999999999,-0.9470000000000027
2020,Tuscan Grand Prix,GRO,3,SOFT,18,1.2009999999999934,0.6159999999999997,-0.5849999999999937
2020,Tuscan Grand Prix,GRO,4,HARD,12,0.3059999999999974,0.6049999999999898,0.2989999999999924
2020,Tuscan Grand Prix,GRO,6,SOFT,13,1.0049999999999955,0.4129999999999967,-0.5919999999999987
2020,Tuscan Grand Prix,HAM,3,MEDIUM,22,0.17300000000000182,0.6979999999999933,0.5249999999999915
2020,Tuscan Grand Prix,HAM,4,HARD,9,0.2459999999999951,0.33899999999999864,0.09300000000000352
2020,Tuscan Grand Prix,HAM,6,SOFT,13,1.3200000000000074,0.5049999999999955,-0.8150000000000119
2020,Tuscan Grand Prix,KVY,3,SOFT,19,0.8829999999999956,1.0229999999999961,0.14000000000000057
2020,Tuscan Grand Prix,KVY,4,MEDIUM,12,0.4579999999999984,0.8160000000000025,0.3580000000000041
2020,Tuscan Grand Prix,KVY,6,SOFT,13,0.992999999999995,0.12999999999999545,-0.8629999999999995
2020,Tuscan Grand Prix,LEC,3,SOFT,11,0.2009999999999934,2.247,2.0460000000000065
2020,Tuscan Grand Prix,LEC,4,HARD,14,0.796999999999997,0.3739999999999952,-0.4230000000000018
2020,Tuscan Grand Prix,LEC,6,SOFT,13,1.7129999999999939,0.7070000000000078,-1.005999999999986
2020,Tuscan Grand Prix,NOR,3,SOFT,19,0.8880000000000052,1.016999999999996,0.12899999999999068
2020,Tuscan Grand Prix,NOR,4,MEDIUM,12,0.6189999999999998,0.11499999999999488,-0.5040000000000049
2020,Tuscan Grand Prix,NOR,6,SOFT,13,1.3830000000000098,0.07100000000001216,-1.3119999999999976
2020,Tuscan Grand Prix,PER,3,SOFT,18,0.4680000000000035,1.5430000000000064,1.0750000000000028
2020,Tuscan Grand Prix,PER,4,MEDIUM,13,1.0390000000000015,0.5589999999999975,-0.480000000000004
2020,Tuscan Grand Prix,PER,6,SOFT,13,1.1949999999999932,0.5679999999999978,-0.6269999999999953
2020,Tuscan Grand Prix,RAI,4,MEDIUM,17,1.059999999999988,0.6760000000000019,-0.38399999999998613
2020,Tuscan Grand Prix,RAI,5,HARD,13,0.7700000000000102,1.0679999999999978,0.2979999999999876
2020,Tuscan Grand Prix,RAI,7,SOFT,13,1.6659999999999968,0.20699999999999363,-1.4590000000000032
2020,Tuscan Grand Prix,RIC,3,SOFT,17,0.8070000000000022,0.693000000000012,-0.11399999999999011
2020,Tuscan Grand Prix,RIC,4,MEDIUM,14,1.4030000000000058,0.33100000000000307,-1.0720000000000027
2020,Tuscan Grand Prix,RIC,6,SOFT,13,1.1039999999999992,0.21699999999999875,-0.8870000000000005
2020,Tuscan Grand Prix,RUS,3,MEDIUM,19,0.6400000000000006,1.1850000000000023,0.5450000000000017
2020,Tuscan Grand Prix,RUS,4,HARD,12,0.8790000000000049,0.980000000000004,0.10099999999999909
2020,Tuscan Grand Prix,RUS,6,SOFT,13,2.1779999999999973,0.07000000000000739,-2.10799999999999
2020,Tuscan Grand Prix,STR,3,SOFT,20,0.7930000000000064,1.0420000000000016,0.24899999999999523
2020,Tuscan Grand Prix,STR,4,MEDIUM,11,1.085000000000008,0.10800000000000409,-0.9770000000000039
2020,Tuscan Grand Prix,VET,4,SOFT,18,0.7349999999999994,1.2180000000000035,0.4830000000000041
2020,Tuscan Grand Prix,VET,5,HARD,13,0.367999999999995,0.5630000000000024,0.1950000000000074
2020,Tuscan Grand Prix,VET,7,SOFT,13,2.165999999999997,0.25199999999999534,-1.9140000000000015
2021,Abu Dhabi Grand Prix,ALO,1,HARD,33,2.5799999999999983,0.19899999999999807,-2.3810000000000002
2021,Abu Dhabi Grand Prix,ALO,2,MEDIUM,15,1.649000000000001,0.8170000000000073,-0.8319999999999936
2021,Abu Dhabi Grand Prix,BOT,1,MEDIUM,28,2.1260000000000048,0.2600000000000051,-1.8659999999999997
2021,Abu Dhabi Grand Prix,BOT,2,HARD,18,1.9140000000000015,0.2680000000000007,-1.6460000000000008
2021,Abu Dhabi Grand Prix,GAS,1,HARD,33,2.5349999999999966,0.07799999999998875,-2.457000000000008
2021,Abu Dhabi Grand Prix,GAS,2,MEDIUM,14,1.6749999999999972,0.08200000000000784,-1.5929999999999893
2021,Abu Dhabi Grand Prix,GIO,1,MEDIUM,15,1.2909999999999968,0.003999999999990678,-1.2870000000000061
2021,Abu Dhabi Grand Prix,GIO,2,HARD,15,0.5590000000000117,0.06300000000000239,-0.4960000000000093
2021,Abu Dhabi Grand Prix,HAM,1,MEDIUM,12,0.6550000000000011,0.12399999999999523,-0.5310000000000059
2021,Abu Dhabi Grand Prix,HAM,2,HARD,35,1.2180000000000035,0.3190000000000026,-0.8990000000000009
2021,Abu Dhabi Grand Prix,LAT,1,MEDIUM,26,2.433000000000007,0.2639999999999958,-2.169000000000011
2021,Abu Dhabi Grand Prix,LAT,2,HARD,18,0.09999999999999432,0.840999999999994,0.7409999999999997
2021,Abu Dhabi Grand Prix,LEC,1,SOFT,13,0.9140000000000015,0.3850000000000051,-0.5289999999999964
2021,Abu Dhabi Grand Prix,LEC,2,HARD,18,0.585000000000008,0.32500000000000284,-0.2600000000000051
2021,Abu Dhabi Grand Prix,LEC,3,MEDIUM,13,0.2919999999999874,1.1239999999999952,0.8320000000000078
2021,Abu Dhabi Grand Prix,MSC,1,SOFT,7,0.7729999999999961,0.12099999999999511,-0.652000000000001
2021,Abu Dhabi Grand Prix,MSC,2,HARD,38,0.7740000000000009,0.5050000000000097,-0.26899999999999125
2021,Abu Dhabi Grand Prix,NOR,1,SOFT,15,0.6800000000000068,0.26300000000000523,-0.4170000000000016
2021,Abu Dhabi Grand Prix,NOR,2,HARD,26,1.9539999999999935,0.05499999999999261,-1.899000000000001
2021,Abu Dhabi Grand Prix,OCO,1,SOFT,13,0.6209999999999951,0.2890000000000015,-0.33199999999999363
2021,Abu Dhabi Grand Prix,OCO,2,HARD,33,1.7750000000000057,0.39400000000000546,-1.3810000000000002
2021,Abu Dhabi Grand Prix,PER,1,SOFT,19,0.38700000000000045,2.1480000000000103,1.76100000000001
2021,Abu Dhabi Grand Prix,PER,2,HARD,13,1.2070000000000078,0.11700000000000443,-1.0900000000000034
2021,Abu Dhabi Grand Prix,PER,3,HARD,15,0.22400000000000375,0.009000000000000341,-0.2150000000000034
2021,Abu Dhabi Grand Prix,RAI,1,MEDIUM,19,1.9180000000000064,0.3680000000000092,-1.5499999999999972
2021,Abu Dhabi Grand Prix,RIC,1,SOFT,16,0.7510000000000048,0.3190000000000026,-0.43200000000000216
2021,Abu Dhabi Grand Prix,RIC,2,HARD,29,0.6069999999999993,0.07800000000000296,-0.5289999999999964
2021,Abu Dhabi Grand Prix,RUS,1,MEDIUM,24,3.2349999999999994,0.9299999999999926,-2.305000000000007
2021,Abu Dhabi Grand Prix,SAI,1,SOFT,17,1.0139999999999958,0.2799999999999869,-0.7340000000000089
2021,Abu Dhabi Grand Prix,SAI,2,HARD,30,2.1340000000000003,1.26100000000001,-0.8729999999999905
2021,Abu Dhabi Grand Prix,STR,1,MEDIUM,18,2.801000000000002,0.08599999999999852,-2.7150000000000034
2021,Abu Dhabi Grand Prix,STR,2,HARD,24,1.2720000000000056,0.14200000000001012,-1.1299999999999955
2021,Abu Dhabi Grand Prix,TSU,1,MEDIUM,21,1.257000000000005,0.14399999999999125,-1.1130000000000138
2021,Abu Dhabi Grand Prix,TSU,2,HARD,24,2.1270000000000095,0.03900000000000148,-2.088000000000008
2021,Abu Dhabi Grand Prix,VER,1,SOFT,11,0.39000000000000057,0.5010000000000048,0.1110000000000042
2021,Abu Dhabi Grand Prix,VER,2,HARD,20,0.9209999999999923,0.1799999999999926,-0.7409999999999997
2021,Abu Dhabi Grand Prix,VER,3,HARD,15,0.21800000000000352,0.9450000000000074,0.7270000000000039
2021,Abu Dhabi Grand Prix,VET,1,MEDIUM,19,1.9350000000000023,0.47100000000000364,-1.4639999999999986
2021,Abu Dhabi Grand Prix,VET,2,HARD,23,1.899000000000001,0.028999999999996362,-1.8700000000000045
2021,Austrian Grand Prix,ALO,1,MEDIUM,28,2.6599999999999966,0.23599999999999,-2.4240000000000066
2021,Austrian Grand Prix,ALO,2,HARD,34,0.8259999999999934,0.4549999999999983,-0.3709999999999951
2021,Austrian Grand Prix,BOT,1,MEDIUM,26,1.2600000000000051,0.38800000000000523,-0.8719999999999999
2021,Austrian Grand Prix,BOT,2,HARD,40,0.35600000000000875,0.9280000000000115,0.5720000000000027
2021,Austrian Grand Prix,GAS,1,SOFT,9,0.6340000000000003,0.7540000000000049,0.12000000000000455
2021,Austrian Grand Prix,GAS,2,HARD,28,1.5189999999999912,0.18799999999998818,-1.331000000000003
2021,Austrian Grand Prix,GAS,3,HARD,22,0.5919999999999987,0.4339999999999975,-0.15800000000000125
2021,Austrian Grand Prix,GIO,2,HARD,24,2.632000000000005,0.05299999999999727,-2.5790000000000077
2021,Austrian Grand Prix,GIO,3,HARD,40,0.6820000000000022,0.1839999999999975,-0.49800000000000466
2021,Austrian Grand Prix,HAM,1,MEDIUM,27,0.8159999999999883,0.4829999999999899,-0.3329999999999984
2021,Austrian Grand Prix,HAM,2,HARD,20,0.17100000000000648,0.020000000000010232,-0.15099999999999625
2021,Austrian Grand Prix,HAM,3,HARD,17,0.1460000000000008,1.3029999999999973,1.1569999999999965
2021,Austrian Grand Prix,LAT,1,MEDIUM,29,2.381999999999991,0.2560000000000002,-2.1259999999999906
2021,Austrian Grand Prix,LAT,2,HARD,36,1.1189999999999998,0.16800000000000637,-0.9509999999999934
2021,Austrian Grand Prix,LEC,1,MEDIUM,30,2.5,0.6239999999999952,-1.8760000000000048
2021,Austrian Grand Prix,LEC,2,HARD,32,0.11899999999999977,0.5510000000000019,0.43200000000000216
2021,Austrian Grand Prix,MAZ,1,MEDIUM,21,1.5190000000000055,0.08500000000000796,-1.4339999999999975
2021,Austrian Grand Prix,MAZ,2,HARD,15,0.17399999999999238,0.19599999999999795,0.02200000000000557
2021,Austrian Grand Prix,MAZ,3,HARD,23,0.03900000000000148,0.8900000000000006,0.8509999999999991
2021,Austrian Grand Prix,MSC,1,MEDIUM,30,2.7120000000000033,0.08599999999999852,-2.6260000000000048
2021,Austrian Grand Prix,MSC,2,HARD,33,0.6439999999999912,0.7439999999999998,0.10000000000000853
2021,Austrian Grand Prix,NOR,1,MEDIUM,26,0.6550000000000011,0.6400000000000006,-0.015000000000000568
2021,Austrian Grand Prix,NOR,2,HARD,40,0.5949999999999989,0.5319999999999965,-0.06300000000000239
2021,Austrian Grand Prix,PER,1,MEDIUM,28,1.9539999999999935,0.31399999999999295,-1.6400000000000006
2021,Austrian Grand Prix,PER,2,HARD,38,0.7250000000000085,0.5,-0.22500000000000853
2021,Austrian Grand Prix,RAI,1,HARD,31,2.4669999999999987,0.017000000000010118,-2.4499999999999886
2021,Austrian Grand Prix,RAI,2,MEDIUM,28,1.945999999999998,1.3689999999999998,-0.5769999999999982
2021,Austrian Grand Prix,RIC,1,MEDIUM,25,1.9039999999999964,0.07800000000000296,-1.8259999999999934
2021,Austrian Grand Prix,RIC,2,HARD,39,0.6400000000000006,1.1470000000000056,0.507000000000005
2021,Austrian Grand Prix,RUS,1,MEDIUM,26,2.009999999999991,0.20300000000000296,-1.806999999999988
2021,Austrian Grand Prix,RUS,2,HARD,39,0.5459999999999923,1.3219999999999885,0.7759999999999962
2021,Austrian Grand Prix,SAI,1,HARD,42,3.0259999999999962,0.2989999999999924,-2.727000000000004
2021,Austrian Grand Prix,SAI,2,MEDIUM,22,1.3529999999999944,1.230000000000004,-0.12299999999999045
2021,Austrian Grand Prix,STR,1,SOFT,10,0.6370000000000005,0.402000000000001,-0.23499999999999943
2021,Austrian Grand Prix,STR,2,HARD,30,0.6730000000000018,0.2710000000000008,-0.402000000000001
2021,Austrian Grand Prix,STR,3,HARD,23,0.23699999999999477,0.31699999999999307,0.0799999999999983
2021,Austrian Grand Prix,TSU,1,SOFT,8,0.8289999999999935,0.742999999999995,-0.08599999999999852
2021,Austrian Grand Prix,TSU,2,HARD,33,1.676000000000002,0.13500000000000512,-1.5409999999999968
2021,Austrian Grand Prix,TSU,3,HARD,18,0.2220000000000084,0.4240000000000066,0.20199999999999818
2021,Austrian Grand Prix,VER,1,MEDIUM,28,0.8529999999999944,0.6329999999999956,-0.21999999999999886
2021,Austrian Grand Prix,VER,2,HARD,26,0.8930000000000007,0.1570000000000107,-0.73599999999999
2021,Austrian Grand Prix,VER,3,HARD,10,1.9719999999999942,1.6599999999999966,-0.3119999999999976
2021,Austrian Grand Prix,VET,1,SOFT,13,1.3329999999999984,0.49900000000000944,-0.833999999999989
2021,Austrian Grand Prix,VET,2,HARD,28,0.47799999999999443,0.0589999999999975,-0.41899999999999693
2021,Austrian Grand Prix,VET,3,HARD,19,0.26899999999999125,0.8739999999999952,0.605000000000004
2021,Azerbaijan Grand Prix,ALO,2,HARD,21,2.100999999999999,0.03300000000000125,-2.067999999999998
2021,Azerbaijan Grand Prix,ALO,3,SOFT,11,3.4549999999999983,1.1060000000000088,-2.3489999999999895
2021,Azerbaijan Grand Prix,BOT,1,SOFT,9,1.1809999999999974,0.19199999999999307,-0.9890000000000043
2021,Azerbaijan Grand Prix,BOT,2,HARD,29,1.6869999999999976,0.5309999999999917,-1.156000000000006
2021,Azerbaijan Grand Prix,GAS,1,SOFT,9,1.933000000000007,0.2980000000000018,-1.6350000000000051
2021,Azerbaijan Grand Prix,GAS,2,HARD,29,2.141999999999996,0.2219999999999942,-1.9200000000000017
2021,Azerbaijan Grand Prix,GIO,2,HARD,26,1.467000000000013,0.045000000000001705,-1.4220000000000113
2021,Azerbaijan Grand Prix,GIO,3,HARD,11,3.932000000000002,1.108000000000004,-2.823999999999998
2021,Azerbaijan Grand Prix,HAM,1,SOFT,9,1.0040000000000049,0.3430000000000035,-0.6610000000000014
2021,Azerbaijan Grand Prix,HAM,2,HARD,29,1.9009999999999962,0.08799999999999386,-1.8130000000000024
2021,Azerbaijan Grand Prix,LAT,1,MEDIUM,7,1.4309999999999974,0.06799999999999784,-1.3629999999999995
2021,Azerbaijan Grand Prix,LAT,2,HARD,30,1.938999999999993,0.4689999999999941,-1.4699999999999989
2021,Azerbaijan Grand Prix,LEC,1,SOFT,7,1.48599999999999,1.350999999999999,-0.1349999999999909
2021,Azerbaijan Grand Prix,LEC,2,HARD,31,2.722999999999999,0.1559999999999917,-2.5670000000000073
2021,Azerbaijan Grand Prix,MAZ,1,SOFT,7,1.3490000000000038,0.7930000000000064,-0.5559999999999974
2021,Azerbaijan Grand Prix,MAZ,2,HARD,19,1.2489999999999952,0.2809999999999917,-0.9680000000000035
2021,Azerbaijan Grand Prix,MAZ,3,SOFT,8,0.5679999999999978,1.0990000000000038,0.5310000000000059
2021,Azerbaijan Grand Prix,MSC,1,SOFT,6,0.8810000000000002,0.11700000000000443,-0.7639999999999958
2021,Azerbaijan Grand Prix,MSC,2,HARD,20,0.5810000000000031,0.6550000000000011,0.07399999999999807
2021,Azerbaijan Grand Prix,MSC,3,SOFT,8,1.085000000000008,0.26600000000000534,-0.8190000000000026
2021,Azerbaijan Grand Prix,NOR,2,HARD,33,2.1480000000000103,0.7590000000000003,-1.38900000000001
2021,Azerbaijan Grand Prix,PER,1,SOFT,11,1.8440000000000083,0.08100000000000307,-1.7630000000000052
2021,Azerbaijan Grand Prix,PER,2,HARD,27,1.4350000000000023,0.04800000000000182,-1.3870000000000005
2021,Azerbaijan Grand Prix,RAI,1,MEDIUM,11,3.156000000000006,0.7860000000000014,-2.3700000000000045
2021,Azerbaijan Grand Prix,RAI,2,HARD,26,2.6340000000000003,1.358000000000004,-1.2759999999999962
2021,Azerbaijan Grand Prix,RIC,1,SOFT,9,2.0349999999999966,0.19599999999999795,-1.8389999999999986
2021,Azerbaijan Grand Prix,RIC,2,HARD,29,1.8670000000000044,0.3400000000000034,-1.527000000000001
2021,Azerbaijan Grand Prix,RUS,2,HARD,27,2.8460000000000036,0.41799999999999216,-2.4280000000000115
2021,Azerbaijan Grand Prix,RUS,3,HARD,11,3.5649999999999977,0.7579999999999956,-2.807000000000002
2021,Azerbaijan Grand Prix,SAI,1,SOFT,8,2.0049999999999955,0.46699999999999875,-1.5379999999999967
2021,Azerbaijan Grand Prix,SAI,2,HARD,29,1.5159999999999911,0.5450000000000017,-0.9709999999999894
2021,Azerbaijan Grand Prix,STR,1,HARD,28,3.325000000000003,0.20100000000000762,-3.1239999999999952
2021,Azerbaijan Grand Prix,TSU,1,SOFT,7,0.8560000000000088,0.5529999999999973,-0.3030000000000115
2021,Azerbaijan Grand Prix,TSU,2,HARD,31,2.5430000000000064,0.5420000000000016,-2.0010000000000048
2021,Azerbaijan Grand Prix,VER,1,SOFT,10,0.9330000000000069,0.1880000000000024,-0.7450000000000045
2021,Azerbaijan Grand Prix,VER,2,HARD,27,1.7109999999999985,0.007000000000005002,-1.7039999999999935
2021,Azerbaijan Grand Prix,VET,1,SOFT,16,2.4380000000000024,0.027000000000001023,-2.4110000000000014
2021,Azerbaijan Grand Prix,VET,2,HARD,22,1.703000000000003,0.43599999999999284,-1.2670000000000101
2021,Bahrain Grand Prix,ALO,2,MEDIUM,16,0.2990000000000066,0.9470000000000027,0.6479999999999961
2021,Bahrain Grand Prix,BOT,1,MEDIUM,10,0.3329999999999984,0.5609999999999928,0.22799999999999443
2021,Bahrain Grand Prix,BOT,2,HARD,12,0.2560000000000002,0.9509999999999934,0.6949999999999932
2021,Bahrain Grand Prix,BOT,3,HARD,22,0.2599999999999909,0.43200000000000216,0.17200000000001125
2021,Bahrain Grand Prix,GAS,2,HARD,13,0.2769999999999868,1.7379999999999995,1.4610000000000127
2021,Bahrain Grand Prix,GAS,3,MEDIUM,18,0.41399999999998727,0.8299999999999983,0.416000000000011
2021,Bahrain Grand Prix,GAS,4,HARD,11,0.25900000000000034,0.2560000000000002,-0.0030000000000001137
2021,Bahrain Grand Prix,GIO,1,MEDIUM,6,0.20699999999999363,0.08100000000000307,-0.12599999999999056
2021,Bahrain Grand Prix,GIO,2,HARD,16,0.6679999999999922,0.19699999999998852,-0.47100000000000364
2021,Bahrain Grand Prix,GIO,3,MEDIUM,24,0.965999999999994,0.7780000000000058,-0.18799999999998818
2021,Bahrain Grand Prix,HAM,1,MEDIUM,7,0.04800000000000182,0.06799999999999784,0.01999999999999602
2021,Bahrain Grand Prix,HAM,2,HARD,13,1.0420000000000016,1.5649999999999977,0.5229999999999961
2021,Bahrain Grand Prix,HAM,3,HARD,27,0.7139999999999986,0.7989999999999924,0.08499999999999375
2021,Bahrain Grand Prix,LAT,1,SOFT,8,0.49099999999999966,0.4989999999999952,0.007999999999995566
2021,Bahrain Grand Prix,LAT,2,MEDIUM,16,0.9059999999999917,2.4939999999999998,1.588000000000008
2021,Bahrain Grand Prix,LAT,3,MEDIUM,17,0.24200000000000443,2.190000000000012,1.9480000000000075
2021,Bahrain Grand Prix,LEC,1,SOFT,6,0.7379999999999995,0.5810000000000031,-0.15699999999999648
2021,Bahrain Grand Prix,LEC,2,MEDIUM,18,0.4029999999999916,1.543999999999997,1.1410000000000053
2021,Bahrain Grand Prix,LEC,3,HARD,23,0.10800000000000409,1.2019999999999982,1.093999999999994
2021,Bahrain Grand Prix,MSC,1,MEDIUM,8,0.39000000000000057,0.9410000000000025,0.5510000000000019
2021,Bahrain Grand Prix,MSC,2,MEDIUM,17,0.27599999999999625,1.2900000000000063,1.01400000000001
2021,Bahrain Grand Prix,MSC,3,HARD,21,0.5879999999999939,0.9839999999999947,0.3960000000000008
2021,Bahrain Grand Prix,NOR,1,SOFT,6,0.8179999999999978,0.4539999999999935,-0.3640000000000043
2021,Bahrain Grand Prix,NOR,2,MEDIUM,19,0.3930000000000007,1.2289999999999992,0.8359999999999985
2021,Bahrain Grand Prix,NOR,3,HARD,22,0.2510000000000048,1.3370000000000033,1.0859999999999985
2021,Bahrain Grand Prix,OCO,1,SOFT,7,0.13599999999999568,0.3459999999999894,0.20999999999999375
2021,Bahrain Grand Prix,OCO,2,MEDIUM,16,0.3709999999999951,0.7489999999999952,0.3780000000000001
2021,Bahrain Grand Prix,OCO,3,HARD,23,0.597999999999999,1.1310000000000002,0.5330000000000013
2021,Bahrain Grand Prix,PER,2,MEDIUM,13,0.9540000000000077,0.5360000000000014,-0.41800000000000637
2021,Bahrain Grand Prix,PER,3,HARD,17,0.5,0.7659999999999911,0.26599999999999113
2021,Bahrain Grand Prix,PER,4,MEDIUM,17,0.2950000000000017,0.7849999999999966,0.4899999999999949
2021,Bahrain Grand Prix,RAI,1,MEDIUM,7,0.3919999999999959,0.16100000000000136,-0.23099999999999454
2021,Bahrain Grand Prix,RAI,2,HARD,14,0.8329999999999984,0.1950000000000074,-0.637999999999991
2021,Bahrain Grand Prix,RAI,3,MEDIUM,26,1.5940000000000083,0.7680000000000007,-0.8260000000000076
2021,Bahrain Grand Prix,RIC,1,SOFT,7,0.36599999999999966,0.5769999999999982,0.21099999999999852
2021,Bahrain Grand Prix,RIC,2,MEDIUM,17,0.4609999999999985,0.730000000000004,0.26900000000000546
2021,Bahrain Grand Prix,RIC,3,HARD,23,0.4969999999999999,0.840999999999994,0.3439999999999941
2021,Bahrain Grand Prix,RUS,1,SOFT,7,1.0010000000000048,0.15400000000001057,-0.8469999999999942
2021,Bahrain Grand Prix,RUS,2,MEDIUM,21,0.04000000000000625,0.9239999999999924,0.8839999999999861
2021,Bahrain Grand Prix,RUS,3,MEDIUM,18,0.060000000000002274,1.024000000000001,0.9639999999999986
2021,Bahrain Grand Prix,SAI,1,SOFT,9,0.027000000000001023,0.5480000000000018,0.5210000000000008
2021,Bahrain Grand Prix,SAI,2,MEDIUM,20,0.3440000000000083,0.6150000000000091,0.2710000000000008
2021,Bahrain Grand Prix,SAI,3,HARD,18,0.15200000000000102,1.097999999999999,0.945999999999998
2021,Bahrain Grand Prix,STR,1,SOFT,6,0.1629999999999967,0.5679999999999978,0.40500000000000114
2021,Bahrain Grand Prix,STR,2,MEDIUM,14,0.7319999999999993,0.5810000000000031,-0.15099999999999625
2021,Bahrain Grand Prix,STR,3,HARD,27,0.4140000000000015,2.2109999999999985,1.796999999999997
2021,Bahrain Grand Prix,TSU,1,MEDIUM,9,0.16200000000000614,0.5940000000000083,0.43200000000000216
2021,Bahrain Grand Prix,TSU,2,HARD,16,0.16800000000000637,0.6839999999999975,0.5159999999999911
2021,Bahrain Grand Prix,TSU,3,HARD,22,0.7270000000000039,2.1210000000000093,1.3940000000000055
2021,Bahrain Grand Prix,VER,1,MEDIUM,11,0.0799999999999983,1.0220000000000056,0.9420000000000073
2021,Bahrain Grand Prix,VER,2,MEDIUM,20,0.40799999999998704,1.2999999999999972,0.8920000000000101
2021,Bahrain Grand Prix,VER,3,HARD,16,0.0030000000000001137,1.4990000000000094,1.4960000000000093
2021,Bahrain Grand Prix,VET,1,MEDIUM,18,0.480000000000004,2.5120000000000005,2.0319999999999965
2021,Bahrain Grand Prix,VET,2,HARD,30,0.4789999999999992,1.956000000000003,1.4770000000000039
2021,British Grand Prix,ALO,2,MEDIUM,19,2.042999999999992,0.2289999999999992,-1.813999999999993
2021,British Grand Prix,ALO,3,HARD,27,1.3790000000000049,1.112000000000009,-0.2669999999999959
2021,British Grand Prix,BOT,2,MEDIUM,17,1.1679999999999922,0.07899999999999352,-1.0889999999999986
2021,British Grand Prix,BOT,3,HARD,29,0.9959999999999951,1.6290000000000049,0.6330000000000098
2021,British Grand Prix,GAS,2,MEDIUM,20,2.445999999999998,0.020000000000010232,-2.4259999999999877
2021,British Grand Prix,GAS,3,HARD,16,0.7270000000000039,0.29300000000000637,-0.4339999999999975
2021,British Grand Prix,GIO,2,MEDIUM,17,2.3980000000000103,0.14400000000000546,-2.254000000000005
2021,British Grand Prix,GIO,3,HARD,27,0.9009999999999962,1.9230000000000018,1.0220000000000056
2021,British Grand Prix,HAM,2,MEDIUM,22,1.1950000000000074,0.2609999999999957,-0.9340000000000117
2021,British Grand Prix,HAM,3,HARD,24,1.4140000000000015,1.338000000000008,-0.0759999999999934
2021,British Grand Prix,LAT,2,MEDIUM,14,1.5,0.20700000000000784,-1.2929999999999922
2021,British Grand Prix,LAT,3,HARD,31,1.0379999999999967,0.24099999999999966,-0.796999999999997
2021,British Grand Prix,LEC,2,MEDIUM,24,0.9519999999999982,0.03499999999999659,-0.9170000000000016
2021,British Grand Prix,LEC,3,HARD,21,0.9830000000000041,1.884999999999991,0.9019999999999868
2021,British Grand Prix,MAZ,2,MEDIUM,21,4.052999999999997,0.8979999999999961,-3.155000000000001
2021,British Grand Prix,MAZ,3,HARD,25,1.5139999999999958,0.018000000000000682,-1.4959999999999951
2021,British Grand Prix,MSC,2,MEDIUM,19,1.7540000000000049,0.06499999999999773,-1.6890000000000072
2021,British Grand Prix,MSC,3,HARD,26,2.4040000000000106,0.125,-2.2790000000000106
2021,British Grand Prix,NOR,2,MEDIUM,16,1.134999999999991,0.22699999999998965,-0.9080000000000013
2021,British Grand Prix,NOR,3,HARD,29,1.4099999999999966,0.8239999999999981,-0.5859999999999985
2021,British Grand Prix,OCO,2,MEDIUM,14,1.007000000000005,0.06200000000001182,-0.9449999999999932
2021,British Grand Prix,OCO,3,HARD,32,0.9760000000000133,0.5280000000000058,-0.4480000000000075
2021,British Grand Prix,PER,2,HARD,13,1.9249999999999972,0.2949999999999875,-1.6300000000000097
2021,British Grand Prix,PER,3,MEDIUM,18,0.546999999999997,1.3140000000000072,0.7670000000000101
2021,British Grand Prix,PER,4,MEDIUM,8,0.9950000000000045,1.2660000000000053,0.2710000000000008
2021,British Grand Prix,RAI,2,MEDIUM,12,0.8610000000000042,0.12199999999999989,-0.7390000000000043
2021,British Grand Prix,RAI,3,HARD,32,2.048000000000002,0.38000000000000966,-1.6679999999999922
2021,British Grand Prix,RIC,2,MEDIUM,14,0.6340000000000003,0.21399999999999864,-0.4200000000000017
2021,British Grand Prix,RIC,3,HARD,31,1.3859999999999957,0.03899999999998727,-1.3470000000000084
2021,British Grand Prix,RUS,2,MEDIUM,13,2.346999999999994,0.1599999999999966,-2.1869999999999976
2021,British Grand Prix,RUS,3,HARD,32,1.5139999999999958,0.8119999999999976,-0.7019999999999982
2021,British Grand Prix,SAI,2,MEDIUM,21,1.921999999999997,0.3689999999999998,-1.5529999999999973
2021,British Grand Prix,SAI,3,HARD,23,0.4830000000000041,0.07900000000000773,-0.40399999999999636
2021,British Grand Prix,STR,2,MEDIUM,18,1.7010000000000076,0.05200000000000671,-1.649000000000001
2021,British Grand Prix,STR,3,HARD,28,1.11399999999999,0.6099999999999994,-0.5039999999999907
2021,British Grand Prix,TSU,2,MEDIUM,25,3.078000000000003,0.0940000000000083,-2.9839999999999947
2021,British Grand Prix,TSU,3,HARD,21,2.5720000000000027,0.060000000000002274,-2.5120000000000005
2021,British Grand Prix,VET,2,MEDIUM,13,1.1019999999999897,0.4469999999999885,-0.6550000000000011
2021,British Grand Prix,VET,3,HARD,19,0.37700000000000955,0.5020000000000095,0.125
2021,Dutch Grand Prix,ALO,1,SOFT,31,1.862000000000009,1.0970000000000084,-0.7650000000000006
2021,Dutch Grand Prix,ALO,2,MEDIUM,37,2.7950000000000017,1.6540000000000106,-1.1409999999999911
2021,Dutch Grand Prix,BOT,1,SOFT,29,0.546999999999997,0.8910000000000053,0.3440000000000083
2021,Dutch Grand Prix,BOT,2,MEDIUM,34,0.11699999999999022,0.8009999999999877,0.6839999999999975
2021,Dutch Grand Prix,GAS,1,SOFT,22,0.3580000000000041,0.34499999999999886,-0.01300000000000523
2021,Dutch Grand Prix,GAS,2,MEDIUM,46,0.632000000000005,1.3170000000000073,0.6850000000000023
2021,Dutch Grand Prix,GIO,1,SOFT,25,0.9130000000000109,0.20100000000000762,-0.7120000000000033
2021,Dutch Grand Prix,GIO,3,HARD,36,0.7079999999999984,0.37300000000000466,-0.33499999999999375
2021,Dutch Grand Prix,HAM,1,SOFT,18,0.2950000000000017,0.7259999999999991,0.4309999999999974
2021,Dutch Grand Prix,HAM,2,MEDIUM,17,0.47699999999998965,0.9639999999999986,0.487000000000009
2021,Dutch Grand Prix,HAM,3,MEDIUM,29,0.30400000000000205,0.8569999999999993,0.5529999999999973
2021,Dutch Grand Prix,KUB,1,MEDIUM,38,2.254000000000005,1.5720000000000027,-0.6820000000000022
2021,Dutch Grand Prix,KUB,2,HARD,29,0.42500000000001137,2.6680000000000064,2.242999999999995
2021,Dutch Grand Prix,LAT,1,MEDIUM,21,0.835000000000008,0.625,-0.21000000000000796
2021,Dutch Grand Prix,LAT,2,HARD,46,0.6199999999999903,3.596999999999994,2.977000000000004
2021,Dutch Grand Prix,LEC,1,SOFT,32,1.1310000000000002,1.487000000000009,0.35600000000000875
2021,Dutch Grand Prix,LEC,2,HARD,36,0.5619999999999976,1.7639999999999958,1.2019999999999982
2021,Dutch Grand Prix,MAZ,1,MEDIUM,31,1.8109999999999928,1.1479999999999961,-0.6629999999999967
2021,Dutch Grand Prix,MAZ,2,HARD,6,0.07899999999999352,0.49200000000000443,0.4130000000000109
2021,Dutch Grand Prix,MSC,2,HARD,24,2.027000000000001,0.6099999999999994,-1.4170000000000016
2021,Dutch Grand Prix,MSC,3,MEDIUM,38,0.5419999999999874,1.7979999999999876,1.2560000000000002
2021,Dutch Grand Prix,NOR,1,MEDIUM,40,2.1200000000000045,0.15500000000000114,-1.9650000000000034
2021,Dutch Grand Prix,NOR,2,HARD,28,0.3639999999999901,1.3799999999999955,1.0160000000000053
2021,Dutch Grand Prix,OCO,1,SOFT,29,1.051000000000002,0.09300000000000352,-0.9579999999999984
2021,Dutch Grand Prix,OCO,2,MEDIUM,39,1.882000000000005,1.8889999999999958,0.006999999999990791
2021,Dutch Grand Prix,PER,1,HARD,6,0.9549999999999983,1.7219999999999942,0.7669999999999959
2021,Dutch Grand Prix,PER,2,MEDIUM,37,0.1319999999999908,3.3370000000000033,3.2050000000000125
2021,Dutch Grand Prix,PER,3,SOFT,23,0.0730000000000075,2.076999999999998,2.0039999999999907
2021,Dutch Grand Prix,RIC,1,SOFT,28,1.086999999999989,0.35899999999999466,-0.7279999999999944
2021,Dutch Grand Prix,RIC,2,HARD,40,1.9339999999999975,1.0300000000000011,-0.9039999999999964
2021,Dutch Grand Prix,RUS,1,MEDIUM,25,1.3329999999999984,0.5389999999999873,-0.7940000000000111
2021,Dutch Grand Prix,RUS,2,HARD,39,0.9710000000000036,1.1039999999999992,0.13299999999999557
2021,Dutch Grand Prix,SAI,1,SOFT,29,1.277000000000001,0.7779999999999916,-0.49900000000000944
2021,Dutch Grand Prix,SAI,2,HARD,39,0.6799999999999926,1.2039999999999935,0.5240000000000009
2021,Dutch Grand Prix,STR,1,SOFT,25,1.1350000000000051,0.44299999999999784,-0.6920000000000073
2021,Dutch Grand Prix,STR,2,HARD,42,0.4709999999999894,2.0759999999999934,1.605000000000004
2021,Dutch Grand Prix,TSU,1,SOFT,29,1.5429999999999922,0.24499999999999034,-1.2980000000000018
2021,Dutch Grand Prix,TSU,2,MEDIUM,15,0.8289999999999935,0.31799999999999784,-0.5109999999999957
2021,Dutch Grand Prix,VER,1,SOFT,19,0.1039999999999992,0.8190000000000026,0.7150000000000034
2021,Dutch Grand Prix,VER,2,MEDIUM,17,0.3359999999999985,0.10799999999998988,-0.22800000000000864
2021,Dutch Grand Prix,VER,3,HARD,31,0.24899999999999523,0.7749999999999915,0.5259999999999962
2021,Dutch Grand Prix,VET,1,SOFT,8,0.7590000000000003,0.29999999999999716,-0.4590000000000032
2021,Dutch Grand Prix,VET,2,HARD,32,0.031999999999996476,0.7219999999999942,0.6899999999999977
2021,Dutch Grand Prix,VET,3,MEDIUM,25,1.2480000000000047,1.399000000000001,0.15099999999999625
2021,Emilia Romagna Grand Prix,ALO,1,INTERMEDIATE,21,13.516999999999996,1.7049999999999983,-11.811999999999998
2021,Emilia Romagna Grand Prix,ALO,4,MEDIUM,28,4.417999999999992,0.2510000000000048,-4.166999999999987
2021,Emilia Romagna Grand Prix,BOT,1,INTERMEDIATE,21,13.090000000000003,1.1039999999999992,-11.986000000000004
2021,Emilia Romagna Grand Prix,GAS,1,WET,7,3.203000000000003,1.649000000000001,-1.554000000000002
2021,Emilia Romagna Grand Prix,GAS,2,INTERMEDIATE,10,1.293999999999997,1.3649999999999949,0.07099999999999795
2021,Emilia Romagna Grand Prix,GAS,5,MEDIUM,29,5.085000000000008,1.0379999999999967,-4.047000000000011
2021,Emilia Romagna Grand Prix,GIO,1,INTERMEDIATE,20,12.447000000000003,1.0660000000000025,-11.381
2021,Emilia Romagna Grand Prix,GIO,5,MEDIUM,20,0.921999999999997,0.07900000000000773,-0.8429999999999893
2021,Emilia Romagna Grand Prix,HAM,1,INTERMEDIATE,21,8.012999999999991,0.49499999999999034,-7.518000000000001
2021,Emilia Romagna Grand Prix,HAM,5,MEDIUM,29,6.516000000000005,2.085000000000008,-4.430999999999997
2021,Emilia Romagna Grand Prix,LEC,1,INTERMEDIATE,21,8.057999999999993,1.2639999999999958,-6.793999999999997
2021,Emilia Romagna Grand Prix,LEC,3,MEDIUM,29,3.1299999999999955,0.19599999999999795,-2.9339999999999975
2021,Emilia Romagna Grand Prix,MAZ,2,INTERMEDIATE,9,5.385999999999996,0.5090000000000003,-4.876999999999995
2021,Emilia Romagna Grand Prix,MAZ,5,MEDIUM,28,9.221999999999994,7.569000000000003,-1.6529999999999916
2021,Emilia Romagna Grand Prix,MSC,2,INTERMEDIATE,14,10.131,1.1159999999999997,-9.015
2021,Emilia Romagna Grand Prix,MSC,3,SOFT,7,6.100999999999999,3.879000000000005,-2.221999999999994
2021,Emilia Romagna Grand Prix,MSC,5,MEDIUM,27,5.070000000000007,0.7980000000000018,-4.272000000000006
2021,Emilia Romagna Grand Prix,NOR,1,INTERMEDIATE,21,11.33999999999999,2.0019999999999953,-9.337999999999994
2021,Emilia Romagna Grand Prix,NOR,3,SOFT,29,3.540999999999997,0.2980000000000018,-3.242999999999995
2021,Emilia Romagna Grand Prix,OCO,2,INTERMEDIATE,20,12.656999999999996,0.9380000000000024,-11.718999999999994
2021,Emilia Romagna Grand Prix,OCO,6,MEDIUM,29,4.766000000000005,0.14400000000000546,-4.622
2021,Emilia Romagna Grand Prix,PER,1,INTERMEDIATE,21,11.465999999999994,2.6910000000000025,-8.774999999999991
2021,Emilia Romagna Grand Prix,PER,3,SOFT,28,3.2039999999999935,1.11099999999999,-2.0930000000000035
2021,Emilia Romagna Grand Prix,RAI,1,INTERMEDIATE,19,12.960000000000008,0.8120000000000118,-12.147999999999996
2021,Emilia Romagna Grand Prix,RAI,4,MEDIUM,29,3.9819999999999993,0.09300000000000352,-3.888999999999996
2021,Emilia Romagna Grand Prix,RIC,1,INTERMEDIATE,20,11.012999999999991,1.8019999999999925,-9.210999999999999
2021,Emilia Romagna Grand Prix,RIC,3,SOFT,28,2.8880000000000052,0.7080000000000126,-2.1799999999999926
2021,Emilia Romagna Grand Prix,RUS,1,INTERMEDIATE,19,12.439999999999998,0.1839999999999975,-12.256
2021,Emilia Romagna Grand Prix,SAI,1,INTERMEDIATE,20,13.11699999999999,0.8429999999999893,-12.274000000000001
2021,Emilia Romagna Grand Prix,SAI,3,MEDIUM,29,3.1400000000000006,0.08100000000000307,-3.0589999999999975
2021,Emilia Romagna Grand Prix,STR,1,INTERMEDIATE,20,12.522999999999996,2.0309999999999917,-10.492000000000004
2021,Emilia Romagna Grand Prix,STR,4,MEDIUM,29,3.7139999999999986,0.9590000000000032,-2.7549999999999955
2021,Emilia Romagna Grand Prix,TSU,1,INTERMEDIATE,18,12.176999999999992,1.6580000000000013,-10.518999999999991
2021,Emilia Romagna Grand Prix,TSU,4,SOFT,24,3.6500000000000057,0.05500000000000682,-3.594999999999999
2021,Emilia Romagna Grand Prix,VER,1,INTERMEDIATE,20,6.328000000000003,2.3700000000000045,-3.9579999999999984
2021,Emilia Romagna Grand Prix,VER,3,MEDIUM,29,3.4819999999999993,0.4479999999999933,-3.034000000000006
2021,Emilia Romagna Grand Prix,VET,2,INTERMEDIATE,13,11.802999999999997,0.45600000000000307,-11.346999999999994
2021,Emilia Romagna Grand Prix,VET,4,MEDIUM,6,4.384,1.034000000000006,-3.3499999999999943
2021,Emilia Romagna Grand Prix,VET,6,SOFT,26,5.222000000000008,0.021000000000000796,-5.201000000000008
2021,French Grand Prix,ALO,1,MEDIUM,16,0.9540000000000077,0.8990000000000009,-0.05500000000000682
2021,French Grand Prix,ALO,2,HARD,34,1.725999999999999,0.9669999999999987,-0.7590000000000003
2021,French Grand Prix,BOT,1,MEDIUM,15,1.2849999999999966,0.8020000000000067,-0.4829999999999899
2021,French Grand Prix,BOT,2,HARD,35,0.5280000000000058,1.362000000000009,0.8340000000000032
2021,French Grand Prix,GAS,1,MEDIUM,15,1.0160000000000053,1.1869999999999976,0.17099999999999227
2021,French Grand Prix,GAS,2,HARD,35,1.331000000000003,0.6290000000000049,-0.7019999999999982
2021,French Grand Prix,GIO,1,HARD,25,1.394999999999996,1.0009999999999906,-0.39400000000000546
2021,French Grand Prix,GIO,2,MEDIUM,23,0.8689999999999998,1.9890000000000043,1.1200000000000045
2021,French Grand Prix,HAM,1,MEDIUM,17,0.9289999999999878,0.27199999999999136,-0.6569999999999965
2021,French Grand Prix,HAM,2,HARD,33,0.14100000000000534,1.3250000000000028,1.1839999999999975
2021,French Grand Prix,LAT,1,MEDIUM,16,2.937000000000012,0.987000000000009,-1.9500000000000028
2021,French Grand Prix,LAT,2,HARD,33,1.4410000000000025,0.3709999999999951,-1.0700000000000074
2021,French Grand Prix,LEC,1,MEDIUM,12,1.0990000000000038,1.2000000000000028,0.10099999999999909
2021,French Grand Prix,LEC,2,HARD,22,0.24800000000000466,0.48799999999999955,0.23999999999999488
2021,French Grand Prix,LEC,3,MEDIUM,13,0.21699999999999875,1.7890000000000015,1.5720000000000027
2021,French Grand Prix,MAZ,1,HARD,29,1.4039999999999964,0.5240000000000009,-0.8799999999999955
2021,French Grand Prix,MAZ,2,MEDIUM,20,0.257000000000005,1.7480000000000047,1.4909999999999997
2021,French Grand Prix,MSC,1,MEDIUM,13,3.0799999999999983,1.4500000000000028,-1.6299999999999955
2021,French Grand Prix,MSC,2,HARD,36,1.2240000000000038,0.18600000000000705,-1.0379999999999967
2021,French Grand Prix,NOR,1,MEDIUM,22,1.668999999999997,0.45000000000000284,-1.218999999999994
2021,French Grand Prix,NOR,2,HARD,28,1.2349999999999994,0.034000000000006025,-1.2009999999999934
2021,French Grand Prix,OCO,1,HARD,26,1.293999999999997,2.164999999999992,0.8709999999999951
2021,French Grand Prix,OCO,2,MEDIUM,23,0.3500000000000085,0.9990000000000094,0.6490000000000009
2021,French Grand Prix,PER,1,MEDIUM,22,1.4770000000000039,0.23799999999999955,-1.2390000000000043
2021,French Grand Prix,PER,2,HARD,28,0.7109999999999985,0.43200000000000216,-0.27899999999999636
2021,French Grand Prix,RAI,1,HARD,31,1.6280000000000001,0.8790000000000049,-0.7489999999999952
2021,French Grand Prix,RAI,2,MEDIUM,18,0.44899999999999807,2.2439999999999998,1.7950000000000017
2021,French Grand Prix,RIC,1,MEDIUM,14,0.7939999999999969,0.3329999999999984,-0.4609999999999985
2021,French Grand Prix,RIC,2,HARD,36,0.9849999999999994,0.46300000000000807,-0.5219999999999914
2021,French Grand Prix,RUS,1,MEDIUM,15,2.6700000000000017,1.1940000000000026,-1.475999999999999
2021,French Grand Prix,RUS,2,HARD,34,1.5480000000000018,0.26400000000001,-1.2839999999999918
2021,French Grand Prix,SAI,1,MEDIUM,15,1.2489999999999952,1.4570000000000078,0.20800000000001262
2021,French Grand Prix,SAI,2,HARD,35,0.6620000000000061,0.6809999999999974,0.018999999999991246
2021,French Grand Prix,STR,1,HARD,32,2.2010000000000076,0.40399999999999636,-1.7970000000000113
2021,French Grand Prix,STR,2,SOFT,18,1.304000000000002,1.149000000000001,-0.15500000000000114
2021,French Grand Prix,TSU,1,MEDIUM,13,2.040999999999997,0.9140000000000015,-1.1269999999999953
2021,French Grand Prix,TSU,2,HARD,36,0.7060000000000031,1.426000000000002,0.7199999999999989
2021,French Grand Prix,VER,1,MEDIUM,16,0.8859999999999957,0.5189999999999912,-0.36700000000000443
2021,French Grand Prix,VER,2,HARD,12,0.46399999999999864,0.7919999999999874,0.32799999999998875
2021,French Grand Prix,VER,3,MEDIUM,20,0.17499999999999716,0.7390000000000043,0.5640000000000072
2021,French Grand Prix,VET,1,HARD,35,2.3299999999999983,0.1110000000000042,-2.218999999999994
2021,French Grand Prix,VET,2,MEDIUM,15,1.3499999999999943,0.5090000000000003,-0.840999999999994
2021,Hungarian Grand Prix,ALO,3,MEDIUM,34,3.676000000000002,0.6359999999999957,-3.0400000000000063
2021,Hungarian Grand Prix,ALO,4,HARD,30,0.5690000000000026,2.0500000000000114,1.4810000000000088
2021,Hungarian Grand Prix,GAS,3,MEDIUM,25,3.5589999999999975,0.3370000000000033,-3.221999999999994
2021,Hungarian Grand Prix,GAS,4,HARD,36,1.0259999999999962,1.1610000000000014,0.13500000000000512
2021,Hungarian Grand Prix,GIO,4,MEDIUM,6,0.12199999999999989,0.09099999999999397,-0.03100000000000591
2021,Hungarian Grand Prix,GIO,5,MEDIUM,20,0.8329999999999984,0.5810000000000031,-0.25199999999999534
2021,Hungarian Grand Prix,GIO,6,HARD,35,0.6129999999999995,0.664999999999992,0.0519999999999925
2021,Hungarian Grand Prix,HAM,3,MEDIUM,13,2.378,0.21300000000000807,-2.164999999999992
2021,Hungarian Grand Prix,HAM,4,HARD,26,0.9220000000000113,1.3449999999999989,0.4229999999999876
2021,Hungarian Grand Prix,HAM,5,MEDIUM,22,0.3130000000000024,0.9479999999999933,0.6349999999999909
2021,Hungarian Grand Prix,LAT,3,MEDIUM,18,1.5220000000000056,0.3790000000000049,-1.1430000000000007
2021,Hungarian Grand Prix,LAT,4,HARD,46,0.664999999999992,0.9560000000000031,0.291000000000011
2021,Hungarian Grand Prix,MSC,3,MEDIUM,29,1.8259999999999934,0.3189999999999884,-1.507000000000005
2021,Hungarian Grand Prix,MSC,4,HARD,34,0.27200000000000557,0.48099999999999454,0.20899999999998897
2021,Hungarian Grand Prix,OCO,3,MEDIUM,32,1.6219999999999999,0.14100000000000534,-1.4809999999999945
2021,Hungarian Grand Prix,OCO,4,HARD,32,0.41799999999999216,0.5209999999999866,0.10299999999999443
2021,Hungarian Grand Prix,RAI,3,MEDIUM,10,0.9180000000000064,0.10699999999999932,-0.811000000000007
2021,Hungarian Grand Prix,RAI,4,HARD,36,0.29699999999999704,0.5460000000000065,0.24900000000000944
2021,Hungarian Grand Prix,RAI,5,SOFT,15,0.24800000000000466,0.3370000000000033,0.08899999999999864
2021,Hungarian Grand Prix,RIC,3,MEDIUM,15,2.2900000000000063,0.5580000000000069,-1.7319999999999993
2021,Hungarian Grand Prix,RIC,4,HARD,48,0.9759999999999991,3.3529999999999944,2.3769999999999953
2021,Hungarian Grand Prix,RUS,3,MEDIUM,16,1.4470000000000027,0.37700000000000955,-1.0699999999999932
2021,Hungarian Grand Prix,RUS,4,HARD,48,1.558000000000007,0.561000000000007,-0.9969999999999999
2021,Hungarian Grand Prix,SAI,3,MEDIUM,27,4.248000000000005,0.5460000000000065,-3.701999999999998
2021,Hungarian Grand Prix,SAI,4,HARD,37,0.4609999999999985,0.9479999999999933,0.48699999999999477
2021,Hungarian Grand Prix,TSU,3,MEDIUM,17,1.7860000000000014,0.5110000000000099,-1.2749999999999915
2021,Hungarian Grand Prix,TSU,4,HARD,47,0.6869999999999976,1.9129999999999967,1.225999999999999
2021,Hungarian Grand Prix,VER,4,MEDIUM,15,2.582000000000008,0.43900000000000716,-2.1430000000000007
2021,Hungarian Grand Prix,VER,5,HARD,18,0.9750000000000085,0.38700000000000045,-0.5880000000000081
2021,Hungarian Grand Prix,VER,6,MEDIUM,29,0.06900000000000261,1.8810000000000002,1.8119999999999976
2021,Hungarian Grand Prix,VET,3,MEDIUM,31,1.75,0.22700000000000387,-1.5229999999999961
2021,Hungarian Grand Prix,VET,4,HARD,33,0.4159999999999968,0.40399999999999636,-0.012000000000000455
2021,Italian Grand Prix,ALO,1,MEDIUM,22,0.3889999999999958,0.5389999999999873,0.14999999999999147
2021,Italian Grand Prix,ALO,2,HARD,20,2.0180000000000007,0.03900000000000148,-1.9789999999999992
2021,Italian Grand Prix,BOT,1,HARD,24,1.4209999999999923,0.4579999999999984,-0.9629999999999939
2021,Italian Grand Prix,BOT,2,MEDIUM,22,1.8419999999999987,0.44299999999999784,-1.399000000000001
2021,Italian Grand Prix,GIO,2,HARD,22,0.10900000000000887,0.4969999999999999,0.387999999999991
2021,Italian Grand Prix,GIO,3,MEDIUM,22,3.171999999999997,0.4350000000000023,-2.7369999999999948
2021,Italian Grand Prix,HAM,1,HARD,22,0.1559999999999917,1.0729999999999933,0.9170000000000016
2021,Italian Grand Prix,KUB,1,HARD,24,1.2890000000000015,0.5180000000000007,-0.7710000000000008
2021,Italian Grand Prix,KUB,2,MEDIUM,22,2.9939999999999998,0.44299999999999784,-2.551000000000002
2021,Italian Grand Prix,LAT,1,MEDIUM,21,0.0040000000000048885,0.7520000000000095,0.7480000000000047
2021,Italian Grand Prix,LAT,2,HARD,23,2.7349999999999994,0.3289999999999935,-2.406000000000006
2021,Italian Grand Prix,LEC,1,MEDIUM,23,0.4000000000000057,1.152000000000001,0.7519999999999953
2021,Italian Grand Prix,LEC,2,HARD,22,2.6159999999999997,0.1979999999999933,-2.4180000000000064
2021,Italian Grand Prix,MAZ,1,MEDIUM,21,0.44199999999999307,1.2830000000000013,0.8410000000000082
2021,Italian Grand Prix,MAZ,3,HARD,8,2.6119999999999948,0.5820000000000078,-2.029999999999987
2021,Italian Grand Prix,MSC,1,MEDIUM,21,0.597999999999999,1.108000000000004,0.5100000000000051
2021,Italian Grand Prix,MSC,2,HARD,20,0.625,0.06400000000000716,-0.5609999999999928
2021,Italian Grand Prix,NOR,1,MEDIUM,19,0.2360000000000042,1.078000000000003,0.8419999999999987
2021,Italian Grand Prix,NOR,2,HARD,21,1.4230000000000018,0.31399999999999295,-1.1090000000000089
2021,Italian Grand Prix,OCO,1,MEDIUM,23,0.04999999999999716,0.18099999999999739,0.13100000000000023
2021,Italian Grand Prix,OCO,2,HARD,22,2.0009999999999906,0.33899999999999864,-1.661999999999992
2021,Italian Grand Prix,PER,1,MEDIUM,23,0.6799999999999926,0.9350000000000023,0.25500000000000966
2021,Italian Grand Prix,PER,2,HARD,21,0.9949999999999903,0.117999999999995,-0.8769999999999953
2021,Italian Grand Prix,RIC,1,MEDIUM,17,0.012999999999991019,0.7480000000000047,0.7350000000000136
2021,Italian Grand Prix,RIC,2,HARD,24,1.2250000000000085,0.42199999999999704,-0.8030000000000115
2021,Italian Grand Prix,RUS,1,MEDIUM,24,1.0360000000000014,0.3719999999999999,-0.6640000000000015
2021,Italian Grand Prix,RUS,2,HARD,20,1.7780000000000058,0.01100000000000989,-1.766999999999996
2021,Italian Grand Prix,SAI,1,MEDIUM,23,0.19199999999999307,0.8469999999999942,0.6550000000000011
2021,Italian Grand Prix,SAI,2,HARD,22,2.4080000000000013,0.3509999999999991,-2.057000000000002
2021,Italian Grand Prix,STR,1,MEDIUM,22,0.5109999999999957,0.8769999999999953,0.36599999999999966
2021,Italian Grand Prix,STR,2,HARD,22,1.8950000000000102,0.07600000000000762,-1.8190000000000026
2021,Italian Grand Prix,VER,1,MEDIUM,20,0.5689999999999884,1.657999999999987,1.0889999999999986
2021,Italian Grand Prix,VET,1,MEDIUM,20,0.45400000000000773,0.8070000000000022,0.35299999999999443
2021,Italian Grand Prix,VET,3,MEDIUM,20,2.9779999999999944,0.3430000000000035,-2.634999999999991
2021,Mexico City Grand Prix,ALO,1,MEDIUM,34,2.8559999999999945,0.30400000000000205,-2.5519999999999925
2021,Mexico City Grand Prix,ALO,2,HARD,30,0.382000000000005,0.12999999999999545,-0.25200000000000955
2021,Mexico City Grand Prix,BOT,2,HARD,35,3.471999999999994,0.7450000000000045,-2.7269999999999897
2021,Mexico City Grand Prix,BOT,3,MEDIUM,21,0.4380000000000024,3.128,2.6899999999999977
2021,Mexico City Grand Prix,GAS,1,MEDIUM,26,1.152000000000001,0.4709999999999894,-0.6810000000000116
2021,Mexico City Grand Prix,GAS,2,HARD,39,0.4059999999999917,0.3819999999999908,-0.02400000000000091
2021,Mexico City Grand Prix,GIO,1,MEDIUM,11,1.0220000000000056,0.21399999999999864,-0.8080000000000069
2021,Mexico City Grand Prix,GIO,2,HARD,53,2.0180000000000007,0.16899999999999693,-1.8490000000000038
2021,Mexico City Grand Prix,HAM,1,MEDIUM,24,1.149000000000001,0.4899999999999949,-0.659000000000006
2021,Mexico City Grand Prix,HAM,2,HARD,41,0.39800000000001035,0.49900000000000944,0.10099999999999909
2021,Mexico City Grand Prix,LAT,1,MEDIUM,6,0.2989999999999924,0.9479999999999933,0.6490000000000009
2021,Mexico City Grand Prix,LAT,2,HARD,36,0.8210000000000122,2.312000000000012,1.4909999999999997
2021,Mexico City Grand Prix,LAT,3,MEDIUM,19,0.09899999999998954,0.13599999999999568,0.03700000000000614
2021,Mexico City Grand Prix,LEC,1,MEDIUM,25,1.6260000000000048,0.019000000000005457,-1.6069999999999993
2021,Mexico City Grand Prix,LEC,2,HARD,40,0.4509999999999934,0.8129999999999882,0.36199999999999477
2021,Mexico City Grand Prix,MAZ,1,MEDIUM,8,0.3259999999999934,1.6569999999999965,1.331000000000003
2021,Mexico City Grand Prix,MAZ,2,HARD,42,0.6470000000000056,2.4579999999999984,1.8109999999999928
2021,Mexico City Grand Prix,MAZ,3,MEDIUM,9,0.6769999999999925,1.382000000000005,0.7050000000000125
2021,Mexico City Grand Prix,NOR,1,MEDIUM,39,3.0990000000000038,0.010000000000005116,-3.0889999999999986
2021,Mexico City Grand Prix,NOR,2,HARD,25,0.3859999999999957,0.458999999999989,0.07299999999999329
2021,Mexico City Grand Prix,OCO,1,SOFT,9,1.7749999999999915,0.5039999999999907,-1.2710000000000008
2021,Mexico City Grand Prix,OCO,2,HARD,55,1.4279999999999973,0.36199999999999477,-1.0660000000000025
2021,Mexico City Grand Prix,PER,1,MEDIUM,35,1.5949999999999989,0.7800000000000011,-0.8149999999999977
2021,Mexico City Grand Prix,PER,2,HARD,30,0.24399999999999977,0.7150000000000034,0.47100000000000364
2021,Mexico City Grand Prix,RAI,1,MEDIUM,27,2.580999999999989,0.5989999999999895,-1.9819999999999993
2021,Mexico City Grand Prix,RAI,2,HARD,37,1.0690000000000026,0.27300000000001035,-0.7959999999999923
2021,Mexico City Grand Prix,RIC,2,HARD,33,2.2620000000000005,0.018000000000000682,-2.2439999999999998
2021,Mexico City Grand Prix,RIC,3,MEDIUM,31,0.4680000000000035,0.5090000000000003,0.04099999999999682
2021,Mexico City Grand Prix,RUS,1,MEDIUM,10,0.8799999999999955,0.05099999999998772,-0.8290000000000077
2021,Mexico City Grand Prix,RUS,2,HARD,53,0.722999999999999,1.4519999999999982,0.7289999999999992
2021,Mexico City Grand Prix,SAI,1,MEDIUM,37,2.080999999999989,0.6149999999999949,-1.465999999999994
2021,Mexico City Grand Prix,SAI,2,HARD,27,0.902000000000001,3.515999999999991,2.61399999999999
2021,Mexico City Grand Prix,STR,1,MEDIUM,7,0.527000000000001,1.132000000000005,0.605000000000004
2021,Mexico City Grand Prix,STR,2,HARD,20,0.0799999999999983,0.29299999999999216,0.21299999999999386
2021,Mexico City Grand Prix,STR,3,MEDIUM,34,0.5179999999999865,0.3569999999999993,-0.16099999999998715
2021,Mexico City Grand Prix,VER,1,MEDIUM,28,0.9369999999999976,0.6430000000000007,-0.29399999999999693
2021,Mexico City Grand Prix,VER,2,HARD,37,1.2670000000000101,1.4150000000000063,0.14799999999999613
2021,Mexico City Grand Prix,VET,1,MEDIUM,28,2.0249999999999915,0.16899999999999693,-1.8559999999999945
2021,Mexico City Grand Prix,VET,2,HARD,36,1.065000000000012,0.375,-0.6900000000000119
2021,Monaco Grand Prix,ALO,1,MEDIUM,43,3.6509999999999962,0.7049999999999983,-2.945999999999998
2021,Monaco Grand Prix,ALO,2,SOFT,31,1.7310000000000088,1.6700000000000017,-0.06100000000000705
2021,Monaco Grand Prix,BOT,1,SOFT,28,1.6229999999999905,0.5409999999999968,-1.0819999999999936
2021,Monaco Grand Prix,GAS,1,SOFT,27,2.135000000000005,0.7980000000000018,-1.3370000000000033
2021,Monaco Grand Prix,GAS,2,HARD,47,1.046999999999997,0.4719999999999942,-0.5750000000000028
2021,Monaco Grand Prix,GIO,1,SOFT,31,2.6019999999999897,2.2049999999999983,-0.39699999999999136
2021,Monaco Grand Prix,GIO,2,HARD,42,1.5349999999999966,1.4979999999999905,-0.03700000000000614
2021,Monaco Grand Prix,HAM,1,SOFT,27,2.3859999999999957,0.7680000000000007,-1.617999999999995
2021,Monaco Grand Prix,HAM,2,HARD,35,3.7049999999999983,0.14300000000000068,-3.5619999999999976
2021,Monaco Grand Prix,HAM,3,SOFT,10,0.472999999999999,3.140999999999991,2.667999999999992
2021,Monaco Grand Prix,LAT,1,MEDIUM,41,3.483000000000004,2.3710000000000093,-1.1119999999999948
2021,Monaco Grand Prix,LAT,2,HARD,31,0.4340000000000117,1.1750000000000114,0.7409999999999997
2021,Monaco Grand Prix,MAZ,1,SOFT,30,2.0559999999999974,0.5559999999999974,-1.5
2021,Monaco Grand Prix,MAZ,2,HARD,35,1.1099999999999994,0.3859999999999957,-0.7240000000000038
2021,Monaco Grand Prix,MSC,1,SOFT,33,3.147999999999996,1.2270000000000039,-1.9209999999999923
2021,Monaco Grand Prix,MSC,2,HARD,36,1.1659999999999968,0.737000000000009,-0.42899999999998784
2021,Monaco Grand Prix,NOR,1,SOFT,26,1.9720000000000084,1.2199999999999989,-0.7520000000000095
2021,Monaco Grand Prix,NOR,2,HARD,47,0.35999999999999943,0.42099999999999227,0.06099999999999284
2021,Monaco Grand Prix,OCO,1,SOFT,35,3.3689999999999998,0.10199999999998965,-3.26700000000001
2021,Monaco Grand Prix,OCO,2,MEDIUM,39,0.23399999999999466,1.5789999999999935,1.3449999999999989
2021,Monaco Grand Prix,PER,1,SOFT,33,3.9799999999999898,0.117999999999995,-3.8619999999999948
2021,Monaco Grand Prix,PER,2,HARD,42,1.26400000000001,0.17300000000000182,-1.0910000000000082
2021,Monaco Grand Prix,RAI,1,MEDIUM,41,3.460000000000008,0.42900000000000205,-3.031000000000006
2021,Monaco Grand Prix,RAI,2,HARD,33,2.685999999999993,1.6460000000000008,-1.039999999999992
2021,Monaco Grand Prix,RIC,1,MEDIUM,34,2.8840000000000003,0.9100000000000108,-1.9739999999999895
2021,Monaco Grand Prix,RIC,2,HARD,39,0.8789999999999907,2.548000000000002,1.6690000000000111
2021,Monaco Grand Prix,RUS,1,MEDIUM,29,2.5919999999999987,1.1039999999999992,-1.4879999999999995
2021,Monaco Grand Prix,RUS,2,HARD,44,0.8529999999999944,1.1209999999999951,0.2680000000000007
2021,Monaco Grand Prix,SAI,1,SOFT,30,2.1629999999999967,0.7189999999999941,-1.4440000000000026
2021,Monaco Grand Prix,SAI,2,HARD,45,0.07800000000000296,1.5180000000000007,1.4399999999999977
2021,Monaco Grand Prix,STR,1,HARD,55,3.8419999999999987,0.21099999999999852,-3.6310000000000002
2021,Monaco Grand Prix,STR,2,SOFT,18,1.911999999999992,1.7179999999999893,-0.19400000000000261
2021,Monaco Grand Prix,TSU,1,HARD,61,4.890999999999991,0.5259999999999962,-4.364999999999995
2021,Monaco Grand Prix,TSU,2,SOFT,11,0.03999999999999204,2.5379999999999967,2.4980000000000047
2021,Monaco Grand Prix,VER,1,SOFT,32,2.1310000000000002,0.6599999999999966,-1.4710000000000036
2021,Monaco Grand Prix,VER,2,HARD,43,1.2120000000000033,1.8840000000000003,0.671999999999997
2021,Monaco Grand Prix,VET,1,SOFT,29,2.910000000000011,0.4300000000000068,-2.480000000000004
2021,Monaco Grand Prix,VET,2,HARD,46,0.09999999999999432,0.9179999999999922,0.8179999999999978
2021,Portuguese Grand Prix,ALO,3,MEDIUM,32,3.7650000000000006,0.2980000000000018,-3.4669999999999987
2021,Portuguese Grand Prix,ALO,4,HARD,25,2.4270000000000067,0.6980000000000075,-1.7289999999999992
2021,Portuguese Grand Prix,BOT,3,MEDIUM,29,1.5509999999999877,0.1599999999999966,-1.3909999999999911
2021,Portuguese Grand Prix,BOT,4,HARD,25,1.085000000000008,0.11700000000000443,-0.9680000000000035
2021,Portuguese Grand Prix,GAS,3,SOFT,17,1.855000000000004,0.3990000000000009,-1.456000000000003
2021,Portuguese Grand Prix,GAS,4,MEDIUM,38,0.9849999999999994,0.41800000000000637,-0.5669999999999931
2021,Portuguese Grand Prix,GIO,3,MEDIUM,15,2.6099999999999994,0.3410000000000082,-2.2689999999999912
2021,Portuguese Grand Prix,GIO,4,HARD,42,1.3460000000000036,0.8319999999999936,-0.51400000000001
2021,Portuguese Grand Prix,HAM,3,MEDIUM,30,1.9380000000000024,0.4549999999999983,-1.483000000000004
2021,Portuguese Grand Prix,HAM,4,HARD,28,0.8979999999999961,0.9699999999999989,0.07200000000000273
2021,Portuguese Grand Prix,LAT,3,MEDIUM,17,3.497,0.7400000000000091,-2.756999999999991
2021,Portuguese Grand Prix,LAT,4,HARD,38,2.4680000000000035,3.100999999999999,0.6329999999999956
2021,Portuguese Grand Prix,LEC,3,MEDIUM,18,1.215999999999994,0.021000000000000796,-1.1949999999999932
2021,Portuguese Grand Prix,LEC,4,HARD,40,1.3920000000000101,0.8400000000000034,-0.5520000000000067
2021,Portuguese Grand Prix,MAZ,3,MEDIUM,22,2.1499999999999915,0.664999999999992,-1.4849999999999994
2021,Portuguese Grand Prix,MAZ,4,HARD,10,0.7530000000000001,2.0109999999999957,1.2579999999999956
2021,Portuguese Grand Prix,MAZ,5,SOFT,20,0.4989999999999952,2.0719999999999885,1.5729999999999933
2021,Portuguese Grand Prix,MSC,3,MEDIUM,23,4.111999999999995,0.19400000000000261,-3.917999999999992
2021,Portuguese Grand Prix,MSC,4,HARD,31,1.358000000000004,3.010000000000005,1.652000000000001
2021,Portuguese Grand Prix,NOR,3,SOFT,14,0.6290000000000049,0.3100000000000023,-0.3190000000000026
2021,Portuguese Grand Prix,NOR,4,MEDIUM,43,1.5259999999999962,0.3500000000000085,-1.1759999999999877
2021,Portuguese Grand Prix,OCO,3,SOFT,15,1.3829999999999956,0.16199999999999193,-1.2210000000000036
2021,Portuguese Grand Prix,OCO,4,HARD,43,1.4849999999999994,0.4000000000000057,-1.0849999999999937
2021,Portuguese Grand Prix,PER,3,MEDIUM,44,2.1610000000000014,0.9639999999999986,-1.1970000000000027
2021,Portuguese Grand Prix,PER,4,SOFT,14,0.7000000000000028,1.1230000000000047,0.4230000000000018
2021,Portuguese Grand Prix,RIC,3,MEDIUM,34,3.2339999999999947,0.1880000000000024,-3.0459999999999923
2021,Portuguese Grand Prix,RIC,4,HARD,24,0.8240000000000123,0.5370000000000061,-0.28700000000000614
2021,Portuguese Grand Prix,RUS,3,MEDIUM,21,4.090000000000003,2.0060000000000002,-2.084000000000003
2021,Portuguese Grand Prix,RUS,4,HARD,36,2.9170000000000016,1.9470000000000027,-0.9699999999999989
2021,Portuguese Grand Prix,SAI,3,SOFT,14,1.242999999999995,0.44899999999999807,-0.7939999999999969
2021,Portuguese Grand Prix,SAI,4,MEDIUM,44,1.3259999999999934,1.5559999999999974,0.23000000000000398
2021,Portuguese Grand Prix,STR,3,SOFT,31,4.061999999999998,0.6069999999999993,-3.4549999999999983
2021,Portuguese Grand Prix,STR,4,MEDIUM,25,0.8599999999999994,1.0919999999999987,0.23199999999999932
2021,Portuguese Grand Prix,TSU,3,MEDIUM,12,4.266999999999996,0.41499999999999204,-3.852000000000004
2021,Portuguese Grand Prix,TSU,4,HARD,43,1.7739999999999867,0.5449999999999875,-1.2289999999999992
2021,Portuguese Grand Prix,VER,3,MEDIUM,27,1.2319999999999993,0.4069999999999965,-0.8250000000000028
2021,Portuguese Grand Prix,VER,4,HARD,27,0.9850000000000136,0.2950000000000017,-0.6900000000000119
2021,Portuguese Grand Prix,VET,3,SOFT,15,1.8519999999999897,0.2909999999999968,-1.5609999999999928
2021,Portuguese Grand Prix,VET,4,MEDIUM,40,1.3190000000000026,0.7740000000000009,-0.5450000000000017
2021,Qatar Grand Prix,ALO,1,SOFT,21,2.410999999999987,0.08399999999998897,-2.326999999999998
2021,Qatar Grand Prix,ALO,2,HARD,29,1.8569999999999993,0.8169999999999931,-1.0400000000000063
2021,Qatar Grand Prix,BOT,1,MEDIUM,31,3.423000000000002,0.09399999999999409,-3.3290000000000077
2021,Qatar Grand Prix,BOT,2,HARD,14,1.1440000000000055,1.4939999999999998,0.3499999999999943
2021,Qatar Grand Prix,GAS,1,SOFT,9,0.527000000000001,0.5970000000000084,0.07000000000000739
2021,Qatar Grand Prix,GAS,2,MEDIUM,20,1.411999999999992,0.8289999999999935,-0.5829999999999984
2021,Qatar Grand Prix,GAS,3,MEDIUM,18,0.269999999999996,0.8909999999999911,0.6209999999999951
2021,Qatar Grand Prix,GIO,1,SOFT,13,0.9209999999999923,0.688999999999993,-0.23199999999999932
2021,Qatar Grand Prix,GIO,2,MEDIUM,15,0.347999999999999,1.742999999999995,1.394999999999996
2021,Qatar Grand Prix,GIO,3,MEDIUM,18,0.8230000000000075,0.6470000000000056,-0.17600000000000193
2021,Qatar Grand Prix,HAM,1,MEDIUM,16,2.6839999999999975,0.1110000000000042,-2.5729999999999933
2021,Qatar Grand Prix,HAM,2,HARD,22,1.0250000000000057,0.25,-0.7750000000000057
2021,Qatar Grand Prix,HAM,3,MEDIUM,11,0.9590000000000032,0.8719999999999999,-0.0870000000000033
2021,Qatar Grand Prix,LAT,1,SOFT,16,1.2000000000000028,0.6080000000000041,-0.5919999999999987
2021,Qatar Grand Prix,LAT,2,HARD,31,0.8469999999999942,0.20199999999999818,-0.644999999999996
2021,Qatar Grand Prix,LEC,1,MEDIUM,25,1.956000000000003,0.42199999999999704,-1.534000000000006
2021,Qatar Grand Prix,LEC,2,HARD,26,1.6769999999999925,1.1209999999999951,-0.5559999999999974
2021,Qatar Grand Prix,MAZ,1,MEDIUM,29,2.4960000000000093,0.9040000000000106,-1.5919999999999987
2021,Qatar Grand Prix,MAZ,2,SOFT,21,2.8619999999999948,0.7839999999999918,-2.078000000000003
2021,Qatar Grand Prix,MSC,1,SOFT,20,2.5449999999999875,0.39799999999999613,-2.1469999999999914
2021,Qatar Grand Prix,MSC,2,MEDIUM,30,1.384999999999991,0.16399999999998727,-1.2210000000000036
2021,Qatar Grand Prix,NOR,1,SOFT,23,1.1850000000000023,0.2960000000000065,-0.8889999999999958
2021,Qatar Grand Prix,NOR,2,HARD,22,2.4950000000000045,0.6230000000000047,-1.8719999999999999
2021,Qatar Grand Prix,OCO,1,SOFT,22,1.0210000000000008,0.12099999999999511,-0.9000000000000057
2021,Qatar Grand Prix,OCO,2,HARD,28,1.75,0.8029999999999973,-0.9470000000000027
2021,Qatar Grand Prix,PER,1,MEDIUM,17,2.4470000000000027,0.29599999999999227,-2.1510000000000105
2021,Qatar Grand Prix,PER,2,HARD,20,0.7800000000000011,0.2569999999999908,-0.5230000000000103
2021,Qatar Grand Prix,PER,3,MEDIUM,12,1.2690000000000055,0.2259999999999991,-1.0430000000000064
2021,Qatar Grand Prix,RAI,1,SOFT,8,0.40399999999999636,0.8500000000000085,0.44600000000001216
2021,Qatar Grand Prix,RAI,2,MEDIUM,18,1.1209999999999951,0.4829999999999899,-0.6380000000000052
2021,Qatar Grand Prix,RAI,3,HARD,23,2.594999999999999,0.23599999999999,-2.359000000000009
2021,Qatar Grand Prix,RIC,1,MEDIUM,24,2.022999999999996,1.695999999999998,-0.3269999999999982
2021,Qatar Grand Prix,RIC,2,HARD,27,3.7520000000000095,1.788000000000011,-1.9639999999999986
2021,Qatar Grand Prix,RUS,1,SOFT,15,0.7800000000000011,0.7789999999999964,-0.0010000000000047748
2021,Qatar Grand Prix,RUS,2,HARD,30,1.0039999999999907,0.17600000000000193,-0.8279999999999887
2021,Qatar Grand Prix,SAI,1,MEDIUM,25,1.8269999999999982,0.1770000000000067,-1.6499999999999915
2021,Qatar Grand Prix,SAI,2,HARD,26,2.4140000000000015,1.1780000000000115,-1.23599999999999
2021,Qatar Grand Prix,STR,1,MEDIUM,21,1.7309999999999945,0.31399999999999295,-1.4170000000000016
2021,Qatar Grand Prix,STR,2,HARD,30,1.2460000000000093,0.31800000000001205,-0.9279999999999973
2021,Qatar Grand Prix,TSU,1,SOFT,7,0.2909999999999968,0.8709999999999951,0.5799999999999983
2021,Qatar Grand Prix,TSU,2,MEDIUM,23,1.1029999999999944,0.006999999999990791,-1.0960000000000036
2021,Qatar Grand Prix,TSU,3,HARD,19,1.8149999999999977,0.8819999999999908,-0.9330000000000069
2021,Qatar Grand Prix,VER,1,MEDIUM,15,1.9140000000000015,0.1700000000000017,-1.7439999999999998
2021,Qatar Grand Prix,VER,2,HARD,22,1.1629999999999967,0.4509999999999934,-0.7120000000000033
2021,Qatar Grand Prix,VER,3,MEDIUM,12,2.462999999999994,1.9039999999999964,-0.5589999999999975
2021,Qatar Grand Prix,VET,1,SOFT,22,2.7479999999999905,0.9669999999999987,-1.7809999999999917
2021,Qatar Grand Prix,VET,2,MEDIUM,26,2.497,0.5180000000000007,-1.9789999999999992
2021,Russian Grand Prix,ALO,1,HARD,34,3.707000000000008,0.3580000000000041,-3.3490000000000038
2021,Russian Grand Prix,ALO,2,MEDIUM,11,1.8079999999999927,6.4069999999999965,4.599000000000004
2021,Russian Grand Prix,BOT,1,HARD,26,2.8810000000000002,0.9210000000000065,-1.9599999999999937
2021,Russian Grand Prix,BOT,2,MEDIUM,16,0.7150000000000034,2.9690000000000083,2.254000000000005
2021,Russian Grand Prix,GAS,1,HARD,31,1.9609999999999985,0.7040000000000077,-1.2569999999999908
2021,Russian Grand Prix,GAS,2,MEDIUM,14,0.6700000000000017,11.475000000000009,10.805000000000007
2021,Russian Grand Prix,GIO,1,HARD,34,2.938999999999993,0.055999999999997385,-2.8829999999999956
2021,Russian Grand Prix,GIO,2,MEDIUM,12,0.057999999999992724,18.941999999999993,18.884
2021,Russian Grand Prix,HAM,1,MEDIUM,24,2.191999999999993,0.14300000000000068,-2.0489999999999924
2021,Russian Grand Prix,HAM,2,HARD,21,1.2689999999999912,5.036999999999992,3.7680000000000007
2021,Russian Grand Prix,LAT,1,MEDIUM,11,0.6820000000000022,0.9500000000000028,0.2680000000000007
2021,Russian Grand Prix,LAT,2,HARD,32,1.3829999999999956,0.7900000000000063,-0.5929999999999893
2021,Russian Grand Prix,LEC,1,HARD,33,2.780000000000001,0.35899999999999466,-2.4210000000000065
2021,Russian Grand Prix,LEC,2,MEDIUM,13,1.7019999999999982,11.491,9.789000000000001
2021,Russian Grand Prix,MAZ,1,MEDIUM,12,1.566999999999993,1.5609999999999928,-0.006000000000000227
2021,Russian Grand Prix,MAZ,2,HARD,30,0.8460000000000036,5.7180000000000035,4.872
2021,Russian Grand Prix,MSC,1,MEDIUM,17,1.1980000000000075,0.06400000000000716,-1.1340000000000003
2021,Russian Grand Prix,MSC,2,HARD,10,0.05700000000000216,1.9669999999999987,1.9099999999999966
2021,Russian Grand Prix,NOR,1,MEDIUM,26,1.2019999999999982,0.41899999999999693,-0.7830000000000013
2021,Russian Grand Prix,NOR,2,HARD,20,1.3649999999999949,15.361999999999995,13.997
2021,Russian Grand Prix,OCO,1,MEDIUM,13,0.7249999999999943,0.05200000000000671,-0.6729999999999876
2021,Russian Grand Prix,OCO,2,HARD,32,0.2810000000000059,12.238,11.956999999999994
2021,Russian Grand Prix,PER,1,HARD,34,2.4210000000000065,0.26500000000000057,-2.156000000000006
2021,Russian Grand Prix,PER,2,MEDIUM,11,0.4159999999999968,5.704999999999998,5.2890000000000015
2021,Russian Grand Prix,RAI,1,MEDIUM,13,0.6619999999999919,0.016999999999995907,-0.644999999999996
2021,Russian Grand Prix,RAI,2,HARD,30,0.914999999999992,0.7909999999999968,-0.12399999999999523
2021,Russian Grand Prix,RIC,1,MEDIUM,20,1.3269999999999982,0.30100000000000193,-1.0259999999999962
2021,Russian Grand Prix,RIC,2,HARD,24,0.4720000000000084,1.5570000000000022,1.0849999999999937
2021,Russian Grand Prix,RUS,1,MEDIUM,11,0.7890000000000015,0.2540000000000049,-0.5349999999999966
2021,Russian Grand Prix,RUS,2,HARD,31,0.7809999999999917,0.5060000000000002,-0.2749999999999915
2021,Russian Grand Prix,SAI,1,MEDIUM,12,0.27200000000000557,1.4140000000000015,1.141999999999996
2021,Russian Grand Prix,SAI,2,HARD,32,1.5660000000000025,1.409000000000006,-0.15699999999999648
2021,Russian Grand Prix,STR,1,MEDIUM,10,0.7330000000000041,0.22400000000000375,-0.5090000000000003
2021,Russian Grand Prix,STR,2,HARD,34,0.5940000000000083,1.695999999999998,1.1019999999999897
2021,Russian Grand Prix,TSU,1,MEDIUM,11,1.4380000000000024,1.4230000000000018,-0.015000000000000568
2021,Russian Grand Prix,TSU,2,HARD,32,1.9860000000000042,1.5760000000000076,-0.4099999999999966
2021,Russian Grand Prix,VER,1,HARD,24,3.7860000000000014,0.9339999999999975,-2.852000000000004
2021,Russian Grand Prix,VER,2,MEDIUM,20,0.5139999999999958,2.100999999999999,1.5870000000000033
2021,Russian Grand Prix,VET,1,MEDIUM,24,1.7339999999999947,0.09399999999999409,-1.6400000000000006
2021,Russian Grand Prix,VET,2,HARD,22,0.7389999999999901,15.144999999999996,14.406000000000006
2021,Saudi Arabian Grand Prix,ALO,1,MEDIUM,7,0.811000000000007,1.5100000000000051,0.6989999999999981
2021,Saudi Arabian Grand Prix,ALO,4,HARD,18,1.9500000000000028,0.5939999999999941,-1.3560000000000088
2021,Saudi Arabian Grand Prix,BOT,1,MEDIUM,8,0.5829999999999984,0.18999999999999773,-0.3930000000000007
2021,Saudi Arabian Grand Prix,BOT,4,MEDIUM,22,2.733000000000004,1.0969999999999942,-1.63600000000001
2021,Saudi Arabian Grand Prix,GAS,1,MEDIUM,8,0.6149999999999949,0.5489999999999924,-0.0660000000000025
2021,Saudi Arabian Grand Prix,GAS,3,HARD,23,2.2010000000000076,0.6850000000000023,-1.5160000000000053
2021,Saudi Arabian Grand Prix,GIO,1,MEDIUM,8,0.49499999999999034,0.2289999999999992,-0.26599999999999113
2021,Saudi Arabian Grand Prix,GIO,3,HARD,23,2.0450000000000017,0.3020000000000067,-1.742999999999995
2021,Saudi Arabian Grand Prix,HAM,1,MEDIUM,8,0.6419999999999959,0.06399999999999295,-0.578000000000003
2021,Saudi Arabian Grand Prix,HAM,4,HARD,23,2.240000000000009,2.972999999999999,0.7329999999999899
2021,Saudi Arabian Grand Prix,LAT,1,MEDIUM,7,1.706000000000003,0.3509999999999991,-1.355000000000004
2021,Saudi Arabian Grand Prix,LAT,4,HARD,25,4.274000000000001,0.2909999999999968,-3.983000000000004
2021,Saudi Arabian Grand Prix,LEC,1,MEDIUM,8,0.534000000000006,0.01300000000000523,-0.5210000000000008
2021,Saudi Arabian Grand Prix,LEC,4,HARD,23,3.4710000000000036,1.1149999999999949,-2.3560000000000088
2021,Saudi Arabian Grand Prix,MAZ,1,MEDIUM,7,1.6559999999999917,0.5150000000000006,-1.1409999999999911
2021,Saudi Arabian Grand Prix,MSC,1,MEDIUM,7,1.8359999999999985,0.32099999999999795,-1.5150000000000006
2021,Saudi Arabian Grand Prix,NOR,1,SOFT,8,0.28600000000000136,0.2330000000000041,-0.05299999999999727
2021,Saudi Arabian Grand Prix,NOR,4,HARD,25,4.141999999999996,0.060000000000002274,-4.081999999999994
2021,Saudi Arabian Grand Prix,OCO,1,MEDIUM,8,0.4129999999999967,0.03499999999999659,-0.3780000000000001
2021,Saudi Arabian Grand Prix,OCO,3,HARD,22,2.0889999999999986,0.737000000000009,-1.3519999999999897
2021,Saudi Arabian Grand Prix,PER,1,MEDIUM,8,0.3359999999999985,0.28300000000000125,-0.05299999999999727
2021,Saudi Arabian Grand Prix,RAI,1,MEDIUM,7,0.659000000000006,0.47400000000000375,-0.18500000000000227
2021,Saudi Arabian Grand Prix,RAI,3,HARD,6,1.3930000000000007,0.6550000000000011,-0.7379999999999995
2021,Saudi Arabian Grand Prix,RAI,4,MEDIUM,16,0.7809999999999917,1.891999999999996,1.1110000000000042
2021,Saudi Arabian Grand Prix,RIC,1,HARD,8,0.9639999999999986,0.16599999999999682,-0.7980000000000018
2021,Saudi Arabian Grand Prix,RIC,3,MEDIUM,22,1.2710000000000008,0.38400000000000034,-0.8870000000000005
2021,Saudi Arabian Grand Prix,RUS,1,MEDIUM,7,1.7139999999999986,0.02200000000000557,-1.691999999999993
2021,Saudi Arabian Grand Prix,SAI,1,HARD,8,1.070999999999998,0.4230000000000018,-0.6479999999999961
2021,Saudi Arabian Grand Prix,SAI,3,MEDIUM,23,3.5049999999999955,1.0450000000000017,-2.4599999999999937
2021,Saudi Arabian Grand Prix,STR,1,MEDIUM,7,3.432000000000002,0.007000000000005002,-3.424999999999997
2021,Saudi Arabian Grand Prix,STR,4,MEDIUM,25,2.771000000000001,0.21399999999999864,-2.557000000000002
2021,Saudi Arabian Grand Prix,TSU,1,MEDIUM,7,1.688999999999993,0.3149999999999977,-1.3739999999999952
2021,Saudi Arabian Grand Prix,TSU,4,HARD,17,0.7019999999999982,0.4240000000000066,-0.2779999999999916
2021,Saudi Arabian Grand Prix,VER,1,MEDIUM,8,0.7650000000000006,0.027000000000001023,-0.7379999999999995
2021,Saudi Arabian Grand Prix,VER,3,MEDIUM,24,1.2759999999999962,2.543999999999997,1.2680000000000007
2021,Saudi Arabian Grand Prix,VET,1,HARD,7,0.9029999999999916,0.01999999999999602,-0.8829999999999956
2021,Saudi Arabian Grand Prix,VET,3,MEDIUM,18,1.0160000000000053,0.15000000000000568,-0.8659999999999997
2021,São Paulo Grand Prix,ALO,3,MEDIUM,20,2.9609999999999985,0.23599999999999,-2.7250000000000085
2021,São Paulo Grand Prix,ALO,4,HARD,35,0.6340000000000003,0.546999999999997,-0.0870000000000033
2021,São Paulo Grand Prix,BOT,3,MEDIUM,17,0.6779999999999973,0.9200000000000017,0.24200000000000443
2021,São Paulo Grand Prix,BOT,4,HARD,9,0.08299999999999841,0.5820000000000078,0.49900000000000944
2021,São Paulo Grand Prix,BOT,5,HARD,29,0.4399999999999977,0.8449999999999989,0.40500000000000114
2021,São Paulo Grand Prix,GAS,3,MEDIUM,12,1.1099999999999994,0.6550000000000011,-0.4549999999999983
2021,São Paulo Grand Prix,GAS,4,HARD,23,1.0520000000000067,0.5349999999999966,-0.5170000000000101
2021,São Paulo Grand Prix,GAS,5,HARD,18,0.6209999999999951,0.3569999999999993,-0.2639999999999958
2021,São Paulo Grand Prix,GIO,3,MEDIUM,16,2.3829999999999956,0.6419999999999959,-1.7409999999999997
2021,São Paulo Grand Prix,GIO,4,HARD,11,0.3499999999999943,2.3349999999999937,1.9849999999999994
2021,São Paulo Grand Prix,GIO,5,MEDIUM,27,0.14999999999999147,1.2069999999999936,1.0570000000000022
2021,São Paulo Grand Prix,HAM,3,MEDIUM,13,0.30700000000000216,0.6760000000000019,0.3689999999999998
2021,São Paulo Grand Prix,HAM,4,HARD,13,0.06299999999998818,0.41499999999999204,0.35200000000000387
2021,São Paulo Grand Prix,HAM,5,HARD,26,0.1530000000000058,1.6200000000000045,1.4669999999999987
2021,São Paulo Grand Prix,LAT,4,HARD,23,0.06100000000000705,0.570999999999998,0.5099999999999909
2021,São Paulo Grand Prix,LAT,5,HARD,30,1.733000000000004,0.25199999999999534,-1.4810000000000088
2021,São Paulo Grand Prix,LEC,3,MEDIUM,14,0.5819999999999936,0.4329999999999927,-0.1490000000000009
2021,São Paulo Grand Prix,LEC,4,MEDIUM,22,0.6989999999999981,0.8259999999999934,0.12699999999999534
2021,São Paulo Grand Prix,LEC,5,HARD,18,0.1799999999999926,0.5079999999999956,0.32800000000000296
2021,São Paulo Grand Prix,MAZ,3,MEDIUM,20,2.0919999999999987,1.36399999999999,-0.7280000000000086
2021,São Paulo Grand Prix,MAZ,4,HARD,34,0.15000000000000568,0.8520000000000039,0.7019999999999982
2021,São Paulo Grand Prix,MSC,4,HARD,15,0.3819999999999908,1.5969999999999942,1.2150000000000034
2021,São Paulo Grand Prix,MSC,5,MEDIUM,29,1.5630000000000024,1.3900000000000006,-0.17300000000000182
2021,São Paulo Grand Prix,MSC,6,MEDIUM,6,0.2680000000000007,0.7799999999999869,0.5119999999999862
2021,São Paulo Grand Prix,NOR,5,HARD,23,2.333999999999989,0.0899999999999892,-2.2439999999999998
2021,São Paulo Grand Prix,NOR,6,HARD,31,0.8200000000000074,0.8440000000000083,0.02400000000000091
2021,São Paulo Grand Prix,OCO,3,MEDIUM,17,1.7309999999999945,0.5699999999999932,-1.1610000000000014
2021,São Paulo Grand Prix,OCO,4,HARD,39,0.6009999999999991,0.8810000000000002,0.28000000000000114
2021,São Paulo Grand Prix,PER,3,MEDIUM,15,0.17099999999999227,0.8220000000000027,0.6510000000000105
2021,São Paulo Grand Prix,PER,4,HARD,10,0.08100000000000307,0.0969999999999942,0.015999999999991132
2021,São Paulo Grand Prix,PER,5,HARD,25,0.4619999999999891,1.0480000000000018,0.5860000000000127
2021,São Paulo Grand Prix,RAI,3,MEDIUM,15,2.477000000000004,0.26600000000000534,-2.2109999999999985
2021,São Paulo Grand Prix,RAI,4,HARD,21,0.6319999999999908,0.5509999999999877,-0.08100000000000307
2021,São Paulo Grand Prix,RAI,5,MEDIUM,16,0.3370000000000033,1.6770000000000067,1.3400000000000034
2021,São Paulo Grand Prix,RIC,3,MEDIUM,17,1.5360000000000014,0.612000000000009,-0.9239999999999924
2021,São Paulo Grand Prix,RIC,4,HARD,17,0.6940000000000026,1.027000000000001,0.3329999999999984
2021,São Paulo Grand Prix,RUS,4,HARD,27,3.085000000000008,0.5769999999999982,-2.5080000000000098
2021,São Paulo Grand Prix,RUS,5,HARD,28,0.7560000000000002,0.9500000000000028,0.19400000000000261
2021,São Paulo Grand Prix,SAI,3,MEDIUM,13,0.9969999999999999,0.48400000000000887,-0.512999999999991
2021,São Paulo Grand Prix,SAI,4,MEDIUM,24,1.2530000000000001,0.8299999999999983,-0.4230000000000018
2021,São Paulo Grand Prix,SAI,5,HARD,17,0.38400000000000034,0.4370000000000118,0.05300000000001148
2021,São Paulo Grand Prix,STR,3,MEDIUM,9,1.5060000000000002,0.8559999999999945,-0.6500000000000057
2021,São Paulo Grand Prix,STR,4,HARD,22,0.038000000000010914,0.8460000000000036,0.8079999999999927
2021,São Paulo Grand Prix,TSU,5,HARD,25,2.5900000000000034,1.8210000000000122,-0.7689999999999912
2021,São Paulo Grand Prix,TSU,6,HARD,30,0.9230000000000018,1.1730000000000018,0.25
2021,São Paulo Grand Prix,VER,3,MEDIUM,14,0.26300000000000523,0.5970000000000084,0.3340000000000032
2021,São Paulo Grand Prix,VER,4,HARD,9,0.015000000000000568,0.5529999999999973,0.5379999999999967
2021,São Paulo Grand Prix,VER,5,HARD,29,0.47699999999998965,1.9209999999999923,1.4440000000000026
2021,São Paulo Grand Prix,VET,3,MEDIUM,15,0.6530000000000058,0.7109999999999985,0.057999999999992724
2021,São Paulo Grand Prix,VET,4,HARD,24,0.5249999999999915,0.25899999999998613,-0.26600000000000534
2021,São Paulo Grand Prix,VET,5,MEDIUM,14,0.39000000000000057,0.19899999999999807,-0.1910000000000025
2021,Spanish Grand Prix,ALO,1,SOFT,15,0.7319999999999993,0.3650000000000091,-0.3669999999999902
2021,Spanish Grand Prix,ALO,2,MEDIUM,38,0.027999999999991587,1.847999999999999,1.8200000000000074
2021,Spanish Grand Prix,BOT,1,SOFT,18,0.492999999999995,0.14100000000000534,-0.35199999999998965
2021,Spanish Grand Prix,BOT,2,MEDIUM,28,1.0010000000000048,1.4930000000000092,0.49200000000000443
2021,Spanish Grand Prix,BOT,3,SOFT,12,0.8119999999999976,1.2019999999999982,0.39000000000000057
2021,Spanish Grand Prix,GAS,1,SOFT,13,0.9869999999999948,0.4230000000000018,-0.563999999999993
2021,Spanish Grand Prix,GAS,2,MEDIUM,27,0.03499999999999659,1.093999999999994,1.0589999999999975
2021,Spanish Grand Prix,GAS,3,SOFT,17,0.12099999999999511,0.028999999999996362,-0.09199999999999875
2021,Spanish Grand Prix,GIO,1,SOFT,6,1.034000000000006,0.14300000000000068,-0.8910000000000053
2021,Spanish Grand Prix,GIO,2,MEDIUM,28,0.1629999999999967,1.0289999999999964,0.8659999999999997
2021,Spanish Grand Prix,GIO,3,SOFT,25,0.20199999999999818,1.093999999999994,0.8919999999999959
2021,Spanish Grand Prix,HAM,1,SOFT,23,0.48699999999999477,0.34600000000000364,-0.14099999999999113
2021,Spanish Grand Prix,HAM,2,MEDIUM,12,0.07200000000000273,0.5740000000000123,0.5020000000000095
2021,Spanish Grand Prix,HAM,3,MEDIUM,23,0.06499999999999773,1.3199999999999932,1.2549999999999955
2021,Spanish Grand Prix,LAT,1,SOFT,6,1.1569999999999965,0.2389999999999901,-0.9180000000000064
2021,Spanish Grand Prix,LAT,2,MEDIUM,16,2.432000000000002,0.14399999999999125,-2.288000000000011
2021,Spanish Grand Prix,LAT,3,MEDIUM,21,0.5440000000000111,3.432000000000002,2.887999999999991
2021,Spanish Grand Prix,LAT,4,SOFT,14,0.2219999999999942,0.05499999999999261,-0.1670000000000016
2021,Spanish Grand Prix,LEC,1,SOFT,23,0.6610000000000014,0.777000000000001,0.11599999999999966
2021,Spanish Grand Prix,LEC,2,MEDIUM,28,0.5130000000000052,0.6700000000000017,0.15699999999999648
2021,Spanish Grand Prix,LEC,3,SOFT,7,0.5969999999999942,2.0420000000000016,1.4450000000000074
2021,Spanish Grand Prix,MAZ,1,SOFT,16,0.9410000000000025,0.25900000000000034,-0.6820000000000022
2021,Spanish Grand Prix,MAZ,2,MEDIUM,18,0.42199999999999704,1.0729999999999933,0.6509999999999962
2021,Spanish Grand Prix,MAZ,3,MEDIUM,21,0.35199999999998965,0.6989999999999981,0.3470000000000084
2021,Spanish Grand Prix,MSC,1,SOFT,18,0.9630000000000081,0.30299999999999727,-0.6600000000000108
2021,Spanish Grand Prix,MSC,2,MEDIUM,25,0.45999999999999375,0.7689999999999912,0.3089999999999975
2021,Spanish Grand Prix,MSC,3,MEDIUM,13,0.11499999999999488,0.9479999999999933,0.8329999999999984
2021,Spanish Grand Prix,NOR,1,SOFT,18,1.2609999999999957,0.2980000000000018,-0.9629999999999939
2021,Spanish Grand Prix,NOR,2,MEDIUM,26,1.2379999999999995,1.6069999999999993,0.3689999999999998
2021,Spanish Grand Prix,NOR,3,SOFT,13,2.024000000000001,1.8200000000000074,-0.20399999999999352
2021,Spanish Grand Prix,OCO,1,SOFT,18,0.7870000000000061,0.7180000000000035,-0.06900000000000261
2021,Spanish Grand Prix,OCO,2,MEDIUM,41,0.8109999999999928,3.2819999999999965,2.4710000000000036
2021,Spanish Grand Prix,PER,1,SOFT,22,1.1839999999999975,0.9189999999999969,-0.26500000000000057
2021,Spanish Grand Prix,PER,2,MEDIUM,28,0.2580000000000098,0.8070000000000022,0.5489999999999924
2021,Spanish Grand Prix,PER,3,SOFT,8,2.1850000000000023,1.9249999999999972,-0.2600000000000051
2021,Spanish Grand Prix,RAI,1,MEDIUM,32,1.7860000000000014,1.475999999999999,-0.3100000000000023
2021,Spanish Grand Prix,RAI,2,SOFT,27,0.5760000000000076,0.23400000000000887,-0.34199999999999875
2021,Spanish Grand Prix,RIC,1,SOFT,20,0.4680000000000035,0.33499999999999375,-0.13300000000000978
2021,Spanish Grand Prix,RIC,2,MEDIUM,19,0.36299999999999955,0.3499999999999943,-0.01300000000000523
2021,Spanish Grand Prix,RIC,3,SOFT,19,0.7270000000000039,0.585000000000008,-0.1419999999999959
2021,Spanish Grand Prix,RUS,1,SOFT,6,0.9740000000000038,0.049000000000006594,-0.9249999999999972
2021,Spanish Grand Prix,RUS,2,MEDIUM,17,1.7509999999999906,0.013999999999995794,-1.7369999999999948
2021,Spanish Grand Prix,RUS,3,MEDIUM,36,0.4230000000000018,2.5859999999999985,2.1629999999999967
2021,Spanish Grand Prix,SAI,1,SOFT,17,0.7890000000000015,0.5170000000000101,-0.27199999999999136
2021,Spanish Grand Prix,SAI,2,MEDIUM,22,1.5150000000000006,0.6970000000000027,-0.8179999999999978
2021,Spanish Grand Prix,SAI,3,SOFT,19,0.527000000000001,0.7789999999999964,0.25199999999999534
2021,Spanish Grand Prix,STR,1,SOFT,17,1.0130000000000052,0.07800000000000296,-0.9350000000000023
2021,Spanish Grand Prix,STR,2,MEDIUM,15,0.5880000000000081,0.9639999999999986,0.37599999999999056
2021,Spanish Grand Prix,STR,3,SOFT,24,0.632000000000005,0.5700000000000074,-0.06199999999999761
2021,Spanish Grand Prix,VER,1,SOFT,19,0.24099999999999966,0.5040000000000049,0.26300000000000523
2021,Spanish Grand Prix,VER,2,MEDIUM,34,0.7600000000000051,1.1350000000000051,0.375
2021,Spanish Grand Prix,VET,1,SOFT,16,1.168999999999997,0.5889999999999986,-0.5799999999999983
2021,Spanish Grand Prix,VET,2,MEDIUM,15,0.27599999999999625,1.0879999999999939,0.8119999999999976
2021,Spanish Grand Prix,VET,3,SOFT,26,0.4440000000000026,0.6990000000000123,0.25500000000000966
2021,Styrian Grand Prix,ALO,1,SOFT,25,1.054000000000002,0.375,-0.679000000000002
2021,Styrian Grand Prix,ALO,2,HARD,42,0.5600000000000023,0.8850000000000051,0.32500000000000284
2021,Styrian Grand Prix,BOT,1,MEDIUM,25,1.5480000000000018,0.4239999999999924,-1.1240000000000094
2021,Styrian Grand Prix,BOT,2,HARD,43,0.617999999999995,1.2950000000000017,0.6770000000000067
2021,Styrian Grand Prix,GIO,1,MEDIUM,21,1.6620000000000061,0.3269999999999982,-1.335000000000008
2021,Styrian Grand Prix,GIO,2,HARD,46,0.7279999999999944,0.9060000000000059,0.17800000000001148
2021,Styrian Grand Prix,HAM,1,MEDIUM,25,0.43200000000000216,0.6209999999999951,0.18899999999999295
2021,Styrian Grand Prix,HAM,2,HARD,37,0.7830000000000013,1.4030000000000058,0.6200000000000045
2021,Styrian Grand Prix,LAT,2,SOFT,22,0.20000000000000284,1.1839999999999975,0.9839999999999947
2021,Styrian Grand Prix,LAT,3,HARD,42,4.457999999999998,0.730000000000004,-3.7279999999999944
2021,Styrian Grand Prix,LEC,2,HARD,34,0.06799999999999784,0.6239999999999952,0.5559999999999974
2021,Styrian Grand Prix,LEC,3,MEDIUM,28,0.5250000000000057,0.0730000000000075,-0.4519999999999982
2021,Styrian Grand Prix,MAZ,1,MEDIUM,19,1.4789999999999992,0.6650000000000063,-0.813999999999993
2021,Styrian Grand Prix,MAZ,2,HARD,45,1.085000000000008,0.9250000000000114,-0.1599999999999966
2021,Styrian Grand Prix,MSC,1,MEDIUM,31,2.6430000000000007,1.2480000000000047,-1.394999999999996
2021,Styrian Grand Prix,MSC,2,HARD,35,0.38900000000001,2.8689999999999998,2.4799999999999898
2021,Styrian Grand Prix,NOR,1,SOFT,27,0.12600000000000477,0.42600000000000193,0.29999999999999716
2021,Styrian Grand Prix,NOR,2,HARD,38,1.1129999999999995,0.41499999999999204,-0.6980000000000075
2021,Styrian Grand Prix,OCO,1,MEDIUM,34,1.941999999999993,0.28600000000000136,-1.6559999999999917
2021,Styrian Grand Prix,OCO,2,HARD,33,0.18000000000000682,0.17100000000000648,-0.009000000000000341
2021,Styrian Grand Prix,PER,1,SOFT,24,0.828000000000003,0.5349999999999966,-0.29300000000000637
2021,Styrian Grand Prix,PER,2,HARD,26,0.9170000000000016,0.7390000000000043,-0.17799999999999727
2021,Styrian Grand Prix,PER,3,MEDIUM,16,0.15500000000000114,0.9779999999999944,0.8229999999999933
2021,Styrian Grand Prix,RAI,1,HARD,34,1.9230000000000018,0.14799999999999613,-1.7750000000000057
2021,Styrian Grand Prix,RAI,2,MEDIUM,31,0.6979999999999933,0.828000000000003,0.13000000000000966
2021,Styrian Grand Prix,RIC,1,MEDIUM,39,1.850999999999999,0.19299999999999784,-1.6580000000000013
2021,Styrian Grand Prix,RIC,2,HARD,28,0.4159999999999968,1.161999999999992,0.7459999999999951
2021,Styrian Grand Prix,RUS,1,MEDIUM,23,0.909000000000006,0.0589999999999975,-0.8500000000000085
2021,Styrian Grand Prix,RUS,3,HARD,8,0.09700000000000841,0.5100000000000051,0.4129999999999967
2021,Styrian Grand Prix,SAI,1,MEDIUM,39,2.64200000000001,0.3930000000000007,-2.2490000000000094
2021,Styrian Grand Prix,SAI,2,HARD,28,0.9740000000000038,0.3470000000000084,-0.6269999999999953
2021,Styrian Grand Prix,STR,1,SOFT,22,0.4030000000000058,0.25799999999999557,-0.14500000000001023
2021,Styrian Grand Prix,STR,2,HARD,39,0.40099999999999625,0.262999999999991,-0.13800000000000523
2021,Styrian Grand Prix,TSU,1,SOFT,24,1.0349999999999966,0.3819999999999908,-0.6530000000000058
2021,Styrian Grand Prix,TSU,2,HARD,41,0.8279999999999887,0.17099999999999227,-0.6569999999999965
2021,Styrian Grand Prix,VER,1,MEDIUM,27,0.27000000000001023,0.2880000000000109,0.018000000000000682
2021,Styrian Grand Prix,VER,2,HARD,41,1.024000000000001,1.284000000000006,0.2600000000000051
2021,Styrian Grand Prix,VET,1,MEDIUM,25,1.2970000000000113,0.409000000000006,-0.8880000000000052
2021,Styrian Grand Prix,VET,2,HARD,40,0.41200000000000614,1.0919999999999987,0.6799999999999926
2021,Turkish Grand Prix,ALO,1,INTERMEDIATE,28,3.3260000000000076,1.1509999999999962,-2.1750000000000114
2021,Turkish Grand Prix,ALO,2,INTERMEDIATE,26,2.0940000000000083,0.8190000000000026,-1.2750000000000057
2021,Turkish Grand Prix,BOT,1,INTERMEDIATE,35,1.3469999999999942,0.8730000000000047,-0.47399999999998954
2021,Turkish Grand Prix,BOT,2,INTERMEDIATE,20,3.516999999999996,0.590999999999994,-2.926000000000002
2021,Turkish Grand Prix,GAS,1,INTERMEDIATE,37,1.882000000000005,0.8920000000000101,-0.9899999999999949
2021,Turkish Grand Prix,GAS,2,INTERMEDIATE,18,1.1890000000000072,1.0150000000000006,-0.1740000000000066
2021,Turkish Grand Prix,GIO,1,INTERMEDIATE,38,2.5319999999999965,1.0949999999999989,-1.4369999999999976
2021,Turkish Grand Prix,GIO,2,INTERMEDIATE,16,2.314000000000007,1.1510000000000105,-1.1629999999999967
2021,Turkish Grand Prix,HAM,1,INTERMEDIATE,48,3.296999999999997,1.688999999999993,-1.608000000000004
2021,Turkish Grand Prix,HAM,2,INTERMEDIATE,7,2.4599999999999937,0.3049999999999926,-2.155000000000001
2021,Turkish Grand Prix,LAT,1,INTERMEDIATE,32,1.956000000000003,1.725999999999999,-0.23000000000000398
2021,Turkish Grand Prix,LAT,2,INTERMEDIATE,22,1.990000000000009,0.8329999999999984,-1.1570000000000107
2021,Turkish Grand Prix,LEC,1,INTERMEDIATE,45,1.815000000000012,2.7700000000000102,0.9549999999999983
2021,Turkish Grand Prix,LEC,2,INTERMEDIATE,10,1.8689999999999998,0.015000000000000568,-1.8539999999999992
2021,Turkish Grand Prix,MAZ,1,INTERMEDIATE,33,2.0999999999999943,2.5589999999999975,0.4590000000000032
2021,Turkish Grand Prix,MAZ,2,INTERMEDIATE,20,1.5339999999999918,4.866,3.332000000000008
2021,Turkish Grand Prix,MSC,1,INTERMEDIATE,37,2.332000000000008,0.3260000000000076,-2.0060000000000002
2021,Turkish Grand Prix,MSC,2,INTERMEDIATE,16,3.1499999999999915,3.7069999999999936,0.5570000000000022
2021,Turkish Grand Prix,NOR,1,INTERMEDIATE,32,2.548000000000002,1.6350000000000051,-0.9129999999999967
2021,Turkish Grand Prix,NOR,2,INTERMEDIATE,23,2.120999999999995,1.75,-0.3709999999999951
2021,Turkish Grand Prix,OCO,1,INTERMEDIATE,56,2.5519999999999925,2.6869999999999976,0.13500000000000512
2021,Turkish Grand Prix,PER,1,INTERMEDIATE,35,1.840999999999994,3.6580000000000013,1.8170000000000073
2021,Turkish Grand Prix,PER,2,INTERMEDIATE,20,1.5930000000000035,0.742999999999995,-0.8500000000000085
2021,Turkish Grand Prix,RAI,1,INTERMEDIATE,35,2.3870000000000005,2.5900000000000034,0.20300000000000296
2021,Turkish Grand Prix,RAI,2,INTERMEDIATE,19,2.361000000000004,3.4849999999999994,1.1239999999999952
2021,Turkish Grand Prix,RIC,1,INTERMEDIATE,19,2.5779999999999887,0.2539999999999907,-2.323999999999998
2021,Turkish Grand Prix,RIC,2,INTERMEDIATE,35,1.2480000000000047,4.3700000000000045,3.122
2021,Turkish Grand Prix,RUS,1,INTERMEDIATE,33,3.037000000000006,1.9500000000000028,-1.0870000000000033
2021,Turkish Grand Prix,RUS,2,INTERMEDIATE,21,2.587999999999994,0.4399999999999977,-2.147999999999996
2021,Turkish Grand Prix,SAI,1,INTERMEDIATE,34,4.094999999999999,2.0889999999999986,-2.0060000000000002
2021,Turkish Grand Prix,SAI,2,INTERMEDIATE,21,3.211999999999989,0.9819999999999993,-2.2299999999999898
2021,Turkish Grand Prix,STR,1,INTERMEDIATE,37,2.740000000000009,1.5,-1.240000000000009
2021,Turkish Grand Prix,STR,2,INTERMEDIATE,18,3.450000000000003,0.04999999999999716,-3.4000000000000057
2021,Turkish Grand Prix,TSU,1,INTERMEDIATE,33,1.7439999999999998,2.9950000000000045,1.2510000000000048
2021,Turkish Grand Prix,TSU,2,INTERMEDIATE,21,2.396000000000001,0.6210000000000093,-1.7749999999999915
2021,Turkish Grand Prix,VER,1,INTERMEDIATE,34,1.3940000000000055,1.3320000000000078,-0.06199999999999761
2021,Turkish Grand Prix,VER,2,INTERMEDIATE,21,2.1740000000000066,1.2909999999999968,-0.8830000000000098
2021,Turkish Grand Prix,VET,1,INTERMEDIATE,34,2.1300000000000097,1.112000000000009,-1.0180000000000007
2021,Turkish Grand Prix,VET,3,INTERMEDIATE,19,1.914999999999992,0.1319999999999908,-1.7830000000000013
2021,United States Grand Prix,ALO,2,HARD,18,0.29699999999999704,0.1740000000000066,-0.12299999999999045
2021,United States Grand Prix,ALO,3,HARD,9,0.487000000000009,0.710000000000008,0.22299999999999898
2021,United States Grand Prix,ALO,4,MEDIUM,8,0.43200000000000216,0.25900000000000034,-0.17300000000000182
2021,United States Grand Prix,BOT,1,MEDIUM,13,2.86099999999999,0.8159999999999883,-2.0450000000000017
2021,United States Grand Prix,BOT,2,HARD,16,1.391999999999996,0.07699999999999818,-1.3149999999999977
2021,United States Grand Prix,BOT,3,HARD,21,0.0689999999999884,0.6580000000000013,0.5890000000000128
2021,United States Grand Prix,GAS,1,MEDIUM,8,0.0519999999999925,1.2009999999999934,1.149000000000001
2021,United States Grand Prix,GIO,1,MEDIUM,6,0.8340000000000032,0.132000000000005,-0.7019999999999982
2021,United States Grand Prix,GIO,2,MEDIUM,16,0.09299999999998931,0.8119999999999976,0.7190000000000083
2021,United States Grand Prix,GIO,3,HARD,27,0.487000000000009,1.6600000000000108,1.1730000000000018
2021,United States Grand Prix,HAM,1,MEDIUM,11,0.17900000000000205,0.7510000000000048,0.5720000000000027
2021,United States Grand Prix,HAM,2,HARD,21,0.7270000000000039,1.2920000000000016,0.5649999999999977
2021,United States Grand Prix,HAM,3,HARD,18,1.183000000000007,1.4770000000000039,0.29399999999999693
2021,United States Grand Prix,LAT,2,HARD,18,0.0759999999999934,1.2319999999999993,1.156000000000006
2021,United States Grand Prix,LAT,3,HARD,27,0.9420000000000073,2.2930000000000064,1.350999999999999
2021,United States Grand Prix,LEC,1,MEDIUM,10,0.8200000000000074,0.21800000000000352,-0.6020000000000039
2021,United States Grand Prix,LEC,2,HARD,16,0.695999999999998,1.3129999999999882,0.6169999999999902
2021,United States Grand Prix,LEC,3,HARD,23,0.8810000000000002,2.609000000000009,1.7280000000000086
2021,United States Grand Prix,MAZ,2,HARD,20,0.9080000000000013,3.703000000000003,2.7950000000000017
2021,United States Grand Prix,MAZ,3,MEDIUM,9,0.6189999999999998,0.24899999999999523,-0.37000000000000455
2021,United States Grand Prix,MAZ,4,MEDIUM,15,0.12700000000000955,1.7940000000000111,1.6670000000000016
2021,United States Grand Prix,MSC,1,MEDIUM,9,1.0250000000000057,0.2330000000000041,-0.7920000000000016
2021,United States Grand Prix,MSC,2,HARD,19,0.35999999999999943,0.8140000000000072,0.45400000000000773
2021,United States Grand Prix,MSC,3,MEDIUM,18,0.416000000000011,1.980000000000004,1.563999999999993
2021,United States Grand Prix,NOR,1,MEDIUM,8,0.7379999999999995,0.8980000000000103,0.1600000000000108
2021,United States Grand Prix,NOR,2,HARD,17,1.0189999999999912,0.9169999999999874,-0.10200000000000387
2021,United States Grand Prix,NOR,3,HARD,25,0.9560000000000031,1.8070000000000022,0.8509999999999991
2021,United States Grand Prix,OCO,2,HARD,19,0.5910000000000082,1.2050000000000125,0.6140000000000043
2021,United States Grand Prix,OCO,3,MEDIUM,12,0.2330000000000041,0.5109999999999957,0.2779999999999916
2021,United States Grand Prix,PER,1,MEDIUM,10,0.015000000000000568,0.8079999999999927,0.7929999999999922
2021,United States Grand Prix,PER,2,MEDIUM,14,0.6019999999999897,1.3349999999999937,0.7330000000000041
2021,United States Grand Prix,PER,3,HARD,25,0.4590000000000032,1.730000000000004,1.2710000000000008
2021,United States Grand Prix,RAI,1,MEDIUM,10,2.094999999999999,0.16100000000000136,-1.9339999999999975
2021,United States Grand Prix,RAI,2,MEDIUM,15,1.5049999999999955,0.7000000000000028,-0.8049999999999926
2021,United States Grand Prix,RAI,3,HARD,20,0.671999999999997,5.975999999999999,5.304000000000002
2021,United States Grand Prix,RIC,1,MEDIUM,9,0.4240000000000066,0.4410000000000025,0.016999999999995907
2021,United States Grand Prix,RIC,2,HARD,16,0.4969999999999999,0.1010000000000133,-0.3959999999999866
2021,United States Grand Prix,RIC,3,HARD,25,0.972999999999999,1.1020000000000039,0.1290000000000049
2021,United States Grand Prix,RUS,1,MEDIUM,7,1.9789999999999992,0.5,-1.4789999999999992
2021,United States Grand Prix,RUS,2,HARD,18,0.41499999999999204,1.5349999999999966,1.1200000000000045
2021,United States Grand Prix,RUS,3,HARD,22,0.7569999999999908,2.2299999999999898,1.472999999999999
2021,United States Grand Prix,SAI,1,SOFT,9,1.0090000000000003,0.2540000000000049,-0.7549999999999955
2021,United States Grand Prix,SAI,2,HARD,15,0.4749999999999943,0.887999999999991,0.4129999999999967
2021,United States Grand Prix,SAI,3,HARD,26,1.0300000000000011,2.3130000000000024,1.2830000000000013
2021,United States Grand Prix,STR,1,MEDIUM,16,2.396000000000001,0.7569999999999908,-1.63900000000001
2021,United States Grand Prix,STR,2,MEDIUM,11,0.25499999999999545,0.519999999999996,0.26500000000000057
2021,United States Grand Prix,STR,3,HARD,19,0.2890000000000015,1.426000000000002,1.1370000000000005
2021,United States Grand Prix,TSU,1,SOFT,7,0.5879999999999939,0.5300000000000011,-0.057999999999992724
2021,United States Grand Prix,TSU,2,HARD,19,0.416000000000011,0.9560000000000031,0.539999999999992
2021,United States Grand Prix,TSU,3,HARD,22,0.8730000000000047,1.2520000000000095,0.3790000000000049
2021,United States Grand Prix,VER,1,MEDIUM,7,0.21099999999999852,0.46999999999999886,0.25900000000000034
2021,United States Grand Prix,VER,2,HARD,16,0.3089999999999975,1.1129999999999995,0.804000000000002
2021,United States Grand Prix,VER,3,HARD,26,1.2590000000000003,0.7099999999999937,-0.5490000000000066
2021,United States Grand Prix,VET,1,MEDIUM,15,3.2660000000000053,0.8460000000000036,-2.4200000000000017
2021,United States Grand Prix,VET,2,MEDIUM,18,0.730000000000004,0.39700000000000557,-0.3329999999999984
2021,United States Grand Prix,VET,3,HARD,14,0.6400000000000006,1.0260000000000105,0.3860000000000099
2022,Abu Dhabi Grand Prix,ALB,1,MEDIUM,10,1.1500000000000057,0.5630000000000024,-0.5870000000000033
2022,Abu Dhabi Grand Prix,ALB,2,HARD,20,0.4480000000000075,0.527000000000001,0.07899999999999352
2022,Abu Dhabi Grand Prix,ALB,3,MEDIUM,21,0.08400000000000318,3.943000000000012,3.859000000000009
2022,Abu Dhabi Grand Prix,ALO,1,MEDIUM,16,0.07899999999999352,1.0019999999999953,0.9230000000000018
2022,Abu Dhabi Grand Prix,ALO,2,HARD,6,0.6940000000000026,0.10900000000000887,-0.5849999999999937
2022,Abu Dhabi Grand Prix,BOT,1,HARD,28,1.6820000000000022,1.4579999999999984,-0.22400000000000375
2022,Abu Dhabi Grand Prix,BOT,2,MEDIUM,26,1.0899999999999892,0.39099999999999113,-0.6989999999999981
2022,Abu Dhabi Grand Prix,GAS,1,SOFT,12,0.055999999999997385,0.7019999999999982,0.6460000000000008
2022,Abu Dhabi Grand Prix,GAS,2,HARD,38,0.2189999999999941,2.763999999999996,2.5450000000000017
2022,Abu Dhabi Grand Prix,HAM,1,MEDIUM,14,0.7479999999999905,1.722999999999999,0.9750000000000085
2022,Abu Dhabi Grand Prix,HAM,2,HARD,34,0.8760000000000048,1.0360000000000014,0.1599999999999966
2022,Abu Dhabi Grand Prix,LAT,1,MEDIUM,13,0.47700000000000387,0.777000000000001,0.29999999999999716
2022,Abu Dhabi Grand Prix,LAT,2,HARD,21,0.2639999999999958,0.6310000000000002,0.36700000000000443
2022,Abu Dhabi Grand Prix,LAT,3,MEDIUM,15,0.45400000000000773,2.4639999999999986,2.009999999999991
2022,Abu Dhabi Grand Prix,LEC,1,MEDIUM,18,0.5779999999999887,1.3219999999999885,0.7439999999999998
2022,Abu Dhabi Grand Prix,LEC,2,HARD,36,0.7460000000000093,0.31400000000000716,-0.43200000000000216
2022,Abu Dhabi Grand Prix,MAG,1,HARD,25,1.054000000000002,1.3349999999999937,0.2809999999999917
2022,Abu Dhabi Grand Prix,MAG,2,MEDIUM,27,0.3289999999999935,1.6239999999999952,1.2950000000000017
2022,Abu Dhabi Grand Prix,MSC,1,MEDIUM,11,1.7120000000000033,0.7420000000000044,-0.9699999999999989
2022,Abu Dhabi Grand Prix,MSC,2,HARD,18,0.22100000000000364,0.9030000000000058,0.6820000000000022
2022,Abu Dhabi Grand Prix,MSC,3,MEDIUM,22,1.2549999999999955,2.9240000000000066,1.6690000000000111
2022,Abu Dhabi Grand Prix,NOR,1,MEDIUM,12,0.07800000000000296,1.3259999999999934,1.2479999999999905
2022,Abu Dhabi Grand Prix,NOR,2,HARD,25,0.29999999999999716,0.6910000000000025,0.39100000000000534
2022,Abu Dhabi Grand Prix,NOR,3,MEDIUM,15,0.29699999999999704,2.539999999999992,2.242999999999995
2022,Abu Dhabi Grand Prix,OCO,1,MEDIUM,12,0.04200000000000159,1.3599999999999994,1.3179999999999978
2022,Abu Dhabi Grand Prix,OCO,2,HARD,25,0.6769999999999925,0.20900000000000318,-0.4679999999999893
2022,Abu Dhabi Grand Prix,OCO,3,HARD,16,0.036000000000001364,0.3919999999999959,0.35599999999999454
2022,Abu Dhabi Grand Prix,PER,1,MEDIUM,12,0.30699999999998795,1.134999999999991,0.828000000000003
2022,Abu Dhabi Grand Prix,PER,2,HARD,16,0.38700000000000045,0.3439999999999941,-0.043000000000006366
2022,Abu Dhabi Grand Prix,PER,3,HARD,23,0.22700000000000387,0.6009999999999991,0.3739999999999952
2022,Abu Dhabi Grand Prix,RIC,1,MEDIUM,17,0.597999999999999,1.3760000000000048,0.7780000000000058
2022,Abu Dhabi Grand Prix,RIC,2,HARD,38,0.3200000000000074,0.32900000000000773,0.009000000000000341
2022,Abu Dhabi Grand Prix,RUS,1,MEDIUM,13,0.6119999999999948,1.0879999999999939,0.4759999999999991
2022,Abu Dhabi Grand Prix,RUS,2,HARD,21,0.7109999999999985,0.5309999999999917,-0.18000000000000682
2022,Abu Dhabi Grand Prix,RUS,3,MEDIUM,18,0.20600000000000307,2.3810000000000002,2.174999999999997
2022,Abu Dhabi Grand Prix,SAI,1,MEDIUM,14,0.3019999999999925,0.8299999999999983,0.5280000000000058
2022,Abu Dhabi Grand Prix,SAI,2,HARD,19,0.4890000000000043,0.16400000000000148,-0.32500000000000284
2022,Abu Dhabi Grand Prix,SAI,3,HARD,18,0.43899999999999295,1.027000000000001,0.5880000000000081
2022,Abu Dhabi Grand Prix,STR,1,MEDIUM,11,0.0870000000000033,0.9300000000000068,0.8430000000000035
2022,Abu Dhabi Grand Prix,STR,2,HARD,24,0.31399999999999295,0.2609999999999957,-0.05299999999999727
2022,Abu Dhabi Grand Prix,STR,3,MEDIUM,16,0.23699999999999477,1.7099999999999937,1.472999999999999
2022,Abu Dhabi Grand Prix,TSU,1,MEDIUM,12,0.18500000000000227,1.0430000000000064,0.8580000000000041
2022,Abu Dhabi Grand Prix,TSU,2,HARD,22,0.3469999999999942,0.257000000000005,-0.0899999999999892
2022,Abu Dhabi Grand Prix,TSU,3,SOFT,19,0.27299999999999613,2.551000000000002,2.278000000000006
2022,Abu Dhabi Grand Prix,VER,1,MEDIUM,18,0.3999999999999915,1.6299999999999955,1.230000000000004
2022,Abu Dhabi Grand Prix,VER,2,HARD,37,1.2790000000000106,0.4519999999999982,-0.8270000000000124
2022,Abu Dhabi Grand Prix,VET,1,MEDIUM,21,0.049000000000006594,1.842000000000013,1.7930000000000064
2022,Abu Dhabi Grand Prix,VET,2,HARD,32,0.5720000000000027,0.9150000000000063,0.3430000000000035
2022,Abu Dhabi Grand Prix,ZHO,1,MEDIUM,13,0.8810000000000002,1.0529999999999973,0.17199999999999704
2022,Abu Dhabi Grand Prix,ZHO,2,HARD,26,0.0519999999999925,0.7710000000000008,0.7190000000000083
2022,Abu Dhabi Grand Prix,ZHO,3,SOFT,12,1.3250000000000028,2.7150000000000034,1.3900000000000006
2022,Australian Grand Prix,ALB,1,HARD,45,5.628,0.06900000000000261,-5.5589999999999975
2022,Australian Grand Prix,ALO,1,HARD,29,2.9180000000000064,0.16899999999999693,-2.7490000000000094
2022,Australian Grand Prix,ALO,2,MEDIUM,12,0.24099999999999966,1.7980000000000018,1.5570000000000022
2022,Australian Grand Prix,BOT,1,MEDIUM,16,2.3400000000000034,1.122000000000014,-1.2179999999999893
2022,Australian Grand Prix,BOT,2,HARD,30,5.328000000000003,0.5499999999999972,-4.778000000000006
2022,Australian Grand Prix,GAS,1,MEDIUM,15,1.3089999999999975,0.5960000000000036,-0.7129999999999939
2022,Australian Grand Prix,GAS,2,HARD,30,4.097000000000008,0.5710000000000122,-3.5259999999999962
2022,Australian Grand Prix,HAM,1,MEDIUM,16,0.6829999999999927,0.24899999999999523,-0.4339999999999975
2022,Australian Grand Prix,HAM,2,HARD,30,3.156000000000006,0.6400000000000006,-2.5160000000000053
2022,Australian Grand Prix,LAT,1,MEDIUM,7,2.0659999999999883,1.3829999999999956,-0.6829999999999927
2022,Australian Grand Prix,LAT,2,HARD,8,0.36299999999999955,0.2920000000000016,-0.07099999999999795
2022,Australian Grand Prix,LAT,3,HARD,29,2.6089999999999947,0.3199999999999932,-2.2890000000000015
2022,Australian Grand Prix,LEC,1,MEDIUM,16,0.6319999999999908,0.7360000000000042,0.10400000000001342
2022,Australian Grand Prix,LEC,2,HARD,30,3.2719999999999914,1.3689999999999998,-1.9029999999999916
2022,Australian Grand Prix,MAG,1,HARD,29,3.076999999999998,0.12999999999999545,-2.9470000000000027
2022,Australian Grand Prix,MAG,2,MEDIUM,17,0.26300000000000523,1.2139999999999986,0.9509999999999934
2022,Australian Grand Prix,MSC,1,MEDIUM,8,2.358000000000004,1.5480000000000018,-0.8100000000000023
2022,Australian Grand Prix,MSC,2,HARD,36,1.5120000000000005,0.33199999999999363,-1.1800000000000068
2022,Australian Grand Prix,NOR,1,MEDIUM,14,0.9349999999999881,0.30999999999998806,-0.625
2022,Australian Grand Prix,NOR,2,HARD,31,3.5799999999999983,2.495999999999995,-1.0840000000000032
2022,Australian Grand Prix,OCO,1,MEDIUM,11,1.0559999999999974,0.6629999999999967,-0.3930000000000007
2022,Australian Grand Prix,OCO,2,HARD,34,2.038000000000011,0.5900000000000034,-1.4480000000000075
2022,Australian Grand Prix,PER,1,MEDIUM,14,0.8310000000000031,0.972999999999999,0.1419999999999959
2022,Australian Grand Prix,PER,2,HARD,31,3.7379999999999995,0.5960000000000036,-3.141999999999996
2022,Australian Grand Prix,RIC,1,MEDIUM,15,1.1020000000000039,0.40800000000000125,-0.6940000000000026
2022,Australian Grand Prix,RIC,2,HARD,30,3.430000000000007,0.3030000000000115,-3.1269999999999953
2022,Australian Grand Prix,RUS,1,MEDIUM,17,0.9540000000000077,0.16400000000000148,-0.7900000000000063
2022,Australian Grand Prix,RUS,2,HARD,30,3.0249999999999915,0.44299999999999784,-2.5819999999999936
2022,Australian Grand Prix,STR,3,HARD,16,1.6180000000000092,0.6000000000000085,-1.0180000000000007
2022,Australian Grand Prix,STR,4,HARD,30,2.129000000000005,0.867999999999995,-1.26100000000001
2022,Australian Grand Prix,TSU,1,MEDIUM,12,1.9710000000000036,1.0840000000000032,-0.8870000000000005
2022,Australian Grand Prix,TSU,2,HARD,32,1.6370000000000005,0.4660000000000082,-1.1709999999999923
2022,Australian Grand Prix,VER,1,MEDIUM,12,0.4129999999999967,0.8019999999999925,0.3889999999999958
2022,Australian Grand Prix,VER,2,HARD,15,1.4519999999999982,0.657999999999987,-0.7940000000000111
2022,Australian Grand Prix,VET,1,HARD,17,2.0050000000000097,0.3160000000000025,-1.6890000000000072
2022,Australian Grand Prix,ZHO,1,MEDIUM,15,2.361000000000004,1.561000000000007,-0.7999999999999972
2022,Australian Grand Prix,ZHO,2,HARD,30,3.378,0.35200000000000387,-3.0259999999999962
2022,Austrian Grand Prix,ALB,1,MEDIUM,9,0.24899999999999523,0.19899999999999807,-0.04999999999999716
2022,Austrian Grand Prix,ALB,2,HARD,26,0.2750000000000057,1.3370000000000033,1.0619999999999976
2022,Austrian Grand Prix,ALO,1,HARD,25,0.5900000000000034,0.8589999999999947,0.26899999999999125
2022,Austrian Grand Prix,ALO,2,HARD,28,0.5589999999999975,0.41100000000000136,-0.14799999999999613
2022,Austrian Grand Prix,ALO,4,MEDIUM,11,0.10699999999999932,0.6709999999999923,0.563999999999993
2022,Austrian Grand Prix,BOT,2,HARD,31,0.10200000000000387,1.570999999999998,1.468999999999994
2022,Austrian Grand Prix,GAS,1,MEDIUM,9,0.45400000000000773,0.5499999999999972,0.09599999999998943
2022,Austrian Grand Prix,GAS,2,HARD,21,0.17200000000001125,1.4120000000000061,1.2399999999999949
2022,Austrian Grand Prix,HAM,1,MEDIUM,23,0.6989999999999981,0.6200000000000045,-0.07899999999999352
2022,Austrian Grand Prix,HAM,2,HARD,19,0.3859999999999957,0.6940000000000026,0.30800000000000693
2022,Austrian Grand Prix,LAT,1,MEDIUM,9,0.2530000000000001,0.3499999999999943,0.0969999999999942
2022,Austrian Grand Prix,LAT,2,HARD,21,0.26300000000000523,2.0930000000000035,1.8299999999999983
2022,Austrian Grand Prix,LEC,1,MEDIUM,21,0.21000000000000796,1.4150000000000063,1.2049999999999983
2022,Austrian Grand Prix,LEC,2,HARD,21,0.49500000000000455,1.6000000000000085,1.105000000000004
2022,Austrian Grand Prix,LEC,4,MEDIUM,11,0.23099999999999454,1.25,1.0190000000000055
2022,Austrian Grand Prix,MAG,1,MEDIUM,13,0.18600000000000705,1.105000000000004,0.9189999999999969
2022,Austrian Grand Prix,MAG,2,HARD,21,0.22299999999999898,1.3979999999999961,1.1749999999999972
2022,Austrian Grand Prix,MSC,1,MEDIUM,11,0.472999999999999,1.0180000000000007,0.5450000000000017
2022,Austrian Grand Prix,MSC,2,HARD,25,0.20199999999999818,1.3070000000000022,1.105000000000004
2022,Austrian Grand Prix,NOR,1,MEDIUM,8,0.39399999999999125,0.37299999999999045,-0.021000000000000796
2022,Austrian Grand Prix,NOR,2,HARD,24,0.16699999999998738,1.3219999999999885,1.1550000000000011
2022,Austrian Grand Prix,OCO,1,MEDIUM,14,0.12099999999999511,0.5879999999999939,0.46699999999999875
2022,Austrian Grand Prix,OCO,2,HARD,26,0.03700000000000614,0.804000000000002,0.7669999999999959
2022,Austrian Grand Prix,PER,2,HARD,19,0.01099999999999568,1.6970000000000027,1.686000000000007
2022,Austrian Grand Prix,RIC,1,MEDIUM,10,0.07099999999999795,0.42199999999999704,0.3509999999999991
2022,Austrian Grand Prix,RIC,2,HARD,28,0.5519999999999925,1.4279999999999973,0.8760000000000048
2022,Austrian Grand Prix,RUS,1,MEDIUM,9,0.2890000000000015,0.38000000000000966,0.09100000000000819
2022,Austrian Grand Prix,RUS,2,HARD,27,0.03900000000000148,1.2780000000000058,1.2390000000000043
2022,Austrian Grand Prix,RUS,3,UNKNOWN,27,1.331000000000003,0.5099999999999909,-0.8210000000000122
2022,Austrian Grand Prix,SAI,1,MEDIUM,22,0.06100000000000705,0.9420000000000073,0.8810000000000002
2022,Austrian Grand Prix,SAI,2,HARD,20,0.22099999999998943,0.6670000000000016,0.44600000000001216
2022,Austrian Grand Prix,STR,1,MEDIUM,25,0.41500000000000625,0.8310000000000031,0.4159999999999968
2022,Austrian Grand Prix,STR,2,HARD,17,0.125,1.333999999999989,1.208999999999989
2022,Austrian Grand Prix,STR,3,MEDIUM,16,0.32500000000000284,0.3049999999999926,-0.020000000000010232
2022,Austrian Grand Prix,TSU,1,HARD,21,0.3580000000000041,0.6749999999999972,0.31699999999999307
2022,Austrian Grand Prix,TSU,2,MEDIUM,18,0.41200000000000614,0.9749999999999943,0.5629999999999882
2022,Austrian Grand Prix,VER,1,MEDIUM,10,0.03700000000000614,0.7900000000000063,0.7530000000000001
2022,Austrian Grand Prix,VER,2,HARD,19,0.5150000000000006,1.343999999999994,0.8289999999999935
2022,Austrian Grand Prix,VER,3,HARD,20,0.4099999999999966,0.6170000000000044,0.20700000000000784
2022,Austrian Grand Prix,VET,1,HARD,16,0.8969999999999914,0.46699999999999875,-0.4299999999999926
2022,Austrian Grand Prix,VET,2,MEDIUM,20,0.6509999999999962,1.2819999999999965,0.6310000000000002
2022,Austrian Grand Prix,ZHO,1,HARD,18,0.3889999999999958,0.8220000000000027,0.43300000000000693
2022,Austrian Grand Prix,ZHO,2,HARD,18,0.7259999999999991,1.2879999999999967,0.5619999999999976
2022,Azerbaijan Grand Prix,ALB,1,MEDIUM,7,0.6230000000000047,0.6170000000000044,-0.006000000000000227
2022,Azerbaijan Grand Prix,ALB,2,HARD,18,0.12699999999999534,1.0379999999999967,0.9110000000000014
2022,Azerbaijan Grand Prix,ALB,3,HARD,17,0.5870000000000033,0.20400000000000773,-0.38299999999999557
2022,Azerbaijan Grand Prix,ALO,1,MEDIUM,14,1.0390000000000015,1.2630000000000052,0.22400000000000375
2022,Azerbaijan Grand Prix,ALO,2,HARD,30,2.0279999999999916,0.3429999999999893,-1.6850000000000023
2022,Azerbaijan Grand Prix,BOT,1,HARD,29,3.0520000000000067,1.6640000000000015,-1.3880000000000052
2022,Azerbaijan Grand Prix,BOT,2,MEDIUM,16,1.3780000000000001,0.35299999999999443,-1.0250000000000057
2022,Azerbaijan Grand Prix,GAS,1,MEDIUM,7,0.1490000000000009,0.382000000000005,0.2330000000000041
2022,Azerbaijan Grand Prix,GAS,2,HARD,38,1.6089999999999947,0.4239999999999924,-1.1850000000000023
2022,Azerbaijan Grand Prix,HAM,1,MEDIUM,7,0.29699999999999704,1.1659999999999968,0.8689999999999998
2022,Azerbaijan Grand Prix,HAM,2,HARD,22,1.8530000000000086,0.10999999999999943,-1.7430000000000092
2022,Azerbaijan Grand Prix,HAM,3,HARD,16,0.6210000000000093,1.3329999999999984,0.7119999999999891
2022,Azerbaijan Grand Prix,LAT,2,MEDIUM,10,0.5510000000000019,1.3930000000000007,0.8419999999999987
2022,Azerbaijan Grand Prix,LAT,3,HARD,29,1.132000000000005,0.644999999999996,-0.487000000000009
2022,Azerbaijan Grand Prix,LEC,1,MEDIUM,7,0.17099999999999227,0.33799999999999386,0.1670000000000016
2022,Azerbaijan Grand Prix,LEC,2,HARD,9,0.7289999999999992,0.671999999999997,-0.05700000000000216
2022,Azerbaijan Grand Prix,MAG,1,MEDIUM,7,0.3050000000000068,0.0940000000000083,-0.21099999999999852
2022,Azerbaijan Grand Prix,MAG,2,HARD,21,0.5279999999999916,1.8940000000000055,1.3660000000000139
2022,Azerbaijan Grand Prix,MSC,1,HARD,7,1.043999999999997,0.3640000000000043,-0.6799999999999926
2022,Azerbaijan Grand Prix,MSC,2,MEDIUM,12,0.13100000000000023,2.480000000000004,2.3490000000000038
2022,Azerbaijan Grand Prix,MSC,3,HARD,23,2.1200000000000045,1.0640000000000072,-1.0559999999999974
2022,Azerbaijan Grand Prix,NOR,1,MEDIUM,16,1.0849999999999937,1.0999999999999943,0.015000000000000568
2022,Azerbaijan Grand Prix,NOR,2,HARD,28,2.6310000000000002,0.4200000000000017,-2.2109999999999985
2022,Azerbaijan Grand Prix,OCO,1,HARD,29,1.2349999999999994,0.09099999999999397,-1.1440000000000055
2022,Azerbaijan Grand Prix,OCO,2,MEDIUM,17,0.3100000000000023,1.0730000000000075,0.7630000000000052
2022,Azerbaijan Grand Prix,PER,1,MEDIUM,12,0.057999999999992724,1.4399999999999977,1.382000000000005
2022,Azerbaijan Grand Prix,PER,2,HARD,15,0.05100000000000193,0.7169999999999987,0.6659999999999968
2022,Azerbaijan Grand Prix,PER,3,HARD,16,1.7309999999999945,1.1509999999999962,-0.5799999999999983
2022,Azerbaijan Grand Prix,RIC,1,HARD,29,1.2150000000000034,0.21999999999999886,-0.9950000000000045
2022,Azerbaijan Grand Prix,RIC,2,MEDIUM,17,0.31100000000000705,0.6270000000000095,0.3160000000000025
2022,Azerbaijan Grand Prix,RUS,1,MEDIUM,7,0.18999999999999773,0.09900000000000375,-0.09099999999999397
2022,Azerbaijan Grand Prix,RUS,2,HARD,22,0.960000000000008,0.2530000000000001,-0.7070000000000078
2022,Azerbaijan Grand Prix,RUS,3,HARD,16,0.9229999999999876,0.8869999999999862,-0.036000000000001364
2022,Azerbaijan Grand Prix,SAI,1,MEDIUM,7,0.07600000000000762,0.2820000000000107,0.20600000000000307
2022,Azerbaijan Grand Prix,STR,1,HARD,26,2.3880000000000052,0.362000000000009,-2.0259999999999962
2022,Azerbaijan Grand Prix,STR,2,MEDIUM,11,0.2710000000000008,1.6430000000000007,1.3719999999999999
2022,Azerbaijan Grand Prix,TSU,1,MEDIUM,7,0.17500000000001137,0.24200000000000443,0.06699999999999307
2022,Azerbaijan Grand Prix,TSU,2,HARD,24,1.5720000000000027,0.811000000000007,-0.7609999999999957
2022,Azerbaijan Grand Prix,TSU,3,SOFT,11,0.046999999999997044,0.7510000000000048,0.7040000000000077
2022,Azerbaijan Grand Prix,VER,1,MEDIUM,14,0.44199999999999307,0.8829999999999956,0.4410000000000025
2022,Azerbaijan Grand Prix,VER,2,HARD,13,0.4680000000000035,0.6240000000000094,0.1560000000000059
2022,Azerbaijan Grand Prix,VER,3,HARD,16,0.472999999999999,0.8050000000000068,0.33200000000000784
2022,Azerbaijan Grand Prix,VET,1,MEDIUM,7,0.09600000000000364,0.5820000000000078,0.4860000000000042
2022,Azerbaijan Grand Prix,VET,2,HARD,38,2.2579999999999956,0.6169999999999902,-1.6410000000000053
2022,Azerbaijan Grand Prix,ZHO,1,MEDIUM,7,1.13600000000001,0.2510000000000048,-0.8850000000000051
2022,Azerbaijan Grand Prix,ZHO,2,HARD,12,0.32200000000000273,1.6039999999999992,1.2819999999999965
2022,Bahrain Grand Prix,ALB,1,SOFT,11,0.11599999999999966,2.039999999999992,1.9239999999999924
2022,Bahrain Grand Prix,ALB,2,MEDIUM,20,0.6470000000000056,1.686000000000007,1.0390000000000015
2022,Bahrain Grand Prix,ALB,3,MEDIUM,7,0.10199999999998965,0.2599999999999909,0.15800000000000125
2022,Bahrain Grand Prix,ALB,4,SOFT,7,0.015000000000000568,1.5,1.4849999999999994
2022,Bahrain Grand Prix,ALO,1,SOFT,9,0.1290000000000049,1.7760000000000105,1.6470000000000056
2022,Bahrain Grand Prix,ALO,2,MEDIUM,12,0.6539999999999964,1.445999999999998,0.7920000000000016
2022,Bahrain Grand Prix,ALO,3,HARD,14,0.6850000000000023,2.0390000000000015,1.3539999999999992
2022,Bahrain Grand Prix,ALO,4,SOFT,8,0.8049999999999926,0.938999999999993,0.13400000000000034
2022,Bahrain Grand Prix,BOT,1,SOFT,12,0.23099999999999454,0.4890000000000043,0.2580000000000098
2022,Bahrain Grand Prix,BOT,2,MEDIUM,20,1.2719999999999914,0.9080000000000013,-0.3639999999999901
2022,Bahrain Grand Prix,BOT,3,MEDIUM,7,0.4259999999999877,1.7449999999999903,1.3190000000000026
2022,Bahrain Grand Prix,BOT,4,SOFT,7,0.4609999999999985,0.6610000000000014,0.20000000000000284
2022,Bahrain Grand Prix,GAS,1,SOFT,12,0.18999999999999773,1.2879999999999967,1.097999999999999
2022,Bahrain Grand Prix,GAS,2,MEDIUM,16,0.1629999999999967,1.0949999999999989,0.9320000000000022
2022,Bahrain Grand Prix,GAS,3,HARD,11,0.21600000000000819,1.1539999999999964,0.9379999999999882
2022,Bahrain Grand Prix,HAM,1,SOFT,9,0.10999999999999943,1.382000000000005,1.2720000000000056
2022,Bahrain Grand Prix,HAM,2,HARD,14,1.0729999999999933,1.0189999999999912,-0.054000000000002046
2022,Bahrain Grand Prix,HAM,3,MEDIUM,14,0.8460000000000036,1.5450000000000017,0.6989999999999981
2022,Bahrain Grand Prix,HAM,4,SOFT,7,0.132000000000005,0.33800000000000807,0.20600000000000307
2022,Bahrain Grand Prix,HUL,1,SOFT,17,0.43899999999999295,2.9769999999999897,2.5379999999999967
2022,Bahrain Grand Prix,HUL,2,SOFT,16,0.03999999999999204,1.634999999999991,1.5949999999999989
2022,Bahrain Grand Prix,HUL,4,SOFT,7,0.20900000000000318,0.9930000000000092,0.784000000000006
2022,Bahrain Grand Prix,LAT,1,SOFT,12,0.27899999999999636,1.691999999999993,1.4129999999999967
2022,Bahrain Grand Prix,LAT,2,SOFT,16,0.4159999999999968,2.8669999999999902,2.4509999999999934
2022,Bahrain Grand Prix,LAT,3,MEDIUM,10,0.1700000000000017,0.652000000000001,0.4819999999999993
2022,Bahrain Grand Prix,LAT,4,SOFT,7,0.2009999999999934,0.8939999999999912,0.6929999999999978
2022,Bahrain Grand Prix,LEC,1,SOFT,13,0.41900000000001114,1.426000000000002,1.0069999999999908
2022,Bahrain Grand Prix,LEC,2,SOFT,14,0.11199999999999477,1.6430000000000007,1.531000000000006
2022,Bahrain Grand Prix,LEC,3,MEDIUM,13,0.10200000000000387,1.0139999999999958,0.9119999999999919
2022,Bahrain Grand Prix,LEC,4,SOFT,7,0.45700000000000784,1.1030000000000086,0.6460000000000008
2022,Bahrain Grand Prix,MAG,1,SOFT,12,0.6490000000000009,2.2900000000000063,1.6410000000000053
2022,Bahrain Grand Prix,MAG,2,SOFT,18,0.24799999999999045,2.554000000000002,2.3060000000000116
2022,Bahrain Grand Prix,MAG,3,MEDIUM,9,0.7329999999999899,1.2749999999999915,0.5420000000000016
2022,Bahrain Grand Prix,MAG,4,SOFT,7,0.23699999999999477,0.4679999999999893,0.23099999999999454
2022,Bahrain Grand Prix,MSC,1,SOFT,10,0.025000000000005684,2.0870000000000033,2.0619999999999976
2022,Bahrain Grand Prix,MSC,2,MEDIUM,21,0.9299999999999926,2.9989999999999952,2.0690000000000026
2022,Bahrain Grand Prix,MSC,3,SOFT,15,0.21999999999999886,2.2449999999999903,2.0249999999999915
2022,Bahrain Grand Prix,NOR,1,MEDIUM,21,0.2539999999999907,0.7270000000000039,0.4730000000000132
2022,Bahrain Grand Prix,NOR,2,HARD,15,0.30100000000000193,0.8050000000000068,0.5040000000000049
2022,Bahrain Grand Prix,NOR,4,SOFT,7,0.21999999999999886,1.9989999999999952,1.7789999999999964
2022,Bahrain Grand Prix,OCO,1,SOFT,12,0.09799999999999898,0.9829999999999899,0.8849999999999909
2022,Bahrain Grand Prix,OCO,2,MEDIUM,14,1.5830000000000126,1.3470000000000084,-0.2360000000000042
2022,Bahrain Grand Prix,OCO,3,HARD,11,0.045000000000001705,0.5310000000000059,0.4860000000000042
2022,Bahrain Grand Prix,OCO,4,SOFT,7,0.257000000000005,0.5700000000000074,0.3130000000000024
2022,Bahrain Grand Prix,PER,1,SOFT,13,0.3509999999999991,1.2510000000000048,0.9000000000000057
2022,Bahrain Grand Prix,PER,2,MEDIUM,16,0.21800000000000352,2.587999999999994,2.3699999999999903
2022,Bahrain Grand Prix,PER,3,SOFT,8,0.20899999999998897,0.9529999999999887,0.7439999999999998
2022,Bahrain Grand Prix,PER,4,SOFT,6,0.02400000000000091,0.3470000000000084,0.3230000000000075
2022,Bahrain Grand Prix,RIC,1,MEDIUM,15,0.18200000000000216,0.9220000000000113,0.7400000000000091
2022,Bahrain Grand Prix,RIC,2,SOFT,14,0.024999999999991473,1.2980000000000018,1.2730000000000103
2022,Bahrain Grand Prix,RIC,3,HARD,9,0.06099999999999284,0.4939999999999998,0.43300000000000693
2022,Bahrain Grand Prix,RIC,4,SOFT,7,0.07399999999999807,1.2800000000000011,1.206000000000003
2022,Bahrain Grand Prix,RUS,1,SOFT,13,0.6839999999999975,1.3680000000000092,0.6840000000000117
2022,Bahrain Grand Prix,RUS,2,HARD,16,0.025000000000005684,1.3649999999999949,1.3399999999999892
2022,Bahrain Grand Prix,RUS,3,MEDIUM,10,0.31100000000000705,1.081000000000003,0.769999999999996
2022,Bahrain Grand Prix,RUS,4,SOFT,7,0.22699999999998965,0.09299999999998931,-0.13400000000000034
2022,Bahrain Grand Prix,SAI,1,SOFT,12,0.2740000000000009,1.4479999999999933,1.1739999999999924
2022,Bahrain Grand Prix,SAI,2,SOFT,17,0.3050000000000068,1.933000000000007,1.6280000000000001
2022,Bahrain Grand Prix,SAI,3,MEDIUM,9,0.1460000000000008,0.8060000000000116,0.6600000000000108
2022,Bahrain Grand Prix,SAI,4,SOFT,7,0.14000000000000057,0.33500000000000796,0.1950000000000074
2022,Bahrain Grand Prix,STR,1,SOFT,16,0.132000000000005,0.9879999999999995,0.8559999999999945
2022,Bahrain Grand Prix,STR,2,SOFT,18,0.22700000000000387,1.7710000000000008,1.543999999999997
2022,Bahrain Grand Prix,STR,4,SOFT,7,0.347999999999999,1.5549999999999926,1.2069999999999936
2022,Bahrain Grand Prix,TSU,1,SOFT,13,0.3340000000000032,0.9740000000000038,0.6400000000000006
2022,Bahrain Grand Prix,TSU,2,MEDIUM,11,0.25099999999999056,1.191999999999993,0.9410000000000025
2022,Bahrain Grand Prix,TSU,3,SOFT,13,0.8369999999999891,0.8870000000000005,0.05000000000001137
2022,Bahrain Grand Prix,TSU,4,SOFT,7,0.3709999999999951,0.4609999999999985,0.09000000000000341
2022,Bahrain Grand Prix,VER,1,SOFT,12,0.47700000000000387,1.5990000000000038,1.1219999999999999
2022,Bahrain Grand Prix,VER,2,SOFT,14,0.6820000000000022,1.9179999999999922,1.23599999999999
2022,Bahrain Grand Prix,VER,3,MEDIUM,11,0.03700000000000614,0.9610000000000127,0.9240000000000066
2022,Bahrain Grand Prix,ZHO,1,SOFT,13,0.20999999999999375,1.097999999999999,0.8880000000000052
2022,Bahrain Grand Prix,ZHO,2,MEDIUM,20,0.2819999999999965,1.6059999999999945,1.323999999999998
2022,Bahrain Grand Prix,ZHO,3,MEDIUM,6,0.05700000000000216,0.9819999999999993,0.9249999999999972
2022,Bahrain Grand Prix,ZHO,4,SOFT,7,1.1460000000000008,0.02199999999999136,-1.1240000000000094
2022,Belgian Grand Prix,ALB,2,HARD,14,1.070999999999998,2.146000000000001,1.0750000000000028
2022,Belgian Grand Prix,ALB,3,MEDIUM,17,0.9719999999999942,1.404999999999987,0.4329999999999927
2022,Belgian Grand Prix,ALO,1,MEDIUM,6,0.07199999999998852,1.0809999999999889,1.0090000000000003
2022,Belgian Grand Prix,ALO,2,MEDIUM,12,1.2290000000000134,1.2150000000000034,-0.014000000000010004
2022,Belgian Grand Prix,ALO,3,HARD,18,0.4720000000000084,0.8920000000000101,0.4200000000000017
2022,Belgian Grand Prix,GAS,2,HARD,10,0.9080000000000013,1.8329999999999984,0.9249999999999972
2022,Belgian Grand Prix,GAS,3,SOFT,21,0.4660000000000082,1.2040000000000077,0.7379999999999995
2022,Belgian Grand Prix,LAT,2,MEDIUM,9,0.019000000000005457,1.8500000000000085,1.831000000000003
2022,Belgian Grand Prix,LAT,3,HARD,17,0.12100000000000932,1.198999999999998,1.0779999999999887
2022,Belgian Grand Prix,LAT,4,SOFT,8,0.10200000000000387,0.7669999999999959,0.664999999999992
2022,Belgian Grand Prix,LEC,2,MEDIUM,20,1.1439999999999912,0.8689999999999998,-0.2749999999999915
2022,Belgian Grand Prix,LEC,3,MEDIUM,15,0.8329999999999984,1.0579999999999927,0.22499999999999432
2022,Belgian Grand Prix,MAG,1,MEDIUM,6,0.08200000000000784,1.7890000000000015,1.7069999999999936
2022,Belgian Grand Prix,MAG,2,HARD,14,0.0660000000000025,1.4849999999999994,1.418999999999997
2022,Belgian Grand Prix,MAG,3,MEDIUM,15,0.30400000000000205,1.2960000000000065,0.9920000000000044
2022,Belgian Grand Prix,MSC,1,MEDIUM,9,1.387999999999991,1.708999999999989,0.32099999999999795
2022,Belgian Grand Prix,MSC,2,HARD,14,0.2560000000000002,2.421999999999997,2.165999999999997
2022,Belgian Grand Prix,MSC,3,MEDIUM,11,0.27599999999999625,2.912000000000006,2.63600000000001
2022,Belgian Grand Prix,NOR,1,MEDIUM,8,0.2610000000000099,0.7319999999999993,0.4709999999999894
2022,Belgian Grand Prix,NOR,2,HARD,14,0.534000000000006,2.343999999999994,1.809999999999988
2022,Belgian Grand Prix,NOR,3,MEDIUM,14,0.7400000000000091,3.0790000000000077,2.3389999999999986
2022,Belgian Grand Prix,OCO,1,MEDIUM,7,0.8960000000000008,1.7120000000000033,0.8160000000000025
2022,Belgian Grand Prix,OCO,2,HARD,18,1.4390000000000072,0.9950000000000045,-0.4440000000000026
2022,Belgian Grand Prix,OCO,3,MEDIUM,11,0.19299999999999784,1.5120000000000005,1.3190000000000026
2022,Belgian Grand Prix,PER,1,MEDIUM,9,0.16400000000000148,2.4549999999999983,2.290999999999997
2022,Belgian Grand Prix,PER,2,MEDIUM,11,0.13299999999999557,1.9180000000000064,1.7850000000000108
2022,Belgian Grand Prix,PER,3,HARD,16,0.4609999999999985,2.0790000000000077,1.6180000000000092
2022,Belgian Grand Prix,RIC,1,MEDIUM,7,0.6949999999999932,1.4679999999999893,0.7729999999999961
2022,Belgian Grand Prix,RIC,2,HARD,18,1.3799999999999955,0.9409999999999883,-0.43900000000000716
2022,Belgian Grand Prix,RIC,3,MEDIUM,11,0.4480000000000075,1.9980000000000047,1.5499999999999972
2022,Belgian Grand Prix,RUS,1,MEDIUM,8,0.1389999999999958,1.387999999999991,1.2489999999999952
2022,Belgian Grand Prix,RUS,2,MEDIUM,14,0.09099999999999397,0.8850000000000051,0.7940000000000111
2022,Belgian Grand Prix,RUS,3,HARD,14,0.3049999999999926,1.843999999999994,1.5390000000000015
2022,Belgian Grand Prix,SAI,1,SOFT,6,0.12400000000000944,2.4270000000000067,2.3029999999999973
2022,Belgian Grand Prix,SAI,2,MEDIUM,12,0.382000000000005,1.534000000000006,1.152000000000001
2022,Belgian Grand Prix,SAI,3,HARD,18,0.42099999999999227,0.6280000000000001,0.20700000000000784
2022,Belgian Grand Prix,STR,1,MEDIUM,10,0.2230000000000132,1.990000000000009,1.766999999999996
2022,Belgian Grand Prix,STR,2,MEDIUM,9,0.10999999999999943,2.271000000000001,2.1610000000000014
2022,Belgian Grand Prix,STR,3,HARD,17,0.1280000000000001,1.8800000000000097,1.7520000000000095
2022,Belgian Grand Prix,TSU,1,HARD,13,0.757000000000005,0.6539999999999964,-0.10300000000000864
2022,Belgian Grand Prix,TSU,2,MEDIUM,10,0.3859999999999957,0.15099999999999625,-0.23499999999999943
2022,Belgian Grand Prix,TSU,3,SOFT,13,0.15699999999999648,2.2479999999999905,2.090999999999994
2022,Belgian Grand Prix,VER,1,SOFT,10,1.7940000000000111,1.774000000000001,-0.020000000000010232
2022,Belgian Grand Prix,VER,2,MEDIUM,13,0.30100000000000193,2.0150000000000006,1.7139999999999986
2022,Belgian Grand Prix,VER,3,MEDIUM,13,1.6800000000000068,3.3769999999999953,1.6969999999999885
2022,Belgian Grand Prix,VET,1,MEDIUM,9,0.01999999999999602,1.3499999999999943,1.3299999999999983
2022,Belgian Grand Prix,VET,2,HARD,17,0.6580000000000013,1.1329999999999956,0.4749999999999943
2022,Belgian Grand Prix,VET,3,MEDIUM,9,0.3100000000000023,0.48399999999999466,0.17399999999999238
2022,Belgian Grand Prix,ZHO,1,MEDIUM,9,0.3859999999999957,0.6700000000000017,0.284000000000006
2022,Belgian Grand Prix,ZHO,2,MEDIUM,12,0.16899999999999693,3.5349999999999966,3.3659999999999997
2022,Belgian Grand Prix,ZHO,3,SOFT,15,0.058000000000006935,2.5260000000000105,2.4680000000000035
2022,British Grand Prix,ALO,2,MEDIUM,29,1.3829999999999956,0.1670000000000016,-1.215999999999994
2022,British Grand Prix,ALO,4,SOFT,10,0.5330000000000013,0.09799999999999898,-0.4350000000000023
2022,British Grand Prix,BOT,2,MEDIUM,16,0.5910000000000082,0.2610000000000099,-0.3299999999999983
2022,British Grand Prix,GAS,2,SOFT,11,0.5210000000000008,0.21000000000000796,-0.31099999999999284
2022,British Grand Prix,GAS,3,HARD,8,0.12399999999999523,0.1490000000000009,0.025000000000005684
2022,British Grand Prix,HAM,2,MEDIUM,29,3.041000000000011,0.4620000000000033,-2.5790000000000077
2022,British Grand Prix,HAM,4,SOFT,10,1.5519999999999925,0.8870000000000005,-0.664999999999992
2022,British Grand Prix,LAT,2,SOFT,15,0.5109999999999957,0.20999999999999375,-0.30100000000000193
2022,British Grand Prix,LAT,3,MEDIUM,15,0.21699999999999875,0.6999999999999886,0.4829999999999899
2022,British Grand Prix,LAT,4,SOFT,10,0.5040000000000049,1.3769999999999953,0.8729999999999905
2022,British Grand Prix,LEC,2,MEDIUM,21,0.8999999999999915,0.2980000000000018,-0.6019999999999897
2022,British Grand Prix,LEC,3,HARD,21,0.7780000000000058,0.4650000000000034,-0.3130000000000024
2022,British Grand Prix,MAG,2,MEDIUM,17,0.9890000000000043,0.049000000000006594,-0.9399999999999977
2022,British Grand Prix,MAG,3,MEDIUM,23,1.536999999999992,0.16599999999999682,-1.3709999999999951
2022,British Grand Prix,MSC,2,MEDIUM,15,1.1480000000000103,0.5330000000000013,-0.6150000000000091
2022,British Grand Prix,MSC,3,HARD,17,1.1939999999999884,0.5210000000000008,-0.6729999999999876
2022,British Grand Prix,MSC,4,SOFT,10,1.2420000000000044,1.1610000000000014,-0.08100000000000307
2022,British Grand Prix,NOR,2,MEDIUM,30,1.556999999999988,0.10199999999998965,-1.4549999999999983
2022,British Grand Prix,NOR,4,SOFT,10,0.5230000000000103,0.6800000000000068,0.15699999999999648
2022,British Grand Prix,OCO,2,SOFT,18,0.867999999999995,0.1869999999999976,-0.6809999999999974
2022,British Grand Prix,OCO,3,HARD,14,0.75,0.18899999999999295,-0.561000000000007
2022,British Grand Prix,PER,3,MEDIUM,32,1.1299999999999955,0.09599999999998943,-1.034000000000006
2022,British Grand Prix,PER,4,SOFT,10,1.1539999999999964,0.45400000000000773,-0.6999999999999886
2022,British Grand Prix,RIC,2,MEDIUM,16,0.6259999999999906,0.04999999999999716,-0.5759999999999934
2022,British Grand Prix,RIC,3,HARD,10,0.4030000000000058,0.2400000000000091,-0.1629999999999967
2022,British Grand Prix,RIC,5,SOFT,10,0.5690000000000026,1.210000000000008,0.6410000000000053
2022,British Grand Prix,SAI,2,MEDIUM,16,0.6219999999999999,0.19199999999999307,-0.4300000000000068
2022,British Grand Prix,SAI,3,HARD,17,0.8389999999999986,0.23699999999999477,-0.6020000000000039
2022,British Grand Prix,SAI,4,SOFT,10,0.07299999999999329,0.6610000000000014,0.5880000000000081
2022,British Grand Prix,STR,2,MEDIUM,11,0.8200000000000074,0.001999999999995339,-0.818000000000012
2022,British Grand Prix,STR,3,HARD,21,1.1110000000000042,0.02600000000001046,-1.0849999999999937
2022,British Grand Prix,STR,4,MEDIUM,9,1.3960000000000008,0.03699999999999193,-1.3590000000000089
2022,British Grand Prix,TSU,2,SOFT,14,0.3359999999999985,0.6829999999999927,0.3469999999999942
2022,British Grand Prix,TSU,3,HARD,18,1.1059999999999945,0.14300000000000068,-0.9629999999999939
2022,British Grand Prix,TSU,4,SOFT,10,0.6560000000000059,0.257000000000005,-0.3990000000000009
2022,British Grand Prix,VER,2,MEDIUM,8,0.08800000000000807,0.15500000000000114,0.06699999999999307
2022,British Grand Prix,VER,3,MEDIUM,9,0.41799999999999216,0.4819999999999993,0.06400000000000716
2022,British Grand Prix,VER,4,HARD,13,0.6470000000000056,0.045000000000001705,-0.6020000000000039
2022,British Grand Prix,VER,5,SOFT,9,0.16200000000000614,0.6970000000000027,0.5349999999999966
2022,British Grand Prix,VET,3,MEDIUM,31,1.445999999999998,0.000999999999990564,-1.4450000000000074
2022,British Grand Prix,VET,4,MEDIUM,10,1.2079999999999984,0.5339999999999918,-0.6740000000000066
2022,Canadian Grand Prix,ALB,1,MEDIUM,14,0.9500000000000028,1.141999999999996,0.19199999999999307
2022,Canadian Grand Prix,ALB,2,HARD,27,0.5799999999999983,0.26200000000000045,-0.31799999999999784
2022,Canadian Grand Prix,ALB,3,HARD,16,1.8250000000000028,0.39700000000000557,-1.4279999999999973
2022,Canadian Grand Prix,ALO,1,MEDIUM,23,1.7349999999999994,1.8910000000000053,0.1560000000000059
2022,Canadian Grand Prix,ALO,2,HARD,19,0.6869999999999976,0.3780000000000001,-0.3089999999999975
2022,Canadian Grand Prix,ALO,3,MEDIUM,16,0.6899999999999977,0.39699999999999136,-0.29300000000000637
2022,Canadian Grand Prix,BOT,1,HARD,43,1.5929999999999893,0.30700000000000216,-1.2859999999999872
2022,Canadian Grand Prix,BOT,2,MEDIUM,16,1.2179999999999893,0.6299999999999955,-0.5879999999999939
2022,Canadian Grand Prix,GAS,2,HARD,23,0.18999999999999773,1.009999999999991,0.8199999999999932
2022,Canadian Grand Prix,GAS,3,HARD,25,1.134999999999991,0.42900000000000205,-0.7059999999999889
2022,Canadian Grand Prix,HAM,1,MEDIUM,7,0.9950000000000045,0.22299999999999898,-0.7720000000000056
2022,Canadian Grand Prix,HAM,2,HARD,31,0.5819999999999936,0.5549999999999926,-0.027000000000001023
2022,Canadian Grand Prix,HAM,3,HARD,19,0.6020000000000039,0.41199999999999193,-0.19000000000001194
2022,Canadian Grand Prix,LAT,2,HARD,24,0.3359999999999985,0.7560000000000002,0.4200000000000017
2022,Canadian Grand Prix,LAT,3,HARD,25,0.2389999999999901,0.9359999999999928,0.6970000000000027
2022,Canadian Grand Prix,LEC,1,HARD,35,2.216000000000008,0.5330000000000013,-1.683000000000007
2022,Canadian Grand Prix,LEC,2,MEDIUM,20,3.2660000000000053,0.8710000000000093,-2.394999999999996
2022,Canadian Grand Prix,MAG,2,HARD,50,0.41199999999999193,2.1310000000000002,1.7190000000000083
2022,Canadian Grand Prix,MSC,1,MEDIUM,15,0.6219999999999999,0.6310000000000002,0.009000000000000341
2022,Canadian Grand Prix,NOR,1,HARD,15,0.5520000000000067,0.8130000000000024,0.2609999999999957
2022,Canadian Grand Prix,NOR,2,HARD,21,0.9749999999999943,1.5330000000000013,0.5580000000000069
2022,Canadian Grand Prix,NOR,3,MEDIUM,19,0.472999999999999,1.1059999999999945,0.6329999999999956
2022,Canadian Grand Prix,OCO,1,MEDIUM,15,1.5259999999999962,0.10699999999999932,-1.418999999999997
2022,Canadian Grand Prix,OCO,2,HARD,28,0.5690000000000026,0.48100000000000875,-0.08799999999999386
2022,Canadian Grand Prix,OCO,3,MEDIUM,16,0.561000000000007,0.4000000000000057,-0.16100000000000136
2022,Canadian Grand Prix,PER,1,HARD,6,0.8100000000000023,0.5560000000000116,-0.2539999999999907
2022,Canadian Grand Prix,RIC,1,MEDIUM,15,1.4579999999999984,0.578000000000003,-0.8799999999999955
2022,Canadian Grand Prix,RIC,2,HARD,27,0.3020000000000067,0.4539999999999935,0.1519999999999868
2022,Canadian Grand Prix,RIC,3,HARD,16,1.5499999999999972,0.570999999999998,-0.9789999999999992
2022,Canadian Grand Prix,RUS,1,MEDIUM,14,1.4650000000000034,0.24600000000000932,-1.218999999999994
2022,Canadian Grand Prix,RUS,2,HARD,24,1.1310000000000002,0.3200000000000074,-0.8109999999999928
2022,Canadian Grand Prix,RUS,3,HARD,18,0.8659999999999997,0.3669999999999902,-0.49900000000000944
2022,Canadian Grand Prix,SAI,1,MEDIUM,16,1.6810000000000116,0.2990000000000066,-1.382000000000005
2022,Canadian Grand Prix,SAI,2,HARD,27,0.3240000000000123,0.2980000000000018,-0.02600000000001046
2022,Canadian Grand Prix,SAI,3,HARD,16,0.5380000000000109,0.5190000000000055,-0.019000000000005457
2022,Canadian Grand Prix,STR,1,HARD,41,2.055000000000007,0.20400000000000773,-1.850999999999999
2022,Canadian Grand Prix,STR,2,MEDIUM,16,2.326999999999998,0.6310000000000002,-1.695999999999998
2022,Canadian Grand Prix,TSU,1,MEDIUM,7,1.5320000000000107,0.36700000000000443,-1.1650000000000063
2022,Canadian Grand Prix,TSU,2,HARD,34,0.2990000000000066,1.3470000000000084,1.0480000000000018
2022,Canadian Grand Prix,VER,1,MEDIUM,7,1.0609999999999928,0.07099999999999795,-0.9899999999999949
2022,Canadian Grand Prix,VER,2,HARD,30,0.16200000000000614,0.835000000000008,0.6730000000000018
2022,Canadian Grand Prix,VER,3,HARD,20,1.1200000000000045,0.15800000000000125,-0.9620000000000033
2022,Canadian Grand Prix,VET,2,HARD,9,0.26200000000000045,0.4299999999999926,0.16799999999999216
2022,Canadian Grand Prix,VET,3,HARD,43,0.5420000000000016,0.5069999999999908,-0.0350000000000108
2022,Canadian Grand Prix,ZHO,1,MEDIUM,15,0.6599999999999966,0.5829999999999984,-0.07699999999999818
2022,Canadian Grand Prix,ZHO,2,HARD,27,0.4619999999999891,0.4029999999999916,-0.0589999999999975
2022,Canadian Grand Prix,ZHO,3,HARD,16,2.483000000000004,1.0559999999999974,-1.4270000000000067
2022,Dutch Grand Prix,ALB,1,MEDIUM,19,0.2600000000000051,0.21600000000000819,-0.04399999999999693
2022,Dutch Grand Prix,ALB,2,MEDIUM,19,0.36599999999999966,0.12599999999999056,-0.2400000000000091
2022,Dutch Grand Prix,ALB,3,HARD,7,0.5499999999999972,0.016000000000005343,-0.5339999999999918
2022,Dutch Grand Prix,ALB,5,SOFT,12,1.0,1.2859999999999872,0.28599999999998715
2022,Dutch Grand Prix,ALO,1,SOFT,10,0.7039999999999935,0.546999999999997,-0.15699999999999648
2022,Dutch Grand Prix,ALO,2,HARD,33,0.09099999999999397,0.4749999999999943,0.38400000000000034
2022,Dutch Grand Prix,ALO,4,SOFT,12,0.17600000000000193,0.5339999999999918,0.3579999999999899
2022,Dutch Grand Prix,BOT,1,SOFT,14,1.0490000000000066,0.45400000000000773,-0.5949999999999989
2022,Dutch Grand Prix,BOT,2,SOFT,16,0.1979999999999933,0.3329999999999984,0.13500000000000512
2022,Dutch Grand Prix,BOT,3,MEDIUM,14,0.19700000000000273,0.4060000000000059,0.20900000000000318
2022,Dutch Grand Prix,GAS,1,SOFT,9,0.2149999999999892,0.7839999999999918,0.5690000000000026
2022,Dutch Grand Prix,GAS,2,MEDIUM,19,0.0969999999999942,0.6509999999999962,0.554000000000002
2022,Dutch Grand Prix,GAS,3,HARD,18,0.4549999999999983,0.5040000000000049,0.049000000000006594
2022,Dutch Grand Prix,GAS,5,SOFT,12,1.0409999999999968,1.5359999999999872,0.49499999999999034
2022,Dutch Grand Prix,HAM,1,MEDIUM,27,0.2259999999999991,0.3079999999999927,0.08199999999999363
2022,Dutch Grand Prix,HAM,2,HARD,17,0.7210000000000036,0.2049999999999983,-0.5160000000000053
2022,Dutch Grand Prix,HAM,4,MEDIUM,12,0.45300000000000296,1.2070000000000078,0.7540000000000049
2022,Dutch Grand Prix,LAT,1,SOFT,11,0.5390000000000015,0.8259999999999934,0.28699999999999193
2022,Dutch Grand Prix,LAT,2,MEDIUM,10,0.2150000000000034,0.35200000000000387,0.13700000000000045
2022,Dutch Grand Prix,LAT,3,HARD,23,0.5,0.15800000000000125,-0.34199999999999875
2022,Dutch Grand Prix,LAT,5,SOFT,12,2.3900000000000006,1.0309999999999917,-1.3590000000000089
2022,Dutch Grand Prix,LEC,1,SOFT,15,0.3410000000000082,0.9370000000000118,0.5960000000000036
2022,Dutch Grand Prix,LEC,2,MEDIUM,24,0.19299999999999784,0.29699999999999704,0.1039999999999992
2022,Dutch Grand Prix,LEC,5,SOFT,12,0.007000000000005002,0.7430000000000092,0.7360000000000042
2022,Dutch Grand Prix,MAG,1,MEDIUM,12,0.07500000000000284,1.1069999999999993,1.0319999999999965
2022,Dutch Grand Prix,MAG,2,MEDIUM,18,0.30700000000000216,0.8349999999999937,0.5279999999999916
2022,Dutch Grand Prix,MAG,3,HARD,10,0.40800000000000125,0.480000000000004,0.07200000000000273
2022,Dutch Grand Prix,MAG,4,SOFT,6,0.09399999999999409,0.04399999999999693,-0.04999999999999716
2022,Dutch Grand Prix,MAG,5,SOFT,12,0.5670000000000073,0.5210000000000008,-0.04600000000000648
2022,Dutch Grand Prix,MSC,1,MEDIUM,11,0.7060000000000031,0.32800000000000296,-0.3780000000000001
2022,Dutch Grand Prix,MSC,2,MEDIUM,17,1.0600000000000023,1.1940000000000026,0.13400000000000034
2022,Dutch Grand Prix,MSC,3,HARD,11,2.3260000000000076,0.17500000000001137,-2.1509999999999962
2022,Dutch Grand Prix,MSC,4,SOFT,6,0.4380000000000024,0.4159999999999968,-0.02200000000000557
2022,Dutch Grand Prix,MSC,5,SOFT,12,0.8349999999999937,1.0889999999999986,0.2540000000000049
2022,Dutch Grand Prix,NOR,1,MEDIUM,15,0.7540000000000049,0.42499999999999716,-0.32900000000000773
2022,Dutch Grand Prix,NOR,2,HARD,28,0.29399999999999693,0.20599999999998886,-0.08800000000000807
2022,Dutch Grand Prix,NOR,4,SOFT,12,0.7169999999999987,0.644999999999996,-0.07200000000000273
2022,Dutch Grand Prix,OCO,1,SOFT,16,0.257000000000005,0.3200000000000074,0.06300000000000239
2022,Dutch Grand Prix,OCO,2,HARD,31,0.5020000000000095,0.058000000000006935,-0.4440000000000026
2022,Dutch Grand Prix,OCO,4,SOFT,12,0.6209999999999951,0.46999999999999886,-0.15099999999999625
2022,Dutch Grand Prix,PER,1,SOFT,12,0.24899999999999523,0.7249999999999943,0.4759999999999991
2022,Dutch Grand Prix,PER,2,MEDIUM,24,0.3930000000000007,1.6920000000000073,1.2990000000000066
2022,Dutch Grand Prix,PER,3,HARD,11,0.820999999999998,0.21299999999999386,-0.6080000000000041
2022,Dutch Grand Prix,PER,5,MEDIUM,12,0.4369999999999976,0.9990000000000094,0.5620000000000118
2022,Dutch Grand Prix,RIC,1,SOFT,9,0.35600000000000875,0.4170000000000016,0.06099999999999284
2022,Dutch Grand Prix,RIC,2,MEDIUM,14,0.2289999999999992,0.11400000000000432,-0.11499999999999488
2022,Dutch Grand Prix,RIC,3,HARD,17,0.3050000000000068,0.6180000000000092,0.3130000000000024
2022,Dutch Grand Prix,RIC,4,SOFT,6,0.19400000000000261,0.08100000000000307,-0.11299999999999955
2022,Dutch Grand Prix,RIC,6,SOFT,12,0.125,0.6800000000000068,0.5550000000000068
2022,Dutch Grand Prix,RUS,1,MEDIUM,29,0.6969999999999885,0.7599999999999909,0.06300000000000239
2022,Dutch Grand Prix,RUS,2,HARD,15,0.527000000000001,0.20600000000000307,-0.32099999999999795
2022,Dutch Grand Prix,RUS,4,SOFT,12,0.5339999999999918,0.8699999999999903,0.3359999999999985
2022,Dutch Grand Prix,SAI,1,SOFT,12,0.29699999999999704,0.6710000000000065,0.37400000000000944
2022,Dutch Grand Prix,SAI,2,MEDIUM,27,0.14500000000001023,0.28700000000000614,0.1419999999999959
2022,Dutch Grand Prix,SAI,3,HARD,8,0.8889999999999958,0.492999999999995,-0.3960000000000008
2022,Dutch Grand Prix,SAI,4,SOFT,12,0.17900000000000205,0.5379999999999967,0.35899999999999466
2022,Dutch Grand Prix,STR,1,SOFT,14,0.8010000000000019,0.3990000000000009,-0.402000000000001
2022,Dutch Grand Prix,STR,2,MEDIUM,20,0.3610000000000042,0.1039999999999992,-0.257000000000005
2022,Dutch Grand Prix,STR,3,HARD,12,0.41100000000000136,0.35599999999999454,-0.05500000000000682
2022,Dutch Grand Prix,STR,5,SOFT,12,1.0229999999999961,0.7959999999999923,-0.22700000000000387
2022,Dutch Grand Prix,TSU,1,SOFT,11,0.480000000000004,0.6839999999999975,0.20399999999999352
2022,Dutch Grand Prix,TSU,2,MEDIUM,27,0.18199999999998795,0.22399999999998954,0.04200000000000159
2022,Dutch Grand Prix,VER,1,SOFT,16,0.2740000000000009,0.27000000000001023,-0.003999999999990678
2022,Dutch Grand Prix,VER,2,MEDIUM,27,0.39699999999999136,0.15699999999999648,-0.23999999999999488
2022,Dutch Grand Prix,VER,5,SOFT,12,0.030000000000001137,0.7000000000000028,0.6700000000000017
2022,Dutch Grand Prix,VET,1,SOFT,7,0.5259999999999962,0.22500000000000853,-0.3009999999999877
2022,Dutch Grand Prix,VET,2,MEDIUM,23,0.4579999999999984,0.36299999999999955,-0.09499999999999886
2022,Dutch Grand Prix,VET,3,HARD,9,0.6600000000000108,0.8150000000000119,0.15500000000000114
2022,Dutch Grand Prix,VET,5,SOFT,12,0.9320000000000022,0.578000000000003,-0.3539999999999992
2022,Dutch Grand Prix,ZHO,1,SOFT,10,0.21699999999999875,0.8950000000000102,0.6780000000000115
2022,Dutch Grand Prix,ZHO,2,SOFT,23,0.24500000000000455,0.5759999999999934,0.33099999999998886
2022,Dutch Grand Prix,ZHO,3,MEDIUM,12,0.1880000000000024,0.4300000000000068,0.24200000000000443
2022,Dutch Grand Prix,ZHO,5,SOFT,12,0.1910000000000025,0.8889999999999958,0.6979999999999933
2022,Emilia Romagna Grand Prix,ALB,1,INTERMEDIATE,12,2.1059999999999945,2.431999999999988,0.3259999999999934
2022,Emilia Romagna Grand Prix,ALB,2,MEDIUM,44,4.974999999999994,0.1490000000000009,-4.825999999999993
2022,Emilia Romagna Grand Prix,BOT,1,INTERMEDIATE,13,2.1269999999999953,2.364999999999995,0.23799999999999955
2022,Emilia Romagna Grand Prix,BOT,2,MEDIUM,44,4.930999999999997,0.7289999999999992,-4.201999999999998
2022,Emilia Romagna Grand Prix,GAS,1,INTERMEDIATE,12,2.290999999999997,2.1770000000000067,-0.11399999999999011
2022,Emilia Romagna Grand Prix,GAS,2,MEDIUM,44,6.2890000000000015,0.20700000000000784,-6.081999999999994
2022,Emilia Romagna Grand Prix,HAM,1,INTERMEDIATE,13,1.958999999999989,3.846999999999994,1.8880000000000052
2022,Emilia Romagna Grand Prix,HAM,2,MEDIUM,43,3.933000000000007,0.6640000000000015,-3.2690000000000055
2022,Emilia Romagna Grand Prix,LAT,1,INTERMEDIATE,12,2.527000000000001,2.8760000000000048,0.34900000000000375
2022,Emilia Romagna Grand Prix,LAT,2,MEDIUM,43,4.605000000000004,0.015000000000000568,-4.590000000000003
2022,Emilia Romagna Grand Prix,LEC,1,INTERMEDIATE,13,1.4549999999999983,1.8220000000000027,0.36700000000000443
2022,Emilia Romagna Grand Prix,LEC,2,MEDIUM,28,3.625,0.3509999999999991,-3.274000000000001
2022,Emilia Romagna Grand Prix,LEC,4,SOFT,9,0.6569999999999965,0.5390000000000015,-0.117999999999995
2022,Emilia Romagna Grand Prix,MAG,1,INTERMEDIATE,13,1.657999999999987,2.915999999999997,1.2580000000000098
2022,Emilia Romagna Grand Prix,MAG,2,MEDIUM,44,4.317000000000007,0.09600000000000364,-4.221000000000004
2022,Emilia Romagna Grand Prix,MSC,1,INTERMEDIATE,12,2.211999999999989,1.543999999999997,-0.6679999999999922
2022,Emilia Romagna Grand Prix,MSC,2,MEDIUM,30,5.189999999999998,0.4620000000000033,-4.727999999999994
2022,Emilia Romagna Grand Prix,MSC,3,SOFT,9,0.472999999999999,1.9410000000000025,1.4680000000000035
2022,Emilia Romagna Grand Prix,NOR,1,INTERMEDIATE,14,0.22100000000000364,0.7819999999999965,0.5609999999999928
2022,Emilia Romagna Grand Prix,NOR,2,MEDIUM,43,2.9769999999999897,0.22499999999999432,-2.7519999999999953
2022,Emilia Romagna Grand Prix,OCO,1,INTERMEDIATE,13,2.7309999999999945,2.6069999999999993,-0.12399999999999523
2022,Emilia Romagna Grand Prix,OCO,2,MEDIUM,43,3.6370000000000005,0.15800000000000125,-3.478999999999999
2022,Emilia Romagna Grand Prix,PER,1,INTERMEDIATE,13,0.784000000000006,2.102000000000004,1.3179999999999978
2022,Emilia Romagna Grand Prix,PER,2,MEDIUM,29,5.094000000000008,0.835000000000008,-4.259
2022,Emilia Romagna Grand Prix,PER,3,SOFT,12,0.41899999999999693,1.8029999999999973,1.3840000000000003
2022,Emilia Romagna Grand Prix,RIC,2,INTERMEDIATE,11,2.4039999999999964,2.7349999999999994,0.33100000000000307
2022,Emilia Romagna Grand Prix,RIC,3,MEDIUM,12,5.338000000000008,0.42799999999999727,-4.910000000000011
2022,Emilia Romagna Grand Prix,RIC,4,HARD,30,1.3170000000000073,0.19299999999999784,-1.1240000000000094
2022,Emilia Romagna Grand Prix,RUS,1,INTERMEDIATE,13,2.350999999999999,3.0529999999999973,0.7019999999999982
2022,Emilia Romagna Grand Prix,RUS,2,MEDIUM,44,3.742999999999995,0.5409999999999968,-3.201999999999998
2022,Emilia Romagna Grand Prix,STR,1,INTERMEDIATE,13,1.9709999999999894,3.73899999999999,1.7680000000000007
2022,Emilia Romagna Grand Prix,STR,2,MEDIUM,43,3.6170000000000044,0.26600000000000534,-3.350999999999999
2022,Emilia Romagna Grand Prix,TSU,1,INTERMEDIATE,13,1.7390000000000043,3.433000000000007,1.6940000000000026
2022,Emilia Romagna Grand Prix,TSU,2,MEDIUM,44,4.795000000000002,0.6420000000000101,-4.152999999999992
2022,Emilia Romagna Grand Prix,VER,1,INTERMEDIATE,14,0.527000000000001,2.155000000000001,1.6280000000000001
2022,Emilia Romagna Grand Prix,VER,2,MEDIUM,30,3.569999999999993,0.5519999999999925,-3.0180000000000007
2022,Emilia Romagna Grand Prix,VER,3,SOFT,11,0.8629999999999995,1.5010000000000048,0.6380000000000052
2022,Emilia Romagna Grand Prix,VET,1,INTERMEDIATE,11,2.102000000000004,4.216999999999999,2.114999999999995
2022,Emilia Romagna Grand Prix,VET,2,MEDIUM,45,6.153999999999996,0.5060000000000002,-5.647999999999996
2022,Emilia Romagna Grand Prix,ZHO,1,INTERMEDIATE,13,2.125,2.3400000000000034,0.2150000000000034
2022,Emilia Romagna Grand Prix,ZHO,2,MEDIUM,43,5.212999999999994,0.15000000000000568,-5.062999999999988
2022,French Grand Prix,ALB,1,MEDIUM,16,0.15800000000000125,0.7909999999999968,0.6329999999999956
2022,French Grand Prix,ALB,2,HARD,30,1.6539999999999964,0.10699999999999932,-1.546999999999997
2022,French Grand Prix,ALO,1,MEDIUM,16,0.7439999999999998,1.0109999999999957,0.2669999999999959
2022,French Grand Prix,ALO,2,HARD,31,1.811000000000007,0.21000000000000796,-1.600999999999999
2022,French Grand Prix,BOT,1,HARD,16,0.9919999999999902,1.161999999999992,0.1700000000000017
2022,French Grand Prix,BOT,2,HARD,15,1.1129999999999995,0.2459999999999951,-0.8670000000000044
2022,French Grand Prix,BOT,3,MEDIUM,14,0.2560000000000002,0.39500000000001023,0.13900000000001
2022,French Grand Prix,GAS,1,HARD,16,1.2270000000000039,0.2049999999999983,-1.0220000000000056
2022,French Grand Prix,GAS,2,MEDIUM,30,2.0,0.046999999999997044,-1.953000000000003
2022,French Grand Prix,HAM,1,MEDIUM,16,0.4159999999999968,0.5279999999999916,0.11199999999999477
2022,French Grand Prix,HAM,2,HARD,32,0.762999999999991,1.1370000000000005,0.37400000000000944
2022,French Grand Prix,LAT,1,MEDIUM,16,0.6690000000000111,0.4200000000000017,-0.24900000000000944
2022,French Grand Prix,LAT,2,HARD,16,1.2210000000000036,0.777000000000001,-0.4440000000000026
2022,French Grand Prix,LEC,1,MEDIUM,16,0.03900000000000148,0.7670000000000101,0.7280000000000086
2022,French Grand Prix,MAG,1,MEDIUM,6,0.1349999999999909,0.3259999999999934,0.1910000000000025
2022,French Grand Prix,MAG,2,HARD,8,0.3160000000000025,1.2690000000000055,0.953000000000003
2022,French Grand Prix,MAG,3,HARD,17,0.7489999999999952,0.9959999999999951,0.2469999999999999
2022,French Grand Prix,MSC,1,MEDIUM,7,1.0879999999999939,0.2950000000000017,-0.7929999999999922
2022,French Grand Prix,MSC,2,HARD,7,0.045000000000001705,1.0210000000000008,0.9759999999999991
2022,French Grand Prix,MSC,3,HARD,31,2.5619999999999976,1.0670000000000073,-1.4949999999999903
2022,French Grand Prix,NOR,1,MEDIUM,16,0.3299999999999983,0.3850000000000051,0.05500000000000682
2022,French Grand Prix,NOR,2,HARD,29,0.7129999999999939,0.4719999999999942,-0.24099999999999966
2022,French Grand Prix,OCO,1,MEDIUM,16,0.6730000000000018,0.5790000000000077,-0.09399999999999409
2022,French Grand Prix,OCO,2,HARD,31,1.6550000000000011,0.11299999999999955,-1.5420000000000016
2022,French Grand Prix,PER,1,MEDIUM,14,0.3689999999999998,0.5930000000000035,0.22400000000000375
2022,French Grand Prix,PER,2,HARD,31,0.7950000000000017,0.1839999999999975,-0.6110000000000042
2022,French Grand Prix,RIC,1,MEDIUM,16,0.561000000000007,0.5120000000000005,-0.049000000000006594
2022,French Grand Prix,RIC,2,HARD,31,0.6820000000000022,0.1570000000000107,-0.5249999999999915
2022,French Grand Prix,RUS,1,MEDIUM,16,0.5519999999999925,0.7060000000000031,0.15400000000001057
2022,French Grand Prix,RUS,2,HARD,31,0.7959999999999923,0.4650000000000034,-0.33099999999998886
2022,French Grand Prix,SAI,1,HARD,16,0.3160000000000025,0.3370000000000033,0.021000000000000796
2022,French Grand Prix,SAI,2,MEDIUM,20,0.8359999999999985,0.8140000000000072,-0.02199999999999136
2022,French Grand Prix,SAI,3,MEDIUM,8,0.4609999999999985,0.570999999999998,0.10999999999999943
2022,French Grand Prix,STR,1,MEDIUM,15,0.03699999999999193,0.5729999999999933,0.5360000000000014
2022,French Grand Prix,STR,2,HARD,31,1.25,0.2259999999999991,-1.024000000000001
2022,French Grand Prix,TSU,1,MEDIUM,9,0.02400000000000091,0.9010000000000105,0.8770000000000095
2022,French Grand Prix,VER,1,MEDIUM,13,0.21299999999999386,0.9849999999999994,0.7720000000000056
2022,French Grand Prix,VER,2,HARD,32,0.28300000000000125,0.9509999999999934,0.6679999999999922
2022,French Grand Prix,VET,1,MEDIUM,16,0.26200000000000045,0.6739999999999924,0.41199999999999193
2022,French Grand Prix,VET,2,HARD,31,1.6310000000000002,0.3930000000000007,-1.2379999999999995
2022,French Grand Prix,ZHO,1,MEDIUM,7,0.47700000000000387,0.03700000000000614,-0.4399999999999977
2022,French Grand Prix,ZHO,2,HARD,8,0.27899999999999636,0.24099999999999966,-0.0379999999999967
2022,French Grand Prix,ZHO,3,HARD,24,0.08100000000000307,0.6780000000000115,0.5970000000000084
2022,Hungarian Grand Prix,ALB,2,MEDIUM,17,0.2050000000000125,2.6170000000000044,2.411999999999992
2022,Hungarian Grand Prix,ALB,3,MEDIUM,17,0.31400000000000716,0.6039999999999992,0.28999999999999204
2022,Hungarian Grand Prix,ALB,4,SOFT,25,0.3100000000000023,5.438000000000002,5.128
2022,Hungarian Grand Prix,ALO,1,MEDIUM,17,0.1460000000000008,1.2989999999999924,1.1529999999999916
2022,Hungarian Grand Prix,ALO,2,HARD,45,1.3910000000000053,2.2630000000000052,0.8719999999999999
2022,Hungarian Grand Prix,BOT,1,MEDIUM,22,0.22400000000000375,0.5210000000000008,0.29699999999999704
2022,Hungarian Grand Prix,BOT,2,HARD,38,1.1470000000000056,1.1770000000000067,0.030000000000001137
2022,Hungarian Grand Prix,GAS,1,SOFT,12,0.862000000000009,1.7580000000000098,0.8960000000000008
2022,Hungarian Grand Prix,GAS,2,MEDIUM,28,0.5139999999999958,0.5069999999999908,-0.007000000000005002
2022,Hungarian Grand Prix,GAS,3,SOFT,20,2.649000000000001,2.7900000000000063,0.14100000000000534
2022,Hungarian Grand Prix,HAM,1,MEDIUM,14,0.5210000000000008,1.144999999999996,0.6239999999999952
2022,Hungarian Grand Prix,HAM,2,MEDIUM,29,0.242999999999995,1.527000000000001,1.284000000000006
2022,Hungarian Grand Prix,HAM,3,SOFT,16,0.4620000000000033,1.6730000000000018,1.2109999999999985
2022,Hungarian Grand Prix,LAT,1,MEDIUM,14,0.3680000000000092,1.2340000000000089,0.8659999999999997
2022,Hungarian Grand Prix,LAT,2,MEDIUM,19,0.6080000000000041,1.097999999999999,0.4899999999999949
2022,Hungarian Grand Prix,LAT,3,SOFT,14,0.7489999999999952,1.7590000000000003,1.0100000000000051
2022,Hungarian Grand Prix,LAT,4,SOFT,8,0.49900000000000944,4.594999999999999,4.095999999999989
2022,Hungarian Grand Prix,LEC,1,MEDIUM,17,0.6140000000000043,0.33800000000000807,-0.27599999999999625
2022,Hungarian Grand Prix,LEC,2,MEDIUM,16,0.4519999999999982,0.4579999999999984,0.006000000000000227
2022,Hungarian Grand Prix,LEC,3,HARD,13,1.0060000000000002,1.695999999999998,0.6899999999999977
2022,Hungarian Grand Prix,LEC,4,SOFT,13,0.36599999999999966,1.2139999999999986,0.847999999999999
2022,Hungarian Grand Prix,MAG,2,HARD,27,0.3359999999999985,0.40099999999999625,0.06499999999999773
2022,Hungarian Grand Prix,MAG,3,MEDIUM,27,0.3430000000000035,1.2860000000000014,0.9429999999999978
2022,Hungarian Grand Prix,MSC,1,MEDIUM,17,0.0350000000000108,1.3600000000000136,1.3250000000000028
2022,Hungarian Grand Prix,MSC,2,HARD,18,1.8499999999999943,0.48399999999999466,-1.3659999999999997
2022,Hungarian Grand Prix,MSC,3,MEDIUM,25,0.49200000000000443,1.9690000000000083,1.4770000000000039
2022,Hungarian Grand Prix,NOR,1,SOFT,10,0.09199999999999875,3.206000000000003,3.1140000000000043
2022,Hungarian Grand Prix,NOR,2,MEDIUM,26,0.34600000000000364,1.7360000000000042,1.3900000000000006
2022,Hungarian Grand Prix,NOR,3,HARD,25,1.2219999999999942,8.694999999999993,7.472999999999999
2022,Hungarian Grand Prix,OCO,1,MEDIUM,19,0.40800000000000125,1.1629999999999967,0.7549999999999955
2022,Hungarian Grand Prix,OCO,2,HARD,43,1.1809999999999974,0.5060000000000002,-0.6749999999999972
2022,Hungarian Grand Prix,PER,1,SOFT,14,0.9869999999999948,1.296999999999997,0.3100000000000023
2022,Hungarian Grand Prix,PER,2,MEDIUM,22,0.8670000000000044,2.263999999999996,1.3969999999999914
2022,Hungarian Grand Prix,PER,3,MEDIUM,25,0.6150000000000091,0.9879999999999995,0.37299999999999045
2022,Hungarian Grand Prix,RIC,1,SOFT,11,0.3170000000000073,1.5260000000000105,1.2090000000000032
2022,Hungarian Grand Prix,RIC,2,MEDIUM,29,0.09199999999999875,0.605000000000004,0.5130000000000052
2022,Hungarian Grand Prix,RIC,3,HARD,19,2.757000000000005,1.2420000000000044,-1.5150000000000006
2022,Hungarian Grand Prix,RUS,1,SOFT,12,0.23999999999999488,1.159000000000006,0.9190000000000111
2022,Hungarian Grand Prix,RUS,2,MEDIUM,21,0.1939999999999884,0.887999999999991,0.6940000000000026
2022,Hungarian Grand Prix,RUS,3,MEDIUM,28,1.164999999999992,1.6209999999999951,0.45600000000000307
2022,Hungarian Grand Prix,SAI,1,MEDIUM,13,0.578000000000003,1.3130000000000024,0.7349999999999994
2022,Hungarian Grand Prix,SAI,2,MEDIUM,28,0.10699999999999932,0.7620000000000005,0.6550000000000011
2022,Hungarian Grand Prix,SAI,3,SOFT,20,0.3889999999999958,2.5999999999999943,2.2109999999999985
2022,Hungarian Grand Prix,STR,1,SOFT,10,0.028999999999996362,1.1730000000000018,1.1440000000000055
2022,Hungarian Grand Prix,STR,2,MEDIUM,30,0.9799999999999898,1.097999999999999,0.11800000000000921
2022,Hungarian Grand Prix,STR,3,SOFT,20,1.2620000000000005,5.862000000000009,4.6000000000000085
2022,Hungarian Grand Prix,TSU,1,SOFT,9,0.03599999999998715,1.4699999999999989,1.4340000000000117
2022,Hungarian Grand Prix,TSU,2,MEDIUM,18,0.07800000000000296,0.5330000000000013,0.4549999999999983
2022,Hungarian Grand Prix,TSU,3,SOFT,16,0.527000000000001,1.1629999999999967,0.6359999999999957
2022,Hungarian Grand Prix,TSU,4,SOFT,14,2.4180000000000064,8.52300000000001,6.105000000000004
2022,Hungarian Grand Prix,VER,1,SOFT,12,0.7250000000000085,0.568000000000012,-0.15699999999999648
2022,Hungarian Grand Prix,VER,2,MEDIUM,20,0.38900000000001,0.6950000000000074,0.3059999999999974
2022,Hungarian Grand Prix,VER,3,MEDIUM,29,0.9050000000000011,1.1610000000000014,0.2560000000000002
2022,Hungarian Grand Prix,VET,1,SOFT,11,0.1769999999999925,0.9369999999999976,0.7600000000000051
2022,Hungarian Grand Prix,VET,2,MEDIUM,28,1.0060000000000002,0.75,-0.2560000000000002
2022,Hungarian Grand Prix,VET,3,MEDIUM,20,2.355000000000004,2.456000000000003,0.10099999999999909
2022,Hungarian Grand Prix,ZHO,1,MEDIUM,23,0.15500000000000114,0.8389999999999986,0.6839999999999975
2022,Hungarian Grand Prix,ZHO,2,HARD,22,0.37699999999999534,2.9399999999999977,2.5630000000000024
2022,Hungarian Grand Prix,ZHO,3,SOFT,13,0.8400000000000034,0.43600000000000705,-0.40399999999999636
2022,Italian Grand Prix,ALO,1,MEDIUM,27,0.40399999999999636,0.49499999999999034,0.09099999999999397
2022,Italian Grand Prix,BOT,1,MEDIUM,31,2.6500000000000057,0.18900000000000716,-2.4609999999999985
2022,Italian Grand Prix,BOT,2,SOFT,10,0.4170000000000016,0.35599999999999454,-0.06100000000000705
2022,Italian Grand Prix,DEV,1,SOFT,13,0.23799999999999955,0.5309999999999917,0.29299999999999216
2022,Italian Grand Prix,DEV,2,MEDIUM,26,0.30100000000000193,0.5760000000000076,0.2750000000000057
2022,Italian Grand Prix,GAS,1,MEDIUM,14,0.3930000000000007,0.3960000000000008,0.0030000000000001137
2022,Italian Grand Prix,GAS,2,HARD,27,0.7289999999999992,0.3370000000000033,-0.3919999999999959
2022,Italian Grand Prix,HAM,1,MEDIUM,30,2.378,0.3090000000000117,-2.0689999999999884
2022,Italian Grand Prix,HAM,2,SOFT,12,1.0570000000000022,0.5100000000000051,-0.546999999999997
2022,Italian Grand Prix,LAT,1,MEDIUM,12,1.9920000000000044,0.1880000000000024,-1.804000000000002
2022,Italian Grand Prix,LAT,2,HARD,30,0.03300000000000125,1.0720000000000027,1.0390000000000015
2022,Italian Grand Prix,LEC,1,SOFT,10,0.8850000000000051,0.625,-0.2600000000000051
2022,Italian Grand Prix,LEC,2,MEDIUM,19,0.28300000000000125,0.6240000000000094,0.3410000000000082
2022,Italian Grand Prix,LEC,3,SOFT,13,0.5720000000000027,0.8340000000000032,0.26200000000000045
2022,Italian Grand Prix,MAG,1,MEDIUM,19,1.3790000000000049,0.5619999999999976,-0.8170000000000073
2022,Italian Grand Prix,MAG,2,HARD,20,0.8329999999999984,0.7749999999999915,-0.058000000000006935
2022,Italian Grand Prix,MSC,1,MEDIUM,29,2.266999999999996,0.39000000000000057,-1.8769999999999953
2022,Italian Grand Prix,MSC,2,SOFT,12,0.902000000000001,0.9440000000000026,0.04200000000000159
2022,Italian Grand Prix,NOR,1,MEDIUM,31,0.8179999999999978,0.1799999999999926,-0.6380000000000052
2022,Italian Grand Prix,NOR,2,SOFT,10,0.44899999999999807,0.17300000000000182,-0.27599999999999625
2022,Italian Grand Prix,OCO,1,SOFT,16,0.8489999999999895,0.8169999999999931,-0.031999999999996476
2022,Italian Grand Prix,OCO,2,HARD,26,0.5669999999999931,0.48599999999999,-0.08100000000000307
2022,Italian Grand Prix,PER,2,HARD,30,1.2240000000000038,0.0020000000000095497,-1.2219999999999942
2022,Italian Grand Prix,RIC,1,MEDIUM,16,0.5960000000000036,0.3920000000000101,-0.20399999999999352
2022,Italian Grand Prix,RIC,2,HARD,23,0.7670000000000101,0.5810000000000031,-0.18600000000000705
2022,Italian Grand Prix,RUS,1,SOFT,19,0.6710000000000065,0.7760000000000105,0.10500000000000398
2022,Italian Grand Prix,RUS,2,HARD,22,0.39000000000000057,0.76400000000001,0.37400000000000944
2022,Italian Grand Prix,SAI,1,MEDIUM,27,1.2270000000000039,0.585000000000008,-0.6419999999999959
2022,Italian Grand Prix,SAI,2,SOFT,14,0.8760000000000048,0.13400000000000034,-0.7420000000000044
2022,Italian Grand Prix,STR,1,MEDIUM,15,0.5690000000000026,0.38800000000000523,-0.18099999999999739
2022,Italian Grand Prix,STR,2,HARD,18,0.9749999999999943,0.8509999999999991,-0.12399999999999523
2022,Italian Grand Prix,TSU,1,MEDIUM,16,2.0019999999999953,0.16899999999999693,-1.8329999999999984
2022,Italian Grand Prix,TSU,2,HARD,26,0.41500000000000625,0.8850000000000051,0.46999999999999886
2022,Italian Grand Prix,VER,1,SOFT,20,0.8840000000000003,0.5030000000000001,-0.3810000000000002
2022,Italian Grand Prix,VER,2,MEDIUM,21,0.2669999999999959,0.07899999999999352,-0.1880000000000024
2022,Italian Grand Prix,VET,1,MEDIUM,9,0.8369999999999891,0.4549999999999983,-0.3819999999999908
2022,Italian Grand Prix,ZHO,1,MEDIUM,15,0.7420000000000044,0.527000000000001,-0.2150000000000034
2022,Italian Grand Prix,ZHO,2,HARD,27,0.7139999999999986,0.7950000000000017,0.08100000000000307
2022,Japanese Grand Prix,ALO,3,INTERMEDIATE,12,1.8199999999999932,2.36099999999999,0.5409999999999968
2022,Japanese Grand Prix,BOT,3,INTERMEDIATE,21,2.9990000000000094,2.5160000000000053,-0.4830000000000041
2022,Japanese Grand Prix,GAS,4,INTERMEDIATE,10,1.0160000000000053,2.9480000000000075,1.9320000000000022
2022,Japanese Grand Prix,GAS,5,INTERMEDIATE,8,0.2049999999999983,4.347999999999999,4.143000000000001
2022,Japanese Grand Prix,HAM,3,INTERMEDIATE,20,1.9879999999999995,3.9309999999999974,1.9429999999999978
2022,Japanese Grand Prix,LAT,3,INTERMEDIATE,22,0.6440000000000055,2.335000000000008,1.6910000000000025
2022,Japanese Grand Prix,LEC,3,INTERMEDIATE,20,0.9919999999999902,5.033999999999992,4.042000000000002
2022,Japanese Grand Prix,MAG,3,INTERMEDIATE,20,0.05100000000000193,2.2449999999999903,2.1939999999999884
2022,Japanese Grand Prix,MSC,3,INTERMEDIATE,16,0.5489999999999924,3.786999999999992,3.2379999999999995
2022,Japanese Grand Prix,NOR,3,INTERMEDIATE,21,0.6620000000000061,2.260000000000005,1.597999999999999
2022,Japanese Grand Prix,OCO,3,INTERMEDIATE,20,1.5450000000000017,2.701999999999998,1.1569999999999965
2022,Japanese Grand Prix,PER,3,INTERMEDIATE,20,0.9679999999999893,3.370999999999995,2.403000000000006
2022,Japanese Grand Prix,RIC,3,INTERMEDIATE,19,0.20300000000000296,1.7219999999999942,1.5189999999999912
2022,Japanese Grand Prix,RUS,3,INTERMEDIATE,20,1.5819999999999936,1.3549999999999898,-0.22700000000000387
2022,Japanese Grand Prix,STR,3,INTERMEDIATE,10,0.08599999999999852,1.4639999999999986,1.3780000000000001
2022,Japanese Grand Prix,STR,4,INTERMEDIATE,8,2.1910000000000025,4.406000000000006,2.2150000000000034
2022,Japanese Grand Prix,TSU,3,INTERMEDIATE,11,0.4789999999999992,1.9050000000000011,1.426000000000002
2022,Japanese Grand Prix,TSU,4,INTERMEDIATE,7,1.7129999999999939,1.2879999999999967,-0.42499999999999716
2022,Japanese Grand Prix,VER,3,INTERMEDIATE,20,0.09999999999999432,3.337999999999994,3.2379999999999995
2022,Japanese Grand Prix,VET,3,INTERMEDIATE,22,1.6740000000000066,2.858000000000004,1.1839999999999975
2022,Japanese Grand Prix,ZHO,3,INTERMEDIATE,7,0.7400000000000091,4.709000000000003,3.968999999999994
2022,Japanese Grand Prix,ZHO,4,INTERMEDIATE,9,2.0529999999999973,5.932000000000002,3.879000000000005
2022,Mexico City Grand Prix,ALB,1,MEDIUM,36,2.144999999999996,0.2150000000000034,-1.9299999999999926
2022,Mexico City Grand Prix,ALB,2,SOFT,30,0.38299999999999557,1.0829999999999984,0.7000000000000028
2022,Mexico City Grand Prix,ALO,1,MEDIUM,38,0.9779999999999944,0.465999999999994,-0.5120000000000005
2022,Mexico City Grand Prix,ALO,2,HARD,21,0.6940000000000026,2.061000000000007,1.3670000000000044
2022,Mexico City Grand Prix,BOT,1,MEDIUM,37,0.9039999999999964,0.47699999999998965,-0.4270000000000067
2022,Mexico City Grand Prix,BOT,2,HARD,28,0.7049999999999983,0.9779999999999944,0.27299999999999613
2022,Mexico City Grand Prix,GAS,1,MEDIUM,38,1.7510000000000048,0.9050000000000011,-0.8460000000000036
2022,Mexico City Grand Prix,GAS,2,SOFT,28,0.2849999999999966,1.2099999999999937,0.9249999999999972
2022,Mexico City Grand Prix,HAM,1,MEDIUM,27,0.27299999999999613,0.2669999999999959,-0.006000000000000227
2022,Mexico City Grand Prix,HAM,2,HARD,39,0.3569999999999993,1.085000000000008,0.7280000000000086
2022,Mexico City Grand Prix,LAT,1,SOFT,21,1.3529999999999944,1.2010000000000076,-0.1519999999999868
2022,Mexico City Grand Prix,LAT,2,HARD,27,0.3020000000000067,0.4549999999999983,0.1529999999999916
2022,Mexico City Grand Prix,LAT,3,SOFT,15,0.38700000000000045,2.1400000000000006,1.7530000000000001
2022,Mexico City Grand Prix,LEC,1,SOFT,25,0.04400000000001114,1.1840000000000117,1.1400000000000006
2022,Mexico City Grand Prix,LEC,2,MEDIUM,41,0.4550000000000125,1.2660000000000053,0.8109999999999928
2022,Mexico City Grand Prix,MAG,1,MEDIUM,36,1.5520000000000067,0.7220000000000084,-0.8299999999999983
2022,Mexico City Grand Prix,MAG,2,SOFT,29,1.7090000000000032,1.007000000000005,-0.7019999999999982
2022,Mexico City Grand Prix,MSC,1,SOFT,22,1.1640000000000015,0.8619999999999948,-0.3020000000000067
2022,Mexico City Grand Prix,MSC,2,MEDIUM,44,0.2560000000000002,0.9170000000000016,0.6610000000000014
2022,Mexico City Grand Prix,NOR,1,MEDIUM,29,0.9189999999999969,0.2879999999999967,-0.6310000000000002
2022,Mexico City Grand Prix,NOR,2,HARD,36,0.6730000000000018,0.472999999999999,-0.20000000000000284
2022,Mexico City Grand Prix,OCO,1,MEDIUM,31,0.5989999999999895,0.09199999999999875,-0.5069999999999908
2022,Mexico City Grand Prix,OCO,2,HARD,34,0.7280000000000086,0.5810000000000031,-0.14700000000000557
2022,Mexico City Grand Prix,PER,1,SOFT,21,0.35200000000000387,0.5049999999999955,0.1529999999999916
2022,Mexico City Grand Prix,PER,2,MEDIUM,45,0.4759999999999991,0.931999999999988,0.45599999999998886
2022,Mexico City Grand Prix,RIC,1,MEDIUM,42,1.6620000000000061,0.30400000000000205,-1.358000000000004
2022,Mexico City Grand Prix,RIC,2,SOFT,23,0.1979999999999933,0.9329999999999927,0.7349999999999994
2022,Mexico City Grand Prix,RUS,1,MEDIUM,32,0.7220000000000084,0.33500000000000796,-0.38700000000000045
2022,Mexico City Grand Prix,RUS,2,HARD,31,0.2920000000000016,0.4369999999999976,0.14499999999999602
2022,Mexico City Grand Prix,SAI,1,SOFT,27,0.18600000000000705,0.7190000000000083,0.5330000000000013
2022,Mexico City Grand Prix,SAI,2,MEDIUM,40,0.8970000000000056,1.5,0.6029999999999944
2022,Mexico City Grand Prix,STR,1,MEDIUM,15,1.4980000000000047,0.43300000000000693,-1.0649999999999977
2022,Mexico City Grand Prix,STR,2,SOFT,21,0.3849999999999909,1.230000000000004,0.8450000000000131
2022,Mexico City Grand Prix,STR,3,SOFT,28,0.34200000000001296,1.6230000000000047,1.2809999999999917
2022,Mexico City Grand Prix,TSU,1,SOFT,27,0.7349999999999994,0.20900000000000318,-0.5259999999999962
2022,Mexico City Grand Prix,TSU,2,MEDIUM,19,0.7199999999999989,0.18599999999999284,-0.534000000000006
2022,Mexico City Grand Prix,VER,1,SOFT,23,0.27599999999999625,0.6839999999999975,0.40800000000000125
2022,Mexico City Grand Prix,VER,2,MEDIUM,43,0.4479999999999933,0.7479999999999905,0.29999999999999716
2022,Mexico City Grand Prix,VET,1,SOFT,36,1.3610000000000042,0.3640000000000043,-0.9969999999999999
2022,Mexico City Grand Prix,VET,2,MEDIUM,30,0.043000000000006366,0.945999999999998,0.9029999999999916
2022,Mexico City Grand Prix,ZHO,1,MEDIUM,43,1.418999999999997,0.6310000000000002,-0.7879999999999967
2022,Mexico City Grand Prix,ZHO,2,SOFT,23,0.40500000000000114,2.3900000000000006,1.9849999999999994
2022,Miami Grand Prix,ALB,1,MEDIUM,14,1.0180000000000007,0.07200000000000273,-0.945999999999998
2022,Miami Grand Prix,ALB,2,HARD,33,1.6119999999999948,0.18999999999999773,-1.421999999999997
2022,Miami Grand Prix,ALO,1,MEDIUM,12,0.32200000000000273,0.09600000000000364,-0.2259999999999991
2022,Miami Grand Prix,ALO,2,HARD,33,2.0859999999999985,0.10999999999999943,-1.975999999999999
2022,Miami Grand Prix,BOT,1,MEDIUM,24,1.5910000000000082,0.4300000000000068,-1.1610000000000014
2022,Miami Grand Prix,BOT,2,HARD,23,0.8179999999999978,0.32500000000000284,-0.492999999999995
2022,Miami Grand Prix,GAS,1,MEDIUM,14,0.46000000000000796,0.23499999999999943,-0.22500000000000853
2022,Miami Grand Prix,GAS,2,HARD,21,0.6980000000000075,0.06500000000001194,-0.6329999999999956
2022,Miami Grand Prix,HAM,1,MEDIUM,20,1.0649999999999977,0.722999999999999,-0.34199999999999875
2022,Miami Grand Prix,HAM,2,HARD,27,0.902000000000001,0.000999999999990564,-0.9010000000000105
2022,Miami Grand Prix,LAT,1,HARD,32,2.4939999999999998,0.2530000000000001,-2.2409999999999997
2022,Miami Grand Prix,LAT,2,MEDIUM,14,1.2379999999999995,0.6310000000000002,-0.6069999999999993
2022,Miami Grand Prix,LEC,1,MEDIUM,22,1.2479999999999905,0.4379999999999882,-0.8100000000000023
2022,Miami Grand Prix,LEC,2,HARD,26,1.5660000000000025,0.9560000000000031,-0.6099999999999994
2022,Miami Grand Prix,MAG,1,MEDIUM,10,0.4759999999999991,0.36599999999999966,-0.10999999999999943
2022,Miami Grand Prix,MAG,2,HARD,25,1.6940000000000026,0.027000000000001023,-1.6670000000000016
2022,Miami Grand Prix,MAG,3,MEDIUM,10,2.1540000000000106,1.7160000000000082,-0.4380000000000024
2022,Miami Grand Prix,MSC,1,MEDIUM,12,0.6099999999999994,0.39400000000000546,-0.21599999999999397
2022,Miami Grand Prix,MSC,2,HARD,31,1.313999999999993,1.1749999999999972,-0.1389999999999958
2022,Miami Grand Prix,NOR,1,MEDIUM,16,0.8160000000000025,0.1419999999999959,-0.6740000000000066
2022,Miami Grand Prix,NOR,2,HARD,20,1.6350000000000051,0.49800000000000466,-1.1370000000000005
2022,Miami Grand Prix,OCO,1,HARD,38,2.7509999999999906,0.08799999999999386,-2.6629999999999967
2022,Miami Grand Prix,OCO,2,SOFT,11,1.274000000000001,0.09600000000000364,-1.1779999999999973
2022,Miami Grand Prix,PER,1,MEDIUM,25,1.1089999999999947,0.5339999999999918,-0.5750000000000028
2022,Miami Grand Prix,PER,2,HARD,11,0.7549999999999955,0.5670000000000073,-0.18799999999998818
2022,Miami Grand Prix,PER,3,MEDIUM,11,1.5559999999999974,0.15200000000000102,-1.4039999999999964
2022,Miami Grand Prix,RIC,1,MEDIUM,28,2.129000000000005,0.3230000000000075,-1.8059999999999974
2022,Miami Grand Prix,RIC,2,HARD,8,1.132000000000005,0.17600000000000193,-0.9560000000000031
2022,Miami Grand Prix,RIC,3,SOFT,11,2.3569999999999993,0.30700000000000216,-2.049999999999997
2022,Miami Grand Prix,RUS,1,HARD,38,3.076999999999998,0.3359999999999985,-2.7409999999999997
2022,Miami Grand Prix,RUS,2,MEDIUM,11,1.3719999999999999,0.049000000000006594,-1.3229999999999933
2022,Miami Grand Prix,SAI,1,MEDIUM,25,1.225999999999999,0.26300000000000523,-0.9629999999999939
2022,Miami Grand Prix,SAI,2,HARD,23,1.7469999999999999,0.1039999999999992,-1.6430000000000007
2022,Miami Grand Prix,STR,1,HARD,38,2.9780000000000086,0.2260000000000133,-2.7519999999999953
2022,Miami Grand Prix,STR,2,MEDIUM,11,1.2870000000000061,0.5280000000000058,-0.7590000000000003
2022,Miami Grand Prix,TSU,1,MEDIUM,9,0.37699999999999534,1.259999999999991,0.8829999999999956
2022,Miami Grand Prix,TSU,2,HARD,27,1.7620000000000005,0.19299999999999784,-1.5690000000000026
2022,Miami Grand Prix,TSU,3,SOFT,11,1.2319999999999993,0.6550000000000011,-0.5769999999999982
2022,Miami Grand Prix,VER,1,MEDIUM,24,1.3490000000000038,0.09300000000000352,-1.2560000000000002
2022,Miami Grand Prix,VER,2,HARD,24,1.774000000000001,0.3789999999999907,-1.3950000000000102
2022,Miami Grand Prix,VET,1,HARD,37,3.646000000000001,0.347999999999999,-3.298000000000002
2022,Miami Grand Prix,VET,2,MEDIUM,7,1.4579999999999984,0.7379999999999995,-0.7199999999999989
2022,Monaco Grand Prix,ALB,1,WET,13,10.049999999999997,0.8960000000000008,-9.153999999999996
2022,Monaco Grand Prix,ALB,4,MEDIUM,18,6.908000000000001,1.4849999999999994,-5.423000000000002
2022,Monaco Grand Prix,ALO,1,WET,18,11.474999999999994,0.6280000000000001,-10.846999999999994
2022,Monaco Grand Prix,ALO,3,MEDIUM,32,7.015000000000001,3.326999999999998,-3.6880000000000024
2022,Monaco Grand Prix,BOT,1,WET,17,12.701000000000008,1.475999999999999,-11.225000000000009
2022,Monaco Grand Prix,BOT,3,HARD,32,5.2960000000000065,0.811000000000007,-4.484999999999999
2022,Monaco Grand Prix,GAS,2,INTERMEDIATE,17,7.094999999999999,1.0749999999999886,-6.02000000000001
2022,Monaco Grand Prix,GAS,4,HARD,31,5.400000000000006,0.7780000000000058,-4.622
2022,Monaco Grand Prix,HAM,1,WET,11,8.482,1.311000000000007,-7.170999999999992
2022,Monaco Grand Prix,HAM,4,MEDIUM,32,5.725999999999999,1.1059999999999945,-4.6200000000000045
2022,Monaco Grand Prix,LAT,3,HARD,17,7.9140000000000015,0.7120000000000033,-7.201999999999998
2022,Monaco Grand Prix,LEC,1,WET,15,10.39500000000001,0.6080000000000041,-9.787000000000006
2022,Monaco Grand Prix,LEC,4,HARD,32,5.420000000000002,2.0889999999999986,-3.331000000000003
2022,Monaco Grand Prix,MAG,1,WET,16,11.61999999999999,1.0989999999999895,-10.521
2022,Monaco Grand Prix,MSC,2,INTERMEDIATE,11,4.831999999999994,0.47799999999999443,-4.353999999999999
2022,Monaco Grand Prix,NOR,1,WET,14,8.320000000000007,0.6080000000000041,-7.712000000000003
2022,Monaco Grand Prix,NOR,4,HARD,18,5.533999999999992,1.5999999999999943,-3.9339999999999975
2022,Monaco Grand Prix,NOR,5,MEDIUM,12,2.2819999999999965,0.6899999999999977,-1.5919999999999987
2022,Monaco Grand Prix,OCO,1,WET,18,13.071000000000012,0.7960000000000065,-12.275000000000006
2022,Monaco Grand Prix,OCO,3,MEDIUM,32,5.241,0.5910000000000082,-4.6499999999999915
2022,Monaco Grand Prix,PER,1,WET,13,9.561999999999998,0.4300000000000068,-9.13199999999999
2022,Monaco Grand Prix,PER,4,MEDIUM,32,4.649000000000001,1.8889999999999958,-2.760000000000005
2022,Monaco Grand Prix,RIC,1,WET,16,10.622,0.20900000000000318,-10.412999999999997
2022,Monaco Grand Prix,RIC,3,HARD,32,5.124000000000009,0.6659999999999968,-4.458000000000013
2022,Monaco Grand Prix,RUS,1,WET,16,11.009,0.730000000000004,-10.278999999999996
2022,Monaco Grand Prix,RUS,3,MEDIUM,32,4.694000000000003,1.6099999999999994,-3.084000000000003
2022,Monaco Grand Prix,SAI,1,WET,18,10.344000000000008,0.12400000000000944,-10.219999999999999
2022,Monaco Grand Prix,SAI,3,HARD,31,4.364999999999995,1.6149999999999949,-2.75
2022,Monaco Grand Prix,STR,3,INTERMEDIATE,19,14.560999999999993,0.284000000000006,-14.276999999999987
2022,Monaco Grand Prix,STR,5,UNKNOWN,33,6.8430000000000035,0.7390000000000043,-6.103999999999999
2022,Monaco Grand Prix,TSU,2,INTERMEDIATE,13,6.819999999999993,3.8049999999999926,-3.0150000000000006
2022,Monaco Grand Prix,TSU,4,MEDIUM,24,6.4069999999999965,0.48399999999999466,-5.923000000000002
2022,Monaco Grand Prix,TSU,5,SOFT,6,0.7210000000000036,0.36599999999999966,-0.355000000000004
2022,Monaco Grand Prix,VER,1,WET,15,10.046000000000006,0.7330000000000041,-9.313000000000002
2022,Monaco Grand Prix,VER,4,MEDIUM,32,5.11699999999999,1.9129999999999967,-3.2039999999999935
2022,Monaco Grand Prix,VET,2,INTERMEDIATE,15,10.730000000000004,0.25499999999999545,-10.475000000000009
2022,Monaco Grand Prix,VET,4,HARD,32,5.336999999999989,0.671999999999997,-4.664999999999992
2022,Monaco Grand Prix,ZHO,1,WET,15,10.716999999999999,0.7369999999999948,-9.980000000000004
2022,Monaco Grand Prix,ZHO,3,MEDIUM,32,10.823999999999998,1.4059999999999917,-9.418000000000006
2022,Saudi Arabian Grand Prix,ALB,1,MEDIUM,9,1.4609999999999985,0.18299999999999272,-1.2780000000000058
2022,Saudi Arabian Grand Prix,ALB,2,HARD,25,3.4010000000000105,0.23799999999999955,-3.163000000000011
2022,Saudi Arabian Grand Prix,ALO,1,MEDIUM,14,0.49099999999999966,0.4030000000000058,-0.08799999999999386
2022,Saudi Arabian Grand Prix,ALO,2,HARD,15,2.8739999999999952,0.6779999999999973,-2.195999999999998
2022,Saudi Arabian Grand Prix,BOT,1,MEDIUM,14,0.7070000000000078,0.4309999999999974,-0.27600000000001046
2022,Saudi Arabian Grand Prix,BOT,2,HARD,14,3.082000000000008,1.0900000000000034,-1.9920000000000044
2022,Saudi Arabian Grand Prix,GAS,1,MEDIUM,13,1.2779999999999916,0.6259999999999906,-0.652000000000001
2022,Saudi Arabian Grand Prix,GAS,2,HARD,27,3.7989999999999924,0.8629999999999995,-2.935999999999993
2022,Saudi Arabian Grand Prix,HAM,1,HARD,31,3.960000000000008,0.39800000000001035,-3.5619999999999976
2022,Saudi Arabian Grand Prix,HAM,2,MEDIUM,9,0.9849999999999994,2.665999999999997,1.6809999999999974
2022,Saudi Arabian Grand Prix,HUL,1,HARD,30,3.2609999999999957,0.22299999999999898,-3.0379999999999967
2022,Saudi Arabian Grand Prix,HUL,2,MEDIUM,10,0.554000000000002,1.9170000000000016,1.3629999999999995
2022,Saudi Arabian Grand Prix,LAT,1,MEDIUM,12,0.6310000000000002,0.8790000000000049,0.24800000000000466
2022,Saudi Arabian Grand Prix,LEC,1,MEDIUM,14,0.22499999999999432,0.644999999999996,0.4200000000000017
2022,Saudi Arabian Grand Prix,LEC,2,HARD,25,2.4410000000000025,0.06900000000000261,-2.372
2022,Saudi Arabian Grand Prix,MAG,1,HARD,29,2.692999999999998,0.6899999999999977,-2.003
2022,Saudi Arabian Grand Prix,MAG,2,MEDIUM,10,0.4590000000000032,0.04999999999999716,-0.409000000000006
2022,Saudi Arabian Grand Prix,NOR,1,MEDIUM,13,1.1310000000000002,0.21599999999999397,-0.9150000000000063
2022,Saudi Arabian Grand Prix,NOR,2,HARD,27,4.450000000000003,2.0010000000000048,-2.448999999999998
2022,Saudi Arabian Grand Prix,OCO,1,MEDIUM,12,1.1499999999999915,1.100999999999999,-0.04899999999999238
2022,Saudi Arabian Grand Prix,OCO,2,HARD,27,3.9960000000000093,1.3359999999999985,-2.660000000000011
2022,Saudi Arabian Grand Prix,PER,1,MEDIUM,13,0.1560000000000059,0.7740000000000009,0.617999999999995
2022,Saudi Arabian Grand Prix,PER,2,HARD,25,2.6170000000000044,0.44299999999999784,-2.1740000000000066
2022,Saudi Arabian Grand Prix,RIC,1,MEDIUM,6,0.5360000000000014,0.17200000000001125,-0.3639999999999901
2022,Saudi Arabian Grand Prix,RIC,2,HARD,21,1.5480000000000018,0.13100000000000023,-1.4170000000000016
2022,Saudi Arabian Grand Prix,RUS,1,MEDIUM,14,1.0819999999999936,0.09199999999999875,-0.9899999999999949
2022,Saudi Arabian Grand Prix,RUS,2,HARD,27,1.980000000000004,1.0960000000000036,-0.8840000000000003
2022,Saudi Arabian Grand Prix,SAI,1,MEDIUM,14,0.7309999999999945,0.5460000000000065,-0.18499999999998806
2022,Saudi Arabian Grand Prix,SAI,2,HARD,26,2.3900000000000006,0.10299999999999443,-2.287000000000006
2022,Saudi Arabian Grand Prix,STR,1,MEDIUM,11,0.3079999999999927,1.086999999999989,0.7789999999999964
2022,Saudi Arabian Grand Prix,STR,2,HARD,26,3.3900000000000006,0.0379999999999967,-3.352000000000004
2022,Saudi Arabian Grand Prix,VER,1,MEDIUM,14,0.2560000000000002,0.4590000000000032,0.20300000000000296
2022,Saudi Arabian Grand Prix,VER,2,HARD,26,2.394999999999996,0.08899999999999864,-2.3059999999999974
2022,Saudi Arabian Grand Prix,ZHO,1,MEDIUM,13,1.387999999999991,0.40800000000000125,-0.9799999999999898
2022,Saudi Arabian Grand Prix,ZHO,2,HARD,6,1.490000000000009,0.43600000000000705,-1.054000000000002
2022,Saudi Arabian Grand Prix,ZHO,3,HARD,17,0.8559999999999945,0.7769999999999868,-0.07900000000000773
2022,São Paulo Grand Prix,ALB,2,MEDIUM,18,1.475999999999999,0.8659999999999997,-0.6099999999999994
2022,São Paulo Grand Prix,ALB,3,MEDIUM,20,0.14799999999999613,1.012999999999991,0.8649999999999949
2022,São Paulo Grand Prix,ALB,4,MEDIUM,15,0.3790000000000049,0.9599999999999937,0.5809999999999889
2022,São Paulo Grand Prix,ALO,1,MEDIUM,7,1.0849999999999937,0.7569999999999908,-0.32800000000000296
2022,São Paulo Grand Prix,ALO,2,MEDIUM,19,0.4819999999999993,1.0640000000000072,0.5820000000000078
2022,São Paulo Grand Prix,ALO,3,MEDIUM,15,0.20699999999999363,0.39799999999999613,0.1910000000000025
2022,São Paulo Grand Prix,ALO,4,SOFT,12,0.6979999999999933,0.7240000000000038,0.02600000000001046
2022,São Paulo Grand Prix,BOT,1,SOFT,17,0.4140000000000015,0.7560000000000002,0.34199999999999875
2022,São Paulo Grand Prix,BOT,2,MEDIUM,19,0.3709999999999951,1.3429999999999893,0.9719999999999942
2022,São Paulo Grand Prix,BOT,3,SOFT,17,1.081000000000003,0.24500000000000455,-0.8359999999999985
2022,São Paulo Grand Prix,GAS,1,SOFT,12,0.1110000000000042,0.4579999999999984,0.3469999999999942
2022,São Paulo Grand Prix,GAS,2,MEDIUM,14,0.3790000000000049,0.7460000000000093,0.36700000000000443
2022,São Paulo Grand Prix,GAS,3,SOFT,15,0.3469999999999942,0.5490000000000066,0.2020000000000124
2022,São Paulo Grand Prix,GAS,4,MEDIUM,12,2.659000000000006,0.37000000000000455,-2.2890000000000015
2022,São Paulo Grand Prix,HAM,1,SOFT,21,0.6209999999999951,1.1779999999999973,0.5570000000000022
2022,São Paulo Grand Prix,HAM,2,MEDIUM,17,0.5580000000000069,0.9690000000000083,0.41100000000000136
2022,São Paulo Grand Prix,HAM,3,SOFT,15,0.7060000000000031,0.8340000000000032,0.1280000000000001
2022,São Paulo Grand Prix,LAT,1,MEDIUM,13,1.2520000000000095,0.8689999999999998,-0.3830000000000098
2022,São Paulo Grand Prix,LAT,2,HARD,10,0.01100000000000989,1.1189999999999998,1.1079999999999899
2022,São Paulo Grand Prix,LAT,3,MEDIUM,18,0.06700000000000728,0.5430000000000064,0.4759999999999991
2022,São Paulo Grand Prix,LAT,4,SOFT,12,0.08100000000000307,0.3050000000000068,0.22400000000000375
2022,São Paulo Grand Prix,LEC,2,MEDIUM,12,0.41799999999999216,1.7849999999999966,1.3670000000000044
2022,São Paulo Grand Prix,LEC,3,SOFT,21,0.5859999999999985,0.9949999999999903,0.4089999999999918
2022,São Paulo Grand Prix,LEC,4,SOFT,18,1.1020000000000039,0.6430000000000007,-0.4590000000000032
2022,São Paulo Grand Prix,MSC,1,MEDIUM,17,0.26500000000000057,1.1809999999999974,0.9159999999999968
2022,São Paulo Grand Prix,MSC,2,SOFT,20,0.11999999999999034,0.8019999999999925,0.6820000000000022
2022,São Paulo Grand Prix,MSC,3,SOFT,16,0.3129999999999882,1.1189999999999998,0.8060000000000116
2022,São Paulo Grand Prix,NOR,1,SOFT,17,0.18500000000000227,1.4250000000000114,1.240000000000009
2022,São Paulo Grand Prix,NOR,2,MEDIUM,19,0.03999999999999204,1.1679999999999922,1.1280000000000001
2022,São Paulo Grand Prix,OCO,1,SOFT,17,0.7379999999999995,0.5779999999999887,-0.1600000000000108
2022,São Paulo Grand Prix,OCO,2,MEDIUM,21,0.44999999999998863,1.191999999999993,0.7420000000000044
2022,São Paulo Grand Prix,OCO,3,SOFT,15,0.6679999999999922,0.5379999999999967,-0.12999999999999545
2022,São Paulo Grand Prix,PER,1,SOFT,16,0.14100000000000534,0.9099999999999966,0.7689999999999912
2022,São Paulo Grand Prix,PER,2,MEDIUM,22,0.2740000000000009,1.323999999999998,1.0499999999999972
2022,São Paulo Grand Prix,PER,3,MEDIUM,16,0.9470000000000027,0.9050000000000011,-0.04200000000000159
2022,São Paulo Grand Prix,RUS,1,SOFT,17,0.07399999999999807,0.681999999999988,0.6079999999999899
2022,São Paulo Grand Prix,RUS,2,MEDIUM,23,0.5430000000000064,0.4939999999999998,-0.049000000000006594
2022,São Paulo Grand Prix,RUS,3,SOFT,14,0.5480000000000018,0.730000000000004,0.18200000000000216
2022,São Paulo Grand Prix,SAI,1,MEDIUM,10,0.6380000000000052,0.8969999999999914,0.25899999999998613
2022,São Paulo Grand Prix,SAI,2,SOFT,17,0.7129999999999939,0.9380000000000024,0.22500000000000853
2022,São Paulo Grand Prix,SAI,3,MEDIUM,15,0.2710000000000008,1.2789999999999964,1.0079999999999956
2022,São Paulo Grand Prix,SAI,4,SOFT,12,1.2879999999999967,0.5120000000000005,-0.7759999999999962
2022,São Paulo Grand Prix,STR,1,MEDIUM,20,0.05299999999999727,0.9819999999999993,0.929000000000002
2022,São Paulo Grand Prix,STR,2,MEDIUM,16,0.590999999999994,0.6629999999999967,0.07200000000000273
2022,São Paulo Grand Prix,STR,3,SOFT,13,0.015000000000000568,0.8819999999999908,0.8669999999999902
2022,São Paulo Grand Prix,TSU,1,MEDIUM,13,1.188999999999993,0.9719999999999942,-0.21699999999999875
2022,São Paulo Grand Prix,TSU,2,SOFT,18,0.1740000000000066,0.916000000000011,0.7420000000000044
2022,São Paulo Grand Prix,TSU,3,SOFT,10,0.24399999999999977,0.3810000000000002,0.13700000000000045
2022,São Paulo Grand Prix,TSU,4,MEDIUM,12,1.3590000000000089,0.8790000000000049,-0.480000000000004
2022,São Paulo Grand Prix,VER,2,MEDIUM,14,0.3020000000000067,1.7590000000000003,1.4569999999999936
2022,São Paulo Grand Prix,VER,3,SOFT,23,0.21999999999999886,0.480000000000004,0.2600000000000051
2022,São Paulo Grand Prix,VER,4,SOFT,14,0.8590000000000089,0.35200000000000387,-0.507000000000005
2022,São Paulo Grand Prix,VET,1,SOFT,19,0.6330000000000098,1.1090000000000089,0.4759999999999991
2022,São Paulo Grand Prix,VET,2,MEDIUM,17,0.40399999999999636,0.5289999999999964,0.125
2022,São Paulo Grand Prix,VET,3,MEDIUM,16,0.6049999999999898,0.5169999999999959,-0.08799999999999386
2022,São Paulo Grand Prix,ZHO,1,SOFT,9,1.777000000000001,1.2069999999999936,-0.5700000000000074
2022,São Paulo Grand Prix,ZHO,2,MEDIUM,19,0.394999999999996,1.5990000000000038,1.2040000000000077
2022,São Paulo Grand Prix,ZHO,3,SOFT,25,0.3289999999999935,0.4959999999999951,0.1670000000000016
2022,Singapore Grand Prix,ALB,1,INTERMEDIATE,18,5.6440000000000055,0.9170000000000016,-4.727000000000004
2022,Singapore Grand Prix,ALO,1,INTERMEDIATE,16,2.8430000000000035,0.1770000000000067,-2.665999999999997
2022,Singapore Grand Prix,BOT,1,INTERMEDIATE,23,7.022000000000006,0.19899999999999807,-6.8230000000000075
2022,Singapore Grand Prix,BOT,2,SOFT,20,5.220999999999989,4.194999999999993,-1.0259999999999962
2022,Singapore Grand Prix,GAS,1,INTERMEDIATE,22,5.074999999999989,0.2639999999999958,-4.810999999999993
2022,Singapore Grand Prix,GAS,2,MEDIUM,21,9.524000000000001,1.0930000000000035,-8.430999999999997
2022,Singapore Grand Prix,HAM,1,INTERMEDIATE,21,4.111000000000004,0.3719999999999999,-3.7390000000000043
2022,Singapore Grand Prix,HAM,2,MEDIUM,20,5.444999999999993,0.4789999999999992,-4.965999999999994
2022,Singapore Grand Prix,LEC,1,INTERMEDIATE,22,4.679999999999993,0.5520000000000067,-4.127999999999986
2022,Singapore Grand Prix,LEC,2,MEDIUM,20,4.549000000000007,1.1599999999999966,-3.38900000000001
2022,Singapore Grand Prix,MAG,2,INTERMEDIATE,17,3.439000000000007,0.09199999999999875,-3.3470000000000084
2022,Singapore Grand Prix,MAG,3,MEDIUM,20,6.785000000000011,1.5180000000000007,-5.26700000000001
2022,Singapore Grand Prix,MSC,1,INTERMEDIATE,23,6.936000000000007,0.08500000000000796,-6.850999999999999
2022,Singapore Grand Prix,MSC,3,SOFT,16,9.211999999999989,0.9029999999999916,-8.308999999999997
2022,Singapore Grand Prix,NOR,1,INTERMEDIATE,24,4.347999999999999,0.37699999999999534,-3.9710000000000036
2022,Singapore Grand Prix,NOR,2,MEDIUM,20,5.786999999999992,0.8019999999999925,-4.984999999999999
2022,Singapore Grand Prix,OCO,1,INTERMEDIATE,19,4.9739999999999895,0.0660000000000025,-4.907999999999987
2022,Singapore Grand Prix,PER,1,INTERMEDIATE,23,4.608000000000004,0.6779999999999973,-3.930000000000007
2022,Singapore Grand Prix,PER,2,MEDIUM,20,5.527999999999992,0.8439999999999941,-4.6839999999999975
2022,Singapore Grand Prix,RIC,1,INTERMEDIATE,25,7.076999999999998,0.37999999999999545,-6.697000000000003
2022,Singapore Grand Prix,RIC,2,SOFT,20,5.350999999999999,1.073999999999998,-4.277000000000001
2022,Singapore Grand Prix,RUS,1,INTERMEDIATE,16,5.521999999999991,0.06999999999999318,-5.451999999999998
2022,Singapore Grand Prix,RUS,2,MEDIUM,7,10.542999999999992,1.382000000000005,-9.160999999999987
2022,Singapore Grand Prix,RUS,4,SOFT,8,6.241000000000014,2.0360000000000014,-4.2050000000000125
2022,Singapore Grand Prix,SAI,1,INTERMEDIATE,22,4.415999999999997,1.0819999999999936,-3.334000000000003
2022,Singapore Grand Prix,SAI,2,MEDIUM,20,6.5660000000000025,0.2980000000000018,-6.268000000000001
2022,Singapore Grand Prix,STR,1,INTERMEDIATE,24,6.634,0.24099999999999966,-6.393000000000001
2022,Singapore Grand Prix,STR,2,MEDIUM,20,6.811999999999998,0.13700000000000045,-6.674999999999997
2022,Singapore Grand Prix,TSU,1,INTERMEDIATE,23,6.760000000000005,0.9060000000000059,-5.853999999999999
2022,Singapore Grand Prix,VER,1,INTERMEDIATE,23,4.992000000000004,1.3530000000000086,-3.638999999999996
2022,Singapore Grand Prix,VER,3,SOFT,18,2.2280000000000086,1.7920000000000016,-0.43600000000000705
2022,Singapore Grand Prix,VET,1,INTERMEDIATE,23,5.417999999999992,0.2149999999999892,-5.203000000000003
2022,Singapore Grand Prix,VET,2,MEDIUM,20,6.793000000000006,0.7800000000000011,-6.013000000000005
2022,Spanish Grand Prix,ALB,1,SOFT,9,1.0279999999999916,1.4429999999999978,0.41500000000000625
2022,Spanish Grand Prix,ALB,2,MEDIUM,11,0.2989999999999924,2.2549999999999955,1.956000000000003
2022,Spanish Grand Prix,ALB,3,SOFT,16,0.14500000000001023,1.9030000000000058,1.7579999999999956
2022,Spanish Grand Prix,ALB,4,MEDIUM,7,0.42799999999999727,0.6580000000000013,0.23000000000000398
2022,Spanish Grand Prix,ALB,5,SOFT,8,0.21199999999998909,1.3119999999999976,1.1000000000000085
2022,Spanish Grand Prix,ALO,1,SOFT,8,1.3989999999999867,0.49499999999999034,-0.9039999999999964
2022,Spanish Grand Prix,ALO,2,MEDIUM,17,0.41100000000000136,0.9819999999999993,0.570999999999998
2022,Spanish Grand Prix,ALO,3,SOFT,20,0.6269999999999953,0.8930000000000007,0.26600000000000534
2022,Spanish Grand Prix,ALO,4,SOFT,11,0.19299999999999784,1.6709999999999923,1.4779999999999944
2022,Spanish Grand Prix,BOT,1,SOFT,12,0.21000000000000796,0.7680000000000007,0.5579999999999927
2022,Spanish Grand Prix,BOT,2,MEDIUM,18,0.20300000000000296,1.061000000000007,0.8580000000000041
2022,Spanish Grand Prix,BOT,3,MEDIUM,31,0.9399999999999977,3.575000000000003,2.635000000000005
2022,Spanish Grand Prix,GAS,1,SOFT,8,0.24200000000000443,1.7489999999999952,1.5069999999999908
2022,Spanish Grand Prix,GAS,2,MEDIUM,17,0.1810000000000116,1.4879999999999995,1.306999999999988
2022,Spanish Grand Prix,GAS,3,SOFT,15,0.15500000000000114,0.9810000000000088,0.8260000000000076
2022,Spanish Grand Prix,GAS,4,SOFT,18,0.038000000000010914,1.88600000000001,1.847999999999999
2022,Spanish Grand Prix,HAM,2,SOFT,18,0.8319999999999936,2.9479999999999933,2.1159999999999997
2022,Spanish Grand Prix,HAM,3,MEDIUM,22,1.0860000000000127,1.3330000000000126,0.2469999999999999
2022,Spanish Grand Prix,HAM,4,SOFT,17,0.8529999999999944,7.393000000000001,6.540000000000006
2022,Spanish Grand Prix,LAT,1,SOFT,10,0.6770000000000067,1.3020000000000067,0.625
2022,Spanish Grand Prix,LAT,2,MEDIUM,12,0.11999999999999034,1.2449999999999903,1.125
2022,Spanish Grand Prix,LAT,3,SOFT,22,0.19899999999999807,0.8610000000000042,0.6620000000000061
2022,Spanish Grand Prix,LAT,4,SOFT,13,0.3680000000000092,2.1780000000000115,1.8100000000000023
2022,Spanish Grand Prix,LEC,1,SOFT,19,0.42900000000000205,1.6020000000000039,1.1730000000000018
2022,Spanish Grand Prix,MAG,2,MEDIUM,26,0.1559999999999917,3.6059999999999945,3.450000000000003
2022,Spanish Grand Prix,MAG,3,HARD,34,0.24500000000000455,5.344999999999999,5.099999999999994
2022,Spanish Grand Prix,MSC,1,SOFT,10,0.3159999999999883,1.875,1.5590000000000117
2022,Spanish Grand Prix,MSC,2,SOFT,16,0.40500000000000114,1.4669999999999987,1.0619999999999976
2022,Spanish Grand Prix,MSC,3,MEDIUM,34,0.20699999999999363,3.5579999999999927,3.350999999999999
2022,Spanish Grand Prix,NOR,1,SOFT,10,0.22299999999999898,0.20999999999999375,-0.01300000000000523
2022,Spanish Grand Prix,NOR,2,MEDIUM,19,0.43300000000000693,0.42900000000000205,-0.0040000000000048885
2022,Spanish Grand Prix,NOR,3,SOFT,16,1.105000000000004,1.5010000000000048,0.3960000000000008
2022,Spanish Grand Prix,NOR,4,SOFT,14,0.23999999999999488,2.753,2.5130000000000052
2022,Spanish Grand Prix,OCO,1,SOFT,11,0.6739999999999924,0.9110000000000014,0.23700000000000898
2022,Spanish Grand Prix,OCO,2,MEDIUM,20,0.1560000000000059,0.9740000000000038,0.8179999999999978
2022,Spanish Grand Prix,OCO,3,SOFT,15,0.41100000000000136,1.1200000000000045,0.7090000000000032
2022,Spanish Grand Prix,OCO,4,SOFT,13,0.23900000000000432,1.9170000000000016,1.6779999999999973
2022,Spanish Grand Prix,PER,1,SOFT,15,0.15099999999999625,1.4429999999999978,1.2920000000000016
2022,Spanish Grand Prix,PER,2,MEDIUM,18,0.14300000000000068,1.1189999999999998,0.9759999999999991
2022,Spanish Grand Prix,PER,3,MEDIUM,13,0.1670000000000016,0.9989999999999952,0.8319999999999936
2022,Spanish Grand Prix,PER,4,SOFT,12,1.458999999999989,1.9479999999999933,0.4890000000000043
2022,Spanish Grand Prix,RIC,1,SOFT,9,0.3709999999999951,2.2390000000000043,1.8680000000000092
2022,Spanish Grand Prix,RIC,2,SOFT,18,0.33199999999999363,1.5719999999999885,1.2399999999999949
2022,Spanish Grand Prix,RIC,3,MEDIUM,15,0.12600000000000477,0.8810000000000002,0.7549999999999955
2022,Spanish Grand Prix,RIC,4,SOFT,16,0.10300000000000864,1.835000000000008,1.7319999999999993
2022,Spanish Grand Prix,RUS,1,SOFT,11,0.06900000000000261,1.5889999999999986,1.519999999999996
2022,Spanish Grand Prix,RUS,2,MEDIUM,21,0.3850000000000051,1.5900000000000034,1.2049999999999983
2022,Spanish Grand Prix,RUS,3,MEDIUM,13,0.242999999999995,0.6400000000000006,0.39700000000000557
2022,Spanish Grand Prix,RUS,4,SOFT,14,0.6260000000000048,4.300000000000011,3.6740000000000066
2022,Spanish Grand Prix,SAI,1,SOFT,8,0.018000000000000682,2.254000000000005,2.236000000000004
2022,Spanish Grand Prix,SAI,2,MEDIUM,19,0.33499999999999375,1.1949999999999932,0.8599999999999994
2022,Spanish Grand Prix,SAI,3,MEDIUM,12,0.04600000000000648,1.4310000000000116,1.3850000000000051
2022,Spanish Grand Prix,SAI,4,SOFT,20,0.18600000000000705,2.236000000000004,2.049999999999997
2022,Spanish Grand Prix,STR,1,SOFT,12,0.5120000000000005,0.7580000000000098,0.24600000000000932
2022,Spanish Grand Prix,STR,2,SOFT,11,0.2289999999999992,1.460000000000008,1.2310000000000088
2022,Spanish Grand Prix,STR,3,MEDIUM,17,0.5539999999999878,1.8869999999999862,1.3329999999999984
2022,Spanish Grand Prix,STR,4,SOFT,18,1.1499999999999915,1.7479999999999905,0.597999999999999
2022,Spanish Grand Prix,TSU,1,SOFT,8,0.4070000000000107,1.1870000000000118,0.7800000000000011
2022,Spanish Grand Prix,TSU,2,MEDIUM,19,0.2849999999999966,1.070999999999998,0.7860000000000014
2022,Spanish Grand Prix,TSU,3,SOFT,18,0.7480000000000047,0.7379999999999995,-0.010000000000005116
2022,Spanish Grand Prix,TSU,4,SOFT,12,0.30299999999999727,0.9979999999999905,0.6949999999999932
2022,Spanish Grand Prix,VER,1,SOFT,11,0.06499999999999773,1.6829999999999927,1.617999999999995
2022,Spanish Grand Prix,VER,2,MEDIUM,12,0.7680000000000007,1.2160000000000082,0.4480000000000075
2022,Spanish Grand Prix,VER,3,SOFT,14,0.24200000000000443,1.4440000000000026,1.2019999999999982
2022,Spanish Grand Prix,VER,4,MEDIUM,21,0.24799999999999045,1.9809999999999945,1.733000000000004
2022,Spanish Grand Prix,VET,1,SOFT,18,0.21399999999999864,0.7689999999999912,0.5549999999999926
2022,Spanish Grand Prix,VET,2,SOFT,18,0.25799999999999557,0.8670000000000044,0.6090000000000089
2022,Spanish Grand Prix,VET,3,MEDIUM,22,0.5229999999999961,0.7239999999999895,0.2009999999999934
2022,Spanish Grand Prix,ZHO,1,SOFT,8,0.34499999999999886,1.0409999999999968,0.695999999999998
2022,Spanish Grand Prix,ZHO,2,MEDIUM,16,1.0729999999999933,1.698999999999998,0.6260000000000048
2022,United States Grand Prix,ALB,2,MEDIUM,6,0.804000000000002,1.3700000000000045,0.5660000000000025
2022,United States Grand Prix,ALB,3,HARD,31,2.155000000000001,1.7239999999999895,-0.4310000000000116
2022,United States Grand Prix,ALO,1,HARD,15,0.9759999999999991,0.47700000000000387,-0.4989999999999952
2022,United States Grand Prix,ALO,3,HARD,31,3.1779999999999973,0.6629999999999967,-2.5150000000000006
2022,United States Grand Prix,BOT,1,MEDIUM,8,1.3219999999999885,1.215999999999994,-0.10599999999999454
2022,United States Grand Prix,GAS,1,MEDIUM,8,0.03100000000000591,0.659000000000006,0.6280000000000001
2022,United States Grand Prix,GAS,2,HARD,10,0.9580000000000126,0.5889999999999986,-0.369000000000014
2022,United States Grand Prix,GAS,3,HARD,22,0.8229999999999933,0.7590000000000003,-0.06399999999999295
2022,United States Grand Prix,HAM,1,MEDIUM,10,0.15000000000000568,0.5439999999999969,0.39399999999999125
2022,United States Grand Prix,HAM,2,HARD,12,1.5069999999999908,0.17499999999999716,-1.3319999999999936
2022,United States Grand Prix,HAM,3,HARD,19,0.6890000000000072,2.105000000000004,1.4159999999999968
2022,United States Grand Prix,LAT,2,MEDIUM,11,0.7810000000000059,1.2900000000000063,0.5090000000000003
2022,United States Grand Prix,LAT,3,HARD,31,1.3970000000000056,0.4749999999999943,-0.9220000000000113
2022,United States Grand Prix,LEC,1,MEDIUM,16,1.586999999999989,0.125,-1.461999999999989
2022,United States Grand Prix,LEC,2,HARD,9,0.4989999999999952,0.0730000000000075,-0.4259999999999877
2022,United States Grand Prix,LEC,3,MEDIUM,20,0.5360000000000014,1.331000000000003,0.7950000000000017
2022,United States Grand Prix,MAG,1,HARD,16,1.6219999999999999,0.2459999999999951,-1.3760000000000048
2022,United States Grand Prix,MAG,2,MEDIUM,30,1.367999999999995,1.5489999999999924,0.18099999999999739
2022,United States Grand Prix,MSC,1,HARD,14,0.6710000000000065,0.578000000000003,-0.09300000000000352
2022,United States Grand Prix,MSC,2,MEDIUM,7,0.5150000000000006,0.01999999999999602,-0.49500000000000455
2022,United States Grand Prix,MSC,3,HARD,20,0.20000000000000284,1.1680000000000064,0.9680000000000035
2022,United States Grand Prix,NOR,1,MEDIUM,12,1.0460000000000065,0.8520000000000039,-0.19400000000000261
2022,United States Grand Prix,NOR,2,HARD,10,1.0040000000000049,0.2459999999999951,-0.7580000000000098
2022,United States Grand Prix,NOR,3,HARD,20,1.0999999999999943,1.0559999999999974,-0.04399999999999693
2022,United States Grand Prix,OCO,1,HARD,16,0.664999999999992,0.5939999999999941,-0.07099999999999795
2022,United States Grand Prix,OCO,2,HARD,19,1.179000000000002,0.2469999999999999,-0.9320000000000022
2022,United States Grand Prix,OCO,3,MEDIUM,10,0.06700000000000728,0.8860000000000099,0.8190000000000026
2022,United States Grand Prix,PER,1,MEDIUM,11,0.20900000000000318,1.0570000000000022,0.847999999999999
2022,United States Grand Prix,PER,2,HARD,14,0.7960000000000065,0.3469999999999942,-0.4490000000000123
2022,United States Grand Prix,PER,3,MEDIUM,15,0.5930000000000035,1.0759999999999934,0.4829999999999899
2022,United States Grand Prix,RIC,1,MEDIUM,7,0.21399999999999864,0.8389999999999986,0.625
2022,United States Grand Prix,RIC,2,HARD,14,0.5999999999999943,0.6039999999999992,0.0040000000000048885
2022,United States Grand Prix,RIC,3,HARD,20,0.46399999999999864,0.27599999999999625,-0.1880000000000024
2022,United States Grand Prix,RUS,1,MEDIUM,11,0.3149999999999977,0.5370000000000061,0.2220000000000084
2022,United States Grand Prix,RUS,2,HARD,12,1.0749999999999886,0.3669999999999902,-0.7079999999999984
2022,United States Grand Prix,RUS,3,HARD,16,0.2850000000000108,1.0949999999999989,0.8099999999999881
2022,United States Grand Prix,STR,1,MEDIUM,13,0.20900000000000318,1.4150000000000063,1.206000000000003
2022,United States Grand Prix,TSU,1,MEDIUM,8,0.19599999999999795,0.6550000000000011,0.4590000000000032
2022,United States Grand Prix,TSU,2,MEDIUM,12,0.27200000000000557,0.22100000000000364,-0.05100000000000193
2022,United States Grand Prix,TSU,3,HARD,22,0.04800000000000182,0.26599999999999113,0.2179999999999893
2022,United States Grand Prix,VER,1,MEDIUM,11,0.19700000000000273,0.8870000000000005,0.6899999999999977
2022,United States Grand Prix,VER,2,HARD,12,1.3790000000000049,0.29299999999999216,-1.0860000000000127
2022,United States Grand Prix,VER,3,MEDIUM,18,0.6700000000000017,1.1129999999999995,0.44299999999999784
2022,United States Grand Prix,VET,1,MEDIUM,16,0.458999999999989,0.7149999999999892,0.2560000000000002
2022,United States Grand Prix,VET,2,MEDIUM,15,1.1629999999999967,0.39400000000000546,-0.7689999999999912
2022,United States Grand Prix,VET,3,HARD,14,0.25099999999999056,0.10200000000000387,-0.1489999999999867
2022,United States Grand Prix,ZHO,1,MEDIUM,7,0.08400000000000318,0.02200000000000557,-0.06199999999999761
2022,United States Grand Prix,ZHO,2,HARD,7,0.41100000000000136,0.2890000000000015,-0.12199999999999989
2022,United States Grand Prix,ZHO,3,HARD,28,2.7609999999999957,1.4869999999999948,-1.274000000000001
2023,Abu Dhabi Grand Prix,ALB,1,MEDIUM,12,0.16899999999999693,0.30700000000000216,0.13800000000000523
2023,Abu Dhabi Grand Prix,ALB,2,HARD,23,0.4759999999999991,0.3440000000000083,-0.1319999999999908
2023,Abu Dhabi Grand Prix,ALB,3,HARD,14,0.8490000000000038,0.8979999999999961,0.04899999999999238
2023,Abu Dhabi Grand Prix,ALO,1,MEDIUM,10,0.1629999999999967,0.5200000000000102,0.35700000000001353
2023,Abu Dhabi Grand Prix,ALO,2,HARD,21,0.5819999999999936,0.06199999999999761,-0.519999999999996
2023,Abu Dhabi Grand Prix,ALO,3,HARD,21,0.5439999999999969,0.7819999999999965,0.23799999999999955
2023,Abu Dhabi Grand Prix,BOT,1,HARD,27,0.5759999999999934,1.3020000000000067,0.7260000000000133
2023,Abu Dhabi Grand Prix,BOT,2,MEDIUM,27,0.7600000000000051,0.6670000000000016,-0.09300000000000352
2023,Abu Dhabi Grand Prix,GAS,1,MEDIUM,15,0.0660000000000025,1.2280000000000086,1.1620000000000061
2023,Abu Dhabi Grand Prix,GAS,2,HARD,13,0.24200000000000443,0.3289999999999935,0.08699999999998909
2023,Abu Dhabi Grand Prix,GAS,3,HARD,23,0.1349999999999909,0.5309999999999917,0.3960000000000008
2023,Abu Dhabi Grand Prix,HAM,1,MEDIUM,12,0.8919999999999959,1.0549999999999926,0.1629999999999967
2023,Abu Dhabi Grand Prix,HAM,2,HARD,18,0.6869999999999976,0.41899999999999693,-0.2680000000000007
2023,Abu Dhabi Grand Prix,HAM,3,HARD,22,1.1599999999999966,1.293999999999997,0.13400000000000034
2023,Abu Dhabi Grand Prix,HUL,1,MEDIUM,10,0.27299999999999613,0.4819999999999993,0.20900000000000318
2023,Abu Dhabi Grand Prix,HUL,2,HARD,18,0.22299999999999898,0.534000000000006,0.31100000000000705
2023,Abu Dhabi Grand Prix,HUL,3,HARD,24,0.5300000000000011,0.21999999999999886,-0.3100000000000023
2023,Abu Dhabi Grand Prix,LEC,1,MEDIUM,14,0.5109999999999957,0.24499999999999034,-0.26600000000000534
2023,Abu Dhabi Grand Prix,LEC,2,HARD,14,0.6980000000000075,0.4830000000000041,-0.2150000000000034
2023,Abu Dhabi Grand Prix,LEC,3,HARD,22,0.5600000000000023,0.8320000000000078,0.27200000000000557
2023,Abu Dhabi Grand Prix,MAG,2,HARD,15,0.01300000000000523,1.6380000000000052,1.625
2023,Abu Dhabi Grand Prix,MAG,3,HARD,34,0.6650000000000063,0.49500000000000455,-0.1700000000000017
2023,Abu Dhabi Grand Prix,NOR,1,MEDIUM,11,0.5259999999999962,1.0009999999999906,0.4749999999999943
2023,Abu Dhabi Grand Prix,NOR,2,HARD,16,0.73599999999999,0.19199999999999307,-0.5439999999999969
2023,Abu Dhabi Grand Prix,NOR,3,HARD,23,1.0559999999999974,0.4239999999999924,-0.632000000000005
2023,Abu Dhabi Grand Prix,OCO,1,MEDIUM,13,0.3440000000000083,0.9580000000000126,0.6140000000000043
2023,Abu Dhabi Grand Prix,OCO,2,HARD,42,0.10099999999999909,0.4440000000000026,0.3430000000000035
2023,Abu Dhabi Grand Prix,PER,1,MEDIUM,15,0.29000000000000625,0.7560000000000002,0.465999999999994
2023,Abu Dhabi Grand Prix,PER,2,HARD,22,0.1979999999999933,0.13400000000000034,-0.06399999999999295
2023,Abu Dhabi Grand Prix,PER,3,HARD,15,0.3440000000000083,0.4549999999999983,0.11099999999999
2023,Abu Dhabi Grand Prix,PIA,1,MEDIUM,11,0.6560000000000059,0.8850000000000051,0.2289999999999992
2023,Abu Dhabi Grand Prix,PIA,2,HARD,19,0.6739999999999924,0.2389999999999901,-0.4350000000000023
2023,Abu Dhabi Grand Prix,PIA,3,HARD,21,0.5120000000000005,0.5679999999999978,0.055999999999997385
2023,Abu Dhabi Grand Prix,RIC,2,HARD,22,0.4230000000000018,0.882000000000005,0.4590000000000032
2023,Abu Dhabi Grand Prix,RIC,3,HARD,26,1.0130000000000052,0.44899999999999807,-0.5640000000000072
2023,Abu Dhabi Grand Prix,RUS,1,MEDIUM,12,0.19899999999999807,0.25799999999999557,0.0589999999999975
2023,Abu Dhabi Grand Prix,RUS,2,HARD,18,0.18200000000000216,0.23799999999999955,0.055999999999997385
2023,Abu Dhabi Grand Prix,RUS,3,HARD,22,0.7560000000000002,0.37000000000000455,-0.3859999999999957
2023,Abu Dhabi Grand Prix,SAI,1,HARD,20,0.375,1.137999999999991,0.762999999999991
2023,Abu Dhabi Grand Prix,SAI,2,HARD,30,0.5550000000000068,0.2819999999999965,-0.27300000000001035
2023,Abu Dhabi Grand Prix,SAR,1,MEDIUM,11,0.3299999999999983,0.7319999999999993,0.402000000000001
2023,Abu Dhabi Grand Prix,SAR,2,HARD,24,0.12299999999999045,1.472999999999999,1.3500000000000085
2023,Abu Dhabi Grand Prix,SAR,3,HARD,16,0.06499999999999773,0.7990000000000066,0.7340000000000089
2023,Abu Dhabi Grand Prix,STR,1,HARD,19,0.5169999999999959,0.15500000000000114,-0.36199999999999477
2023,Abu Dhabi Grand Prix,STR,2,HARD,17,1.0100000000000051,1.2390000000000043,0.2289999999999992
2023,Abu Dhabi Grand Prix,STR,3,MEDIUM,15,0.12700000000000955,1.605000000000004,1.4779999999999944
2023,Abu Dhabi Grand Prix,TSU,1,MEDIUM,17,0.08299999999999841,0.5369999999999919,0.4539999999999935
2023,Abu Dhabi Grand Prix,TSU,2,HARD,35,0.847999999999999,1.1239999999999952,0.27599999999999625
2023,Abu Dhabi Grand Prix,VER,1,MEDIUM,14,0.44299999999999784,0.29400000000001114,-0.1489999999999867
2023,Abu Dhabi Grand Prix,VER,2,HARD,24,0.7789999999999964,0.20399999999999352,-0.5750000000000028
2023,Abu Dhabi Grand Prix,VER,3,HARD,14,0.909000000000006,0.987000000000009,0.07800000000000296
2023,Abu Dhabi Grand Prix,ZHO,1,MEDIUM,10,0.5899999999999892,0.617999999999995,0.028000000000005798
2023,Abu Dhabi Grand Prix,ZHO,2,HARD,22,0.4890000000000043,0.3170000000000073,-0.17199999999999704
2023,Abu Dhabi Grand Prix,ZHO,3,MEDIUM,20,0.33500000000000796,1.581000000000003,1.2459999999999951
2023,Australian Grand Prix,ALO,2,HARD,42,4.168000000000006,0.04000000000000625,-4.128
2023,Australian Grand Prix,BOT,3,HARD,41,3.6559999999999917,0.23999999999999488,-3.415999999999997
2023,Australian Grand Prix,DEV,2,MEDIUM,33,2.312000000000012,0.605000000000004,-1.7070000000000078
2023,Australian Grand Prix,DEV,3,SOFT,6,0.5099999999999909,0.0059999999999860165,-0.5040000000000049
2023,Australian Grand Prix,GAS,2,HARD,42,3.4639999999999986,0.6209999999999951,-2.8430000000000035
2023,Australian Grand Prix,HAM,2,HARD,41,3.1770000000000067,0.06900000000000261,-3.108000000000004
2023,Australian Grand Prix,HUL,2,HARD,42,3.698999999999998,1.4690000000000083,-2.2299999999999898
2023,Australian Grand Prix,MAG,3,HARD,41,3.7039999999999935,0.29299999999999216,-3.4110000000000014
2023,Australian Grand Prix,NOR,2,HARD,42,4.643999999999991,0.17900000000000205,-4.464999999999989
2023,Australian Grand Prix,OCO,3,HARD,42,4.063000000000002,0.2330000000000041,-3.8299999999999983
2023,Australian Grand Prix,PER,4,HARD,42,5.768000000000001,0.6200000000000045,-5.147999999999996
2023,Australian Grand Prix,PIA,2,HARD,42,3.88600000000001,0.3480000000000132,-3.5379999999999967
2023,Australian Grand Prix,RUS,3,HARD,8,1.9369999999999976,0.3989999999999867,-1.538000000000011
2023,Australian Grand Prix,SAI,3,HARD,42,3.966000000000008,0.25199999999999534,-3.714000000000013
2023,Australian Grand Prix,SAR,4,MEDIUM,24,2.26100000000001,0.8780000000000001,-1.3830000000000098
2023,Australian Grand Prix,SAR,5,HARD,15,1.4309999999999974,0.057999999999992724,-1.3730000000000047
2023,Australian Grand Prix,STR,2,HARD,42,3.804000000000002,0.19700000000000273,-3.6069999999999993
2023,Australian Grand Prix,TSU,2,HARD,41,3.0889999999999986,0.0379999999999967,-3.051000000000002
2023,Australian Grand Prix,VER,2,HARD,41,3.117999999999995,0.32900000000000773,-2.7889999999999873
2023,Australian Grand Prix,ZHO,3,HARD,41,3.4110000000000014,0.23099999999999454,-3.180000000000007
2023,Austrian Grand Prix,ALB,2,MEDIUM,10,1.0740000000000123,0.5320000000000107,-0.5420000000000016
2023,Austrian Grand Prix,ALB,3,HARD,18,0.8329999999999984,0.29599999999999227,-0.5370000000000061
2023,Austrian Grand Prix,ALB,4,HARD,29,0.2879999999999967,0.7009999999999934,0.4129999999999967
2023,Austrian Grand Prix,ALO,2,HARD,8,0.4059999999999917,0.10299999999999443,-0.30299999999999727
2023,Austrian Grand Prix,ALO,3,MEDIUM,27,0.3739999999999952,0.9239999999999924,0.5499999999999972
2023,Austrian Grand Prix,ALO,4,MEDIUM,26,0.1419999999999959,0.14799999999999613,0.006000000000000227
2023,Austrian Grand Prix,BOT,2,HARD,13,0.5089999999999861,0.7319999999999993,0.2230000000000132
2023,Austrian Grand Prix,BOT,3,MEDIUM,17,0.242999999999995,1.367999999999995,1.125
2023,Austrian Grand Prix,BOT,4,HARD,29,0.2560000000000002,0.3430000000000035,0.0870000000000033
2023,Austrian Grand Prix,DEV,2,MEDIUM,7,0.4440000000000026,0.1700000000000017,-0.2740000000000009
2023,Austrian Grand Prix,DEV,3,HARD,20,0.1700000000000017,0.7190000000000083,0.5490000000000066
2023,Austrian Grand Prix,DEV,4,MEDIUM,32,0.15099999999999625,0.6700000000000017,0.5190000000000055
2023,Austrian Grand Prix,GAS,2,MEDIUM,8,0.953000000000003,0.22700000000000387,-0.7259999999999991
2023,Austrian Grand Prix,GAS,3,HARD,21,0.5599999999999881,1.0879999999999939,0.5280000000000058
2023,Austrian Grand Prix,GAS,4,MEDIUM,26,0.11099999999999,1.1269999999999953,1.0160000000000053
2023,Austrian Grand Prix,HAM,3,HARD,24,0.19499999999999318,1.2590000000000003,1.0640000000000072
2023,Austrian Grand Prix,HAM,4,MEDIUM,28,0.9450000000000074,1.125,0.1799999999999926
2023,Austrian Grand Prix,LEC,2,MEDIUM,8,0.08699999999998909,0.394999999999996,0.30800000000000693
2023,Austrian Grand Prix,LEC,3,MEDIUM,29,0.2189999999999941,1.184999999999988,0.965999999999994
2023,Austrian Grand Prix,LEC,4,HARD,23,0.043000000000006366,0.5450000000000017,0.5019999999999953
2023,Austrian Grand Prix,MAG,3,HARD,26,1.0440000000000111,0.8170000000000073,-0.22700000000000387
2023,Austrian Grand Prix,MAG,4,HARD,31,0.1910000000000025,2.2759999999999962,2.0849999999999937
2023,Austrian Grand Prix,NOR,2,MEDIUM,10,0.42499999999999716,0.4860000000000042,0.06100000000000705
2023,Austrian Grand Prix,NOR,3,HARD,22,0.3359999999999985,1.2379999999999995,0.902000000000001
2023,Austrian Grand Prix,NOR,4,HARD,27,0.42499999999999716,1.137999999999991,0.7129999999999939
2023,Austrian Grand Prix,OCO,2,MEDIUM,10,1.3020000000000067,0.46400000000001285,-0.8379999999999939
2023,Austrian Grand Prix,OCO,3,HARD,21,0.47400000000000375,0.3259999999999934,-0.14800000000001035
2023,Austrian Grand Prix,OCO,4,HARD,27,0.6350000000000051,0.46300000000000807,-0.17199999999999704
2023,Austrian Grand Prix,PER,2,MEDIUM,15,1.375,0.4380000000000024,-0.9369999999999976
2023,Austrian Grand Prix,PER,3,MEDIUM,23,0.13000000000000966,0.1670000000000016,0.03699999999999193
2023,Austrian Grand Prix,PER,4,HARD,19,0.4140000000000015,1.0649999999999977,0.6509999999999962
2023,Austrian Grand Prix,PIA,2,MEDIUM,9,1.3200000000000074,0.5,-0.8200000000000074
2023,Austrian Grand Prix,PIA,3,HARD,6,1.0020000000000095,1.2730000000000103,0.2710000000000008
2023,Austrian Grand Prix,PIA,4,HARD,17,0.22400000000000375,0.7449999999999903,0.5209999999999866
2023,Austrian Grand Prix,PIA,5,MEDIUM,28,0.2289999999999992,0.804000000000002,0.5750000000000028
2023,Austrian Grand Prix,RUS,2,MEDIUM,10,0.8950000000000102,0.23499999999999943,-0.6600000000000108
2023,Austrian Grand Prix,RUS,3,HARD,25,0.6920000000000073,0.5280000000000058,-0.16400000000000148
2023,Austrian Grand Prix,RUS,4,MEDIUM,29,0.44299999999999784,0.8769999999999953,0.4339999999999975
2023,Austrian Grand Prix,SAI,3,MEDIUM,27,0.0,1.1730000000000018,1.1730000000000018
2023,Austrian Grand Prix,SAI,4,HARD,25,0.06300000000000239,0.612000000000009,0.5490000000000066
2023,Austrian Grand Prix,SAR,2,MEDIUM,10,1.2590000000000003,0.6640000000000015,-0.5949999999999989
2023,Austrian Grand Prix,SAR,3,HARD,27,0.10699999999999932,0.6119999999999948,0.5049999999999955
2023,Austrian Grand Prix,SAR,4,HARD,23,0.1799999999999926,0.7459999999999951,0.5660000000000025
2023,Austrian Grand Prix,STR,2,MEDIUM,8,0.8070000000000022,0.1869999999999976,-0.6200000000000045
2023,Austrian Grand Prix,STR,3,HARD,17,0.19700000000000273,0.37699999999999534,0.1799999999999926
2023,Austrian Grand Prix,STR,4,HARD,16,0.055999999999997385,0.3429999999999893,0.28699999999999193
2023,Austrian Grand Prix,STR,5,MEDIUM,16,0.0660000000000025,0.7200000000000131,0.6540000000000106
2023,Austrian Grand Prix,TSU,3,HARD,10,0.5139999999999958,1.4579999999999984,0.9440000000000026
2023,Austrian Grand Prix,TSU,4,HARD,18,0.2980000000000018,1.2409999999999997,0.9429999999999978
2023,Austrian Grand Prix,TSU,5,MEDIUM,21,0.15500000000000114,0.7890000000000015,0.6340000000000003
2023,Austrian Grand Prix,VER,2,MEDIUM,17,0.33499999999999375,0.6460000000000008,0.31100000000000705
2023,Austrian Grand Prix,VER,3,HARD,23,0.3160000000000025,0.5219999999999914,0.20599999999998886
2023,Austrian Grand Prix,VER,4,MEDIUM,16,0.08499999999999375,0.7039999999999935,0.6189999999999998
2023,Austrian Grand Prix,ZHO,3,HARD,26,0.24399999999999977,1.318000000000012,1.0740000000000123
2023,Austrian Grand Prix,ZHO,4,HARD,31,0.10899999999999466,0.9669999999999987,0.8580000000000041
2023,Azerbaijan Grand Prix,ALB,2,HARD,39,3.003,0.3650000000000091,-2.637999999999991
2023,Azerbaijan Grand Prix,ALO,1,MEDIUM,9,0.8500000000000085,0.3539999999999992,-0.4960000000000093
2023,Azerbaijan Grand Prix,ALO,2,HARD,38,2.6880000000000024,0.031999999999996476,-2.656000000000006
2023,Azerbaijan Grand Prix,BOT,3,HARD,20,1.8299999999999983,0.19700000000000273,-1.6329999999999956
2023,Azerbaijan Grand Prix,BOT,4,MEDIUM,15,0.41799999999999216,0.347999999999999,-0.06999999999999318
2023,Azerbaijan Grand Prix,DEV,1,HARD,8,0.583999999999989,0.4719999999999942,-0.11199999999999477
2023,Azerbaijan Grand Prix,GAS,2,HARD,12,0.2810000000000059,0.3030000000000115,0.02200000000000557
2023,Azerbaijan Grand Prix,GAS,3,HARD,27,0.921999999999997,0.0589999999999975,-0.8629999999999995
2023,Azerbaijan Grand Prix,HAM,1,MEDIUM,7,0.15800000000000125,0.31399999999999295,0.1559999999999917
2023,Azerbaijan Grand Prix,HAM,2,HARD,38,1.9129999999999967,0.07399999999999807,-1.8389999999999986
2023,Azerbaijan Grand Prix,HUL,1,HARD,43,3.3659999999999997,1.6430000000000007,-1.722999999999999
2023,Azerbaijan Grand Prix,LEC,1,MEDIUM,9,0.931999999999988,0.38700000000000045,-0.5449999999999875
2023,Azerbaijan Grand Prix,LEC,2,HARD,38,2.1799999999999926,0.4159999999999968,-1.7639999999999958
2023,Azerbaijan Grand Prix,MAG,1,MEDIUM,8,0.28600000000000136,0.3429999999999893,0.05699999999998795
2023,Azerbaijan Grand Prix,MAG,2,HARD,38,3.2580000000000098,0.25200000000000955,-3.0060000000000002
2023,Azerbaijan Grand Prix,NOR,1,MEDIUM,7,0.016000000000005343,0.16800000000000637,0.15200000000000102
2023,Azerbaijan Grand Prix,NOR,2,HARD,38,2.7510000000000048,0.31799999999999784,-2.433000000000007
2023,Azerbaijan Grand Prix,OCO,1,HARD,44,3.576999999999998,0.5060000000000002,-3.070999999999998
2023,Azerbaijan Grand Prix,PER,1,MEDIUM,9,1.2090000000000032,0.35900000000000887,-0.8499999999999943
2023,Azerbaijan Grand Prix,PER,2,HARD,38,1.2090000000000032,0.02200000000000557,-1.1869999999999976
2023,Azerbaijan Grand Prix,PIA,1,MEDIUM,6,0.7039999999999935,0.1869999999999976,-0.5169999999999959
2023,Azerbaijan Grand Prix,PIA,2,HARD,38,2.9869999999999948,0.4819999999999993,-2.5049999999999955
2023,Azerbaijan Grand Prix,RUS,1,MEDIUM,9,0.5899999999999892,0.09499999999999886,-0.49499999999999034
2023,Azerbaijan Grand Prix,RUS,2,HARD,35,2.6939999999999884,0.07199999999998852,-2.622
2023,Azerbaijan Grand Prix,SAI,1,MEDIUM,9,0.6359999999999957,0.3289999999999935,-0.30700000000000216
2023,Azerbaijan Grand Prix,SAI,2,HARD,38,2.103999999999999,0.3580000000000041,-1.7459999999999951
2023,Azerbaijan Grand Prix,SAR,1,MEDIUM,6,0.24800000000000466,0.4350000000000023,0.1869999999999976
2023,Azerbaijan Grand Prix,SAR,2,HARD,38,2.9469999999999885,0.006000000000000227,-2.9409999999999883
2023,Azerbaijan Grand Prix,STR,1,MEDIUM,9,0.22500000000000853,0.25500000000000966,0.030000000000001137
2023,Azerbaijan Grand Prix,STR,2,HARD,37,1.8940000000000055,0.6510000000000105,-1.242999999999995
2023,Azerbaijan Grand Prix,TSU,1,MEDIUM,6,0.30100000000000193,0.03200000000001069,-0.26899999999999125
2023,Azerbaijan Grand Prix,TSU,2,HARD,38,2.793999999999997,0.4140000000000015,-2.3799999999999955
2023,Azerbaijan Grand Prix,VER,1,MEDIUM,8,0.8760000000000048,0.14300000000000068,-0.7330000000000041
2023,Azerbaijan Grand Prix,VER,2,HARD,38,1.4549999999999983,0.24200000000000443,-1.2129999999999939
2023,Azerbaijan Grand Prix,ZHO,1,MEDIUM,8,0.21699999999999875,0.15500000000000114,-0.06199999999999761
2023,Azerbaijan Grand Prix,ZHO,2,HARD,22,1.4690000000000083,0.07399999999999807,-1.3950000000000102
2023,Bahrain Grand Prix,ALB,1,SOFT,9,0.382000000000005,1.2079999999999984,0.8259999999999934
2023,Bahrain Grand Prix,ALB,2,SOFT,13,0.1770000000000067,1.3599999999999994,1.1829999999999927
2023,Bahrain Grand Prix,ALB,3,HARD,12,0.42799999999999727,0.8269999999999982,0.3990000000000009
2023,Bahrain Grand Prix,ALB,4,SOFT,16,0.06699999999999307,0.992999999999995,0.9260000000000019
2023,Bahrain Grand Prix,ALO,1,SOFT,12,0.4480000000000075,1.8340000000000032,1.3859999999999957
2023,Bahrain Grand Prix,ALO,2,HARD,18,0.5819999999999936,0.3289999999999935,-0.2530000000000001
2023,Bahrain Grand Prix,ALO,3,HARD,21,0.8459999999999894,1.316999999999993,0.47100000000000364
2023,Bahrain Grand Prix,BOT,1,SOFT,8,0.4259999999999877,0.9899999999999949,0.5640000000000072
2023,Bahrain Grand Prix,BOT,2,HARD,16,0.06799999999999784,1.257000000000005,1.1890000000000072
2023,Bahrain Grand Prix,BOT,3,HARD,25,0.29599999999999227,0.7809999999999917,0.48499999999999943
2023,Bahrain Grand Prix,DEV,1,SOFT,9,0.5409999999999968,1.1999999999999886,0.6589999999999918
2023,Bahrain Grand Prix,DEV,2,HARD,13,0.03900000000000148,1.1410000000000053,1.1020000000000039
2023,Bahrain Grand Prix,DEV,3,HARD,25,0.20000000000000284,1.4519999999999982,1.2519999999999953
2023,Bahrain Grand Prix,GAS,1,SOFT,7,0.2049999999999983,0.695999999999998,0.49099999999999966
2023,Bahrain Grand Prix,GAS,2,HARD,14,0.16599999999999682,0.722999999999999,0.5570000000000022
2023,Bahrain Grand Prix,GAS,3,HARD,13,0.25199999999999534,0.37299999999999045,0.12099999999999511
2023,Bahrain Grand Prix,GAS,4,SOFT,14,0.972999999999999,2.777000000000001,1.804000000000002
2023,Bahrain Grand Prix,HAM,1,SOFT,10,0.031999999999996476,1.1569999999999965,1.125
2023,Bahrain Grand Prix,HAM,2,HARD,16,0.26200000000000045,0.1039999999999992,-0.15800000000000125
2023,Bahrain Grand Prix,HAM,3,HARD,24,1.016999999999996,1.5649999999999977,0.5480000000000018
2023,Bahrain Grand Prix,HUL,1,SOFT,9,0.2360000000000042,1.1310000000000002,0.894999999999996
2023,Bahrain Grand Prix,HUL,2,HARD,12,0.125,1.0190000000000055,0.8940000000000055
2023,Bahrain Grand Prix,HUL,3,HARD,11,0.4170000000000016,1.210000000000008,0.7930000000000064
2023,Bahrain Grand Prix,HUL,4,SOFT,12,0.1770000000000067,1.8419999999999987,1.664999999999992
2023,Bahrain Grand Prix,LEC,1,SOFT,10,0.17799999999999727,0.6400000000000006,0.4620000000000033
2023,Bahrain Grand Prix,LEC,2,HARD,18,0.4000000000000057,1.1149999999999949,0.7149999999999892
2023,Bahrain Grand Prix,MAG,1,HARD,13,0.7480000000000047,0.8810000000000002,0.13299999999999557
2023,Bahrain Grand Prix,MAG,2,HARD,11,0.045000000000001705,1.2019999999999982,1.1569999999999965
2023,Bahrain Grand Prix,MAG,3,SOFT,9,0.5470000000000113,1.206000000000003,0.6589999999999918
2023,Bahrain Grand Prix,MAG,4,SOFT,15,0.11699999999999022,2.3079999999999927,2.1910000000000025
2023,Bahrain Grand Prix,NOR,1,SOFT,7,0.23099999999999454,0.3499999999999943,0.11899999999999977
2023,Bahrain Grand Prix,NOR,3,SOFT,8,0.33100000000000307,0.48100000000000875,0.15000000000000568
2023,Bahrain Grand Prix,NOR,4,MEDIUM,8,0.34499999999999886,0.7269999999999897,0.3819999999999908
2023,Bahrain Grand Prix,NOR,5,HARD,7,0.03699999999999193,0.7579999999999956,0.7210000000000036
2023,Bahrain Grand Prix,OCO,1,SOFT,10,0.4049999999999869,1.3229999999999933,0.9180000000000064
2023,Bahrain Grand Prix,OCO,3,HARD,15,0.03699999999999193,0.9770000000000039,0.9400000000000119
2023,Bahrain Grand Prix,OCO,4,HARD,6,0.1670000000000016,0.5409999999999968,0.3739999999999952
2023,Bahrain Grand Prix,PER,1,SOFT,15,0.42600000000000193,0.33500000000000796,-0.09099999999999397
2023,Bahrain Grand Prix,PER,2,SOFT,15,0.27899999999999636,0.7000000000000028,0.4210000000000065
2023,Bahrain Grand Prix,PER,3,HARD,20,0.0870000000000033,0.22100000000000364,0.13400000000000034
2023,Bahrain Grand Prix,PIA,1,SOFT,11,0.027000000000001023,0.6610000000000014,0.6340000000000003
2023,Bahrain Grand Prix,RUS,1,SOFT,11,0.16799999999999216,1.9919999999999902,1.823999999999998
2023,Bahrain Grand Prix,RUS,2,HARD,16,0.37300000000000466,1.081000000000003,0.7079999999999984
2023,Bahrain Grand Prix,RUS,3,HARD,22,0.09000000000000341,0.5459999999999923,0.45599999999998886
2023,Bahrain Grand Prix,SAI,1,SOFT,11,0.0519999999999925,1.573999999999998,1.5220000000000056
2023,Bahrain Grand Prix,SAI,2,HARD,16,0.17600000000000193,0.5649999999999977,0.3889999999999958
2023,Bahrain Grand Prix,SAI,3,HARD,24,0.34499999999999886,0.8910000000000053,0.5460000000000065
2023,Bahrain Grand Prix,SAR,1,SOFT,10,0.117999999999995,0.7839999999999918,0.6659999999999968
2023,Bahrain Grand Prix,SAR,2,SOFT,16,0.5750000000000028,1.2070000000000078,0.632000000000005
2023,Bahrain Grand Prix,SAR,3,HARD,8,0.24899999999999523,0.3580000000000041,0.10900000000000887
2023,Bahrain Grand Prix,SAR,4,SOFT,15,0.7639999999999958,2.2789999999999964,1.5150000000000006
2023,Bahrain Grand Prix,STR,1,SOFT,13,0.6009999999999991,1.894999999999996,1.293999999999997
2023,Bahrain Grand Prix,STR,2,HARD,13,0.6199999999999903,1.215999999999994,0.5960000000000036
2023,Bahrain Grand Prix,STR,3,HARD,24,0.6219999999999999,1.4449999999999932,0.8229999999999933
2023,Bahrain Grand Prix,TSU,1,SOFT,8,0.29299999999999216,1.0019999999999953,0.7090000000000032
2023,Bahrain Grand Prix,TSU,2,HARD,14,0.40099999999999625,1.0039999999999907,0.6029999999999944
2023,Bahrain Grand Prix,TSU,3,HARD,12,0.045000000000001705,0.3050000000000068,0.2600000000000051
2023,Bahrain Grand Prix,TSU,4,SOFT,16,0.37300000000000466,1.4650000000000034,1.0919999999999987
2023,Bahrain Grand Prix,VER,1,SOFT,12,0.001999999999995339,0.5090000000000003,0.507000000000005
2023,Bahrain Grand Prix,VER,2,SOFT,20,0.27599999999999625,0.46699999999999875,0.1910000000000025
2023,Bahrain Grand Prix,VER,3,HARD,18,0.20999999999999375,0.13700000000000045,-0.07299999999999329
2023,Bahrain Grand Prix,ZHO,1,SOFT,10,0.2569999999999908,1.1469999999999914,0.8900000000000006
2023,Bahrain Grand Prix,ZHO,2,HARD,18,0.4350000000000023,0.5880000000000081,0.1530000000000058
2023,Bahrain Grand Prix,ZHO,3,SOFT,18,0.512999999999991,1.6759999999999877,1.1629999999999967
2023,Belgian Grand Prix,ALB,2,MEDIUM,14,0.1629999999999967,4.385999999999996,4.222999999999999
2023,Belgian Grand Prix,ALB,3,MEDIUM,7,0.13100000000000023,1.7710000000000008,1.6400000000000006
2023,Belgian Grand Prix,ALB,4,SOFT,10,0.9789999999999992,1.6099999999999994,0.6310000000000002
2023,Belgian Grand Prix,ALO,1,MEDIUM,8,0.9480000000000075,0.06100000000000705,-0.8870000000000005
2023,Belgian Grand Prix,ALO,2,MEDIUM,17,0.055999999999997385,0.6189999999999998,0.5630000000000024
2023,Belgian Grand Prix,ALO,3,SOFT,14,0.8179999999999978,0.4129999999999967,-0.40500000000000114
2023,Belgian Grand Prix,BOT,2,MEDIUM,16,0.5799999999999983,3.299999999999997,2.719999999999999
2023,Belgian Grand Prix,BOT,3,MEDIUM,19,0.6159999999999997,1.718999999999994,1.1029999999999944
2023,Belgian Grand Prix,GAS,1,SOFT,21,1.3839999999999861,3.4239999999999924,2.0400000000000063
2023,Belgian Grand Prix,GAS,2,MEDIUM,20,0.597999999999999,2.111000000000004,1.5130000000000052
2023,Belgian Grand Prix,HAM,1,SOFT,10,0.05200000000000671,1.0180000000000007,0.965999999999994
2023,Belgian Grand Prix,HAM,2,MEDIUM,13,0.6030000000000086,0.6680000000000064,0.06499999999999773
2023,Belgian Grand Prix,HAM,3,SOFT,12,0.6400000000000006,1.5130000000000052,0.8730000000000047
2023,Belgian Grand Prix,HUL,1,MEDIUM,9,0.9140000000000015,0.4789999999999992,-0.4350000000000023
2023,Belgian Grand Prix,HUL,2,SOFT,10,1.5619999999999976,2.3430000000000035,0.7810000000000059
2023,Belgian Grand Prix,HUL,3,SOFT,19,1.3179999999999978,5.4069999999999965,4.088999999999999
2023,Belgian Grand Prix,LEC,1,SOFT,11,0.1869999999999976,1.2309999999999945,1.043999999999997
2023,Belgian Grand Prix,LEC,2,MEDIUM,13,0.3469999999999942,0.03300000000000125,-0.31399999999999295
2023,Belgian Grand Prix,LEC,3,SOFT,15,0.46699999999999875,2.005999999999986,1.5389999999999873
2023,Belgian Grand Prix,MAG,2,MEDIUM,18,1.11099999999999,3.2299999999999898,2.1189999999999998
2023,Belgian Grand Prix,MAG,3,MEDIUM,18,0.3689999999999998,2.957000000000008,2.588000000000008
2023,Belgian Grand Prix,NOR,2,HARD,10,0.13700000000000045,2.5390000000000015,2.402000000000001
2023,Belgian Grand Prix,NOR,3,SOFT,25,0.06300000000000239,0.6269999999999953,0.563999999999993
2023,Belgian Grand Prix,OCO,2,MEDIUM,17,0.2540000000000049,2.8769999999999953,2.6229999999999905
2023,Belgian Grand Prix,OCO,3,SOFT,18,0.33500000000000796,1.2710000000000008,0.9359999999999928
2023,Belgian Grand Prix,PER,1,SOFT,11,0.012999999999991019,0.5669999999999931,0.554000000000002
2023,Belgian Grand Prix,PER,2,MEDIUM,13,0.2049999999999983,0.7460000000000093,0.541000000000011
2023,Belgian Grand Prix,PER,3,SOFT,14,0.8759999999999906,0.931999999999988,0.055999999999997385
2023,Belgian Grand Prix,RIC,2,MEDIUM,15,0.5769999999999982,3.274000000000001,2.6970000000000027
2023,Belgian Grand Prix,RIC,3,MEDIUM,20,0.7249999999999943,1.2710000000000008,0.5460000000000065
2023,Belgian Grand Prix,RUS,1,MEDIUM,20,1.5020000000000095,3.111000000000004,1.6089999999999947
2023,Belgian Grand Prix,RUS,2,SOFT,21,0.2400000000000091,1.409000000000006,1.168999999999997
2023,Belgian Grand Prix,SAI,2,MEDIUM,12,1.9809999999999945,4.402999999999992,2.421999999999997
2023,Belgian Grand Prix,SAR,1,SOFT,6,0.010000000000005116,1.5870000000000033,1.5769999999999982
2023,Belgian Grand Prix,SAR,2,MEDIUM,14,1.1079999999999899,1.8659999999999997,0.7580000000000098
2023,Belgian Grand Prix,SAR,3,MEDIUM,7,0.6619999999999919,1.9329999999999927,1.2710000000000008
2023,Belgian Grand Prix,SAR,4,SOFT,8,0.33199999999999363,1.8780000000000001,1.5460000000000065
2023,Belgian Grand Prix,STR,1,MEDIUM,18,1.220000000000013,1.6750000000000114,0.4549999999999983
2023,Belgian Grand Prix,STR,2,SOFT,23,0.1490000000000009,1.4390000000000072,1.2900000000000063
2023,Belgian Grand Prix,TSU,1,MEDIUM,7,1.0309999999999917,0.13100000000000023,-0.8999999999999915
2023,Belgian Grand Prix,TSU,2,MEDIUM,11,1.0799999999999983,4.4280000000000115,3.348000000000013
2023,Belgian Grand Prix,TSU,3,SOFT,19,0.36599999999999966,1.0749999999999886,0.708999999999989
2023,Belgian Grand Prix,VER,1,SOFT,12,0.909000000000006,0.8340000000000032,-0.07500000000000284
2023,Belgian Grand Prix,VER,2,MEDIUM,13,0.5879999999999939,1.36399999999999,0.7759999999999962
2023,Belgian Grand Prix,VER,3,SOFT,13,1.6640000000000015,1.2650000000000006,-0.3990000000000009
2023,Belgian Grand Prix,ZHO,2,MEDIUM,16,0.22299999999999898,3.2580000000000098,3.035000000000011
2023,Belgian Grand Prix,ZHO,3,SOFT,18,1.2779999999999916,1.8179999999999978,0.5400000000000063
2023,British Grand Prix,ALB,1,MEDIUM,29,1.0499999999999972,0.05299999999999727,-0.9969999999999999
2023,British Grand Prix,ALB,2,SOFT,14,0.9030000000000058,0.5870000000000033,-0.3160000000000025
2023,British Grand Prix,ALO,1,MEDIUM,30,0.7379999999999995,0.04099999999999682,-0.6970000000000027
2023,British Grand Prix,ALO,2,SOFT,14,0.35300000000000864,0.592000000000013,0.23900000000000432
2023,British Grand Prix,BOT,1,HARD,30,1.5729999999999933,0.07500000000000284,-1.4979999999999905
2023,British Grand Prix,BOT,2,SOFT,14,0.7659999999999911,0.2809999999999917,-0.48499999999999943
2023,British Grand Prix,DEV,1,SOFT,24,1.2929999999999922,0.20999999999999375,-1.0829999999999984
2023,British Grand Prix,DEV,3,SOFT,14,0.8270000000000124,0.09199999999999875,-0.7350000000000136
2023,British Grand Prix,GAS,1,MEDIUM,29,0.7590000000000003,0.4369999999999976,-0.32200000000000273
2023,British Grand Prix,GAS,2,SOFT,7,1.2839999999999918,1.3229999999999933,0.03900000000000148
2023,British Grand Prix,HAM,1,MEDIUM,30,1.507000000000005,0.09099999999999397,-1.416000000000011
2023,British Grand Prix,HAM,2,SOFT,14,0.7339999999999947,1.1580000000000013,0.4240000000000066
2023,British Grand Prix,HUL,2,MEDIUM,23,0.5619999999999976,0.02599999999999625,-0.5360000000000014
2023,British Grand Prix,HUL,3,SOFT,14,0.7510000000000048,0.382000000000005,-0.3689999999999998
2023,British Grand Prix,LEC,1,MEDIUM,16,0.027000000000001023,0.31400000000000716,0.28700000000000614
2023,British Grand Prix,LEC,2,HARD,12,0.4060000000000059,0.19400000000000261,-0.2120000000000033
2023,British Grand Prix,LEC,3,MEDIUM,14,0.9789999999999992,0.5080000000000098,-0.4709999999999894
2023,British Grand Prix,MAG,1,MEDIUM,27,1.8130000000000024,0.10800000000000409,-1.7049999999999983
2023,British Grand Prix,NOR,1,MEDIUM,29,0.5460000000000065,0.10899999999999466,-0.4370000000000118
2023,British Grand Prix,NOR,2,HARD,13,0.4539999999999935,0.7079999999999984,0.2540000000000049
2023,British Grand Prix,OCO,1,SOFT,7,0.17199999999999704,0.40500000000000114,0.2330000000000041
2023,British Grand Prix,PER,1,MEDIUM,26,1.6539999999999964,0.18099999999999739,-1.472999999999999
2023,British Grand Prix,PER,2,SOFT,16,0.617999999999995,0.22499999999999432,-0.3930000000000007
2023,British Grand Prix,PIA,1,MEDIUM,27,0.08200000000000784,0.5530000000000115,0.47100000000000364
2023,British Grand Prix,PIA,2,HARD,15,0.7960000000000065,0.4550000000000125,-0.340999999999994
2023,British Grand Prix,RUS,1,SOFT,25,0.5280000000000058,0.39000000000000057,-0.13800000000000523
2023,British Grand Prix,RUS,2,MEDIUM,14,0.6760000000000019,0.3090000000000117,-0.3669999999999902
2023,British Grand Prix,SAI,1,MEDIUM,24,0.7010000000000076,0.015000000000000568,-0.686000000000007
2023,British Grand Prix,SAI,2,HARD,18,0.7630000000000052,0.04200000000000159,-0.7210000000000036
2023,British Grand Prix,SAR,1,MEDIUM,26,1.3649999999999949,0.340999999999994,-1.024000000000001
2023,British Grand Prix,SAR,2,SOFT,15,1.0949999999999989,0.2849999999999966,-0.8100000000000023
2023,British Grand Prix,STR,1,MEDIUM,27,0.9069999999999965,0.5879999999999939,-0.3190000000000026
2023,British Grand Prix,STR,2,SOFT,13,0.19899999999999807,0.28600000000000136,0.0870000000000033
2023,British Grand Prix,TSU,1,SOFT,12,0.277000000000001,0.15200000000000102,-0.125
2023,British Grand Prix,TSU,2,HARD,16,0.10600000000000875,0.25900000000000034,0.1529999999999916
2023,British Grand Prix,TSU,3,SOFT,14,0.847999999999999,0.7060000000000031,-0.1419999999999959
2023,British Grand Prix,VER,1,MEDIUM,31,0.6419999999999959,0.22499999999999432,-0.4170000000000016
2023,British Grand Prix,VER,2,SOFT,14,0.27199999999999136,1.016999999999996,0.7450000000000045
2023,British Grand Prix,ZHO,1,MEDIUM,22,1.1189999999999998,0.08199999999999363,-1.0370000000000061
2023,British Grand Prix,ZHO,2,HARD,6,0.38800000000000523,0.4819999999999993,0.09399999999999409
2023,British Grand Prix,ZHO,4,SOFT,14,1.418999999999997,0.34499999999999886,-1.073999999999998
2023,Canadian Grand Prix,ALB,1,MEDIUM,8,0.3580000000000041,0.2950000000000017,-0.06300000000000239
2023,Canadian Grand Prix,ALB,2,HARD,53,2.358000000000004,0.15500000000000114,-2.203000000000003
2023,Canadian Grand Prix,ALO,1,MEDIUM,9,0.11200000000000898,0.3540000000000134,0.24200000000000443
2023,Canadian Grand Prix,ALO,2,HARD,24,0.49799999999999045,0.5019999999999953,0.0040000000000048885
2023,Canadian Grand Prix,ALO,3,HARD,27,0.4789999999999992,0.5670000000000073,0.08800000000000807
2023,Canadian Grand Prix,BOT,1,HARD,27,0.9899999999999949,0.36599999999999966,-0.6239999999999952
2023,Canadian Grand Prix,BOT,2,MEDIUM,33,0.5210000000000008,0.5120000000000005,-0.009000000000000341
2023,Canadian Grand Prix,DEV,1,MEDIUM,6,0.5939999999999941,0.2609999999999957,-0.3329999999999984
2023,Canadian Grand Prix,DEV,2,HARD,32,1.313999999999993,0.46299999999999386,-0.8509999999999991
2023,Canadian Grand Prix,DEV,3,HARD,18,0.16499999999999204,0.12299999999999045,-0.04200000000000159
2023,Canadian Grand Prix,GAS,1,SOFT,6,0.402000000000001,0.3760000000000048,-0.02599999999999625
2023,Canadian Grand Prix,GAS,2,HARD,16,1.2239999999999895,0.29599999999999227,-0.9279999999999973
2023,Canadian Grand Prix,GAS,3,HARD,36,0.9980000000000047,0.47800000000000864,-0.519999999999996
2023,Canadian Grand Prix,HAM,1,MEDIUM,9,0.17399999999999238,0.057999999999992724,-0.11599999999999966
2023,Canadian Grand Prix,HAM,2,HARD,23,0.2950000000000017,0.652000000000001,0.3569999999999993
2023,Canadian Grand Prix,HAM,3,MEDIUM,29,0.8850000000000051,1.4579999999999984,0.5729999999999933
2023,Canadian Grand Prix,HUL,1,MEDIUM,8,0.23199999999999932,0.6119999999999948,0.37999999999999545
2023,Canadian Grand Prix,HUL,2,HARD,14,1.171999999999997,0.3649999999999949,-0.8070000000000022
2023,Canadian Grand Prix,HUL,3,HARD,37,0.45999999999999375,0.7319999999999993,0.27200000000000557
2023,Canadian Grand Prix,LEC,1,MEDIUM,31,1.644999999999996,0.5630000000000024,-1.0819999999999936
2023,Canadian Grand Prix,LEC,2,HARD,30,0.3930000000000007,0.5900000000000034,0.19700000000000273
2023,Canadian Grand Prix,MAG,1,HARD,26,0.5440000000000111,0.6970000000000027,0.1529999999999916
2023,Canadian Grand Prix,MAG,2,MEDIUM,16,0.5490000000000066,0.43200000000000216,-0.11700000000000443
2023,Canadian Grand Prix,MAG,3,MEDIUM,15,0.7259999999999991,0.31099999999999284,-0.41500000000000625
2023,Canadian Grand Prix,NOR,1,MEDIUM,9,0.4519999999999982,0.25,-0.20199999999999818
2023,Canadian Grand Prix,NOR,2,HARD,18,0.8850000000000051,0.6569999999999965,-0.22800000000000864
2023,Canadian Grand Prix,NOR,3,HARD,33,1.088000000000008,0.6980000000000075,-0.39000000000000057
2023,Canadian Grand Prix,OCO,1,MEDIUM,9,0.4939999999999998,0.33499999999999375,-0.15900000000000603
2023,Canadian Grand Prix,OCO,2,HARD,19,1.108000000000004,0.3499999999999943,-0.7580000000000098
2023,Canadian Grand Prix,OCO,3,HARD,33,0.39100000000000534,0.2909999999999968,-0.10000000000000853
2023,Canadian Grand Prix,PER,1,HARD,28,1.25,0.5609999999999928,-0.6890000000000072
2023,Canadian Grand Prix,PER,2,MEDIUM,29,0.6199999999999903,0.48599999999999,-0.13400000000000034
2023,Canadian Grand Prix,PIA,1,MEDIUM,9,0.7579999999999956,0.30400000000000205,-0.4539999999999935
2023,Canadian Grand Prix,PIA,2,HARD,19,1.198999999999998,0.4519999999999982,-0.7469999999999999
2023,Canadian Grand Prix,PIA,3,HARD,31,0.710000000000008,0.49200000000000443,-0.21800000000000352
2023,Canadian Grand Prix,RUS,1,MEDIUM,9,0.5330000000000013,0.45400000000000773,-0.07899999999999352
2023,Canadian Grand Prix,RUS,2,HARD,37,2.1330000000000098,0.4789999999999992,-1.6540000000000106
2023,Canadian Grand Prix,SAI,1,MEDIUM,29,2.031000000000006,0.666000000000011,-1.3649999999999949
2023,Canadian Grand Prix,SAI,2,HARD,30,0.8109999999999928,0.6299999999999955,-0.18099999999999739
2023,Canadian Grand Prix,STR,1,MEDIUM,7,0.3100000000000023,0.3830000000000098,0.0730000000000075
2023,Canadian Grand Prix,STR,2,HARD,10,1.0720000000000027,0.19199999999999307,-0.8800000000000097
2023,Canadian Grand Prix,STR,3,HARD,42,0.7920000000000016,0.4790000000000134,-0.3129999999999882
2023,Canadian Grand Prix,TSU,2,HARD,24,0.01300000000000523,0.6940000000000026,0.6809999999999974
2023,Canadian Grand Prix,VER,1,MEDIUM,9,0.563999999999993,0.1559999999999917,-0.40800000000000125
2023,Canadian Grand Prix,VER,2,HARD,25,0.07500000000000284,0.6659999999999968,0.590999999999994
2023,Canadian Grand Prix,VER,3,MEDIUM,27,0.6099999999999994,0.5750000000000028,-0.03499999999999659
2023,Canadian Grand Prix,ZHO,1,MEDIUM,8,0.4329999999999927,0.06999999999999318,-0.36299999999999955
2023,Canadian Grand Prix,ZHO,2,HARD,15,1.2800000000000011,0.597999999999999,-0.6820000000000022
2023,Canadian Grand Prix,ZHO,3,HARD,35,0.9650000000000034,0.9500000000000028,-0.015000000000000568
2023,Dutch Grand Prix,ALB,1,SOFT,32,10.591999999999999,0.21600000000000819,-10.37599999999999
2023,Dutch Grand Prix,ALB,2,MEDIUM,15,0.796999999999997,0.14499999999999602,-0.652000000000001
2023,Dutch Grand Prix,ALB,5,INTERMEDIATE,6,2.8689999999999998,0.15399999999999636,-2.7150000000000034
2023,Dutch Grand Prix,ALO,2,INTERMEDIATE,6,1.75,0.5739999999999981,-1.176000000000002
2023,Dutch Grand Prix,ALO,3,SOFT,30,2.067999999999998,0.26599999999999113,-1.8020000000000067
2023,Dutch Grand Prix,ALO,4,SOFT,11,0.3160000000000025,0.32099999999999795,0.0049999999999954525
2023,Dutch Grand Prix,ALO,6,INTERMEDIATE,6,2.0090000000000003,0.4989999999999952,-1.5100000000000051
2023,Dutch Grand Prix,BOT,1,SOFT,10,10.412000000000006,0.7600000000000051,-9.652000000000001
2023,Dutch Grand Prix,BOT,2,MEDIUM,25,1.566999999999993,0.4449999999999932,-1.1219999999999999
2023,Dutch Grand Prix,BOT,3,SOFT,10,0.09500000000001307,0.9550000000000125,0.8599999999999994
2023,Dutch Grand Prix,BOT,6,INTERMEDIATE,6,4.849999999999994,0.15699999999999648,-4.692999999999998
2023,Dutch Grand Prix,GAS,2,INTERMEDIATE,7,1.1739999999999924,1.1839999999999975,0.010000000000005116
2023,Dutch Grand Prix,GAS,3,SOFT,27,1.5249999999999915,0.12299999999999045,-1.402000000000001
2023,Dutch Grand Prix,GAS,4,SOFT,12,0.8070000000000022,0.6400000000000006,-0.1670000000000016
2023,Dutch Grand Prix,GAS,6,INTERMEDIATE,6,2.0600000000000023,0.08899999999999864,-1.9710000000000036
2023,Dutch Grand Prix,HAM,3,SOFT,28,2.867999999999995,0.7710000000000008,-2.096999999999994
2023,Dutch Grand Prix,HAM,4,SOFT,13,0.8250000000000028,0.0589999999999975,-0.7660000000000053
2023,Dutch Grand Prix,HAM,6,INTERMEDIATE,6,2.3389999999999986,0.4449999999999932,-1.8940000000000055
2023,Dutch Grand Prix,HUL,1,SOFT,10,10.47099999999999,0.3509999999999991,-10.11999999999999
2023,Dutch Grand Prix,HUL,2,MEDIUM,26,1.512999999999991,0.48499999999999943,-1.0279999999999916
2023,Dutch Grand Prix,HUL,3,SOFT,10,0.4580000000000126,0.5420000000000016,0.08399999999998897
2023,Dutch Grand Prix,HUL,6,INTERMEDIATE,6,2.6610000000000014,0.1700000000000017,-2.4909999999999997
2023,Dutch Grand Prix,LAW,2,INTERMEDIATE,7,2.0219999999999914,1.1019999999999897,-0.9200000000000017
2023,Dutch Grand Prix,LAW,4,MEDIUM,24,1.429000000000002,0.04999999999999716,-1.3790000000000049
2023,Dutch Grand Prix,LAW,5,SOFT,11,0.1880000000000024,0.605000000000004,0.4170000000000016
2023,Dutch Grand Prix,LAW,8,INTERMEDIATE,6,2.9949999999999903,0.29599999999999227,-2.698999999999998
2023,Dutch Grand Prix,LEC,2,INTERMEDIATE,8,1.034000000000006,1.4380000000000024,0.40399999999999636
2023,Dutch Grand Prix,LEC,3,SOFT,22,0.5600000000000023,0.8190000000000026,0.25900000000000034
2023,Dutch Grand Prix,MAG,2,INTERMEDIATE,6,3.030000000000001,1.399000000000001,-1.6310000000000002
2023,Dutch Grand Prix,MAG,3,SOFT,18,1.4569999999999936,0.07299999999999329,-1.3840000000000003
2023,Dutch Grand Prix,MAG,4,MEDIUM,23,0.8519999999999897,1.0319999999999965,0.18000000000000682
2023,Dutch Grand Prix,MAG,7,INTERMEDIATE,6,2.6470000000000056,0.5229999999999961,-2.1240000000000094
2023,Dutch Grand Prix,NOR,3,SOFT,24,0.1980000000000075,0.5300000000000011,0.33199999999999363
2023,Dutch Grand Prix,NOR,4,SOFT,16,0.7510000000000048,0.6859999999999928,-0.06500000000001194
2023,Dutch Grand Prix,NOR,7,INTERMEDIATE,6,2.4000000000000057,0.1110000000000042,-2.2890000000000015
2023,Dutch Grand Prix,OCO,2,INTERMEDIATE,6,0.6690000000000111,1.01100000000001,0.34199999999999875
2023,Dutch Grand Prix,OCO,3,SOFT,25,1.105000000000004,0.5550000000000068,-0.5499999999999972
2023,Dutch Grand Prix,OCO,4,SOFT,16,0.9640000000000128,1.4050000000000011,0.4409999999999883
2023,Dutch Grand Prix,OCO,7,INTERMEDIATE,6,2.582000000000008,0.01099999999999568,-2.571000000000012
2023,Dutch Grand Prix,PER,2,INTERMEDIATE,9,0.24200000000000443,0.4830000000000041,0.24099999999999966
2023,Dutch Grand Prix,PER,3,SOFT,25,1.612000000000009,0.3990000000000009,-1.213000000000008
2023,Dutch Grand Prix,PER,4,SOFT,13,0.6159999999999997,0.08200000000000784,-0.5339999999999918
2023,Dutch Grand Prix,PER,7,INTERMEDIATE,6,1.472999999999999,0.03300000000000125,-1.4399999999999977
2023,Dutch Grand Prix,PIA,1,SOFT,9,11.613,0.4930000000000092,-11.11999999999999
2023,Dutch Grand Prix,PIA,2,SOFT,24,1.7240000000000038,0.26300000000000523,-1.4609999999999985
2023,Dutch Grand Prix,PIA,3,MEDIUM,12,0.3859999999999957,0.4829999999999899,0.0969999999999942
2023,Dutch Grand Prix,PIA,6,INTERMEDIATE,6,2.7079999999999984,0.36299999999999955,-2.344999999999999
2023,Dutch Grand Prix,RUS,4,HARD,38,2.75,0.480000000000004,-2.269999999999996
2023,Dutch Grand Prix,SAI,2,INTERMEDIATE,6,0.340999999999994,1.105000000000004,0.76400000000001
2023,Dutch Grand Prix,SAI,3,SOFT,23,0.820999999999998,0.11499999999999488,-0.7060000000000031
2023,Dutch Grand Prix,SAI,4,SOFT,17,0.04099999999999682,0.3539999999999992,0.3130000000000024
2023,Dutch Grand Prix,SAI,6,INTERMEDIATE,6,2.5799999999999983,0.7109999999999985,-1.8689999999999998
2023,Dutch Grand Prix,SAR,1,SOFT,8,12.479,0.42499999999999716,-12.054000000000002
2023,Dutch Grand Prix,STR,4,MEDIUM,12,0.9279999999999973,0.6779999999999973,-0.25
2023,Dutch Grand Prix,STR,5,SOFT,24,0.3439999999999941,0.806999999999988,0.46299999999999386
2023,Dutch Grand Prix,STR,8,INTERMEDIATE,6,2.2349999999999994,0.48599999999999,-1.7490000000000094
2023,Dutch Grand Prix,TSU,2,INTERMEDIATE,7,4.253,0.7610000000000099,-3.4919999999999902
2023,Dutch Grand Prix,TSU,3,SOFT,42,1.5559999999999974,0.9380000000000024,-0.617999999999995
2023,Dutch Grand Prix,TSU,6,INTERMEDIATE,6,2.9369999999999976,0.32200000000000273,-2.614999999999995
2023,Dutch Grand Prix,VER,2,INTERMEDIATE,7,1.3449999999999989,1.1970000000000027,-0.14799999999999613
2023,Dutch Grand Prix,VER,3,SOFT,30,2.478999999999999,0.43900000000000716,-2.039999999999992
2023,Dutch Grand Prix,VER,4,SOFT,10,0.3830000000000098,0.054000000000002046,-0.32900000000000773
2023,Dutch Grand Prix,VER,7,INTERMEDIATE,6,2.0020000000000095,0.05000000000001137,-1.9519999999999982
2023,Dutch Grand Prix,ZHO,2,INTERMEDIATE,7,1.7639999999999958,1.681999999999988,-0.08200000000000784
2023,Dutch Grand Prix,ZHO,3,MEDIUM,19,1.8940000000000055,0.24600000000000932,-1.6479999999999961
2023,Dutch Grand Prix,ZHO,4,SOFT,21,0.7099999999999937,0.5510000000000019,-0.15899999999999181
2023,Hungarian Grand Prix,ALB,1,MEDIUM,6,0.9120000000000061,0.2009999999999934,-0.7110000000000127
2023,Hungarian Grand Prix,ALB,2,HARD,21,0.35499999999998977,0.7579999999999956,0.4030000000000058
2023,Hungarian Grand Prix,ALB,3,HARD,37,0.3190000000000026,0.0519999999999925,-0.2670000000000101
2023,Hungarian Grand Prix,ALO,1,MEDIUM,18,0.8340000000000032,0.0589999999999975,-0.7750000000000057
2023,Hungarian Grand Prix,ALO,2,HARD,21,0.9759999999999991,0.37999999999999545,-0.5960000000000036
2023,Hungarian Grand Prix,ALO,3,HARD,26,0.6389999999999958,0.7560000000000002,0.11700000000000443
2023,Hungarian Grand Prix,BOT,1,MEDIUM,7,0.7950000000000017,0.007999999999995566,-0.7870000000000061
2023,Hungarian Grand Prix,BOT,2,HARD,29,0.402000000000001,1.0260000000000105,0.6240000000000094
2023,Hungarian Grand Prix,BOT,3,HARD,28,0.45300000000000296,0.41899999999999693,-0.034000000000006025
2023,Hungarian Grand Prix,HAM,1,MEDIUM,13,0.8680000000000092,0.8500000000000085,-0.018000000000000682
2023,Hungarian Grand Prix,HAM,2,HARD,31,1.7890000000000015,0.5020000000000095,-1.286999999999992
2023,Hungarian Grand Prix,HAM,3,MEDIUM,20,0.784000000000006,0.7489999999999952,-0.0350000000000108
2023,Hungarian Grand Prix,HUL,1,MEDIUM,13,0.6970000000000027,0.4789999999999992,-0.21800000000000352
2023,Hungarian Grand Prix,HUL,2,HARD,20,0.12600000000000477,0.6130000000000138,0.487000000000009
2023,Hungarian Grand Prix,HUL,3,HARD,30,0.6189999999999998,1.3730000000000047,0.7540000000000049
2023,Hungarian Grand Prix,LEC,1,MEDIUM,15,0.5969999999999942,0.5919999999999987,-0.0049999999999954525
2023,Hungarian Grand Prix,LEC,2,HARD,23,0.33799999999999386,0.5049999999999955,0.1670000000000016
2023,Hungarian Grand Prix,LEC,3,HARD,26,0.5300000000000011,1.9270000000000067,1.3970000000000056
2023,Hungarian Grand Prix,MAG,1,MEDIUM,12,0.7880000000000109,0.014000000000010004,-0.7740000000000009
2023,Hungarian Grand Prix,MAG,2,HARD,24,0.4759999999999991,2.570999999999998,2.094999999999999
2023,Hungarian Grand Prix,MAG,3,HARD,26,0.42099999999999227,1.100999999999999,0.6800000000000068
2023,Hungarian Grand Prix,NOR,1,MEDIUM,15,0.41100000000000136,0.21399999999999864,-0.19700000000000273
2023,Hungarian Grand Prix,NOR,2,HARD,24,0.04400000000001114,0.9759999999999991,0.931999999999988
2023,Hungarian Grand Prix,NOR,3,MEDIUM,24,0.3400000000000034,1.2070000000000078,0.8670000000000044
2023,Hungarian Grand Prix,PER,1,HARD,21,1.75,0.26600000000000534,-1.4839999999999947
2023,Hungarian Grand Prix,PER,2,MEDIUM,15,0.5420000000000016,1.375,0.8329999999999984
2023,Hungarian Grand Prix,PER,3,MEDIUM,27,0.41100000000000136,0.3079999999999927,-0.10300000000000864
2023,Hungarian Grand Prix,PIA,1,MEDIUM,16,0.3859999999999957,0.284000000000006,-0.10199999999998965
2023,Hungarian Grand Prix,PIA,2,HARD,20,0.2469999999999999,1.2890000000000015,1.0420000000000016
2023,Hungarian Grand Prix,PIA,3,MEDIUM,26,0.7399999999999949,1.766999999999996,1.027000000000001
2023,Hungarian Grand Prix,RIC,1,MEDIUM,15,1.644999999999996,0.16499999999999204,-1.480000000000004
2023,Hungarian Grand Prix,RIC,2,HARD,9,0.1530000000000058,1.225999999999999,1.0729999999999933
2023,Hungarian Grand Prix,RIC,3,MEDIUM,39,0.2609999999999957,0.125,-0.13599999999999568
2023,Hungarian Grand Prix,RUS,1,HARD,26,1.7550000000000097,0.7810000000000059,-0.9740000000000038
2023,Hungarian Grand Prix,RUS,2,MEDIUM,15,0.2259999999999991,0.47100000000000364,0.24500000000000455
2023,Hungarian Grand Prix,RUS,3,MEDIUM,23,0.1799999999999926,0.9590000000000032,0.7790000000000106
2023,Hungarian Grand Prix,SAI,1,SOFT,13,0.8079999999999927,0.2980000000000018,-0.5099999999999909
2023,Hungarian Grand Prix,SAI,2,HARD,27,0.5280000000000058,0.5859999999999985,0.057999999999992724
2023,Hungarian Grand Prix,SAI,3,HARD,25,0.5990000000000038,0.9260000000000019,0.3269999999999982
2023,Hungarian Grand Prix,SAR,1,MEDIUM,11,1.2059999999999889,0.07899999999999352,-1.1269999999999953
2023,Hungarian Grand Prix,SAR,2,HARD,18,0.35200000000000387,1.3269999999999982,0.9749999999999943
2023,Hungarian Grand Prix,SAR,3,HARD,31,0.5280000000000058,1.4170000000000016,0.8889999999999958
2023,Hungarian Grand Prix,STR,1,SOFT,7,0.5699999999999932,0.057999999999992724,-0.5120000000000005
2023,Hungarian Grand Prix,STR,2,HARD,22,0.22100000000000364,0.7609999999999957,0.539999999999992
2023,Hungarian Grand Prix,STR,3,HARD,34,0.8400000000000034,0.9210000000000065,0.08100000000000307
2023,Hungarian Grand Prix,TSU,1,SOFT,7,0.6989999999999981,0.12399999999999523,-0.5750000000000028
2023,Hungarian Grand Prix,TSU,2,HARD,33,0.06300000000000239,1.2109999999999985,1.1479999999999961
2023,Hungarian Grand Prix,TSU,3,MEDIUM,24,0.7909999999999968,1.9309999999999974,1.1400000000000006
2023,Hungarian Grand Prix,VER,1,MEDIUM,21,1.0579999999999927,0.05299999999999727,-1.0049999999999955
2023,Hungarian Grand Prix,VER,2,HARD,26,0.6940000000000026,0.7590000000000003,0.06499999999999773
2023,Hungarian Grand Prix,VER,3,MEDIUM,18,2.3429999999999893,1.019999999999996,-1.3229999999999933
2023,Hungarian Grand Prix,ZHO,1,MEDIUM,8,0.9300000000000068,0.08900000000001285,-0.840999999999994
2023,Hungarian Grand Prix,ZHO,2,HARD,26,0.12700000000000955,2.280000000000001,2.1529999999999916
2023,Hungarian Grand Prix,ZHO,3,HARD,30,0.47100000000000364,1.225999999999999,0.7549999999999955
2023,Italian Grand Prix,ALB,1,MEDIUM,13,0.10599999999999454,1.097999999999999,0.9920000000000044
2023,Italian Grand Prix,ALB,2,HARD,35,0.6980000000000075,1.0440000000000111,0.34600000000000364
2023,Italian Grand Prix,ALO,1,MEDIUM,18,0.2920000000000016,0.3889999999999958,0.0969999999999942
2023,Italian Grand Prix,ALO,2,HARD,29,0.7939999999999969,1.2549999999999955,0.4609999999999985
2023,Italian Grand Prix,BOT,1,HARD,23,0.8310000000000031,0.9969999999999999,0.16599999999999682
2023,Italian Grand Prix,BOT,2,MEDIUM,23,0.21299999999999386,1.016999999999996,0.804000000000002
2023,Italian Grand Prix,GAS,1,MEDIUM,8,0.7060000000000031,0.030000000000001137,-0.6760000000000019
2023,Italian Grand Prix,GAS,2,HARD,19,0.3329999999999984,0.4860000000000042,0.1530000000000058
2023,Italian Grand Prix,GAS,3,MEDIUM,18,1.1189999999999998,1.6170000000000044,0.49800000000000466
2023,Italian Grand Prix,HAM,1,HARD,25,0.6460000000000008,0.7639999999999958,0.117999999999995
2023,Italian Grand Prix,HAM,2,MEDIUM,21,0.7580000000000098,0.3450000000000131,-0.4129999999999967
2023,Italian Grand Prix,HUL,1,MEDIUM,12,0.32500000000000284,1.0200000000000102,0.6950000000000074
2023,Italian Grand Prix,HUL,2,HARD,23,0.001999999999995339,1.0960000000000036,1.0940000000000083
2023,Italian Grand Prix,HUL,3,MEDIUM,10,0.3399999999999892,0.08699999999998909,-0.2530000000000001
2023,Italian Grand Prix,LAW,1,MEDIUM,11,0.527000000000001,0.5180000000000007,-0.009000000000000341
2023,Italian Grand Prix,LAW,2,HARD,18,0.23000000000000398,0.6809999999999974,0.4509999999999934
2023,Italian Grand Prix,LAW,3,MEDIUM,16,0.41800000000000637,0.5940000000000083,0.17600000000000193
2023,Italian Grand Prix,LEC,1,MEDIUM,18,0.3060000000000116,1.9510000000000076,1.644999999999996
2023,Italian Grand Prix,LEC,2,HARD,29,0.22700000000000387,1.203000000000003,0.9759999999999991
2023,Italian Grand Prix,MAG,1,HARD,10,1.2319999999999993,0.8199999999999932,-0.41200000000000614
2023,Italian Grand Prix,MAG,2,MEDIUM,19,0.8370000000000033,0.4750000000000085,-0.36199999999999477
2023,Italian Grand Prix,MAG,3,MEDIUM,16,0.10699999999999932,0.6259999999999906,0.5189999999999912
2023,Italian Grand Prix,NOR,1,MEDIUM,19,0.47700000000000387,1.0879999999999939,0.61099999999999
2023,Italian Grand Prix,NOR,2,HARD,27,0.25799999999999557,1.2809999999999917,1.0229999999999961
2023,Italian Grand Prix,OCO,1,MEDIUM,22,0.7049999999999983,1.766999999999996,1.0619999999999976
2023,Italian Grand Prix,OCO,2,HARD,13,0.1950000000000074,0.4660000000000082,0.2710000000000008
2023,Italian Grand Prix,PER,1,MEDIUM,18,0.12399999999999523,0.6499999999999915,0.5259999999999962
2023,Italian Grand Prix,PER,2,HARD,27,0.23699999999999477,0.48399999999999466,0.2469999999999999
2023,Italian Grand Prix,PIA,1,MEDIUM,21,0.1810000000000116,0.76400000000001,0.5829999999999984
2023,Italian Grand Prix,PIA,2,HARD,15,0.15500000000000114,1.0139999999999958,0.8589999999999947
2023,Italian Grand Prix,PIA,3,MEDIUM,8,0.617999999999995,0.7689999999999912,0.15099999999999625
2023,Italian Grand Prix,RUS,1,MEDIUM,16,0.001999999999995339,1.2069999999999936,1.2049999999999983
2023,Italian Grand Prix,RUS,2,HARD,31,0.7580000000000098,0.7810000000000059,0.022999999999996135
2023,Italian Grand Prix,SAI,1,MEDIUM,17,0.030000000000001137,1.5360000000000014,1.5060000000000002
2023,Italian Grand Prix,SAI,2,HARD,30,0.2920000000000016,1.2749999999999915,0.9829999999999899
2023,Italian Grand Prix,SAR,1,MEDIUM,12,0.5120000000000005,0.6689999999999969,0.15699999999999648
2023,Italian Grand Prix,SAR,2,HARD,34,0.0660000000000025,0.902000000000001,0.8359999999999985
2023,Italian Grand Prix,STR,1,MEDIUM,18,1.51400000000001,0.9500000000000028,-0.5640000000000072
2023,Italian Grand Prix,STR,2,HARD,29,0.3509999999999991,2.8499999999999943,2.4989999999999952
2023,Italian Grand Prix,VER,1,MEDIUM,18,0.347999999999999,0.7360000000000042,0.38800000000000523
2023,Italian Grand Prix,VER,2,HARD,30,0.9190000000000111,2.6670000000000016,1.7479999999999905
2023,Italian Grand Prix,ZHO,1,MEDIUM,9,0.8049999999999926,0.3499999999999943,-0.4549999999999983
2023,Italian Grand Prix,ZHO,2,HARD,20,1.391999999999996,1.4300000000000068,0.038000000000010914
2023,Italian Grand Prix,ZHO,3,MEDIUM,16,0.7169999999999987,0.7849999999999966,0.06799999999999784
2023,Japanese Grand Prix,ALB,2,MEDIUM,8,0.8229999999999933,0.6899999999999977,-0.13299999999999557
2023,Japanese Grand Prix,ALB,3,SOFT,10,0.3640000000000043,0.9620000000000033,0.597999999999999
2023,Japanese Grand Prix,ALO,2,HARD,10,0.28600000000000136,1.914999999999992,1.6289999999999907
2023,Japanese Grand Prix,ALO,3,HARD,27,0.10500000000000398,2.0289999999999964,1.9239999999999924
2023,Japanese Grand Prix,GAS,1,MEDIUM,11,0.3100000000000023,0.49099999999999966,0.18099999999999739
2023,Japanese Grand Prix,GAS,2,HARD,14,0.902000000000001,1.5700000000000074,0.6680000000000064
2023,Japanese Grand Prix,GAS,3,HARD,18,0.6290000000000049,1.8710000000000093,1.2420000000000044
2023,Japanese Grand Prix,HAM,1,MEDIUM,10,0.48799999999999955,0.3430000000000035,-0.14499999999999602
2023,Japanese Grand Prix,HAM,2,HARD,16,0.3889999999999958,1.1159999999999997,0.7270000000000039
2023,Japanese Grand Prix,HAM,3,HARD,17,0.570999999999998,1.8059999999999974,1.2349999999999994
2023,Japanese Grand Prix,HUL,2,MEDIUM,9,1.125,1.8529999999999944,0.7279999999999944
2023,Japanese Grand Prix,HUL,3,HARD,14,0.26500000000000057,0.7060000000000031,0.4410000000000025
2023,Japanese Grand Prix,HUL,4,MEDIUM,14,0.4060000000000059,0.4939999999999998,0.08799999999999386
2023,Japanese Grand Prix,LAW,2,MEDIUM,11,0.5030000000000001,1.5969999999999942,1.093999999999994
2023,Japanese Grand Prix,LAW,3,HARD,26,0.5649999999999977,0.24800000000000466,-0.31699999999999307
2023,Japanese Grand Prix,LEC,1,MEDIUM,11,0.11899999999999977,0.6739999999999924,0.5549999999999926
2023,Japanese Grand Prix,LEC,2,MEDIUM,15,0.2890000000000015,0.8230000000000075,0.534000000000006
2023,Japanese Grand Prix,LEC,3,HARD,17,0.41900000000001114,1.4110000000000014,0.9919999999999902
2023,Japanese Grand Prix,MAG,1,MEDIUM,6,0.049000000000006594,0.21600000000000819,0.1670000000000016
2023,Japanese Grand Prix,MAG,2,HARD,16,0.6909999999999883,1.9709999999999894,1.2800000000000011
2023,Japanese Grand Prix,MAG,3,HARD,20,0.4350000000000023,1.0499999999999972,0.6149999999999949
2023,Japanese Grand Prix,NOR,1,MEDIUM,11,0.49800000000000466,1.4960000000000093,0.9980000000000047
2023,Japanese Grand Prix,NOR,2,HARD,16,0.8640000000000043,1.2630000000000052,0.3990000000000009
2023,Japanese Grand Prix,NOR,3,HARD,16,0.7249999999999943,1.4939999999999998,0.7690000000000055
2023,Japanese Grand Prix,OCO,2,HARD,21,0.8469999999999942,0.9210000000000065,0.07400000000001228
2023,Japanese Grand Prix,OCO,3,HARD,24,0.4350000000000023,0.8940000000000055,0.4590000000000032
2023,Japanese Grand Prix,PER,2,HARD,6,0.4300000000000068,0.7620000000000005,0.33199999999999363
2023,Japanese Grand Prix,PIA,1,MEDIUM,8,0.1110000000000042,0.6569999999999965,0.5459999999999923
2023,Japanese Grand Prix,PIA,2,HARD,19,0.3229999999999933,0.340999999999994,0.018000000000000682
2023,Japanese Grand Prix,PIA,3,HARD,16,0.26899999999999125,0.9029999999999916,0.6340000000000003
2023,Japanese Grand Prix,RUS,1,MEDIUM,17,0.75,0.7909999999999968,0.04099999999999682
2023,Japanese Grand Prix,RUS,2,HARD,26,0.18799999999998818,1.402000000000001,1.2140000000000128
2023,Japanese Grand Prix,SAI,1,MEDIUM,12,0.2079999999999984,0.5510000000000019,0.3430000000000035
2023,Japanese Grand Prix,SAI,2,MEDIUM,18,0.23399999999999466,0.9489999999999981,0.7150000000000034
2023,Japanese Grand Prix,SAI,3,HARD,14,0.1770000000000067,1.0720000000000027,0.894999999999996
2023,Japanese Grand Prix,SAR,3,MEDIUM,12,0.8730000000000047,1.7199999999999989,0.8469999999999942
2023,Japanese Grand Prix,STR,1,SOFT,8,0.2230000000000132,0.32200000000000273,0.09899999999998954
2023,Japanese Grand Prix,TSU,2,MEDIUM,17,0.7360000000000042,1.8410000000000082,1.105000000000004
2023,Japanese Grand Prix,TSU,3,HARD,20,0.12999999999999545,1.3319999999999936,1.2019999999999982
2023,Japanese Grand Prix,VER,1,MEDIUM,10,1.0889999999999986,1.9029999999999916,0.813999999999993
2023,Japanese Grand Prix,VER,2,MEDIUM,19,0.05500000000000682,0.4440000000000026,0.3889999999999958
2023,Japanese Grand Prix,VER,3,HARD,15,1.25,2.4569999999999936,1.2069999999999936
2023,Japanese Grand Prix,ZHO,3,SOFT,15,0.09900000000000375,1.3170000000000073,1.2180000000000035
2023,Japanese Grand Prix,ZHO,4,HARD,22,0.6740000000000066,0.6530000000000058,-0.021000000000000796
2023,Las Vegas Grand Prix,ALB,1,MEDIUM,9,1.399000000000001,0.7590000000000003,-0.6400000000000006
2023,Las Vegas Grand Prix,ALB,2,HARD,29,2.1910000000000025,0.5180000000000007,-1.6730000000000018
2023,Las Vegas Grand Prix,ALO,2,HARD,19,3.2830000000000013,1.8629999999999995,-1.4200000000000017
2023,Las Vegas Grand Prix,ALO,3,HARD,21,3.0859999999999985,0.4069999999999965,-2.679000000000002
2023,Las Vegas Grand Prix,BOT,2,HARD,16,1.8960000000000008,1.8819999999999908,-0.014000000000010004
2023,Las Vegas Grand Prix,BOT,3,MEDIUM,22,3.3900000000000006,1.3640000000000043,-2.0259999999999962
2023,Las Vegas Grand Prix,GAS,1,MEDIUM,10,1.5550000000000068,1.328000000000003,-0.22700000000000387
2023,Las Vegas Grand Prix,GAS,2,HARD,28,2.305000000000007,1.304000000000002,-1.0010000000000048
2023,Las Vegas Grand Prix,HAM,1,HARD,10,2.708999999999989,1.1370000000000005,-1.5719999999999885
2023,Las Vegas Grand Prix,HAM,2,MEDIUM,7,0.8900000000000006,0.14800000000001035,-0.7419999999999902
2023,Las Vegas Grand Prix,HAM,3,HARD,21,3.4490000000000123,0.21700000000001296,-3.2319999999999993
2023,Las Vegas Grand Prix,HUL,2,HARD,12,0.06599999999998829,0.6349999999999909,0.5690000000000026
2023,Las Vegas Grand Prix,HUL,3,HARD,17,2.3370000000000033,0.41200000000000614,-1.9249999999999972
2023,Las Vegas Grand Prix,LEC,1,MEDIUM,14,2.2860000000000014,0.8870000000000005,-1.399000000000001
2023,Las Vegas Grand Prix,LEC,2,HARD,24,2.448999999999998,0.19899999999999807,-2.25
2023,Las Vegas Grand Prix,MAG,1,MEDIUM,6,1.4620000000000033,0.8859999999999957,-0.5760000000000076
2023,Las Vegas Grand Prix,MAG,2,HARD,10,0.7259999999999991,0.367999999999995,-0.3580000000000041
2023,Las Vegas Grand Prix,MAG,3,HARD,22,2.245999999999995,0.021000000000000796,-2.2249999999999943
2023,Las Vegas Grand Prix,OCO,1,MEDIUM,11,0.4649999999999892,1.0159999999999911,0.5510000000000019
2023,Las Vegas Grand Prix,OCO,2,HARD,26,1.1500000000000057,0.2990000000000066,-0.8509999999999991
2023,Las Vegas Grand Prix,PER,2,HARD,19,3.426000000000002,0.347999999999999,-3.078000000000003
2023,Las Vegas Grand Prix,PER,3,HARD,22,2.102000000000004,0.3480000000000132,-1.7539999999999907
2023,Las Vegas Grand Prix,PIA,1,HARD,9,2.2890000000000015,0.7169999999999987,-1.5720000000000027
2023,Las Vegas Grand Prix,PIA,2,HARD,22,1.762999999999991,0.5589999999999975,-1.2039999999999935
2023,Las Vegas Grand Prix,PIA,3,MEDIUM,6,0.09499999999999886,0.5240000000000009,0.42900000000000205
2023,Las Vegas Grand Prix,RIC,1,MEDIUM,10,1.3469999999999942,0.5849999999999937,-0.7620000000000005
2023,Las Vegas Grand Prix,RIC,2,HARD,29,2.622,1.2809999999999917,-1.3410000000000082
2023,Las Vegas Grand Prix,RUS,1,MEDIUM,8,1.9080000000000013,0.22500000000000853,-1.6829999999999927
2023,Las Vegas Grand Prix,RUS,2,HARD,9,1.070999999999998,0.45299999999998875,-0.6180000000000092
2023,Las Vegas Grand Prix,RUS,3,HARD,22,3.088000000000008,0.10699999999999932,-2.9810000000000088
2023,Las Vegas Grand Prix,SAI,2,HARD,19,3.513999999999996,2.030000000000001,-1.4839999999999947
2023,Las Vegas Grand Prix,SAI,3,HARD,22,3.162000000000006,0.5230000000000103,-2.638999999999996
2023,Las Vegas Grand Prix,SAR,1,MEDIUM,8,1.4599999999999937,0.3359999999999985,-1.1239999999999952
2023,Las Vegas Grand Prix,SAR,2,HARD,30,2.3730000000000047,0.5480000000000018,-1.8250000000000028
2023,Las Vegas Grand Prix,STR,2,HARD,18,3.0670000000000073,0.4480000000000075,-2.6189999999999998
2023,Las Vegas Grand Prix,STR,3,HARD,22,2.2180000000000035,0.4059999999999917,-1.8120000000000118
2023,Las Vegas Grand Prix,TSU,2,MEDIUM,9,0.3160000000000025,0.960000000000008,0.6440000000000055
2023,Las Vegas Grand Prix,TSU,3,HARD,21,2.844999999999999,0.14300000000000068,-2.701999999999998
2023,Las Vegas Grand Prix,VER,1,MEDIUM,9,1.3829999999999956,0.18299999999999272,-1.2000000000000028
2023,Las Vegas Grand Prix,VER,2,HARD,8,0.4680000000000035,0.6020000000000039,0.13400000000000034
2023,Las Vegas Grand Prix,VER,3,HARD,22,2.8549999999999898,1.3359999999999985,-1.5189999999999912
2023,Las Vegas Grand Prix,ZHO,1,HARD,19,2.530000000000001,0.9150000000000063,-1.6149999999999949
2023,Las Vegas Grand Prix,ZHO,2,MEDIUM,22,2.2150000000000034,1.9279999999999973,-0.28700000000000614
2023,Mexico City Grand Prix,ALB,1,HARD,29,0.6080000000000041,1.0859999999999985,0.47799999999999443
2023,Mexico City Grand Prix,ALB,3,MEDIUM,35,1.2409999999999997,0.07200000000000273,-1.168999999999997
2023,Mexico City Grand Prix,ALO,1,MEDIUM,25,1.1129999999999995,0.4650000000000034,-0.6479999999999961
2023,Mexico City Grand Prix,ALO,3,HARD,10,0.7409999999999997,0.46299999999999386,-0.2780000000000058
2023,Mexico City Grand Prix,BOT,1,MEDIUM,27,1.1329999999999956,2.1069999999999993,0.9740000000000038
2023,Mexico City Grand Prix,BOT,3,HARD,35,0.5090000000000003,2.453000000000003,1.9440000000000026
2023,Mexico City Grand Prix,GAS,1,MEDIUM,25,0.8149999999999977,0.9889999999999901,0.17399999999999238
2023,Mexico City Grand Prix,GAS,3,HARD,35,0.35599999999999454,0.0759999999999934,-0.28000000000000114
2023,Mexico City Grand Prix,HAM,1,MEDIUM,21,0.862000000000009,0.9309999999999974,0.0689999999999884
2023,Mexico City Grand Prix,HAM,2,HARD,7,0.6019999999999897,0.34899999999998954,-0.2530000000000001
2023,Mexico City Grand Prix,HAM,3,MEDIUM,35,1.097999999999999,1.2319999999999993,0.13400000000000034
2023,Mexico City Grand Prix,HUL,1,MEDIUM,20,0.9789999999999992,1.0570000000000022,0.07800000000000296
2023,Mexico City Grand Prix,HUL,2,HARD,8,0.7040000000000077,0.33600000000001273,-0.367999999999995
2023,Mexico City Grand Prix,HUL,3,MEDIUM,35,0.6080000000000041,3.946000000000012,3.338000000000008
2023,Mexico City Grand Prix,LEC,1,MEDIUM,28,0.6329999999999956,0.5360000000000014,-0.0969999999999942
2023,Mexico City Grand Prix,LEC,3,HARD,35,0.22700000000000387,0.63900000000001,0.41200000000000614
2023,Mexico City Grand Prix,MAG,1,MEDIUM,19,1.016999999999996,1.4399999999999977,0.4230000000000018
2023,Mexico City Grand Prix,MAG,2,HARD,6,0.06999999999999318,2.0799999999999983,2.010000000000005
2023,Mexico City Grand Prix,NOR,1,SOFT,7,0.835000000000008,1.7430000000000092,0.9080000000000013
2023,Mexico City Grand Prix,NOR,2,HARD,20,0.09300000000000352,0.15000000000000568,0.05700000000000216
2023,Mexico City Grand Prix,NOR,4,MEDIUM,35,1.8969999999999914,0.2079999999999984,-1.688999999999993
2023,Mexico City Grand Prix,OCO,1,HARD,28,2.2409999999999997,1.3469999999999942,-0.8940000000000055
2023,Mexico City Grand Prix,OCO,2,MEDIUM,35,0.5619999999999976,0.18200000000000216,-0.37999999999999545
2023,Mexico City Grand Prix,PIA,1,MEDIUM,22,0.6890000000000072,1.2690000000000055,0.5799999999999983
2023,Mexico City Grand Prix,PIA,2,HARD,6,0.2540000000000049,0.26600000000000534,0.012000000000000455
2023,Mexico City Grand Prix,PIA,3,MEDIUM,35,0.8930000000000007,0.40800000000000125,-0.48499999999999943
2023,Mexico City Grand Prix,RIC,1,MEDIUM,24,0.7399999999999949,1.1670000000000016,0.4270000000000067
2023,Mexico City Grand Prix,RIC,3,HARD,35,0.27299999999999613,0.6110000000000042,0.33800000000000807
2023,Mexico City Grand Prix,RUS,1,MEDIUM,22,0.8169999999999931,0.8759999999999906,0.0589999999999975
2023,Mexico City Grand Prix,RUS,3,MEDIUM,35,0.3569999999999993,0.6170000000000044,0.2600000000000051
2023,Mexico City Grand Prix,SAI,1,MEDIUM,26,0.6750000000000114,0.8740000000000094,0.19899999999999807
2023,Mexico City Grand Prix,SAI,3,HARD,35,0.3990000000000009,0.22799999999999443,-0.17100000000000648
2023,Mexico City Grand Prix,SAR,1,MEDIUM,18,1.4129999999999967,1.323999999999998,-0.08899999999999864
2023,Mexico City Grand Prix,SAR,2,HARD,8,0.5759999999999934,1.75,1.1740000000000066
2023,Mexico City Grand Prix,SAR,3,MEDIUM,32,1.0190000000000055,1.7620000000000005,0.742999999999995
2023,Mexico City Grand Prix,STR,1,MEDIUM,26,1.9300000000000068,0.4590000000000032,-1.4710000000000036
2023,Mexico City Grand Prix,STR,3,HARD,29,0.4689999999999941,0.7779999999999916,0.3089999999999975
2023,Mexico City Grand Prix,TSU,2,HARD,22,0.4989999999999952,1.8979999999999961,1.399000000000001
2023,Mexico City Grand Prix,TSU,3,HARD,33,1.0829999999999984,3.225999999999999,2.1430000000000007
2023,Mexico City Grand Prix,VER,1,MEDIUM,16,0.4899999999999949,0.42600000000000193,-0.06399999999999295
2023,Mexico City Grand Prix,VER,2,HARD,12,0.41899999999999693,0.9799999999999898,0.5609999999999928
2023,Mexico City Grand Prix,VER,4,HARD,35,0.5409999999999968,0.8259999999999934,0.2849999999999966
2023,Mexico City Grand Prix,ZHO,1,MEDIUM,17,0.7720000000000056,1.3500000000000085,0.578000000000003
2023,Mexico City Grand Prix,ZHO,2,HARD,9,0.2560000000000002,1.3130000000000024,1.0570000000000022
2023,Mexico City Grand Prix,ZHO,3,HARD,35,0.51400000000001,0.26200000000000045,-0.25200000000000955
2023,Miami Grand Prix,ALB,1,MEDIUM,20,0.9770000000000039,0.722999999999999,-0.2540000000000049
2023,Miami Grand Prix,ALB,2,HARD,32,0.6670000000000016,0.20600000000000307,-0.4609999999999985
2023,Miami Grand Prix,ALO,1,MEDIUM,22,1.2059999999999889,0.1599999999999966,-1.0459999999999923
2023,Miami Grand Prix,ALO,2,HARD,32,1.708999999999989,1.0759999999999934,-0.6329999999999956
2023,Miami Grand Prix,BOT,1,MEDIUM,13,1.3419999999999987,0.20100000000000762,-1.1409999999999911
2023,Miami Grand Prix,BOT,2,HARD,41,1.4879999999999995,0.056000000000011596,-1.431999999999988
2023,Miami Grand Prix,DEV,1,MEDIUM,13,0.9159999999999968,0.10699999999999932,-0.8089999999999975
2023,Miami Grand Prix,DEV,2,HARD,41,1.4579999999999984,0.3680000000000092,-1.0899999999999892
2023,Miami Grand Prix,GAS,1,MEDIUM,13,0.3860000000000099,0.1839999999999975,-0.2020000000000124
2023,Miami Grand Prix,GAS,2,HARD,41,0.4650000000000034,0.042999999999992156,-0.42200000000001125
2023,Miami Grand Prix,HAM,1,HARD,35,1.6929999999999978,0.20700000000000784,-1.48599999999999
2023,Miami Grand Prix,HAM,2,MEDIUM,19,1.0250000000000057,0.31799999999999784,-0.7070000000000078
2023,Miami Grand Prix,HUL,1,HARD,31,1.8789999999999907,0.4269999999999925,-1.4519999999999982
2023,Miami Grand Prix,HUL,2,MEDIUM,23,0.3990000000000009,1.2999999999999972,0.9009999999999962
2023,Miami Grand Prix,LEC,1,MEDIUM,15,1.9539999999999935,0.5589999999999975,-1.394999999999996
2023,Miami Grand Prix,LEC,2,HARD,39,1.6000000000000085,0.19299999999999784,-1.4070000000000107
2023,Miami Grand Prix,MAG,1,MEDIUM,12,1.4210000000000065,0.2950000000000017,-1.1260000000000048
2023,Miami Grand Prix,MAG,2,HARD,41,0.7270000000000039,0.0660000000000025,-0.6610000000000014
2023,Miami Grand Prix,NOR,2,HARD,52,0.6659999999999968,0.29399999999999693,-0.3719999999999999
2023,Miami Grand Prix,OCO,1,HARD,36,2.040999999999997,0.3710000000000093,-1.6699999999999875
2023,Miami Grand Prix,OCO,2,MEDIUM,17,0.6110000000000042,0.1460000000000008,-0.4650000000000034
2023,Miami Grand Prix,PER,1,MEDIUM,18,1.6000000000000085,0.784000000000006,-0.8160000000000025
2023,Miami Grand Prix,PER,2,HARD,36,0.972999999999999,0.07500000000000284,-0.8979999999999961
2023,Miami Grand Prix,PIA,2,HARD,50,1.1929999999999978,0.347999999999999,-0.8449999999999989
2023,Miami Grand Prix,RUS,1,MEDIUM,15,1.0679999999999978,0.20400000000000773,-0.8639999999999901
2023,Miami Grand Prix,RUS,2,HARD,39,1.6850000000000023,0.0870000000000033,-1.597999999999999
2023,Miami Grand Prix,SAI,1,MEDIUM,16,1.1529999999999916,0.5489999999999924,-0.6039999999999992
2023,Miami Grand Prix,SAI,2,HARD,37,0.9840000000000089,0.10099999999999909,-0.8830000000000098
2023,Miami Grand Prix,SAR,2,HARD,52,1.203000000000003,0.9909999999999997,-0.2120000000000033
2023,Miami Grand Prix,STR,1,HARD,39,2.0870000000000033,0.007000000000005002,-2.0799999999999983
2023,Miami Grand Prix,STR,2,MEDIUM,14,0.4370000000000118,0.11599999999999966,-0.32100000000001216
2023,Miami Grand Prix,TSU,1,HARD,34,2.0020000000000095,0.1360000000000099,-1.8659999999999997
2023,Miami Grand Prix,TSU,2,MEDIUM,20,0.9060000000000059,0.15200000000000102,-0.7540000000000049
2023,Miami Grand Prix,VER,1,HARD,43,3.138999999999996,0.06799999999999784,-3.070999999999998
2023,Miami Grand Prix,VER,2,MEDIUM,11,1.2019999999999982,0.5649999999999977,-0.6370000000000005
2023,Miami Grand Prix,ZHO,1,HARD,29,1.2960000000000065,0.0940000000000083,-1.2019999999999982
2023,Miami Grand Prix,ZHO,2,MEDIUM,25,0.16199999999999193,0.1559999999999917,-0.006000000000000227
2023,Monaco Grand Prix,ALB,1,MEDIUM,15,1.9069999999999965,1.6469999999999914,-0.2600000000000051
2023,Monaco Grand Prix,ALB,2,HARD,31,0.4590000000000032,3.4939999999999998,3.0349999999999966
2023,Monaco Grand Prix,ALB,3,INTERMEDIATE,21,18.14500000000001,0.43300000000000693,-17.712000000000003
2023,Monaco Grand Prix,ALO,1,HARD,51,2.438999999999993,3.316999999999993,0.8780000000000001
2023,Monaco Grand Prix,ALO,3,INTERMEDIATE,21,16.196000000000012,0.967000000000013,-15.229
2023,Monaco Grand Prix,BOT,1,HARD,49,2.317999999999998,0.5589999999999975,-1.7590000000000003
2023,Monaco Grand Prix,BOT,2,INTERMEDIATE,25,14.608000000000004,0.49800000000000466,-14.11
2023,Monaco Grand Prix,DEV,1,MEDIUM,51,3.0189999999999912,6.984999999999999,3.966000000000008
2023,Monaco Grand Prix,DEV,2,INTERMEDIATE,20,18.10300000000001,0.1530000000000058,-17.950000000000003
2023,Monaco Grand Prix,GAS,1,HARD,45,3.442999999999998,0.15800000000000125,-3.2849999999999966
2023,Monaco Grand Prix,GAS,3,INTERMEDIATE,22,17.631,0.46999999999999886,-17.161
2023,Monaco Grand Prix,HAM,1,MEDIUM,29,2.7830000000000013,0.04999999999999716,-2.733000000000004
2023,Monaco Grand Prix,HAM,2,HARD,21,1.5090000000000003,10.586999999999989,9.077999999999989
2023,Monaco Grand Prix,HAM,3,INTERMEDIATE,22,18.62700000000001,0.45400000000000773,-18.173000000000002
2023,Monaco Grand Prix,HUL,2,HARD,49,0.054000000000002046,11.301000000000002,11.247
2023,Monaco Grand Prix,HUL,4,WET,16,8.030999999999992,3.8859999999999957,-4.144999999999996
2023,Monaco Grand Prix,LEC,1,HARD,42,2.956000000000003,1.2630000000000052,-1.6929999999999978
2023,Monaco Grand Prix,LEC,2,MEDIUM,9,0.585000000000008,17.486000000000004,16.900999999999996
2023,Monaco Grand Prix,LEC,3,INTERMEDIATE,22,17.408,0.46999999999999886,-16.938000000000002
2023,Monaco Grand Prix,MAG,1,HARD,49,1.823999999999998,7.244,5.420000000000002
2023,Monaco Grand Prix,MAG,2,WET,12,3.4409999999999883,4.074999999999989,0.6340000000000003
2023,Monaco Grand Prix,NOR,1,MEDIUM,48,2.5520000000000067,0.39000000000000057,-2.162000000000006
2023,Monaco Grand Prix,NOR,3,INTERMEDIATE,21,15.143,0.4889999999999901,-14.65400000000001
2023,Monaco Grand Prix,OCO,1,MEDIUM,29,2.765999999999991,0.3930000000000007,-2.3729999999999905
2023,Monaco Grand Prix,OCO,2,HARD,19,0.5669999999999931,2.924999999999997,2.358000000000004
2023,Monaco Grand Prix,OCO,3,INTERMEDIATE,22,18.323000000000008,0.6030000000000086,-17.72
2023,Monaco Grand Prix,PER,2,HARD,30,0.117999999999995,4.501999999999995,4.384
2023,Monaco Grand Prix,PER,3,MEDIUM,16,0.35300000000000864,8.503,8.149999999999991
2023,Monaco Grand Prix,PER,5,WET,10,5.373999999999995,0.24899999999999523,-5.125
2023,Monaco Grand Prix,PIA,1,HARD,52,3.0189999999999912,12.384,9.365000000000009
2023,Monaco Grand Prix,PIA,2,INTERMEDIATE,21,18.697000000000003,0.8299999999999983,-17.867000000000004
2023,Monaco Grand Prix,RUS,1,HARD,52,3.492999999999995,7.956000000000003,4.463000000000008
2023,Monaco Grand Prix,RUS,2,INTERMEDIATE,23,16.718999999999994,1.5419999999999874,-15.177000000000007
2023,Monaco Grand Prix,SAI,1,HARD,30,2.786999999999992,0.04899999999999238,-2.7379999999999995
2023,Monaco Grand Prix,SAI,2,MEDIUM,18,1.1159999999999997,2.564000000000007,1.4480000000000075
2023,Monaco Grand Prix,SAI,3,INTERMEDIATE,22,17.241,0.19700000000000273,-17.043999999999997
2023,Monaco Grand Prix,SAR,1,MEDIUM,18,1.2719999999999914,3.3810000000000002,2.109000000000009
2023,Monaco Grand Prix,SAR,3,SOFT,27,0.5919999999999987,5.817999999999998,5.225999999999999
2023,Monaco Grand Prix,SAR,4,INTERMEDIATE,20,13.941000000000003,0.8310000000000031,-13.11
2023,Monaco Grand Prix,STR,1,HARD,49,2.219999999999999,0.8039999999999878,-1.416000000000011
2023,Monaco Grand Prix,TSU,1,MEDIUM,51,2.600999999999999,6.123999999999995,3.522999999999996
2023,Monaco Grand Prix,TSU,2,INTERMEDIATE,21,15.147000000000006,1.4270000000000067,-13.719999999999999
2023,Monaco Grand Prix,VER,1,MEDIUM,52,2.469999999999999,7.442000000000007,4.972000000000008
2023,Monaco Grand Prix,VER,2,INTERMEDIATE,22,18.263000000000005,0.1150000000000091,-18.147999999999996
2023,Monaco Grand Prix,ZHO,2,HARD,47,0.01999999999999602,2.138999999999996,2.1189999999999998
2023,Monaco Grand Prix,ZHO,3,INTERMEDIATE,23,16.191000000000003,0.894999999999996,-15.296000000000006
2023,Qatar Grand Prix,ALB,1,MEDIUM,11,3.765999999999991,0.05700000000000216,-3.708999999999989
2023,Qatar Grand Prix,ALB,2,MEDIUM,10,1.7950000000000017,0.21199999999998909,-1.5830000000000126
2023,Qatar Grand Prix,ALB,3,HARD,11,0.9710000000000036,0.28600000000000136,-0.6850000000000023
2023,Qatar Grand Prix,ALB,4,HARD,11,0.17499999999999716,0.10699999999999932,-0.06799999999999784
2023,Qatar Grand Prix,ALO,2,MEDIUM,12,1.6359999999999957,0.31699999999999307,-1.3190000000000026
2023,Qatar Grand Prix,ALO,3,HARD,15,0.9279999999999973,0.2909999999999968,-0.6370000000000005
2023,Qatar Grand Prix,ALO,4,MEDIUM,12,0.48499999999999943,0.10200000000000387,-0.38299999999999557
2023,Qatar Grand Prix,BOT,2,MEDIUM,13,2.506999999999991,0.5649999999999977,-1.941999999999993
2023,Qatar Grand Prix,BOT,3,HARD,16,0.8049999999999926,0.7609999999999957,-0.04399999999999693
2023,Qatar Grand Prix,BOT,4,HARD,17,0.9050000000000011,0.4509999999999934,-0.45400000000000773
2023,Qatar Grand Prix,GAS,2,MEDIUM,12,0.40800000000000125,0.4129999999999967,0.0049999999999954525
2023,Qatar Grand Prix,GAS,3,HARD,13,0.7240000000000038,0.10800000000000409,-0.6159999999999997
2023,Qatar Grand Prix,GAS,4,MEDIUM,10,0.6700000000000017,0.2609999999999957,-0.409000000000006
2023,Qatar Grand Prix,HUL,1,MEDIUM,8,0.9509999999999934,0.4199999999999875,-0.5310000000000059
2023,Qatar Grand Prix,HUL,2,HARD,11,0.16400000000000148,0.33899999999999864,0.17499999999999716
2023,Qatar Grand Prix,HUL,3,MEDIUM,10,0.25500000000000966,0.9720000000000084,0.7169999999999987
2023,Qatar Grand Prix,HUL,4,HARD,15,1.2560000000000002,0.570999999999998,-0.6850000000000023
2023,Qatar Grand Prix,LAW,2,HARD,13,2.497,0.671999999999997,-1.8250000000000028
2023,Qatar Grand Prix,LAW,3,HARD,16,1.3640000000000043,0.43200000000000216,-0.9320000000000022
2023,Qatar Grand Prix,LAW,4,MEDIUM,16,2.6710000000000065,0.35299999999999443,-2.318000000000012
2023,Qatar Grand Prix,LEC,1,MEDIUM,7,0.5229999999999961,0.32500000000000284,-0.1979999999999933
2023,Qatar Grand Prix,LEC,2,MEDIUM,10,1.4660000000000082,0.0799999999999983,-1.38600000000001
2023,Qatar Grand Prix,LEC,3,HARD,16,1.1909999999999883,0.009000000000000341,-1.181999999999988
2023,Qatar Grand Prix,LEC,4,MEDIUM,13,0.9779999999999944,0.820999999999998,-0.15699999999999648
2023,Qatar Grand Prix,MAG,2,MEDIUM,15,2.1140000000000043,1.274000000000001,-0.8400000000000034
2023,Qatar Grand Prix,MAG,3,HARD,16,1.1550000000000011,0.1349999999999909,-1.0200000000000102
2023,Qatar Grand Prix,MAG,4,HARD,16,0.08300000000001262,0.9860000000000042,0.9029999999999916
2023,Qatar Grand Prix,NOR,1,MEDIUM,8,1.9040000000000106,0.20100000000000762,-1.703000000000003
2023,Qatar Grand Prix,NOR,2,MEDIUM,12,1.4300000000000068,0.09399999999999409,-1.3360000000000127
2023,Qatar Grand Prix,NOR,3,MEDIUM,14,0.8670000000000044,1.0360000000000014,0.16899999999999693
2023,Qatar Grand Prix,NOR,4,HARD,11,0.03900000000000148,0.4060000000000059,0.36700000000000443
2023,Qatar Grand Prix,OCO,2,MEDIUM,13,1.0249999999999915,0.1319999999999908,-0.8930000000000007
2023,Qatar Grand Prix,OCO,3,HARD,16,1.527000000000001,0.31099999999999284,-1.2160000000000082
2023,Qatar Grand Prix,OCO,4,MEDIUM,13,0.27899999999999636,0.9500000000000028,0.6710000000000065
2023,Qatar Grand Prix,PER,1,HARD,11,4.617000000000004,0.3469999999999942,-4.27000000000001
2023,Qatar Grand Prix,PER,2,MEDIUM,9,0.5069999999999908,0.1529999999999916,-0.3539999999999992
2023,Qatar Grand Prix,PER,3,MEDIUM,9,0.7150000000000034,0.4159999999999968,-0.2990000000000066
2023,Qatar Grand Prix,PER,4,MEDIUM,12,0.9719999999999942,0.7930000000000064,-0.17899999999998784
2023,Qatar Grand Prix,PIA,1,MEDIUM,7,0.22799999999999443,0.2219999999999942,-0.006000000000000227
2023,Qatar Grand Prix,PIA,2,MEDIUM,8,1.0819999999999936,0.25799999999999557,-0.8239999999999981
2023,Qatar Grand Prix,PIA,3,MEDIUM,16,1.125,0.6420000000000101,-0.4829999999999899
2023,Qatar Grand Prix,PIA,4,HARD,13,0.4129999999999967,0.44599999999999795,0.03300000000000125
2023,Qatar Grand Prix,RUS,2,MEDIUM,7,3.1569999999999965,0.8499999999999943,-2.307000000000002
2023,Qatar Grand Prix,RUS,3,MEDIUM,16,2.069999999999993,0.3229999999999933,-1.7469999999999999
2023,Qatar Grand Prix,RUS,4,HARD,16,0.541000000000011,0.060000000000002274,-0.48100000000000875
2023,Qatar Grand Prix,SAR,1,MEDIUM,7,2.030000000000001,0.4040000000000106,-1.6259999999999906
2023,Qatar Grand Prix,SAR,2,MEDIUM,11,0.056000000000011596,0.3710000000000093,0.3149999999999977
2023,Qatar Grand Prix,SAR,3,HARD,11,0.3079999999999927,1.070999999999998,0.7630000000000052
2023,Qatar Grand Prix,STR,2,MEDIUM,15,2.7539999999999907,0.6629999999999967,-2.090999999999994
2023,Qatar Grand Prix,STR,3,HARD,15,0.578000000000003,0.5769999999999982,-0.0010000000000047748
2023,Qatar Grand Prix,STR,4,MEDIUM,16,0.8029999999999973,0.26599999999999113,-0.5370000000000061
2023,Qatar Grand Prix,TSU,2,MEDIUM,11,0.5300000000000011,0.6069999999999993,0.07699999999999818
2023,Qatar Grand Prix,TSU,3,HARD,15,0.03499999999999659,0.18199999999998795,0.14699999999999136
2023,Qatar Grand Prix,TSU,4,HARD,15,0.25799999999999557,1.8559999999999945,1.597999999999999
2023,Qatar Grand Prix,VER,1,MEDIUM,12,1.534000000000006,0.8370000000000033,-0.6970000000000027
2023,Qatar Grand Prix,VER,2,MEDIUM,15,1.8319999999999936,0.043000000000006366,-1.7889999999999873
2023,Qatar Grand Prix,VER,3,HARD,15,0.6060000000000088,0.5400000000000063,-0.0660000000000025
2023,Qatar Grand Prix,ZHO,1,MEDIUM,11,1.5300000000000011,0.009000000000000341,-1.5210000000000008
2023,Qatar Grand Prix,ZHO,2,HARD,15,1.0790000000000077,0.4650000000000034,-0.6140000000000043
2023,Qatar Grand Prix,ZHO,3,HARD,15,0.9769999999999897,0.11499999999999488,-0.8619999999999948
2023,Saudi Arabian Grand Prix,ALB,1,MEDIUM,14,1.1539999999999964,0.9189999999999969,-0.23499999999999943
2023,Saudi Arabian Grand Prix,ALO,1,MEDIUM,16,1.168999999999997,0.3190000000000026,-0.8499999999999943
2023,Saudi Arabian Grand Prix,ALO,2,HARD,30,2.531000000000006,0.5620000000000118,-1.968999999999994
2023,Saudi Arabian Grand Prix,BOT,1,MEDIUM,7,0.6140000000000043,1.0770000000000124,0.46300000000000807
2023,Saudi Arabian Grand Prix,BOT,2,HARD,6,0.2909999999999968,0.2799999999999869,-0.01100000000000989
2023,Saudi Arabian Grand Prix,BOT,3,MEDIUM,14,2.519999999999996,0.29599999999999227,-2.2240000000000038
2023,Saudi Arabian Grand Prix,BOT,4,SOFT,13,0.5919999999999987,2.222999999999999,1.6310000000000002
2023,Saudi Arabian Grand Prix,DEV,1,MEDIUM,15,0.9309999999999974,0.11200000000000898,-0.8189999999999884
2023,Saudi Arabian Grand Prix,DEV,2,HARD,30,3.815000000000012,0.3160000000000025,-3.4990000000000094
2023,Saudi Arabian Grand Prix,GAS,1,MEDIUM,12,0.4539999999999935,0.2909999999999968,-0.1629999999999967
2023,Saudi Arabian Grand Prix,GAS,2,HARD,31,3.1839999999999975,0.2220000000000084,-2.961999999999989
2023,Saudi Arabian Grand Prix,HAM,1,HARD,16,1.581000000000003,0.18099999999999739,-1.4000000000000057
2023,Saudi Arabian Grand Prix,HAM,2,MEDIUM,30,2.2409999999999997,0.42600000000000193,-1.8149999999999977
2023,Saudi Arabian Grand Prix,HUL,1,MEDIUM,8,1.4980000000000047,0.1869999999999976,-1.311000000000007
2023,Saudi Arabian Grand Prix,HUL,2,HARD,34,2.2240000000000038,0.2459999999999951,-1.9780000000000086
2023,Saudi Arabian Grand Prix,LEC,1,SOFT,14,1.2620000000000005,0.4620000000000033,-0.7999999999999972
2023,Saudi Arabian Grand Prix,LEC,2,HARD,28,2.6440000000000055,1.0630000000000024,-1.581000000000003
2023,Saudi Arabian Grand Prix,MAG,2,HARD,36,2.4310000000000116,0.4549999999999983,-1.9760000000000133
2023,Saudi Arabian Grand Prix,NOR,2,HARD,13,0.4399999999999977,0.7660000000000053,0.3260000000000076
2023,Saudi Arabian Grand Prix,NOR,3,MEDIUM,29,3.578000000000003,1.1850000000000023,-2.3930000000000007
2023,Saudi Arabian Grand Prix,OCO,1,MEDIUM,14,0.3370000000000033,0.8499999999999943,0.512999999999991
2023,Saudi Arabian Grand Prix,OCO,2,HARD,30,3.3360000000000127,0.5010000000000048,-2.835000000000008
2023,Saudi Arabian Grand Prix,PER,1,MEDIUM,16,1.6899999999999977,0.2289999999999992,-1.4609999999999985
2023,Saudi Arabian Grand Prix,PER,2,HARD,29,1.7069999999999936,1.117999999999995,-0.5889999999999986
2023,Saudi Arabian Grand Prix,PIA,2,HARD,43,1.3469999999999942,0.003999999999990678,-1.3430000000000035
2023,Saudi Arabian Grand Prix,RUS,1,MEDIUM,16,0.7040000000000077,0.054000000000002046,-0.6500000000000057
2023,Saudi Arabian Grand Prix,RUS,2,HARD,30,2.6369999999999862,0.3229999999999933,-2.313999999999993
2023,Saudi Arabian Grand Prix,SAI,1,MEDIUM,13,0.4269999999999925,0.25499999999999545,-0.17199999999999704
2023,Saudi Arabian Grand Prix,SAI,2,HARD,30,3.4909999999999997,0.09799999999999898,-3.3930000000000007
2023,Saudi Arabian Grand Prix,SAR,1,HARD,14,0.8709999999999951,0.06399999999999295,-0.8070000000000022
2023,Saudi Arabian Grand Prix,SAR,2,MEDIUM,30,2.6410000000000053,0.1150000000000091,-2.5259999999999962
2023,Saudi Arabian Grand Prix,STR,1,MEDIUM,10,0.4200000000000017,0.3719999999999999,-0.04800000000000182
2023,Saudi Arabian Grand Prix,TSU,1,MEDIUM,15,1.534000000000006,0.02200000000000557,-1.5120000000000005
2023,Saudi Arabian Grand Prix,TSU,2,HARD,30,2.2660000000000053,0.18600000000000705,-2.0799999999999983
2023,Saudi Arabian Grand Prix,VER,1,MEDIUM,15,2.73599999999999,0.6529999999999916,-2.0829999999999984
2023,Saudi Arabian Grand Prix,VER,2,HARD,29,3.066999999999993,1.7009999999999934,-1.3659999999999997
2023,Saudi Arabian Grand Prix,ZHO,1,MEDIUM,9,0.4309999999999974,0.5229999999999961,0.09199999999999875
2023,Saudi Arabian Grand Prix,ZHO,3,MEDIUM,29,2.451999999999998,0.21099999999999852,-2.2409999999999997
2023,São Paulo Grand Prix,ALO,3,SOFT,20,0.046999999999997044,0.7620000000000005,0.7150000000000034
2023,São Paulo Grand Prix,ALO,4,MEDIUM,20,0.5010000000000048,0.13500000000000512,-0.36599999999999966
2023,São Paulo Grand Prix,ALO,5,SOFT,23,1.1400000000000006,1.0060000000000002,-0.13400000000000034
2023,São Paulo Grand Prix,BOT,3,SOFT,14,1.1340000000000003,0.7909999999999968,-0.3430000000000035
2023,São Paulo Grand Prix,BOT,4,MEDIUM,19,0.4789999999999992,2.1450000000000102,1.666000000000011
2023,São Paulo Grand Prix,GAS,3,SOFT,22,0.8239999999999981,1.0370000000000061,0.21300000000000807
2023,São Paulo Grand Prix,GAS,4,MEDIUM,18,0.38700000000000045,1.414999999999992,1.0279999999999916
2023,São Paulo Grand Prix,GAS,5,SOFT,24,0.18200000000000216,0.5919999999999987,0.4099999999999966
2023,São Paulo Grand Prix,HAM,3,SOFT,13,0.006999999999990791,0.7779999999999916,0.7710000000000008
2023,São Paulo Grand Prix,HAM,4,MEDIUM,26,0.6299999999999955,1.458999999999989,0.8289999999999935
2023,São Paulo Grand Prix,HAM,5,SOFT,24,1.0819999999999936,0.9619999999999891,-0.12000000000000455
2023,São Paulo Grand Prix,HUL,3,SOFT,17,1.365000000000009,0.9060000000000059,-0.4590000000000032
2023,São Paulo Grand Prix,HUL,4,SOFT,23,1.409000000000006,1.1060000000000088,-0.30299999999999727
2023,São Paulo Grand Prix,HUL,5,SOFT,23,1.8559999999999945,0.27200000000000557,-1.583999999999989
2023,São Paulo Grand Prix,NOR,3,SOFT,22,0.48799999999999955,1.375,0.8870000000000005
2023,São Paulo Grand Prix,NOR,4,MEDIUM,30,0.8460000000000036,0.8640000000000043,0.018000000000000682
2023,São Paulo Grand Prix,NOR,5,SOFT,11,0.8810000000000002,1.2009999999999934,0.3199999999999932
2023,São Paulo Grand Prix,OCO,3,SOFT,10,0.51400000000001,0.7150000000000034,0.2009999999999934
2023,São Paulo Grand Prix,OCO,4,MEDIUM,15,0.30000000000001137,1.1450000000000102,0.8449999999999989
2023,São Paulo Grand Prix,OCO,5,SOFT,18,0.038000000000010914,1.4789999999999992,1.4409999999999883
2023,São Paulo Grand Prix,OCO,6,SOFT,18,0.31399999999999295,1.0309999999999917,0.7169999999999987
2023,São Paulo Grand Prix,PER,3,SOFT,15,0.07099999999999795,0.9669999999999987,0.8960000000000008
2023,São Paulo Grand Prix,PER,4,MEDIUM,24,0.5930000000000035,0.8569999999999993,0.2639999999999958
2023,São Paulo Grand Prix,PER,5,SOFT,24,1.1000000000000085,1.5280000000000058,0.42799999999999727
2023,São Paulo Grand Prix,PIA,3,MEDIUM,20,0.2909999999999968,0.5019999999999953,0.21099999999999852
2023,São Paulo Grand Prix,PIA,4,SOFT,26,0.7119999999999891,0.6869999999999976,-0.024999999999991473
2023,São Paulo Grand Prix,PIA,5,SOFT,16,1.2659999999999911,0.4890000000000043,-0.7769999999999868
2023,São Paulo Grand Prix,RIC,3,SOFT,22,0.32200000000000273,0.37000000000000455,0.04800000000000182
2023,São Paulo Grand Prix,RIC,4,MEDIUM,27,0.24099999999999966,0.6800000000000068,0.43900000000000716
2023,São Paulo Grand Prix,RIC,5,SOFT,14,1.1239999999999952,0.1490000000000009,-0.9749999999999943
2023,São Paulo Grand Prix,RUS,3,SOFT,14,0.05200000000000671,0.8880000000000052,0.8359999999999985
2023,São Paulo Grand Prix,RUS,4,MEDIUM,24,1.0250000000000057,1.793999999999997,0.7689999999999912
2023,São Paulo Grand Prix,RUS,5,SOFT,10,1.4390000000000072,0.1290000000000049,-1.3100000000000023
2023,São Paulo Grand Prix,SAI,3,SOFT,21,0.07800000000000296,0.6739999999999924,0.5959999999999894
2023,São Paulo Grand Prix,SAI,4,MEDIUM,23,0.35899999999999466,0.7669999999999959,0.40800000000000125
2023,São Paulo Grand Prix,SAI,5,SOFT,19,0.6629999999999967,0.570999999999998,-0.09199999999999875
2023,São Paulo Grand Prix,SAR,3,SOFT,13,1.4639999999999986,0.7890000000000015,-0.6749999999999972
2023,São Paulo Grand Prix,SAR,4,SOFT,25,0.1869999999999976,0.945999999999998,0.7590000000000003
2023,São Paulo Grand Prix,SAR,5,SOFT,25,0.3130000000000024,0.2219999999999942,-0.09100000000000819
2023,São Paulo Grand Prix,STR,3,SOFT,17,0.012000000000000455,0.8329999999999984,0.820999999999998
2023,São Paulo Grand Prix,STR,4,MEDIUM,28,0.20700000000000784,0.6329999999999956,0.4259999999999877
2023,São Paulo Grand Prix,STR,5,SOFT,18,0.7219999999999942,0.5009999999999906,-0.22100000000000364
2023,São Paulo Grand Prix,TSU,3,SOFT,22,0.867999999999995,0.3919999999999959,-0.4759999999999991
2023,São Paulo Grand Prix,TSU,4,MEDIUM,27,0.11699999999999022,0.4539999999999935,0.3370000000000033
2023,São Paulo Grand Prix,TSU,5,SOFT,15,0.972999999999999,0.8880000000000052,-0.08499999999999375
2023,São Paulo Grand Prix,VER,3,SOFT,22,0.04399999999999693,0.8500000000000085,0.8060000000000116
2023,São Paulo Grand Prix,VER,4,MEDIUM,27,1.105000000000004,0.7060000000000031,-0.3990000000000009
2023,São Paulo Grand Prix,VER,5,SOFT,14,0.6670000000000016,0.5130000000000052,-0.15399999999999636
2023,São Paulo Grand Prix,ZHO,3,SOFT,11,1.487000000000009,0.8149999999999977,-0.6720000000000113
2023,Singapore Grand Prix,ALB,1,MEDIUM,18,1.4200000000000017,0.5859999999999985,-0.8340000000000032
2023,Singapore Grand Prix,ALB,2,HARD,20,2.618000000000009,0.16800000000000637,-2.450000000000003
2023,Singapore Grand Prix,ALB,3,MEDIUM,16,0.6500000000000057,2.3260000000000076,1.676000000000002
2023,Singapore Grand Prix,ALO,1,MEDIUM,18,1.2609999999999957,0.2510000000000048,-1.009999999999991
2023,Singapore Grand Prix,ALO,2,HARD,19,3.5010000000000048,0.5180000000000007,-2.983000000000004
2023,Singapore Grand Prix,ALO,3,SOFT,17,3.334000000000003,5.0859999999999985,1.7519999999999953
2023,Singapore Grand Prix,BOT,1,HARD,35,1.3889999999999958,1.48899999999999,0.09999999999999432
2023,Singapore Grand Prix,BOT,2,MEDIUM,8,0.9039999999999964,0.016999999999995907,-0.8870000000000005
2023,Singapore Grand Prix,GAS,1,MEDIUM,17,1.063999999999993,0.48799999999999955,-0.5759999999999934
2023,Singapore Grand Prix,GAS,2,HARD,37,4.1299999999999955,1.4339999999999975,-2.695999999999998
2023,Singapore Grand Prix,HAM,1,MEDIUM,18,3.192999999999998,0.9699999999999989,-2.222999999999999
2023,Singapore Grand Prix,HAM,2,HARD,19,1.2999999999999972,0.5440000000000111,-0.755999999999986
2023,Singapore Grand Prix,HAM,3,MEDIUM,17,0.25499999999999545,3.4799999999999898,3.2249999999999943
2023,Singapore Grand Prix,HUL,1,MEDIUM,18,0.9210000000000065,0.39799999999999613,-0.5230000000000103
2023,Singapore Grand Prix,HUL,2,HARD,35,3.120999999999995,3.8049999999999926,0.6839999999999975
2023,Singapore Grand Prix,LAW,1,MEDIUM,18,1.0600000000000023,0.6650000000000063,-0.394999999999996
2023,Singapore Grand Prix,LAW,2,HARD,37,3.265999999999991,3.299999999999997,0.034000000000006025
2023,Singapore Grand Prix,LEC,1,SOFT,18,1.1389999999999958,0.1869999999999976,-0.9519999999999982
2023,Singapore Grand Prix,LEC,2,HARD,36,1.6169999999999902,2.339999999999989,0.722999999999999
2023,Singapore Grand Prix,MAG,1,MEDIUM,18,1.1239999999999952,0.5779999999999887,-0.5460000000000065
2023,Singapore Grand Prix,MAG,2,HARD,18,2.3130000000000024,1.277000000000001,-1.0360000000000014
2023,Singapore Grand Prix,MAG,3,SOFT,18,1.6800000000000068,1.311000000000007,-0.3689999999999998
2023,Singapore Grand Prix,NOR,1,MEDIUM,18,1.9849999999999994,0.1869999999999976,-1.7980000000000018
2023,Singapore Grand Prix,NOR,2,HARD,38,2.2739999999999867,1.4639999999999986,-0.8099999999999881
2023,Singapore Grand Prix,OCO,1,MEDIUM,18,1.2900000000000063,0.40500000000000114,-0.8850000000000051
2023,Singapore Grand Prix,OCO,2,HARD,20,3.160999999999987,0.06499999999999773,-3.0959999999999894
2023,Singapore Grand Prix,PER,1,HARD,34,1.4170000000000016,1.284000000000006,-0.13299999999999557
2023,Singapore Grand Prix,PER,2,MEDIUM,18,1.4429999999999978,1.0809999999999889,-0.362000000000009
2023,Singapore Grand Prix,PIA,1,MEDIUM,18,1.6020000000000039,0.5879999999999939,-1.01400000000001
2023,Singapore Grand Prix,PIA,2,HARD,37,3.745999999999995,1.1239999999999952,-2.622
2023,Singapore Grand Prix,RUS,1,MEDIUM,18,1.3999999999999915,0.30999999999998806,-1.0900000000000034
2023,Singapore Grand Prix,RUS,2,HARD,21,0.39100000000000534,0.6340000000000003,0.242999999999995
2023,Singapore Grand Prix,RUS,3,MEDIUM,15,0.1460000000000008,3.237000000000009,3.091000000000008
2023,Singapore Grand Prix,SAI,1,MEDIUM,18,1.9699999999999989,0.03699999999999193,-1.933000000000007
2023,Singapore Grand Prix,SAI,2,HARD,38,2.1260000000000048,2.2920000000000016,0.16599999999999682
2023,Singapore Grand Prix,SAR,1,MEDIUM,17,1.320999999999998,0.5589999999999975,-0.7620000000000005
2023,Singapore Grand Prix,SAR,2,HARD,20,0.6099999999999994,0.6069999999999993,-0.0030000000000001137
2023,Singapore Grand Prix,SAR,3,MEDIUM,18,0.057999999999992724,3.4069999999999965,3.3490000000000038
2023,Singapore Grand Prix,VER,1,HARD,35,1.4770000000000039,0.5769999999999982,-0.9000000000000057
2023,Singapore Grand Prix,VER,2,MEDIUM,18,1.137999999999991,0.18299999999999272,-0.9549999999999983
2023,Singapore Grand Prix,ZHO,2,HARD,16,0.5019999999999953,0.7129999999999939,0.21099999999999852
2023,Singapore Grand Prix,ZHO,3,MEDIUM,37,3.4329999999999927,2.6940000000000026,-0.7389999999999901
2023,Spanish Grand Prix,ALB,1,SOFT,14,0.2749999999999915,0.29699999999999704,0.02200000000000557
2023,Spanish Grand Prix,ALB,2,HARD,19,0.16100000000000136,0.5660000000000025,0.40500000000000114
2023,Spanish Grand Prix,ALB,3,MEDIUM,27,0.4130000000000109,0.24099999999999966,-0.17200000000001125
2023,Spanish Grand Prix,ALO,1,SOFT,17,0.8569999999999993,0.43300000000000693,-0.4239999999999924
2023,Spanish Grand Prix,ALO,2,SOFT,22,1.1219999999999999,0.06800000000001205,-1.0539999999999878
2023,Spanish Grand Prix,ALO,3,HARD,21,0.23799999999999955,1.1460000000000008,0.9080000000000013
2023,Spanish Grand Prix,BOT,2,HARD,32,0.2330000000000041,1.992999999999995,1.759999999999991
2023,Spanish Grand Prix,BOT,3,HARD,25,1.9159999999999968,2.5390000000000015,0.6230000000000047
2023,Spanish Grand Prix,DEV,1,SOFT,7,0.4350000000000023,0.5930000000000035,0.15800000000000125
2023,Spanish Grand Prix,DEV,2,HARD,27,0.24500000000000455,0.3100000000000023,0.06499999999999773
2023,Spanish Grand Prix,DEV,3,MEDIUM,26,0.7520000000000095,0.5720000000000027,-0.18000000000000682
2023,Spanish Grand Prix,GAS,1,SOFT,17,0.9139999999999873,0.48499999999999943,-0.42899999999998784
2023,Spanish Grand Prix,GAS,2,MEDIUM,18,1.257000000000005,1.0289999999999964,-0.22800000000000864
2023,Spanish Grand Prix,GAS,3,HARD,26,0.20199999999999818,0.742999999999995,0.5409999999999968
2023,Spanish Grand Prix,HAM,1,SOFT,22,1.2289999999999992,0.9479999999999933,-0.2810000000000059
2023,Spanish Grand Prix,HAM,2,MEDIUM,24,0.25900000000000034,0.04099999999999682,-0.21800000000000352
2023,Spanish Grand Prix,HAM,3,SOFT,15,1.887999999999991,2.4440000000000026,0.5560000000000116
2023,Spanish Grand Prix,HUL,1,SOFT,6,0.5289999999999964,1.375,0.8460000000000036
2023,Spanish Grand Prix,HUL,2,MEDIUM,15,0.5739999999999981,1.6170000000000044,1.0430000000000064
2023,Spanish Grand Prix,HUL,3,HARD,15,0.02199999999999136,1.0720000000000027,1.0500000000000114
2023,Spanish Grand Prix,HUL,4,MEDIUM,21,0.1360000000000099,0.6400000000000006,0.5039999999999907
2023,Spanish Grand Prix,LEC,1,HARD,14,1.027000000000001,0.9050000000000011,-0.12199999999999989
2023,Spanish Grand Prix,LEC,2,SOFT,23,0.48699999999999477,0.3919999999999959,-0.09499999999999886
2023,Spanish Grand Prix,LEC,3,HARD,24,0.277000000000001,0.9140000000000015,0.6370000000000005
2023,Spanish Grand Prix,MAG,1,SOFT,7,0.5420000000000016,1.0600000000000023,0.5180000000000007
2023,Spanish Grand Prix,MAG,2,MEDIUM,12,0.32800000000000296,1.4860000000000042,1.1580000000000013
2023,Spanish Grand Prix,MAG,3,HARD,15,0.25499999999999545,1.1850000000000023,0.9300000000000068
2023,Spanish Grand Prix,MAG,4,MEDIUM,22,0.21299999999999386,4.641999999999996,4.429000000000002
2023,Spanish Grand Prix,NOR,2,HARD,19,0.021000000000000796,1.5379999999999967,1.516999999999996
2023,Spanish Grand Prix,NOR,3,MEDIUM,25,0.3990000000000009,0.28700000000000614,-0.11199999999999477
2023,Spanish Grand Prix,NOR,4,SOFT,14,1.563999999999993,1.8400000000000034,0.27600000000001046
2023,Spanish Grand Prix,OCO,1,SOFT,11,0.6529999999999916,0.9039999999999964,0.2510000000000048
2023,Spanish Grand Prix,OCO,2,MEDIUM,20,0.31699999999999307,0.5809999999999889,0.2639999999999958
2023,Spanish Grand Prix,OCO,3,HARD,30,0.42199999999999704,0.2819999999999965,-0.14000000000000057
2023,Spanish Grand Prix,PER,1,MEDIUM,25,1.4680000000000035,0.8059999999999974,-0.6620000000000061
2023,Spanish Grand Prix,PER,2,HARD,21,0.14100000000000534,0.534000000000006,0.3930000000000007
2023,Spanish Grand Prix,PER,3,SOFT,15,0.45600000000000307,1.8100000000000023,1.3539999999999992
2023,Spanish Grand Prix,PIA,1,SOFT,15,1.4069999999999965,0.3719999999999999,-1.0349999999999966
2023,Spanish Grand Prix,PIA,2,HARD,20,0.3299999999999983,0.8220000000000027,0.49200000000000443
2023,Spanish Grand Prix,PIA,3,MEDIUM,25,0.18500000000000227,0.7139999999999986,0.5289999999999964
2023,Spanish Grand Prix,RUS,1,SOFT,23,1.1340000000000003,0.2909999999999968,-0.8430000000000035
2023,Spanish Grand Prix,RUS,2,MEDIUM,18,0.6140000000000043,1.0170000000000101,0.4030000000000058
2023,Spanish Grand Prix,RUS,3,SOFT,20,0.18200000000000216,1.1700000000000017,0.9879999999999995
2023,Spanish Grand Prix,SAI,1,SOFT,13,0.24399999999999977,0.28000000000000114,0.036000000000001364
2023,Spanish Grand Prix,SAI,2,MEDIUM,24,0.1490000000000009,0.3190000000000026,0.1700000000000017
2023,Spanish Grand Prix,SAI,3,HARD,24,0.921999999999997,0.2839999999999918,-0.6380000000000052
2023,Spanish Grand Prix,SAR,1,MEDIUM,15,0.7609999999999957,1.2479999999999905,0.48699999999999477
2023,Spanish Grand Prix,SAR,2,HARD,17,0.15699999999999648,0.7660000000000053,0.6090000000000089
2023,Spanish Grand Prix,SAR,3,HARD,28,0.35599999999999454,1.007000000000005,0.6510000000000105
2023,Spanish Grand Prix,STR,1,SOFT,12,0.11299999999999955,0.5100000000000051,0.39700000000000557
2023,Spanish Grand Prix,STR,2,SOFT,18,0.10899999999999466,0.2750000000000057,0.16600000000001103
2023,Spanish Grand Prix,STR,3,HARD,31,1.225999999999999,0.6910000000000025,-0.5349999999999966
2023,Spanish Grand Prix,TSU,1,SOFT,8,0.5570000000000022,0.23799999999999955,-0.3190000000000026
2023,Spanish Grand Prix,TSU,2,HARD,22,0.4759999999999991,1.0260000000000105,0.5500000000000114
2023,Spanish Grand Prix,TSU,3,MEDIUM,31,1.2160000000000082,0.2780000000000058,-0.9380000000000024
2023,Spanish Grand Prix,VER,1,MEDIUM,24,0.5330000000000013,0.1039999999999992,-0.42900000000000205
2023,Spanish Grand Prix,VER,2,HARD,22,0.1530000000000058,0.3860000000000099,0.2330000000000041
2023,Spanish Grand Prix,VER,3,SOFT,12,1.1430000000000007,1.3780000000000001,0.23499999999999943
2023,Spanish Grand Prix,ZHO,1,SOFT,7,1.434999999999988,1.1169999999999902,-0.31799999999999784
2023,Spanish Grand Prix,ZHO,2,HARD,25,0.007000000000005002,0.49800000000000466,0.49099999999999966
2023,Spanish Grand Prix,ZHO,3,HARD,28,0.2289999999999992,0.38400000000000034,0.15500000000000114
2023,United States Grand Prix,ALB,1,MEDIUM,8,1.2530000000000001,0.1939999999999884,-1.0590000000000117
2023,United States Grand Prix,ALB,2,HARD,15,0.41199999999999193,0.15099999999999625,-0.2609999999999957
2023,United States Grand Prix,ALB,3,MEDIUM,22,0.7340000000000089,1.4200000000000017,0.6859999999999928
2023,United States Grand Prix,ALO,1,MEDIUM,15,2.1770000000000067,0.5930000000000035,-1.5840000000000032
2023,United States Grand Prix,ALO,2,MEDIUM,21,0.5030000000000001,0.43200000000000216,-0.07099999999999795
2023,United States Grand Prix,BOT,1,MEDIUM,8,1.9390000000000072,0.5260000000000105,-1.4129999999999967
2023,United States Grand Prix,BOT,2,HARD,16,0.49099999999999966,0.8520000000000039,0.3610000000000042
2023,United States Grand Prix,BOT,3,HARD,27,0.35999999999999943,0.9460000000000122,0.5860000000000127
2023,United States Grand Prix,GAS,1,MEDIUM,16,2.5519999999999925,0.804000000000002,-1.7479999999999905
2023,United States Grand Prix,GAS,2,MEDIUM,16,0.06599999999998829,0.1700000000000017,0.10400000000001342
2023,United States Grand Prix,GAS,3,HARD,18,0.7219999999999942,0.6749999999999972,-0.046999999999997044
2023,United States Grand Prix,HAM,1,MEDIUM,16,0.5959999999999894,0.9080000000000013,0.3120000000000118
2023,United States Grand Prix,HAM,2,HARD,16,0.1530000000000058,0.15099999999999625,-0.0020000000000095497
2023,United States Grand Prix,HAM,3,MEDIUM,16,0.2740000000000009,0.28700000000000614,0.01300000000000523
2023,United States Grand Prix,HUL,1,HARD,15,1.9340000000000117,0.13400000000000034,-1.8000000000000114
2023,United States Grand Prix,HUL,2,MEDIUM,13,0.5079999999999956,0.7639999999999958,0.2560000000000002
2023,United States Grand Prix,HUL,3,MEDIUM,21,0.25,1.7250000000000085,1.4750000000000085
2023,United States Grand Prix,LEC,1,MEDIUM,20,0.2189999999999941,1.046999999999997,0.828000000000003
2023,United States Grand Prix,LEC,2,HARD,29,1.0300000000000011,1.4939999999999998,0.46399999999999864
2023,United States Grand Prix,MAG,1,MEDIUM,6,1.1209999999999951,0.35299999999999443,-0.7680000000000007
2023,United States Grand Prix,MAG,2,HARD,16,1.0229999999999961,0.9439999999999884,-0.07900000000000773
2023,United States Grand Prix,MAG,3,MEDIUM,24,0.563999999999993,0.8889999999999958,0.32500000000000284
2023,United States Grand Prix,NOR,1,MEDIUM,14,0.2980000000000018,0.8100000000000023,0.5120000000000005
2023,United States Grand Prix,NOR,2,HARD,14,0.3960000000000008,1.2409999999999997,0.8449999999999989
2023,United States Grand Prix,NOR,3,HARD,21,0.6989999999999981,0.9189999999999969,0.21999999999999886
2023,United States Grand Prix,PER,1,MEDIUM,15,1.6869999999999976,0.8170000000000073,-0.8699999999999903
2023,United States Grand Prix,PER,2,MEDIUM,18,0.23499999999999943,0.5420000000000016,0.30700000000000216
2023,United States Grand Prix,PER,3,HARD,17,0.14400000000000546,1.2190000000000083,1.0750000000000028
2023,United States Grand Prix,PIA,1,MEDIUM,8,0.22400000000000375,0.6200000000000045,0.3960000000000008
2023,United States Grand Prix,RIC,1,MEDIUM,20,1.9440000000000026,1.4080000000000013,-0.5360000000000014
2023,United States Grand Prix,RIC,2,HARD,23,1.195999999999998,1.1389999999999958,-0.05700000000000216
2023,United States Grand Prix,RIC,3,SOFT,7,0.8359999999999985,2.2109999999999985,1.375
2023,United States Grand Prix,RUS,1,MEDIUM,18,1.4789999999999992,1.043999999999997,-0.4350000000000023
2023,United States Grand Prix,RUS,2,HARD,16,0.4380000000000024,0.6340000000000003,0.19599999999999795
2023,United States Grand Prix,RUS,3,MEDIUM,16,0.5330000000000013,0.9470000000000027,0.4140000000000015
2023,United States Grand Prix,SAI,1,MEDIUM,15,0.07600000000000762,0.4819999999999993,0.4059999999999917
2023,United States Grand Prix,SAI,2,MEDIUM,16,0.5300000000000011,1.0100000000000051,0.480000000000004
2023,United States Grand Prix,SAI,3,HARD,19,0.5409999999999968,1.1439999999999912,0.6029999999999944
2023,United States Grand Prix,SAR,1,MEDIUM,9,1.7469999999999999,0.5439999999999969,-1.203000000000003
2023,United States Grand Prix,SAR,2,HARD,19,0.6839999999999975,0.6239999999999952,-0.060000000000002274
2023,United States Grand Prix,SAR,3,MEDIUM,22,0.30299999999999727,1.2560000000000002,0.953000000000003
2023,United States Grand Prix,STR,1,HARD,18,1.563999999999993,0.578000000000003,-0.98599999999999
2023,United States Grand Prix,STR,2,MEDIUM,17,1.01400000000001,0.08500000000000796,-0.929000000000002
2023,United States Grand Prix,STR,3,MEDIUM,15,0.6359999999999957,0.7279999999999944,0.09199999999999875
2023,United States Grand Prix,TSU,1,MEDIUM,14,0.2740000000000009,0.4789999999999992,0.2049999999999983
2023,United States Grand Prix,TSU,2,HARD,15,0.07200000000000273,0.5290000000000106,0.45700000000000784
2023,United States Grand Prix,TSU,3,MEDIUM,18,1.1479999999999961,0.04099999999999682,-1.1069999999999993
2023,United States Grand Prix,VER,1,MEDIUM,14,0.5490000000000066,0.41800000000000637,-0.13100000000000023
2023,United States Grand Prix,VER,2,MEDIUM,17,0.07399999999999807,0.7669999999999959,0.6929999999999978
2023,United States Grand Prix,VER,3,HARD,20,0.41099999999998715,0.6009999999999991,0.19000000000001194
2023,United States Grand Prix,ZHO,1,MEDIUM,7,1.7210000000000036,0.2839999999999918,-1.4370000000000118
2023,United States Grand Prix,ZHO,2,HARD,16,0.022999999999996135,1.1299999999999955,1.1069999999999993
2023,United States Grand Prix,ZHO,3,HARD,27,1.066999999999993,0.6139999999999901,-0.45300000000000296
2024,Abu Dhabi Grand Prix,ALB,1,MEDIUM,8,0.3089999999999975,0.6880000000000024,0.3790000000000049
2024,Abu Dhabi Grand Prix,ALB,2,HARD,43,0.4890000000000043,1.4200000000000017,0.9309999999999974
2024,Abu Dhabi Grand Prix,ALO,1,MEDIUM,8,0.394999999999996,1.6539999999999964,1.2590000000000003
2024,Abu Dhabi Grand Prix,ALO,2,HARD,22,0.3269999999999982,0.6599999999999966,0.3329999999999984
2024,Abu Dhabi Grand Prix,ALO,3,HARD,20,0.7870000000000061,0.6730000000000018,-0.11400000000000432
2024,Abu Dhabi Grand Prix,BOT,2,HARD,22,0.35599999999999454,1.2199999999999989,0.8640000000000043
2024,Abu Dhabi Grand Prix,COL,2,HARD,21,0.45000000000000284,0.9759999999999991,0.5259999999999962
2024,Abu Dhabi Grand Prix,DOO,1,MEDIUM,17,0.25900000000000034,0.7220000000000084,0.46300000000000807
2024,Abu Dhabi Grand Prix,DOO,2,HARD,32,1.0520000000000067,0.4450000000000074,-0.6069999999999993
2024,Abu Dhabi Grand Prix,GAS,1,MEDIUM,10,0.2049999999999983,0.7669999999999959,0.5619999999999976
2024,Abu Dhabi Grand Prix,GAS,2,HARD,42,0.7349999999999994,0.6850000000000023,-0.04999999999999716
2024,Abu Dhabi Grand Prix,HAM,1,HARD,30,0.25200000000000955,0.2330000000000041,-0.019000000000005457
2024,Abu Dhabi Grand Prix,HAM,2,MEDIUM,22,0.5249999999999915,0.472999999999999,-0.0519999999999925
2024,Abu Dhabi Grand Prix,HUL,1,MEDIUM,9,0.43900000000000716,1.3960000000000008,0.9569999999999936
2024,Abu Dhabi Grand Prix,HUL,2,HARD,44,0.6340000000000003,0.8880000000000052,0.2540000000000049
2024,Abu Dhabi Grand Prix,LAW,1,MEDIUM,17,0.13100000000000023,1.058000000000007,0.9270000000000067
2024,Abu Dhabi Grand Prix,LAW,4,HARD,25,0.6829999999999927,0.06799999999999784,-0.6149999999999949
2024,Abu Dhabi Grand Prix,LEC,1,MEDIUM,15,0.480000000000004,0.5679999999999978,0.08799999999999386
2024,Abu Dhabi Grand Prix,LEC,2,HARD,36,1.784000000000006,0.3689999999999998,-1.4150000000000063
2024,Abu Dhabi Grand Prix,MAG,1,MEDIUM,8,0.8380000000000081,1.8329999999999984,0.9949999999999903
2024,Abu Dhabi Grand Prix,MAG,2,HARD,15,0.0730000000000075,0.6880000000000024,0.6149999999999949
2024,Abu Dhabi Grand Prix,MAG,4,SOFT,22,1.9399999999999977,3.0870000000000033,1.1470000000000056
2024,Abu Dhabi Grand Prix,NOR,1,MEDIUM,22,0.24399999999999977,0.402000000000001,0.15800000000000125
2024,Abu Dhabi Grand Prix,NOR,2,HARD,31,0.8870000000000005,0.49099999999999966,-0.3960000000000008
2024,Abu Dhabi Grand Prix,PIA,2,HARD,24,0.20199999999999818,1.0859999999999985,0.8840000000000003
2024,Abu Dhabi Grand Prix,PIA,3,HARD,24,0.5030000000000001,0.3200000000000074,-0.18299999999999272
2024,Abu Dhabi Grand Prix,RUS,1,MEDIUM,22,0.30299999999999727,0.45699999999999363,0.15399999999999636
2024,Abu Dhabi Grand Prix,RUS,2,HARD,29,0.2750000000000057,0.012000000000000455,-0.26300000000000523
2024,Abu Dhabi Grand Prix,SAI,1,MEDIUM,20,0.340999999999994,0.24799999999999045,-0.09300000000000352
2024,Abu Dhabi Grand Prix,SAI,2,HARD,32,0.6340000000000003,0.08599999999999852,-0.5480000000000018
2024,Abu Dhabi Grand Prix,STR,1,MEDIUM,6,0.3649999999999949,0.7819999999999965,0.4170000000000016
2024,Abu Dhabi Grand Prix,STR,2,HARD,17,0.13599999999999568,0.41800000000000637,0.2820000000000107
2024,Abu Dhabi Grand Prix,STR,3,HARD,23,0.7939999999999969,0.730000000000004,-0.06399999999999295
2024,Abu Dhabi Grand Prix,TSU,1,MEDIUM,16,0.09300000000000352,0.921999999999997,0.8289999999999935
2024,Abu Dhabi Grand Prix,TSU,2,HARD,33,0.7049999999999983,0.33100000000000307,-0.3739999999999952
2024,Abu Dhabi Grand Prix,VER,1,MEDIUM,24,0.09199999999999875,0.8559999999999945,0.7639999999999958
2024,Abu Dhabi Grand Prix,VER,2,HARD,28,0.5679999999999978,0.409000000000006,-0.15899999999999181
2024,Abu Dhabi Grand Prix,ZHO,1,MEDIUM,8,0.0519999999999925,0.6089999999999947,0.5570000000000022
2024,Abu Dhabi Grand Prix,ZHO,2,HARD,25,0.4200000000000017,0.028000000000005798,-0.3919999999999959
2024,Abu Dhabi Grand Prix,ZHO,3,HARD,17,0.32099999999999795,0.06499999999999773,-0.2560000000000002
2024,Australian Grand Prix,ALB,2,HARD,18,1.1129999999999995,0.9180000000000064,-0.19499999999999318
2024,Australian Grand Prix,ALB,3,HARD,28,1.2800000000000011,2.5130000000000052,1.233000000000004
2024,Australian Grand Prix,ALO,1,HARD,15,1.1340000000000003,0.6310000000000002,-0.5030000000000001
2024,Australian Grand Prix,ALO,2,MEDIUM,22,0.8509999999999991,0.7339999999999947,-0.11700000000000443
2024,Australian Grand Prix,ALO,3,HARD,14,0.9609999999999985,0.4590000000000032,-0.5019999999999953
2024,Australian Grand Prix,BOT,1,MEDIUM,6,0.5829999999999984,0.4380000000000024,-0.14499999999999602
2024,Australian Grand Prix,BOT,2,HARD,24,0.820999999999998,1.1059999999999945,0.2849999999999966
2024,Australian Grand Prix,BOT,3,HARD,18,0.22400000000000375,0.5880000000000081,0.3640000000000043
2024,Australian Grand Prix,GAS,1,MEDIUM,15,0.4060000000000059,0.659000000000006,0.2530000000000001
2024,Australian Grand Prix,GAS,2,HARD,22,0.9879999999999995,2.3459999999999894,1.3579999999999899
2024,Australian Grand Prix,GAS,3,HARD,13,0.9889999999999901,0.3370000000000033,-0.6519999999999868
2024,Australian Grand Prix,HAM,2,HARD,6,0.1110000000000042,0.8019999999999925,0.6909999999999883
2024,Australian Grand Prix,HUL,1,HARD,15,0.15500000000000114,0.4490000000000123,0.29400000000001114
2024,Australian Grand Prix,HUL,2,MEDIUM,16,0.2540000000000049,0.7579999999999956,0.5039999999999907
2024,Australian Grand Prix,HUL,3,HARD,20,0.7510000000000048,1.1290000000000049,0.3780000000000001
2024,Australian Grand Prix,LEC,1,MEDIUM,7,0.2569999999999908,0.16499999999999204,-0.09199999999999875
2024,Australian Grand Prix,LEC,2,HARD,21,0.5,0.2740000000000009,-0.2259999999999991
2024,Australian Grand Prix,LEC,3,HARD,22,1.1359999999999957,1.0579999999999927,-0.07800000000000296
2024,Australian Grand Prix,MAG,2,HARD,23,0.8530000000000086,0.5870000000000033,-0.26600000000000534
2024,Australian Grand Prix,MAG,3,HARD,22,1.179000000000002,3.8689999999999998,2.6899999999999977
2024,Australian Grand Prix,NOR,1,MEDIUM,12,0.047000000000011255,0.3270000000000124,0.28000000000000114
2024,Australian Grand Prix,NOR,2,HARD,22,0.4900000000000091,0.21600000000000819,-0.2740000000000009
2024,Australian Grand Prix,NOR,3,HARD,16,0.7369999999999948,0.5659999999999883,-0.17100000000000648
2024,Australian Grand Prix,OCO,1,MEDIUM,7,0.5969999999999942,0.2179999999999893,-0.3790000000000049
2024,Australian Grand Prix,OCO,3,HARD,24,0.22699999999998965,0.402000000000001,0.17500000000001137
2024,Australian Grand Prix,OCO,4,HARD,12,0.242999999999995,0.875,0.632000000000005
2024,Australian Grand Prix,PER,1,MEDIUM,12,0.7009999999999934,0.9839999999999947,0.28300000000000125
2024,Australian Grand Prix,PER,2,HARD,17,0.34499999999999886,1.070999999999998,0.7259999999999991
2024,Australian Grand Prix,PER,3,HARD,20,0.8569999999999993,1.2419999999999902,0.3849999999999909
2024,Australian Grand Prix,PIA,1,MEDIUM,7,0.08799999999999386,0.29599999999999227,0.2079999999999984
2024,Australian Grand Prix,PIA,2,HARD,26,1.1310000000000002,0.45000000000000284,-0.6809999999999974
2024,Australian Grand Prix,PIA,3,HARD,16,0.8810000000000002,0.15800000000000125,-0.722999999999999
2024,Australian Grand Prix,RIC,2,HARD,21,0.7780000000000058,1.0330000000000013,0.25499999999999545
2024,Australian Grand Prix,RIC,3,HARD,26,1.4989999999999952,2.372,0.8730000000000047
2024,Australian Grand Prix,RUS,1,MEDIUM,6,0.5829999999999984,0.355000000000004,-0.22799999999999443
2024,Australian Grand Prix,RUS,2,HARD,33,0.6400000000000006,0.014000000000010004,-0.6259999999999906
2024,Australian Grand Prix,RUS,3,HARD,10,0.4549999999999983,0.5069999999999908,0.0519999999999925
2024,Australian Grand Prix,SAI,1,MEDIUM,14,0.8849999999999909,0.7719999999999914,-0.11299999999999955
2024,Australian Grand Prix,SAI,2,HARD,22,0.7330000000000041,0.3649999999999949,-0.3680000000000092
2024,Australian Grand Prix,SAI,3,HARD,15,0.6989999999999981,0.8509999999999991,0.15200000000000102
2024,Australian Grand Prix,STR,1,MEDIUM,6,0.43499999999998806,0.007999999999995566,-0.4269999999999925
2024,Australian Grand Prix,STR,2,HARD,25,0.25499999999999545,0.5789999999999935,0.32399999999999807
2024,Australian Grand Prix,STR,3,HARD,18,1.1699999999999875,0.30299999999999727,-0.8669999999999902
2024,Australian Grand Prix,TSU,1,MEDIUM,7,0.5699999999999932,0.5169999999999959,-0.05299999999999727
2024,Australian Grand Prix,TSU,2,HARD,23,0.22499999999999432,0.6159999999999997,0.39100000000000534
2024,Australian Grand Prix,TSU,3,HARD,19,1.1129999999999995,0.5819999999999936,-0.5310000000000059
2024,Australian Grand Prix,ZHO,2,HARD,26,1.0579999999999927,0.5679999999999978,-0.4899999999999949
2024,Australian Grand Prix,ZHO,3,HARD,19,1.1030000000000086,0.7399999999999949,-0.36300000000001376
2024,Austrian Grand Prix,ALB,1,MEDIUM,10,0.11700000000000443,0.4000000000000057,0.28300000000000125
2024,Austrian Grand Prix,ALB,2,HARD,25,0.17099999999999227,0.8189999999999884,0.6479999999999961
2024,Austrian Grand Prix,ALB,3,HARD,29,0.3719999999999999,0.5690000000000026,0.19700000000000273
2024,Austrian Grand Prix,ALO,1,MEDIUM,9,0.23500000000001364,0.2880000000000109,0.05299999999999727
2024,Austrian Grand Prix,ALO,2,MEDIUM,22,0.2769999999999868,1.0879999999999939,0.811000000000007
2024,Austrian Grand Prix,ALO,3,HARD,29,0.2950000000000017,1.6040000000000134,1.3090000000000117
2024,Austrian Grand Prix,BOT,1,MEDIUM,17,0.5420000000000016,0.9669999999999987,0.42499999999999716
2024,Austrian Grand Prix,BOT,2,HARD,21,0.4789999999999992,1.007000000000005,0.5280000000000058
2024,Austrian Grand Prix,BOT,3,HARD,26,0.7439999999999998,0.6359999999999957,-0.10800000000000409
2024,Austrian Grand Prix,GAS,1,MEDIUM,18,0.17900000000000205,1.4380000000000024,1.2590000000000003
2024,Austrian Grand Prix,GAS,2,HARD,19,0.3500000000000085,1.0919999999999987,0.7419999999999902
2024,Austrian Grand Prix,GAS,3,MEDIUM,26,0.0040000000000048885,1.541000000000011,1.5370000000000061
2024,Austrian Grand Prix,HAM,1,MEDIUM,19,0.14499999999999602,1.391999999999996,1.2469999999999999
2024,Austrian Grand Prix,HAM,2,HARD,30,0.1290000000000049,1.0999999999999943,0.9709999999999894
2024,Austrian Grand Prix,HAM,3,MEDIUM,15,0.4819999999999993,0.8760000000000048,0.39400000000000546
2024,Austrian Grand Prix,HUL,1,MEDIUM,9,0.3919999999999959,1.4749999999999943,1.0829999999999984
2024,Austrian Grand Prix,HUL,2,HARD,26,0.5730000000000075,1.26400000000001,0.6910000000000025
2024,Austrian Grand Prix,HUL,3,HARD,29,0.5300000000000011,0.47399999999998954,-0.056000000000011596
2024,Austrian Grand Prix,LEC,2,HARD,13,0.35900000000000887,1.402000000000001,1.0429999999999922
2024,Austrian Grand Prix,LEC,3,MEDIUM,15,0.847999999999999,0.3719999999999999,-0.4759999999999991
2024,Austrian Grand Prix,LEC,4,MEDIUM,15,0.11399999999999011,0.7009999999999934,0.5870000000000033
2024,Austrian Grand Prix,LEC,5,MEDIUM,18,0.09900000000000375,0.9039999999999964,0.8049999999999926
2024,Austrian Grand Prix,MAG,1,MEDIUM,8,0.13100000000000023,0.6730000000000018,0.5420000000000016
2024,Austrian Grand Prix,MAG,2,HARD,26,0.27899999999999636,0.8379999999999939,0.5589999999999975
2024,Austrian Grand Prix,MAG,3,HARD,30,0.6299999999999955,1.019999999999996,0.39000000000000057
2024,Austrian Grand Prix,NOR,1,MEDIUM,20,0.5759999999999934,1.4749999999999943,0.8990000000000009
2024,Austrian Grand Prix,NOR,2,HARD,26,0.28000000000000114,1.1460000000000008,0.8659999999999997
2024,Austrian Grand Prix,NOR,3,MEDIUM,9,0.4129999999999967,2.021000000000001,1.608000000000004
2024,Austrian Grand Prix,OCO,1,MEDIUM,17,0.11700000000000443,1.3440000000000083,1.2270000000000039
2024,Austrian Grand Prix,OCO,2,HARD,22,0.33799999999999386,1.4629999999999939,1.125
2024,Austrian Grand Prix,OCO,3,MEDIUM,26,0.24500000000000455,1.301000000000002,1.0559999999999974
2024,Austrian Grand Prix,PER,1,MEDIUM,19,0.09799999999999898,1.3230000000000075,1.2250000000000085
2024,Austrian Grand Prix,PER,2,HARD,28,0.2680000000000007,1.2179999999999893,0.9499999999999886
2024,Austrian Grand Prix,PER,3,MEDIUM,17,0.3930000000000007,0.7060000000000031,0.3130000000000024
2024,Austrian Grand Prix,PIA,1,MEDIUM,23,0.20199999999999818,0.7939999999999969,0.5919999999999987
2024,Austrian Grand Prix,PIA,2,HARD,24,0.7599999999999909,1.0619999999999976,0.3020000000000067
2024,Austrian Grand Prix,PIA,3,MEDIUM,17,0.31699999999999307,0.5439999999999969,0.22700000000000387
2024,Austrian Grand Prix,RIC,1,MEDIUM,8,0.32900000000000773,0.41899999999999693,0.0899999999999892
2024,Austrian Grand Prix,RIC,2,HARD,25,0.17799999999999727,0.7390000000000043,0.561000000000007
2024,Austrian Grand Prix,RIC,3,HARD,31,0.36199999999999477,0.6989999999999981,0.3370000000000033
2024,Austrian Grand Prix,RUS,1,MEDIUM,20,0.2740000000000009,1.3760000000000048,1.1020000000000039
2024,Austrian Grand Prix,RUS,2,MEDIUM,22,0.2289999999999992,1.8220000000000027,1.5930000000000035
2024,Austrian Grand Prix,RUS,3,HARD,23,0.12399999999999523,0.5829999999999984,0.4590000000000032
2024,Austrian Grand Prix,SAI,1,MEDIUM,20,0.31799999999999784,1.406000000000006,1.088000000000008
2024,Austrian Grand Prix,SAI,2,HARD,23,0.12199999999999989,1.198999999999998,1.0769999999999982
2024,Austrian Grand Prix,SAI,3,MEDIUM,22,0.13000000000000966,0.41899999999999693,0.28899999999998727
2024,Austrian Grand Prix,SAR,2,MEDIUM,17,0.07399999999999807,1.8979999999999961,1.823999999999998
2024,Austrian Grand Prix,SAR,3,HARD,27,0.375,1.149000000000001,0.7740000000000009
2024,Austrian Grand Prix,SAR,4,MEDIUM,17,0.2609999999999957,2.0479999999999876,1.786999999999992
2024,Austrian Grand Prix,STR,1,MEDIUM,18,0.31799999999999784,1.2450000000000045,0.9270000000000067
2024,Austrian Grand Prix,STR,2,MEDIUM,21,0.21699999999999875,0.8629999999999995,0.6460000000000008
2024,Austrian Grand Prix,STR,3,HARD,25,0.3100000000000023,0.7920000000000016,0.4819999999999993
2024,Austrian Grand Prix,TSU,1,MEDIUM,19,0.22100000000000364,1.2549999999999955,1.0339999999999918
2024,Austrian Grand Prix,TSU,2,HARD,20,0.4519999999999982,0.847999999999999,0.3960000000000008
2024,Austrian Grand Prix,TSU,3,HARD,24,0.49099999999999966,0.730000000000004,0.23900000000000432
2024,Austrian Grand Prix,VER,1,MEDIUM,21,0.04600000000000648,1.6910000000000025,1.644999999999996
2024,Austrian Grand Prix,VER,2,HARD,26,0.05500000000000682,1.092000000000013,1.0370000000000061
2024,Austrian Grand Prix,VER,3,MEDIUM,10,0.16599999999999682,0.9050000000000011,0.7390000000000043
2024,Austrian Grand Prix,ZHO,1,HARD,25,0.13300000000000978,2.179000000000002,2.0459999999999923
2024,Austrian Grand Prix,ZHO,2,MEDIUM,21,0.2020000000000124,0.9500000000000028,0.7479999999999905
2024,Austrian Grand Prix,ZHO,3,HARD,16,0.2560000000000002,0.30700000000000216,0.05100000000000193
2024,Azerbaijan Grand Prix,ALB,1,HARD,29,1.779999999999987,0.4379999999999882,-1.3419999999999987
2024,Azerbaijan Grand Prix,ALB,2,MEDIUM,17,1.6089999999999947,0.4029999999999916,-1.206000000000003
2024,Azerbaijan Grand Prix,ALO,1,MEDIUM,9,1.0250000000000057,0.07600000000000762,-0.9489999999999981
2024,Azerbaijan Grand Prix,ALO,2,HARD,37,2.228999999999999,0.09499999999999886,-2.1340000000000003
2024,Azerbaijan Grand Prix,BEA,1,MEDIUM,12,0.8000000000000114,0.24200000000000443,-0.5580000000000069
2024,Azerbaijan Grand Prix,BEA,2,HARD,34,2.522999999999996,0.32099999999999795,-2.201999999999998
2024,Azerbaijan Grand Prix,BOT,1,MEDIUM,9,1.6709999999999923,0.42799999999999727,-1.242999999999995
2024,Azerbaijan Grand Prix,BOT,2,HARD,36,1.5809999999999889,2.2519999999999953,0.6710000000000065
2024,Azerbaijan Grand Prix,COL,1,MEDIUM,8,1.1079999999999899,0.10099999999999909,-1.0069999999999908
2024,Azerbaijan Grand Prix,COL,2,HARD,38,2.0930000000000035,0.46699999999999875,-1.6260000000000048
2024,Azerbaijan Grand Prix,GAS,1,HARD,48,3.546999999999997,0.34600000000000364,-3.2009999999999934
2024,Azerbaijan Grand Prix,HAM,1,MEDIUM,10,1.570999999999998,0.5939999999999941,-0.9770000000000039
2024,Azerbaijan Grand Prix,HAM,2,HARD,36,1.5180000000000007,0.06399999999999295,-1.4540000000000077
2024,Azerbaijan Grand Prix,HUL,1,MEDIUM,13,1.3370000000000033,0.6839999999999975,-0.6530000000000058
2024,Azerbaijan Grand Prix,HUL,2,HARD,33,1.4140000000000015,1.7169999999999987,0.30299999999999727
2024,Azerbaijan Grand Prix,LEC,1,MEDIUM,14,0.7400000000000091,1.159000000000006,0.41899999999999693
2024,Azerbaijan Grand Prix,LEC,2,HARD,32,1.291000000000011,1.3200000000000074,0.028999999999996362
2024,Azerbaijan Grand Prix,NOR,1,HARD,35,2.7099999999999937,0.025000000000005684,-2.684999999999988
2024,Azerbaijan Grand Prix,NOR,2,MEDIUM,11,0.5870000000000033,0.7960000000000065,0.20900000000000318
2024,Azerbaijan Grand Prix,OCO,1,HARD,46,3.1970000000000027,0.6760000000000019,-2.521000000000001
2024,Azerbaijan Grand Prix,PER,1,MEDIUM,11,0.9879999999999995,0.943000000000012,-0.044999999999987494
2024,Azerbaijan Grand Prix,PER,2,HARD,35,1.5719999999999885,1.289999999999992,-0.2819999999999965
2024,Azerbaijan Grand Prix,PIA,1,MEDIUM,13,0.7410000000000139,1.1240000000000094,0.38299999999999557
2024,Azerbaijan Grand Prix,PIA,2,HARD,34,0.7569999999999908,0.42799999999999727,-0.3289999999999935
2024,Azerbaijan Grand Prix,RIC,1,HARD,47,3.3299999999999983,0.7600000000000051,-2.569999999999993
2024,Azerbaijan Grand Prix,RUS,1,MEDIUM,10,0.4069999999999965,0.7600000000000051,0.35300000000000864
2024,Azerbaijan Grand Prix,RUS,2,HARD,36,2.438999999999993,0.07899999999999352,-2.3599999999999994
2024,Azerbaijan Grand Prix,SAI,1,MEDIUM,15,1.0130000000000052,1.1620000000000061,0.1490000000000009
2024,Azerbaijan Grand Prix,SAI,2,HARD,31,1.0729999999999933,1.2510000000000048,0.17800000000001148
2024,Azerbaijan Grand Prix,STR,2,HARD,19,1.3370000000000033,1.1500000000000057,-0.1869999999999976
2024,Azerbaijan Grand Prix,STR,3,HARD,21,0.7469999999999999,0.6350000000000051,-0.11199999999999477
2024,Azerbaijan Grand Prix,TSU,1,MEDIUM,10,2.4410000000000025,0.2540000000000049,-2.1869999999999976
2024,Azerbaijan Grand Prix,VER,1,MEDIUM,10,1.1600000000000108,1.0,-0.1600000000000108
2024,Azerbaijan Grand Prix,VER,2,HARD,34,1.3340000000000032,0.9230000000000018,-0.41100000000000136
2024,Azerbaijan Grand Prix,ZHO,1,HARD,32,2.9110000000000014,0.15800000000000125,-2.753
2024,Azerbaijan Grand Prix,ZHO,2,MEDIUM,14,0.6599999999999966,0.4329999999999927,-0.22700000000000387
2024,Bahrain Grand Prix,ALB,1,SOFT,13,0.08500000000000796,0.5120000000000005,0.4269999999999925
2024,Bahrain Grand Prix,ALB,2,HARD,19,0.1980000000000075,0.375,0.1769999999999925
2024,Bahrain Grand Prix,ALB,3,HARD,17,0.13299999999999557,0.8700000000000045,0.737000000000009
2024,Bahrain Grand Prix,ALO,1,SOFT,13,0.24399999999999977,0.811000000000007,0.5670000000000073
2024,Bahrain Grand Prix,ALO,2,HARD,24,0.27299999999999613,1.1469999999999914,0.8739999999999952
2024,Bahrain Grand Prix,ALO,3,HARD,15,0.7819999999999965,0.8670000000000044,0.08500000000000796
2024,Bahrain Grand Prix,BOT,1,SOFT,10,0.38400000000000034,0.9279999999999973,0.5439999999999969
2024,Bahrain Grand Prix,BOT,2,HARD,16,0.8330000000000126,2.1410000000000053,1.3079999999999927
2024,Bahrain Grand Prix,BOT,3,HARD,25,0.561000000000007,1.0030000000000001,0.44199999999999307
2024,Bahrain Grand Prix,GAS,1,SOFT,10,0.24099999999999966,0.42600000000000193,0.18500000000000227
2024,Bahrain Grand Prix,GAS,2,HARD,17,0.028999999999996362,1.1229999999999905,1.093999999999994
2024,Bahrain Grand Prix,GAS,3,HARD,10,0.20100000000000762,0.5190000000000055,0.31799999999999784
2024,Bahrain Grand Prix,GAS,4,SOFT,11,0.48799999999999955,1.0479999999999876,0.5599999999999881
2024,Bahrain Grand Prix,HAM,1,SOFT,10,0.4480000000000075,0.39700000000000557,-0.05100000000000193
2024,Bahrain Grand Prix,HAM,2,HARD,18,0.9140000000000015,0.980000000000004,0.0660000000000025
2024,Bahrain Grand Prix,HAM,3,HARD,22,0.7670000000000101,0.9840000000000089,0.21699999999999875
2024,Bahrain Grand Prix,HUL,2,HARD,17,0.03200000000001069,0.5740000000000123,0.5420000000000016
2024,Bahrain Grand Prix,HUL,3,HARD,19,0.1769999999999925,0.9279999999999973,0.7510000000000048
2024,Bahrain Grand Prix,HUL,4,SOFT,14,0.7560000000000002,0.902000000000001,0.1460000000000008
2024,Bahrain Grand Prix,LEC,1,SOFT,8,1.2000000000000028,1.0220000000000056,-0.17799999999999727
2024,Bahrain Grand Prix,LEC,2,HARD,21,0.32399999999999807,0.5090000000000003,0.18500000000000227
2024,Bahrain Grand Prix,LEC,3,HARD,22,0.6929999999999978,1.8340000000000032,1.1410000000000053
2024,Bahrain Grand Prix,MAG,1,SOFT,9,0.09799999999999898,0.4620000000000033,0.3640000000000043
2024,Bahrain Grand Prix,MAG,2,HARD,19,0.7000000000000028,1.1099999999999994,0.4099999999999966
2024,Bahrain Grand Prix,MAG,3,HARD,23,0.1280000000000001,1.8870000000000005,1.7590000000000003
2024,Bahrain Grand Prix,NOR,1,SOFT,9,0.10200000000000387,0.2879999999999967,0.18599999999999284
2024,Bahrain Grand Prix,NOR,2,HARD,18,0.35999999999999943,0.6670000000000016,0.30700000000000216
2024,Bahrain Grand Prix,NOR,3,HARD,22,0.590999999999994,1.7469999999999999,1.156000000000006
2024,Bahrain Grand Prix,OCO,1,SOFT,8,0.1460000000000008,0.6869999999999976,0.5409999999999968
2024,Bahrain Grand Prix,OCO,2,HARD,18,0.1740000000000066,1.186000000000007,1.0120000000000005
2024,Bahrain Grand Prix,OCO,3,HARD,25,0.47799999999999443,1.1890000000000072,0.7110000000000127
2024,Bahrain Grand Prix,PER,1,SOFT,10,0.7560000000000002,1.0889999999999986,0.3329999999999984
2024,Bahrain Grand Prix,PER,2,HARD,22,0.1770000000000067,0.9579999999999984,0.7809999999999917
2024,Bahrain Grand Prix,PER,3,SOFT,20,0.242999999999995,1.2469999999999999,1.0040000000000049
2024,Bahrain Grand Prix,PIA,1,SOFT,10,0.3990000000000009,0.23700000000000898,-0.16199999999999193
2024,Bahrain Grand Prix,PIA,2,HARD,20,0.3689999999999998,0.73599999999999,0.3669999999999902
2024,Bahrain Grand Prix,PIA,3,HARD,19,0.02199999999999136,0.9899999999999949,0.9680000000000035
2024,Bahrain Grand Prix,RIC,1,SOFT,11,0.15000000000000568,0.28300000000000125,0.13299999999999557
2024,Bahrain Grand Prix,RIC,2,HARD,20,0.10600000000000875,1.0800000000000125,0.9740000000000038
2024,Bahrain Grand Prix,RIC,3,SOFT,17,0.29699999999999704,1.5820000000000078,1.2850000000000108
2024,Bahrain Grand Prix,RUS,1,SOFT,9,0.2289999999999992,1.3759999999999906,1.1469999999999914
2024,Bahrain Grand Prix,RUS,2,HARD,18,0.9330000000000069,0.8320000000000078,-0.10099999999999909
2024,Bahrain Grand Prix,RUS,3,HARD,24,0.7070000000000078,1.2849999999999966,0.5779999999999887
2024,Bahrain Grand Prix,SAI,1,SOFT,12,0.1560000000000059,0.5700000000000074,0.4140000000000015
2024,Bahrain Grand Prix,SAI,2,HARD,19,0.5809999999999889,1.0489999999999924,0.4680000000000035
2024,Bahrain Grand Prix,SAI,3,HARD,21,0.5929999999999893,0.8199999999999932,0.22700000000000387
2024,Bahrain Grand Prix,SAR,1,SOFT,8,0.09099999999999397,1.073999999999998,0.9830000000000041
2024,Bahrain Grand Prix,SAR,2,HARD,16,3.3950000000000102,0.6940000000000026,-2.7010000000000076
2024,Bahrain Grand Prix,SAR,3,HARD,10,0.847999999999999,1.0699999999999932,0.2219999999999942
2024,Bahrain Grand Prix,SAR,4,SOFT,14,0.26600000000000534,1.4740000000000038,1.2079999999999984
2024,Bahrain Grand Prix,STR,1,SOFT,7,0.2920000000000016,0.8700000000000045,0.578000000000003
2024,Bahrain Grand Prix,STR,2,HARD,16,0.6809999999999974,1.6389999999999958,0.9579999999999984
2024,Bahrain Grand Prix,STR,3,HARD,29,0.2219999999999942,1.0480000000000018,0.8260000000000076
2024,Bahrain Grand Prix,TSU,1,SOFT,11,0.12099999999999511,0.4890000000000043,0.3680000000000092
2024,Bahrain Grand Prix,TSU,2,HARD,17,0.12300000000000466,0.13900000000001,0.016000000000005343
2024,Bahrain Grand Prix,TSU,3,HARD,21,1.213000000000008,1.436000000000007,0.22299999999999898
2024,Bahrain Grand Prix,VER,1,SOFT,15,0.3509999999999991,0.7319999999999993,0.3810000000000002
2024,Bahrain Grand Prix,VER,2,HARD,18,0.12300000000000466,0.972999999999999,0.8499999999999943
2024,Bahrain Grand Prix,VER,3,SOFT,18,2.682000000000002,2.3149999999999977,-0.36700000000000443
2024,Bahrain Grand Prix,ZHO,1,SOFT,7,0.15399999999999636,1.0889999999999986,0.9350000000000023
2024,Bahrain Grand Prix,ZHO,2,HARD,17,0.6300000000000097,1.6300000000000097,1.0
2024,Bahrain Grand Prix,ZHO,3,HARD,27,0.5900000000000034,1.9249999999999972,1.3349999999999937
2024,Belgian Grand Prix,ALB,1,MEDIUM,6,0.10999999999999943,0.7060000000000031,0.5960000000000036
2024,Belgian Grand Prix,ALB,2,MEDIUM,13,0.25199999999999534,0.3400000000000034,0.08800000000000807
2024,Belgian Grand Prix,ALB,3,HARD,20,0.5910000000000082,0.28300000000000125,-0.30800000000000693
2024,Belgian Grand Prix,ALO,1,MEDIUM,11,0.21700000000001296,0.6870000000000118,0.46999999999999886
2024,Belgian Grand Prix,ALO,2,MEDIUM,30,1.4890000000000043,0.016999999999995907,-1.4720000000000084
2024,Belgian Grand Prix,BOT,1,MEDIUM,9,0.6229999999999905,0.9470000000000027,0.3240000000000123
2024,Belgian Grand Prix,BOT,2,HARD,22,1.1149999999999949,0.18499999999998806,-0.9300000000000068
2024,Belgian Grand Prix,BOT,3,MEDIUM,8,0.6529999999999916,0.8699999999999903,0.21699999999999875
2024,Belgian Grand Prix,GAS,1,MEDIUM,7,0.39100000000000534,0.7830000000000013,0.3919999999999959
2024,Belgian Grand Prix,GAS,2,HARD,17,0.492999999999995,0.04899999999999238,-0.4440000000000026
2024,Belgian Grand Prix,GAS,3,HARD,15,0.7349999999999994,0.5589999999999975,-0.17600000000000193
2024,Belgian Grand Prix,HAM,1,MEDIUM,9,0.6990000000000123,0.5949999999999989,-0.10400000000001342
2024,Belgian Grand Prix,HAM,2,HARD,12,0.27899999999999636,0.18300000000000693,-0.09599999999998943
2024,Belgian Grand Prix,HAM,3,HARD,17,0.742999999999995,0.7339999999999947,-0.009000000000000341
2024,Belgian Grand Prix,HUL,2,HARD,10,0.3649999999999949,1.6969999999999885,1.3319999999999936
2024,Belgian Grand Prix,HUL,3,MEDIUM,23,1.1090000000000089,0.12000000000000455,-0.9890000000000043
2024,Belgian Grand Prix,LEC,1,MEDIUM,10,0.7459999999999951,0.472999999999999,-0.27299999999999613
2024,Belgian Grand Prix,LEC,2,HARD,11,0.04999999999999716,0.472999999999999,0.4230000000000018
2024,Belgian Grand Prix,LEC,3,HARD,18,0.02599999999999625,0.057999999999992724,0.031999999999996476
2024,Belgian Grand Prix,MAG,1,MEDIUM,15,0.840999999999994,0.269999999999996,-0.570999999999998
2024,Belgian Grand Prix,MAG,2,HARD,25,2.1089999999999947,0.3089999999999975,-1.7999999999999972
2024,Belgian Grand Prix,NOR,1,MEDIUM,12,0.5640000000000072,0.1570000000000107,-0.4069999999999965
2024,Belgian Grand Prix,NOR,2,HARD,11,0.534000000000006,0.02200000000000557,-0.5120000000000005
2024,Belgian Grand Prix,NOR,3,HARD,14,0.6539999999999964,1.7279999999999944,1.073999999999998
2024,Belgian Grand Prix,OCO,1,MEDIUM,10,0.14700000000000557,0.7139999999999986,0.5669999999999931
2024,Belgian Grand Prix,OCO,2,HARD,16,1.0570000000000022,0.1360000000000099,-0.9209999999999923
2024,Belgian Grand Prix,OCO,3,HARD,13,0.5210000000000008,0.21800000000000352,-0.30299999999999727
2024,Belgian Grand Prix,PER,1,MEDIUM,9,0.34600000000000364,0.4200000000000017,0.07399999999999807
2024,Belgian Grand Prix,PER,2,MEDIUM,8,0.08899999999999864,0.38999999999998636,0.3009999999999877
2024,Belgian Grand Prix,PER,3,HARD,19,0.4440000000000026,0.6730000000000018,0.2289999999999992
2024,Belgian Grand Prix,PIA,1,MEDIUM,9,0.12400000000000944,0.2150000000000034,0.09099999999999397
2024,Belgian Grand Prix,PIA,2,HARD,17,1.0459999999999923,0.5849999999999937,-0.4609999999999985
2024,Belgian Grand Prix,PIA,3,HARD,13,0.42499999999999716,0.7809999999999917,0.35599999999999454
2024,Belgian Grand Prix,RIC,1,SOFT,6,0.9010000000000105,0.6460000000000008,-0.25500000000000966
2024,Belgian Grand Prix,RIC,2,MEDIUM,11,0.47399999999998954,0.5019999999999953,0.028000000000005798
2024,Belgian Grand Prix,RIC,3,SOFT,22,0.8870000000000005,0.23999999999999488,-0.6470000000000056
2024,Belgian Grand Prix,RUS,1,MEDIUM,8,0.14499999999999602,0.22999999999998977,0.08499999999999375
2024,Belgian Grand Prix,RUS,2,HARD,33,1.5889999999999986,0.1880000000000024,-1.4009999999999962
2024,Belgian Grand Prix,SAI,1,HARD,17,1.2819999999999965,0.21099999999999852,-1.070999999999998
2024,Belgian Grand Prix,SAI,2,MEDIUM,6,0.17799999999999727,0.48399999999999466,0.3059999999999974
2024,Belgian Grand Prix,SAI,3,HARD,13,0.34899999999998954,0.5489999999999924,0.20000000000000284
2024,Belgian Grand Prix,SAR,1,MEDIUM,6,0.5939999999999941,0.5099999999999909,-0.08400000000000318
2024,Belgian Grand Prix,SAR,2,MEDIUM,14,0.7740000000000009,1.7750000000000057,1.0010000000000048
2024,Belgian Grand Prix,SAR,3,HARD,18,1.274000000000001,0.6310000000000002,-0.6430000000000007
2024,Belgian Grand Prix,STR,1,MEDIUM,9,0.32399999999999807,0.7560000000000002,0.43200000000000216
2024,Belgian Grand Prix,STR,2,MEDIUM,31,1.5789999999999935,0.0899999999999892,-1.4890000000000043
2024,Belgian Grand Prix,TSU,1,MEDIUM,13,0.19299999999999784,0.5219999999999914,0.3289999999999935
2024,Belgian Grand Prix,TSU,2,SOFT,28,1.4460000000000122,0.2430000000000092,-1.203000000000003
2024,Belgian Grand Prix,VER,1,MEDIUM,8,0.22700000000000387,0.31799999999999784,0.09099999999999397
2024,Belgian Grand Prix,VER,2,HARD,16,0.9720000000000084,0.38400000000000034,-0.5880000000000081
2024,Belgian Grand Prix,VER,3,MEDIUM,15,0.23499999999999943,0.9740000000000038,0.7390000000000043
2024,British Grand Prix,ALB,1,MEDIUM,25,0.8930000000000007,3.346999999999994,2.4539999999999935
2024,British Grand Prix,ALB,2,INTERMEDIATE,7,2.956000000000003,4.546999999999997,1.590999999999994
2024,British Grand Prix,ALB,3,MEDIUM,13,0.9969999999999999,0.10999999999999943,-0.8870000000000005
2024,British Grand Prix,ALO,1,MEDIUM,25,0.9329999999999927,3.4279999999999973,2.4950000000000045
2024,British Grand Prix,ALO,2,INTERMEDIATE,9,2.0490000000000066,1.7660000000000053,-0.28300000000000125
2024,British Grand Prix,ALO,3,MEDIUM,13,0.8840000000000003,1.0170000000000101,0.13300000000000978
2024,British Grand Prix,BOT,1,MEDIUM,24,1.2909999999999968,4.193999999999988,2.9029999999999916
2024,British Grand Prix,BOT,2,INTERMEDIATE,9,0.7400000000000091,2.6370000000000005,1.8969999999999914
2024,British Grand Prix,BOT,3,SOFT,13,2.066999999999993,0.9399999999999977,-1.1269999999999953
2024,British Grand Prix,HAM,1,MEDIUM,24,0.6209999999999951,3.8930000000000007,3.2720000000000056
2024,British Grand Prix,HAM,2,INTERMEDIATE,9,0.7560000000000002,2.213000000000008,1.4570000000000078
2024,British Grand Prix,HAM,3,SOFT,13,0.6799999999999926,0.3049999999999926,-0.375
2024,British Grand Prix,HUL,1,MEDIUM,24,0.3719999999999999,1.1189999999999998,0.7469999999999999
2024,British Grand Prix,HUL,2,INTERMEDIATE,11,3.787000000000006,1.8029999999999973,-1.9840000000000089
2024,British Grand Prix,HUL,3,SOFT,12,0.8649999999999949,0.8599999999999994,-0.0049999999999954525
2024,British Grand Prix,LEC,1,MEDIUM,17,0.715999999999994,3.290999999999997,2.575000000000003
2024,British Grand Prix,LEC,3,INTERMEDIATE,8,2.2080000000000126,2.3240000000000123,0.11599999999999966
2024,British Grand Prix,LEC,4,SOFT,13,1.1299999999999955,1.1809999999999974,0.05100000000000193
2024,British Grand Prix,MAG,1,MEDIUM,25,0.7530000000000001,2.6440000000000055,1.8910000000000053
2024,British Grand Prix,MAG,2,INTERMEDIATE,8,0.7090000000000032,3.4240000000000066,2.7150000000000034
2024,British Grand Prix,MAG,3,SOFT,14,1.9779999999999944,1.3759999999999906,-0.6020000000000039
2024,British Grand Prix,NOR,1,MEDIUM,24,1.1310000000000002,3.4470000000000027,2.3160000000000025
2024,British Grand Prix,NOR,2,INTERMEDIATE,10,2.7180000000000035,1.7870000000000061,-0.9309999999999974
2024,British Grand Prix,NOR,3,SOFT,12,0.47100000000000364,1.507000000000005,1.0360000000000014
2024,British Grand Prix,OCO,1,SOFT,17,0.26900000000000546,5.287000000000006,5.018000000000001
2024,British Grand Prix,OCO,4,INTERMEDIATE,10,1.1469999999999914,1.019999999999996,-0.12699999999999534
2024,British Grand Prix,OCO,5,MEDIUM,11,0.3119999999999976,0.7330000000000041,0.4210000000000065
2024,British Grand Prix,PER,1,HARD,17,0.458999999999989,2.7179999999999893,2.2590000000000003
2024,British Grand Prix,PER,2,INTERMEDIATE,7,2.939000000000007,5.329999999999998,2.390999999999991
2024,British Grand Prix,PER,3,INTERMEDIATE,7,2.655000000000001,3.5130000000000052,0.8580000000000041
2024,British Grand Prix,PER,4,MEDIUM,8,2.5859999999999985,0.382000000000005,-2.2039999999999935
2024,British Grand Prix,PIA,1,MEDIUM,26,0.9510000000000076,9.646,8.694999999999993
2024,British Grand Prix,PIA,2,INTERMEDIATE,8,2.5259999999999962,2.884999999999991,0.35899999999999466
2024,British Grand Prix,PIA,3,MEDIUM,13,0.8329999999999984,1.1799999999999926,0.3469999999999942
2024,British Grand Prix,RIC,1,MEDIUM,24,0.7079999999999984,3.7620000000000005,3.054000000000002
2024,British Grand Prix,RIC,2,INTERMEDIATE,8,0.125,2.3220000000000027,2.1970000000000027
2024,British Grand Prix,RIC,3,SOFT,13,1.6929999999999978,3.4150000000000063,1.7220000000000084
2024,British Grand Prix,RUS,1,MEDIUM,24,0.12000000000000455,3.483000000000004,3.3629999999999995
2024,British Grand Prix,SAI,1,MEDIUM,24,0.20199999999999818,0.833999999999989,0.6319999999999908
2024,British Grand Prix,SAI,2,INTERMEDIATE,10,4.36699999999999,2.0619999999999976,-2.3049999999999926
2024,British Grand Prix,SAI,3,HARD,9,0.45699999999999363,0.0239999999999867,-0.43300000000000693
2024,British Grand Prix,SAR,1,MEDIUM,24,0.7759999999999962,3.6229999999999905,2.846999999999994
2024,British Grand Prix,SAR,2,INTERMEDIATE,9,0.26900000000000546,1.1580000000000013,0.8889999999999958
2024,British Grand Prix,SAR,3,SOFT,13,0.9030000000000058,1.690000000000012,0.7870000000000061
2024,British Grand Prix,STR,1,MEDIUM,24,0.4100000000000108,2.3119999999999976,1.9019999999999868
2024,British Grand Prix,STR,2,INTERMEDIATE,11,3.6189999999999998,1.4519999999999982,-2.1670000000000016
2024,British Grand Prix,STR,3,MEDIUM,12,0.2639999999999958,0.13299999999999557,-0.13100000000000023
2024,British Grand Prix,TSU,1,MEDIUM,25,0.5940000000000083,2.903000000000006,2.3089999999999975
2024,British Grand Prix,TSU,2,INTERMEDIATE,9,2.257000000000005,1.6280000000000001,-0.6290000000000049
2024,British Grand Prix,TSU,3,SOFT,13,0.5829999999999984,1.2999999999999972,0.7169999999999987
2024,British Grand Prix,VER,1,MEDIUM,24,0.27200000000000557,1.3589999999999947,1.086999999999989
2024,British Grand Prix,VER,2,INTERMEDIATE,10,2.6640000000000015,3.0889999999999986,0.42499999999999716
2024,British Grand Prix,VER,3,HARD,13,0.652000000000001,0.3340000000000032,-0.31799999999999784
2024,British Grand Prix,ZHO,1,SOFT,10,0.26599999999999113,2.100999999999999,1.835000000000008
2024,British Grand Prix,ZHO,4,INTERMEDIATE,9,0.12699999999999534,0.9569999999999936,0.8299999999999983
2024,British Grand Prix,ZHO,5,SOFT,12,1.6820000000000022,0.7349999999999994,-0.9470000000000027
2024,Canadian Grand Prix,ALB,1,INTERMEDIATE,22,14.105000000000004,0.8730000000000047,-13.232
2024,Canadian Grand Prix,ALB,2,INTERMEDIATE,13,5.153000000000006,0.47100000000000364,-4.682000000000002
2024,Canadian Grand Prix,ALB,3,MEDIUM,7,3.872,0.5799999999999983,-3.2920000000000016
2024,Canadian Grand Prix,ALO,1,INTERMEDIATE,22,12.765,0.5260000000000105,-12.23899999999999
2024,Canadian Grand Prix,ALO,2,INTERMEDIATE,13,6.0390000000000015,0.3149999999999977,-5.724000000000004
2024,Canadian Grand Prix,ALO,3,HARD,19,8.558000000000007,0.08400000000000318,-8.474000000000004
2024,Canadian Grand Prix,BOT,1,INTERMEDIATE,34,14.97099999999999,0.23999999999999488,-14.730999999999995
2024,Canadian Grand Prix,BOT,2,MEDIUM,21,8.025999999999996,1.3629999999999995,-6.662999999999997
2024,Canadian Grand Prix,GAS,1,INTERMEDIATE,23,15.411999999999992,0.08100000000000307,-15.330999999999989
2024,Canadian Grand Prix,GAS,2,INTERMEDIATE,10,4.994,0.6580000000000013,-4.3359999999999985
2024,Canadian Grand Prix,GAS,3,HARD,22,6.893000000000001,0.6079999999999899,-6.285000000000011
2024,Canadian Grand Prix,HAM,1,INTERMEDIATE,22,13.415999999999997,1.0330000000000013,-12.382999999999996
2024,Canadian Grand Prix,HAM,2,INTERMEDIATE,13,6.653000000000006,0.49200000000000443,-6.161000000000001
2024,Canadian Grand Prix,HAM,3,MEDIUM,8,6.328000000000003,0.3149999999999977,-6.013000000000005
2024,Canadian Grand Prix,HAM,4,HARD,12,2.8100000000000023,1.1069999999999993,-1.703000000000003
2024,Canadian Grand Prix,HUL,1,WET,10,2.4809999999999945,0.5010000000000048,-1.9799999999999898
2024,Canadian Grand Prix,HUL,2,INTERMEDIATE,10,3.004000000000005,0.25799999999999557,-2.7460000000000093
2024,Canadian Grand Prix,HUL,3,INTERMEDIATE,13,5.286999999999992,0.04899999999999238,-5.2379999999999995
2024,Canadian Grand Prix,HUL,4,MEDIUM,19,5.24499999999999,0.34499999999999886,-4.8999999999999915
2024,Canadian Grand Prix,LEC,1,INTERMEDIATE,23,12.623999999999995,0.6299999999999955,-11.994
2024,Canadian Grand Prix,LEC,4,INTERMEDIATE,8,2.257000000000005,0.2219999999999942,-2.035000000000011
2024,Canadian Grand Prix,MAG,2,INTERMEDIATE,16,3.9849999999999994,0.053999999999987836,-3.9310000000000116
2024,Canadian Grand Prix,MAG,3,INTERMEDIATE,10,4.054000000000002,0.49500000000000455,-3.5589999999999975
2024,Canadian Grand Prix,MAG,4,MEDIUM,9,5.301000000000002,1.0760000000000076,-4.224999999999994
2024,Canadian Grand Prix,MAG,5,MEDIUM,11,2.186000000000007,0.15400000000001057,-2.0319999999999965
2024,Canadian Grand Prix,NOR,1,INTERMEDIATE,23,12.14,0.31399999999999295,-11.826000000000008
2024,Canadian Grand Prix,NOR,2,INTERMEDIATE,16,6.896999999999991,0.29699999999999704,-6.599999999999994
2024,Canadian Grand Prix,NOR,3,MEDIUM,17,3.4909999999999997,0.5169999999999959,-2.9740000000000038
2024,Canadian Grand Prix,OCO,1,INTERMEDIATE,37,15.232,0.2599999999999909,-14.972000000000008
2024,Canadian Grand Prix,OCO,2,MEDIUM,19,5.861999999999995,0.7420000000000044,-5.11999999999999
2024,Canadian Grand Prix,PER,1,INTERMEDIATE,22,13.87100000000001,0.23400000000000887,-13.637
2024,Canadian Grand Prix,PER,2,INTERMEDIATE,12,5.179999999999993,0.4479999999999933,-4.731999999999999
2024,Canadian Grand Prix,PER,3,MEDIUM,7,4.483999999999995,0.965999999999994,-3.5180000000000007
2024,Canadian Grand Prix,PIA,1,INTERMEDIATE,23,13.064999999999998,0.4989999999999952,-12.566000000000003
2024,Canadian Grand Prix,PIA,2,INTERMEDIATE,14,6.286999999999992,0.527000000000001,-5.759999999999991
2024,Canadian Grand Prix,PIA,3,MEDIUM,20,5.650999999999996,0.0969999999999942,-5.554000000000002
2024,Canadian Grand Prix,RIC,1,INTERMEDIATE,23,14.596999999999994,0.2639999999999958,-14.332999999999998
2024,Canadian Grand Prix,RIC,2,INTERMEDIATE,13,5.920999999999992,0.033999999999991815,-5.8870000000000005
2024,Canadian Grand Prix,RIC,3,MEDIUM,19,6.784000000000006,0.15800000000000125,-6.626000000000005
2024,Canadian Grand Prix,RUS,1,INTERMEDIATE,21,8.570999999999998,0.8800000000000097,-7.690999999999988
2024,Canadian Grand Prix,RUS,2,INTERMEDIATE,15,6.146999999999991,0.6310000000000002,-5.515999999999991
2024,Canadian Grand Prix,RUS,3,HARD,6,2.8840000000000003,0.04600000000000648,-2.837999999999994
2024,Canadian Grand Prix,RUS,4,MEDIUM,11,2.2079999999999984,0.5439999999999969,-1.6640000000000015
2024,Canadian Grand Prix,SAI,1,INTERMEDIATE,23,13.950000000000003,0.3119999999999976,-13.638000000000005
2024,Canadian Grand Prix,SAI,2,INTERMEDIATE,13,5.970999999999989,0.013999999999995794,-5.956999999999994
2024,Canadian Grand Prix,SAI,3,MEDIUM,8,3.838000000000008,1.3950000000000102,-2.442999999999998
2024,Canadian Grand Prix,SAR,1,INTERMEDIATE,18,12.037000000000006,2.4849999999999994,-9.552000000000007
2024,Canadian Grand Prix,STR,1,INTERMEDIATE,23,14.418000000000006,0.1530000000000058,-14.265
2024,Canadian Grand Prix,STR,2,INTERMEDIATE,13,5.695000000000007,0.347999999999999,-5.347000000000008
2024,Canadian Grand Prix,STR,3,HARD,19,6.965999999999994,0.1110000000000042,-6.85499999999999
2024,Canadian Grand Prix,TSU,1,INTERMEDIATE,37,15.274000000000001,0.0010000000000047748,-15.272999999999996
2024,Canadian Grand Prix,TSU,2,MEDIUM,18,7.147999999999996,0.507000000000005,-6.640999999999991
2024,Canadian Grand Prix,VER,1,INTERMEDIATE,22,10.441999999999993,0.5899999999999892,-9.852000000000004
2024,Canadian Grand Prix,VER,2,INTERMEDIATE,15,5.140000000000001,0.21300000000000807,-4.9269999999999925
2024,Canadian Grand Prix,VER,3,MEDIUM,19,4.900999999999996,0.17300000000000182,-4.727999999999994
2024,Canadian Grand Prix,ZHO,1,INTERMEDIATE,22,13.694999999999993,0.3130000000000024,-13.38199999999999
2024,Canadian Grand Prix,ZHO,2,INTERMEDIATE,14,4.694999999999993,0.23599999999999,-4.459000000000003
2024,Canadian Grand Prix,ZHO,3,MEDIUM,6,10.555999999999997,0.8920000000000101,-9.663999999999987
2024,Canadian Grand Prix,ZHO,4,MEDIUM,12,2.9350000000000023,0.2950000000000017,-2.6400000000000006
2024,Chinese Grand Prix,ALB,1,MEDIUM,7,0.03900000000000148,0.3860000000000099,0.3470000000000084
2024,Chinese Grand Prix,ALB,2,MEDIUM,10,0.45700000000000784,1.0350000000000108,0.578000000000003
2024,Chinese Grand Prix,ALB,3,HARD,24,0.4789999999999992,0.7339999999999947,0.25499999999999545
2024,Chinese Grand Prix,ALO,1,MEDIUM,9,0.14000000000000057,2.094999999999999,1.9549999999999983
2024,Chinese Grand Prix,ALO,2,HARD,8,0.03900000000000148,0.5150000000000006,0.4759999999999991
2024,Chinese Grand Prix,ALO,3,SOFT,11,0.028000000000005798,1.3419999999999987,1.313999999999993
2024,Chinese Grand Prix,ALO,4,MEDIUM,12,1.7489999999999952,2.438999999999993,0.6899999999999977
2024,Chinese Grand Prix,BOT,1,MEDIUM,7,0.48399999999999466,0.6029999999999944,0.11899999999999977
2024,Chinese Grand Prix,BOT,2,HARD,9,0.7180000000000035,1.3299999999999983,0.6119999999999948
2024,Chinese Grand Prix,GAS,1,MEDIUM,8,0.1670000000000016,0.679000000000002,0.5120000000000005
2024,Chinese Grand Prix,GAS,2,HARD,8,0.6080000000000041,1.0649999999999977,0.45699999999999363
2024,Chinese Grand Prix,GAS,3,HARD,6,0.8149999999999977,0.007000000000005002,-0.8079999999999927
2024,Chinese Grand Prix,GAS,4,MEDIUM,16,0.5600000000000023,1.5390000000000015,0.9789999999999992
2024,Chinese Grand Prix,HAM,1,SOFT,7,0.10699999999999932,0.8629999999999995,0.7560000000000002
2024,Chinese Grand Prix,HAM,2,MEDIUM,10,0.49499999999999034,1.4449999999999932,0.9500000000000028
2024,Chinese Grand Prix,HAM,3,HARD,25,0.02200000000000557,0.7690000000000055,0.7469999999999999
2024,Chinese Grand Prix,HUL,2,HARD,11,0.009000000000000341,1.0450000000000017,1.0360000000000014
2024,Chinese Grand Prix,HUL,3,HARD,25,0.049000000000006594,0.8900000000000006,0.840999999999994
2024,Chinese Grand Prix,LEC,1,MEDIUM,19,0.2780000000000058,0.2289999999999992,-0.049000000000006594
2024,Chinese Grand Prix,LEC,2,HARD,25,0.14100000000000534,1.1839999999999975,1.0429999999999922
2024,Chinese Grand Prix,MAG,1,HARD,15,0.7279999999999944,0.7800000000000011,0.05200000000000671
2024,Chinese Grand Prix,MAG,3,MEDIUM,25,1.3960000000000008,1.7870000000000061,0.39100000000000534
2024,Chinese Grand Prix,NOR,1,MEDIUM,19,0.015000000000000568,0.9000000000000057,0.8850000000000051
2024,Chinese Grand Prix,NOR,2,HARD,25,0.20599999999998886,1.5330000000000013,1.3270000000000124
2024,Chinese Grand Prix,OCO,1,MEDIUM,7,0.19499999999999318,0.7420000000000044,0.5470000000000113
2024,Chinese Grand Prix,OCO,2,HARD,10,0.32100000000001216,1.0720000000000027,0.7509999999999906
2024,Chinese Grand Prix,OCO,3,HARD,25,0.03499999999999659,0.6370000000000005,0.6020000000000039
2024,Chinese Grand Prix,PER,1,MEDIUM,11,0.09199999999999875,0.9590000000000032,0.8670000000000044
2024,Chinese Grand Prix,PER,2,HARD,6,0.5180000000000007,0.2750000000000057,-0.242999999999995
2024,Chinese Grand Prix,PER,3,HARD,25,0.12399999999999523,1.2049999999999983,1.081000000000003
2024,Chinese Grand Prix,PIA,1,MEDIUM,14,0.14700000000000557,1.2639999999999958,1.1169999999999902
2024,Chinese Grand Prix,PIA,3,HARD,25,0.3509999999999991,1.2129999999999939,0.8619999999999948
2024,Chinese Grand Prix,RIC,1,MEDIUM,12,0.0969999999999942,0.1389999999999958,0.04200000000000159
2024,Chinese Grand Prix,RIC,2,MEDIUM,6,0.08299999999999841,0.9609999999999985,0.8780000000000001
2024,Chinese Grand Prix,RUS,1,MEDIUM,9,0.07500000000000284,1.531000000000006,1.456000000000003
2024,Chinese Grand Prix,RUS,2,MEDIUM,8,0.5230000000000103,0.7060000000000031,0.18299999999999272
2024,Chinese Grand Prix,RUS,3,HARD,25,0.3640000000000043,0.7280000000000086,0.3640000000000043
2024,Chinese Grand Prix,SAI,1,MEDIUM,15,0.13599999999999568,0.8130000000000024,0.6770000000000067
2024,Chinese Grand Prix,SAI,2,HARD,27,0.6370000000000005,0.6460000000000008,0.009000000000000341
2024,Chinese Grand Prix,SAR,1,SOFT,9,0.8519999999999897,0.33899999999999864,-0.512999999999991
2024,Chinese Grand Prix,SAR,2,MEDIUM,7,0.7409999999999997,1.5900000000000034,0.8490000000000038
2024,Chinese Grand Prix,SAR,3,HARD,25,1.0889999999999986,1.816999999999993,0.7279999999999944
2024,Chinese Grand Prix,STR,1,SOFT,7,0.020999999999986585,0.9559999999999889,0.9350000000000023
2024,Chinese Grand Prix,STR,2,MEDIUM,10,0.1909999999999883,1.0529999999999973,0.862000000000009
2024,Chinese Grand Prix,STR,5,HARD,20,0.0049999999999954525,2.0579999999999927,2.0529999999999973
2024,Chinese Grand Prix,TSU,1,SOFT,6,0.04099999999999682,0.5739999999999981,0.5330000000000013
2024,Chinese Grand Prix,TSU,2,MEDIUM,11,0.578000000000003,1.581000000000003,1.0030000000000001
2024,Chinese Grand Prix,VER,1,MEDIUM,11,0.39100000000000534,1.2980000000000018,0.9069999999999965
2024,Chinese Grand Prix,VER,2,HARD,7,0.07199999999998852,0.6199999999999903,0.5480000000000018
2024,Chinese Grand Prix,VER,3,HARD,25,0.01999999999999602,1.399000000000001,1.3790000000000049
2024,Chinese Grand Prix,ZHO,1,MEDIUM,6,0.507000000000005,0.5889999999999986,0.08199999999999363
2024,Chinese Grand Prix,ZHO,2,HARD,11,0.06799999999999784,1.1219999999999999,1.054000000000002
2024,Chinese Grand Prix,ZHO,3,HARD,8,0.7189999999999941,0.4549999999999983,-0.2639999999999958
2024,Chinese Grand Prix,ZHO,4,SOFT,15,0.6869999999999976,2.5589999999999975,1.8719999999999999
2024,Dutch Grand Prix,ALB,1,MEDIUM,10,1.1129999999999995,0.4680000000000035,-0.644999999999996
2024,Dutch Grand Prix,ALB,2,HARD,40,0.487000000000009,0.5240000000000009,0.03699999999999193
2024,Dutch Grand Prix,ALB,3,MEDIUM,16,1.463000000000008,0.402000000000001,-1.061000000000007
2024,Dutch Grand Prix,ALO,1,MEDIUM,29,0.20399999999999352,0.5900000000000034,0.3860000000000099
2024,Dutch Grand Prix,ALO,2,HARD,39,0.7630000000000052,1.0640000000000072,0.30100000000000193
2024,Dutch Grand Prix,BOT,1,SOFT,13,1.5060000000000002,1.1209999999999951,-0.3850000000000051
2024,Dutch Grand Prix,BOT,2,HARD,26,0.3260000000000076,1.4340000000000117,1.108000000000004
2024,Dutch Grand Prix,BOT,3,MEDIUM,26,0.3299999999999983,0.5720000000000027,0.24200000000000443
2024,Dutch Grand Prix,GAS,1,MEDIUM,30,0.36299999999999955,1.2009999999999934,0.8379999999999939
2024,Dutch Grand Prix,GAS,2,HARD,37,0.7219999999999942,0.5889999999999986,-0.13299999999999557
2024,Dutch Grand Prix,HAM,1,SOFT,21,0.48499999999999943,0.6370000000000005,0.15200000000000102
2024,Dutch Grand Prix,HAM,2,HARD,23,1.0409999999999968,1.0589999999999975,0.018000000000000682
2024,Dutch Grand Prix,HAM,3,SOFT,23,0.16899999999999693,1.8100000000000023,1.6410000000000053
2024,Dutch Grand Prix,HUL,1,MEDIUM,12,0.5160000000000053,0.972999999999999,0.45699999999999363
2024,Dutch Grand Prix,HUL,2,HARD,56,0.409000000000006,0.2530000000000001,-0.1560000000000059
2024,Dutch Grand Prix,LEC,1,MEDIUM,22,0.3439999999999941,0.5969999999999942,0.2530000000000001
2024,Dutch Grand Prix,LEC,2,HARD,47,1.1710000000000065,0.18000000000000682,-0.9909999999999997
2024,Dutch Grand Prix,MAG,1,HARD,37,0.5060000000000002,1.070999999999998,0.5649999999999977
2024,Dutch Grand Prix,MAG,2,MEDIUM,30,0.4490000000000123,1.63600000000001,1.1869999999999976
2024,Dutch Grand Prix,NOR,1,MEDIUM,26,0.6150000000000091,0.05500000000000682,-0.5600000000000023
2024,Dutch Grand Prix,NOR,2,HARD,43,0.659000000000006,1.054000000000002,0.394999999999996
2024,Dutch Grand Prix,OCO,1,MEDIUM,28,0.6640000000000015,0.7169999999999987,0.05299999999999727
2024,Dutch Grand Prix,OCO,2,HARD,40,0.7139999999999986,1.828000000000003,1.1140000000000043
2024,Dutch Grand Prix,PER,1,MEDIUM,27,0.117999999999995,0.14399999999999125,0.02599999999999625
2024,Dutch Grand Prix,PER,2,HARD,42,0.4440000000000026,0.3370000000000033,-0.10699999999999932
2024,Dutch Grand Prix,PIA,1,MEDIUM,31,0.33199999999999363,0.2819999999999965,-0.04999999999999716
2024,Dutch Grand Prix,PIA,2,HARD,38,0.07100000000001216,0.777000000000001,0.7059999999999889
2024,Dutch Grand Prix,RIC,1,MEDIUM,27,0.5910000000000082,0.10600000000000875,-0.48499999999999943
2024,Dutch Grand Prix,RIC,2,HARD,41,0.9570000000000078,0.8330000000000126,-0.12399999999999523
2024,Dutch Grand Prix,RUS,1,MEDIUM,23,0.2749999999999915,0.49799999999999045,0.22299999999999898
2024,Dutch Grand Prix,RUS,2,HARD,27,1.2160000000000082,0.8119999999999976,-0.4040000000000106
2024,Dutch Grand Prix,RUS,3,SOFT,17,0.044999999999987494,0.5319999999999965,0.487000000000009
2024,Dutch Grand Prix,SAI,1,MEDIUM,28,0.7009999999999934,0.3919999999999959,-0.3089999999999975
2024,Dutch Grand Prix,SAI,2,HARD,40,1.11099999999999,0.5139999999999958,-0.5969999999999942
2024,Dutch Grand Prix,SAR,1,MEDIUM,20,0.914999999999992,0.5959999999999894,-0.3190000000000026
2024,Dutch Grand Prix,SAR,2,HARD,48,0.17499999999999716,1.1670000000000016,0.9920000000000044
2024,Dutch Grand Prix,STR,1,MEDIUM,28,0.3999999999999915,1.1809999999999974,0.7810000000000059
2024,Dutch Grand Prix,STR,2,HARD,40,0.22100000000000364,0.8650000000000091,0.6440000000000055
2024,Dutch Grand Prix,TSU,1,SOFT,12,0.6580000000000013,1.0759999999999934,0.41799999999999216
2024,Dutch Grand Prix,TSU,2,MEDIUM,16,0.17799999999999727,1.4339999999999975,1.2560000000000002
2024,Dutch Grand Prix,TSU,3,HARD,38,0.028999999999996362,1.2479999999999905,1.218999999999994
2024,Dutch Grand Prix,VER,1,MEDIUM,25,0.18500000000000227,0.570999999999998,0.3859999999999957
2024,Dutch Grand Prix,VER,2,HARD,44,0.2890000000000015,0.7920000000000016,0.5030000000000001
2024,Dutch Grand Prix,ZHO,1,MEDIUM,16,0.37300000000000466,0.3640000000000043,-0.009000000000000341
2024,Dutch Grand Prix,ZHO,2,HARD,31,0.3259999999999934,0.8379999999999939,0.5120000000000005
2024,Dutch Grand Prix,ZHO,3,SOFT,17,0.07899999999999352,0.14099999999999113,0.06199999999999761
2024,Emilia Romagna Grand Prix,ALB,1,MEDIUM,6,0.2950000000000017,0.11499999999999488,-0.18000000000000682
2024,Emilia Romagna Grand Prix,ALB,3,MEDIUM,12,0.06700000000000728,0.7789999999999964,0.7119999999999891
2024,Emilia Romagna Grand Prix,ALB,5,MEDIUM,21,0.5429999999999922,1.1380000000000052,0.5950000000000131
2024,Emilia Romagna Grand Prix,ALO,2,HARD,31,0.1880000000000024,1.4129999999999967,1.2249999999999943
2024,Emilia Romagna Grand Prix,ALO,3,MEDIUM,17,1.1280000000000001,3.3220000000000027,2.1940000000000026
2024,Emilia Romagna Grand Prix,BOT,1,MEDIUM,6,0.3709999999999951,0.1529999999999916,-0.21800000000000352
2024,Emilia Romagna Grand Prix,BOT,2,HARD,52,0.07399999999999807,3.075000000000003,3.0010000000000048
2024,Emilia Romagna Grand Prix,GAS,1,SOFT,6,0.35299999999999443,0.03999999999999204,-0.3130000000000024
2024,Emilia Romagna Grand Prix,GAS,2,HARD,20,0.13100000000000023,1.7379999999999995,1.6069999999999993
2024,Emilia Romagna Grand Prix,GAS,3,MEDIUM,31,0.2259999999999991,1.9480000000000075,1.7220000000000084
2024,Emilia Romagna Grand Prix,HAM,1,MEDIUM,24,0.4930000000000092,0.33900000000001285,-0.15399999999999636
2024,Emilia Romagna Grand Prix,HAM,2,HARD,35,0.26200000000000045,0.31799999999999784,0.055999999999997385
2024,Emilia Romagna Grand Prix,HUL,1,MEDIUM,11,0.41100000000000136,0.8379999999999939,0.4269999999999925
2024,Emilia Romagna Grand Prix,HUL,2,HARD,46,0.16200000000000614,0.6530000000000058,0.49099999999999966
2024,Emilia Romagna Grand Prix,LEC,1,MEDIUM,23,0.0049999999999954525,1.016999999999996,1.0120000000000005
2024,Emilia Romagna Grand Prix,LEC,2,HARD,36,0.5669999999999931,1.2180000000000035,0.6510000000000105
2024,Emilia Romagna Grand Prix,MAG,1,MEDIUM,35,0.5,0.9380000000000024,0.4380000000000024
2024,Emilia Romagna Grand Prix,MAG,2,HARD,24,0.4759999999999991,0.7409999999999997,0.26500000000000057
2024,Emilia Romagna Grand Prix,NOR,1,MEDIUM,20,0.21099999999999852,1.1820000000000022,0.9710000000000036
2024,Emilia Romagna Grand Prix,NOR,2,HARD,39,0.9050000000000011,0.5079999999999956,-0.39700000000000557
2024,Emilia Romagna Grand Prix,OCO,1,MEDIUM,23,0.06100000000000705,1.1470000000000056,1.0859999999999985
2024,Emilia Romagna Grand Prix,OCO,2,HARD,36,0.7519999999999953,0.7090000000000032,-0.042999999999992156
2024,Emilia Romagna Grand Prix,PER,1,HARD,34,0.5,0.7830000000000013,0.28300000000000125
2024,Emilia Romagna Grand Prix,PER,2,MEDIUM,25,1.0449999999999875,1.1469999999999914,0.10200000000000387
2024,Emilia Romagna Grand Prix,PIA,1,MEDIUM,21,0.5030000000000001,1.0609999999999928,0.5579999999999927
2024,Emilia Romagna Grand Prix,PIA,2,HARD,39,0.6700000000000017,0.8930000000000007,0.22299999999999898
2024,Emilia Romagna Grand Prix,RIC,1,MEDIUM,9,0.14400000000000546,0.37000000000000455,0.2259999999999991
2024,Emilia Romagna Grand Prix,RIC,2,HARD,50,0.43599999999999284,1.8659999999999997,1.4300000000000068
2024,Emilia Romagna Grand Prix,RUS,1,MEDIUM,19,0.4269999999999925,1.0729999999999933,0.6460000000000008
2024,Emilia Romagna Grand Prix,RUS,2,HARD,29,0.2819999999999965,0.4890000000000043,0.20700000000000784
2024,Emilia Romagna Grand Prix,RUS,3,MEDIUM,10,0.9819999999999993,2.1140000000000043,1.132000000000005
2024,Emilia Romagna Grand Prix,SAI,1,MEDIUM,25,0.1360000000000099,0.6219999999999999,0.48599999999999
2024,Emilia Romagna Grand Prix,SAI,2,HARD,35,0.43200000000000216,0.75,0.31799999999999784
2024,Emilia Romagna Grand Prix,SAR,1,HARD,29,0.2879999999999967,0.7340000000000089,0.44600000000001216
2024,Emilia Romagna Grand Prix,SAR,2,MEDIUM,30,0.33200000000000784,2.5379999999999967,2.205999999999989
2024,Emilia Romagna Grand Prix,STR,1,MEDIUM,35,0.12299999999999045,0.31699999999999307,0.19400000000000261
2024,Emilia Romagna Grand Prix,STR,2,HARD,25,0.5520000000000067,2.1810000000000116,1.6290000000000049
2024,Emilia Romagna Grand Prix,TSU,1,MEDIUM,10,0.3119999999999976,0.6890000000000072,0.37700000000000955
2024,Emilia Romagna Grand Prix,TSU,2,HARD,48,0.6989999999999981,1.0519999999999925,0.35299999999999443
2024,Emilia Romagna Grand Prix,VER,1,MEDIUM,19,0.1280000000000001,1.2199999999999989,1.0919999999999987
2024,Emilia Romagna Grand Prix,VER,2,HARD,38,0.3430000000000035,0.38700000000000045,0.04399999999999693
2024,Emilia Romagna Grand Prix,ZHO,1,HARD,31,0.48100000000000875,0.7609999999999957,0.2799999999999869
2024,Emilia Romagna Grand Prix,ZHO,2,MEDIUM,28,0.3009999999999877,0.546999999999997,0.24600000000000932
2024,Hungarian Grand Prix,ALB,2,HARD,21,0.3199999999999932,1.2849999999999966,0.9650000000000034
2024,Hungarian Grand Prix,ALB,3,HARD,39,0.09899999999998954,1.0499999999999972,0.9510000000000076
2024,Hungarian Grand Prix,ALO,2,MEDIUM,28,1.176000000000002,0.9170000000000016,-0.25900000000000034
2024,Hungarian Grand Prix,ALO,3,HARD,32,0.7279999999999944,1.0289999999999964,0.30100000000000193
2024,Hungarian Grand Prix,BOT,1,MEDIUM,14,1.7019999999999982,0.40099999999999625,-1.301000000000002
2024,Hungarian Grand Prix,BOT,2,HARD,27,1.0289999999999964,1.9839999999999947,0.9549999999999983
2024,Hungarian Grand Prix,BOT,3,HARD,23,2.0529999999999973,3.3670000000000044,1.3140000000000072
2024,Hungarian Grand Prix,GAS,1,HARD,25,1.2450000000000045,0.7849999999999966,-0.46000000000000796
2024,Hungarian Grand Prix,HAM,1,MEDIUM,14,0.6779999999999973,0.6989999999999981,0.021000000000000796
2024,Hungarian Grand Prix,HAM,2,HARD,22,0.1869999999999976,1.656000000000006,1.4690000000000083
2024,Hungarian Grand Prix,HAM,3,HARD,29,0.9209999999999923,0.8019999999999925,-0.11899999999999977
2024,Hungarian Grand Prix,HUL,2,HARD,25,0.6970000000000027,3.5019999999999953,2.8049999999999926
2024,Hungarian Grand Prix,HUL,3,HARD,39,0.46399999999999864,1.8329999999999984,1.3689999999999998
2024,Hungarian Grand Prix,LEC,1,MEDIUM,21,0.6219999999999999,0.48799999999999955,-0.13400000000000034
2024,Hungarian Grand Prix,LEC,2,HARD,15,0.8889999999999958,2.269999999999996,1.3810000000000002
2024,Hungarian Grand Prix,LEC,3,MEDIUM,29,0.6679999999999922,0.8099999999999881,0.1419999999999959
2024,Hungarian Grand Prix,MAG,2,HARD,26,0.27600000000001046,0.9939999999999998,0.7179999999999893
2024,Hungarian Grand Prix,MAG,3,HARD,34,0.5630000000000024,1.7520000000000095,1.1890000000000072
2024,Hungarian Grand Prix,NOR,1,MEDIUM,15,0.6129999999999995,0.7070000000000078,0.0940000000000083
2024,Hungarian Grand Prix,NOR,2,HARD,26,0.8430000000000035,1.2430000000000092,0.4000000000000057
2024,Hungarian Grand Prix,NOR,3,MEDIUM,24,0.39699999999999136,2.290999999999997,1.8940000000000055
2024,Hungarian Grand Prix,OCO,2,HARD,22,0.3219999999999885,1.5079999999999956,1.186000000000007
2024,Hungarian Grand Prix,OCO,3,HARD,32,0.8810000000000002,1.0859999999999985,0.2049999999999983
2024,Hungarian Grand Prix,PER,1,HARD,26,2.1670000000000016,1.3569999999999993,-0.8100000000000023
2024,Hungarian Grand Prix,PER,2,MEDIUM,17,0.625,0.730000000000004,0.10500000000000398
2024,Hungarian Grand Prix,PER,3,MEDIUM,22,0.20300000000000296,2.350999999999999,2.147999999999996
2024,Hungarian Grand Prix,PIA,1,MEDIUM,16,0.3189999999999884,0.4519999999999982,0.13300000000000978
2024,Hungarian Grand Prix,PIA,2,HARD,26,0.8200000000000074,1.4500000000000028,0.6299999999999955
2024,Hungarian Grand Prix,PIA,3,MEDIUM,22,0.14700000000000557,1.2110000000000127,1.0640000000000072
2024,Hungarian Grand Prix,RIC,2,HARD,19,0.19700000000000273,0.9809999999999945,0.7839999999999918
2024,Hungarian Grand Prix,RIC,3,HARD,40,0.4579999999999984,2.885000000000005,2.4270000000000067
2024,Hungarian Grand Prix,RUS,1,HARD,31,1.769999999999996,0.5079999999999956,-1.2620000000000005
2024,Hungarian Grand Prix,RUS,2,MEDIUM,18,0.6189999999999998,0.5,-0.11899999999999977
2024,Hungarian Grand Prix,RUS,3,HARD,16,0.7149999999999892,3.2749999999999915,2.5600000000000023
2024,Hungarian Grand Prix,SAI,1,MEDIUM,19,0.9939999999999998,0.7379999999999995,-0.2560000000000002
2024,Hungarian Grand Prix,SAI,2,HARD,24,1.0960000000000036,1.1850000000000023,0.08899999999999864
2024,Hungarian Grand Prix,SAI,3,MEDIUM,22,0.42900000000000205,1.6610000000000014,1.2319999999999993
2024,Hungarian Grand Prix,SAR,1,MEDIUM,6,1.1950000000000074,1.0120000000000005,-0.18300000000000693
2024,Hungarian Grand Prix,SAR,2,HARD,23,0.0,0.7590000000000003,0.7590000000000003
2024,Hungarian Grand Prix,SAR,3,HARD,28,0.22499999999999432,1.777000000000001,1.5520000000000067
2024,Hungarian Grand Prix,STR,1,SOFT,12,1.975999999999999,0.4129999999999967,-1.5630000000000024
2024,Hungarian Grand Prix,STR,2,MEDIUM,29,0.8310000000000031,0.41799999999999216,-0.4130000000000109
2024,Hungarian Grand Prix,STR,3,HARD,24,0.44000000000001194,2.0490000000000066,1.6089999999999947
2024,Hungarian Grand Prix,TSU,1,MEDIUM,27,1.9200000000000017,1.2460000000000093,-0.6739999999999924
2024,Hungarian Grand Prix,TSU,2,HARD,39,0.3149999999999977,0.8049999999999926,0.4899999999999949
2024,Hungarian Grand Prix,VER,1,MEDIUM,19,0.09600000000000364,0.5439999999999969,0.4479999999999933
2024,Hungarian Grand Prix,VER,2,HARD,25,0.12699999999999534,1.5729999999999933,1.445999999999998
2024,Hungarian Grand Prix,VER,3,MEDIUM,19,0.26300000000000523,2.292999999999992,2.029999999999987
2024,Hungarian Grand Prix,ZHO,2,HARD,27,0.18600000000000705,3.192999999999998,3.006999999999991
2024,Hungarian Grand Prix,ZHO,3,HARD,32,0.7710000000000008,2.1650000000000063,1.3940000000000055
2024,Italian Grand Prix,ALB,1,MEDIUM,14,1.0589999999999975,0.98599999999999,-0.0730000000000075
2024,Italian Grand Prix,ALB,2,HARD,33,1.1559999999999917,0.0030000000000001137,-1.1529999999999916
2024,Italian Grand Prix,ALO,1,MEDIUM,10,0.7180000000000035,0.1389999999999958,-0.5790000000000077
2024,Italian Grand Prix,ALO,2,HARD,20,0.16599999999999682,0.5949999999999989,0.42900000000000205
2024,Italian Grand Prix,ALO,3,HARD,17,0.8259999999999934,0.7420000000000044,-0.08399999999998897
2024,Italian Grand Prix,BOT,1,HARD,31,1.1140000000000043,0.21800000000000352,-0.8960000000000008
2024,Italian Grand Prix,BOT,2,MEDIUM,18,1.6039999999999992,0.37000000000000455,-1.2339999999999947
2024,Italian Grand Prix,COL,1,MEDIUM,14,0.5210000000000008,0.6149999999999949,0.09399999999999409
2024,Italian Grand Prix,COL,2,HARD,36,1.2000000000000028,0.4580000000000126,-0.7419999999999902
2024,Italian Grand Prix,GAS,1,MEDIUM,8,0.7860000000000014,0.6450000000000102,-0.14099999999999113
2024,Italian Grand Prix,GAS,2,HARD,16,0.2539999999999907,1.0069999999999908,0.7530000000000001
2024,Italian Grand Prix,GAS,3,HARD,21,0.6280000000000001,0.21800000000000352,-0.4099999999999966
2024,Italian Grand Prix,HAM,1,MEDIUM,13,0.9509999999999934,0.5579999999999927,-0.3930000000000007
2024,Italian Grand Prix,HAM,2,HARD,20,1.5030000000000001,0.20300000000000296,-1.2999999999999972
2024,Italian Grand Prix,HAM,3,HARD,15,1.456000000000003,1.2249999999999943,-0.23100000000000875
2024,Italian Grand Prix,HUL,2,HARD,25,0.367999999999995,0.5869999999999891,0.2189999999999941
2024,Italian Grand Prix,HUL,3,HARD,19,0.48599999999999,0.7419999999999902,0.2560000000000002
2024,Italian Grand Prix,LEC,1,MEDIUM,13,0.8170000000000073,1.1670000000000016,0.3499999999999943
2024,Italian Grand Prix,LEC,2,HARD,37,0.9770000000000039,0.32900000000000773,-0.6479999999999961
2024,Italian Grand Prix,MAG,1,MEDIUM,12,0.7990000000000066,0.35999999999999943,-0.43900000000000716
2024,Italian Grand Prix,MAG,2,HARD,37,1.671999999999997,0.2540000000000049,-1.4179999999999922
2024,Italian Grand Prix,NOR,1,MEDIUM,12,0.777000000000001,0.2639999999999958,-0.5130000000000052
2024,Italian Grand Prix,NOR,2,HARD,15,1.0870000000000033,0.2330000000000041,-0.8539999999999992
2024,Italian Grand Prix,NOR,3,HARD,20,1.6820000000000022,0.8370000000000033,-0.8449999999999989
2024,Italian Grand Prix,OCO,1,HARD,29,1.0969999999999942,0.6560000000000059,-0.4409999999999883
2024,Italian Grand Prix,OCO,2,MEDIUM,20,0.6219999999999999,0.2469999999999999,-0.375
2024,Italian Grand Prix,PER,1,HARD,21,1.1510000000000105,1.210000000000008,0.0589999999999975
2024,Italian Grand Prix,PER,2,HARD,10,0.5019999999999953,0.13800000000000523,-0.3639999999999901
2024,Italian Grand Prix,PER,3,MEDIUM,17,0.73599999999999,1.0999999999999943,0.3640000000000043
2024,Italian Grand Prix,PIA,1,MEDIUM,14,1.0390000000000015,0.9710000000000036,-0.06799999999999784
2024,Italian Grand Prix,PIA,2,HARD,20,1.0600000000000023,0.722999999999999,-0.3370000000000033
2024,Italian Grand Prix,PIA,3,HARD,14,0.32099999999999795,0.0049999999999954525,-0.3160000000000025
2024,Italian Grand Prix,RIC,1,MEDIUM,8,0.875,0.10200000000000387,-0.7729999999999961
2024,Italian Grand Prix,RIC,2,HARD,41,1.608000000000004,0.1280000000000001,-1.480000000000004
2024,Italian Grand Prix,RUS,1,MEDIUM,9,0.715999999999994,0.1699999999999875,-0.5460000000000065
2024,Italian Grand Prix,RUS,2,HARD,19,1.3709999999999951,0.33899999999999864,-1.0319999999999965
2024,Italian Grand Prix,RUS,3,HARD,19,1.1219999999999999,0.41100000000000136,-0.7109999999999985
2024,Italian Grand Prix,SAI,1,MEDIUM,16,0.7160000000000082,0.7650000000000006,0.04899999999999238
2024,Italian Grand Prix,SAI,2,HARD,33,1.2800000000000011,0.5030000000000001,-0.777000000000001
2024,Italian Grand Prix,STR,1,HARD,17,1.1759999999999877,1.0349999999999966,-0.14099999999999113
2024,Italian Grand Prix,STR,2,HARD,15,0.284000000000006,0.42600000000000193,0.1419999999999959
2024,Italian Grand Prix,STR,3,MEDIUM,11,0.2749999999999915,1.6369999999999862,1.3619999999999948
2024,Italian Grand Prix,VER,1,HARD,20,0.9369999999999976,0.6189999999999998,-0.31799999999999784
2024,Italian Grand Prix,VER,2,HARD,17,0.1939999999999884,0.07699999999999818,-0.11699999999999022
2024,Italian Grand Prix,VER,3,MEDIUM,11,1.2999999999999972,1.1749999999999972,-0.125
2024,Italian Grand Prix,ZHO,1,MEDIUM,13,1.0550000000000068,0.8600000000000136,-0.19499999999999318
2024,Italian Grand Prix,ZHO,2,HARD,36,0.1530000000000058,0.8539999999999992,0.7009999999999934
2024,Japanese Grand Prix,ALO,2,SOFT,9,0.07899999999999352,1.328000000000003,1.2490000000000094
2024,Japanese Grand Prix,ALO,3,MEDIUM,18,0.20000000000000284,0.8140000000000072,0.6140000000000043
2024,Japanese Grand Prix,ALO,4,HARD,19,0.6550000000000011,0.9069999999999965,0.25199999999999534
2024,Japanese Grand Prix,BOT,3,HARD,14,0.7000000000000028,2.7509999999999906,2.0509999999999877
2024,Japanese Grand Prix,BOT,4,HARD,29,0.25,1.1189999999999998,0.8689999999999998
2024,Japanese Grand Prix,GAS,2,HARD,12,0.4519999999999982,2.299999999999997,1.847999999999999
2024,Japanese Grand Prix,GAS,3,MEDIUM,14,0.22500000000000853,0.6780000000000115,0.45300000000000296
2024,Japanese Grand Prix,GAS,4,HARD,19,1.01400000000001,1.0790000000000077,0.06499999999999773
2024,Japanese Grand Prix,HAM,2,HARD,19,0.09399999999999409,0.5459999999999923,0.4519999999999982
2024,Japanese Grand Prix,HAM,3,HARD,14,0.015000000000000568,1.1899999999999977,1.1749999999999972
2024,Japanese Grand Prix,HAM,4,MEDIUM,12,0.12999999999999545,1.524000000000001,1.3940000000000055
2024,Japanese Grand Prix,HUL,3,HARD,26,0.8649999999999949,2.7139999999999986,1.8490000000000038
2024,Japanese Grand Prix,HUL,4,HARD,18,0.6080000000000041,0.3930000000000007,-0.2150000000000034
2024,Japanese Grand Prix,LEC,2,MEDIUM,22,0.5409999999999968,0.4380000000000024,-0.10299999999999443
2024,Japanese Grand Prix,LEC,3,HARD,26,1.1809999999999974,0.15500000000000114,-1.0259999999999962
2024,Japanese Grand Prix,MAG,2,MEDIUM,18,0.7639999999999958,0.27599999999999625,-0.48799999999999955
2024,Japanese Grand Prix,MAG,3,HARD,29,0.3790000000000049,1.1680000000000064,0.7890000000000015
2024,Japanese Grand Prix,NOR,2,MEDIUM,7,0.007000000000005002,1.1099999999999994,1.1029999999999944
2024,Japanese Grand Prix,NOR,3,HARD,12,1.0160000000000053,1.9609999999999985,0.9449999999999932
2024,Japanese Grand Prix,NOR,4,HARD,26,1.056999999999988,0.5349999999999966,-0.5219999999999914
2024,Japanese Grand Prix,OCO,2,HARD,15,0.5400000000000063,1.195999999999998,0.6559999999999917
2024,Japanese Grand Prix,OCO,3,HARD,12,0.05900000000001171,0.7830000000000013,0.7239999999999895
2024,Japanese Grand Prix,OCO,4,MEDIUM,18,0.8940000000000055,0.40399999999999636,-0.4900000000000091
2024,Japanese Grand Prix,PER,2,MEDIUM,10,0.0049999999999954525,1.588000000000008,1.5830000000000126
2024,Japanese Grand Prix,PER,3,MEDIUM,16,1.2219999999999942,0.8999999999999915,-0.32200000000000273
2024,Japanese Grand Prix,PER,4,HARD,19,0.534000000000006,0.9450000000000074,0.41100000000000136
2024,Japanese Grand Prix,PIA,2,MEDIUM,8,0.10299999999999443,1.3799999999999955,1.277000000000001
2024,Japanese Grand Prix,PIA,3,HARD,17,0.6299999999999955,1.024000000000001,0.39400000000000546
2024,Japanese Grand Prix,PIA,4,HARD,19,0.3259999999999934,1.3619999999999948,1.0360000000000014
2024,Japanese Grand Prix,RUS,2,HARD,18,0.6550000000000011,0.7259999999999991,0.07099999999999795
2024,Japanese Grand Prix,RUS,3,HARD,13,0.5240000000000009,1.320999999999998,0.796999999999997
2024,Japanese Grand Prix,RUS,4,MEDIUM,15,0.13300000000000978,1.0250000000000057,0.8919999999999959
2024,Japanese Grand Prix,SAI,2,MEDIUM,11,0.09700000000000841,1.108000000000004,1.0109999999999957
2024,Japanese Grand Prix,SAI,3,MEDIUM,18,0.2289999999999992,0.6370000000000005,0.40800000000000125
2024,Japanese Grand Prix,SAI,4,HARD,16,0.5550000000000068,1.362000000000009,0.8070000000000022
2024,Japanese Grand Prix,SAR,2,HARD,17,0.7000000000000028,0.5690000000000026,-0.13100000000000023
2024,Japanese Grand Prix,SAR,3,HARD,10,1.8400000000000034,1.1709999999999923,-0.6690000000000111
2024,Japanese Grand Prix,SAR,5,SOFT,9,0.1869999999999976,0.5899999999999892,0.4029999999999916
2024,Japanese Grand Prix,STR,2,SOFT,8,0.9180000000000064,0.4420000000000073,-0.4759999999999991
2024,Japanese Grand Prix,STR,3,MEDIUM,8,0.18999999999999773,1.6170000000000044,1.4270000000000067
2024,Japanese Grand Prix,STR,4,HARD,10,0.23400000000000887,1.4410000000000025,1.2069999999999936
2024,Japanese Grand Prix,STR,5,SOFT,17,0.4860000000000042,0.4719999999999942,-0.014000000000010004
2024,Japanese Grand Prix,TSU,3,HARD,13,0.3259999999999934,2.391999999999996,2.0660000000000025
2024,Japanese Grand Prix,TSU,4,HARD,29,0.6950000000000074,0.04600000000000648,-0.6490000000000009
2024,Japanese Grand Prix,VER,2,MEDIUM,12,0.03499999999999659,1.4170000000000016,1.382000000000005
2024,Japanese Grand Prix,VER,3,MEDIUM,16,0.7849999999999966,1.3029999999999973,0.5180000000000007
2024,Japanese Grand Prix,VER,4,HARD,18,1.2639999999999958,1.2639999999999958,0.0
2024,Las Vegas Grand Prix,ALB,1,MEDIUM,7,1.7319999999999993,0.7939999999999969,-0.9380000000000024
2024,Las Vegas Grand Prix,ALB,2,HARD,14,1.058000000000007,1.7049999999999983,0.6469999999999914
2024,Las Vegas Grand Prix,ALO,2,HARD,18,1.1770000000000067,1.078000000000003,-0.09900000000000375
2024,Las Vegas Grand Prix,ALO,3,HARD,25,1.8689999999999998,1.4270000000000067,-0.44199999999999307
2024,Las Vegas Grand Prix,BOT,1,HARD,15,1.1709999999999923,2.7579999999999956,1.5870000000000033
2024,Las Vegas Grand Prix,BOT,2,MEDIUM,16,0.7550000000000097,1.9950000000000045,1.2399999999999949
2024,Las Vegas Grand Prix,BOT,3,HARD,11,0.49099999999999966,1.7000000000000028,1.2090000000000032
2024,Las Vegas Grand Prix,COL,1,HARD,14,1.9939999999999998,3.105000000000004,1.1110000000000042
2024,Las Vegas Grand Prix,COL,2,MEDIUM,8,0.9390000000000072,0.08100000000000307,-0.8580000000000041
2024,Las Vegas Grand Prix,COL,3,HARD,23,1.3519999999999897,0.3719999999999999,-0.9799999999999898
2024,Las Vegas Grand Prix,GAS,1,MEDIUM,8,0.40100000000001046,2.024000000000001,1.6229999999999905
2024,Las Vegas Grand Prix,HAM,1,MEDIUM,11,0.7550000000000097,0.4300000000000068,-0.32500000000000284
2024,Las Vegas Grand Prix,HAM,2,HARD,11,0.7169999999999987,0.26799999999998647,-0.4490000000000123
2024,Las Vegas Grand Prix,HAM,3,HARD,20,1.2680000000000007,2.1129999999999995,0.8449999999999989
2024,Las Vegas Grand Prix,HUL,1,MEDIUM,12,0.07499999999998863,1.9739999999999895,1.899000000000001
2024,Las Vegas Grand Prix,HUL,2,HARD,17,0.9060000000000059,1.1069999999999993,0.2009999999999934
2024,Las Vegas Grand Prix,HUL,3,HARD,16,1.1450000000000102,0.11899999999999977,-1.0260000000000105
2024,Las Vegas Grand Prix,LAW,1,MEDIUM,9,0.4350000000000023,1.5630000000000024,1.1280000000000001
2024,Las Vegas Grand Prix,LAW,2,HARD,25,0.4819999999999993,1.7940000000000111,1.3120000000000118
2024,Las Vegas Grand Prix,LAW,3,HARD,9,0.4299999999999926,0.2459999999999951,-0.1839999999999975
2024,Las Vegas Grand Prix,LEC,1,MEDIUM,7,0.17200000000001125,1.6770000000000067,1.5049999999999955
2024,Las Vegas Grand Prix,LEC,2,HARD,20,2.817999999999998,0.9399999999999977,-1.8780000000000001
2024,Las Vegas Grand Prix,LEC,3,HARD,15,1.4069999999999965,0.39099999999999113,-1.0160000000000053
2024,Las Vegas Grand Prix,MAG,1,MEDIUM,15,1.4989999999999952,3.0390000000000015,1.5400000000000063
2024,Las Vegas Grand Prix,MAG,2,HARD,32,2.945999999999998,0.25900000000000034,-2.6869999999999976
2024,Las Vegas Grand Prix,NOR,1,MEDIUM,7,0.34900000000000375,0.867999999999995,0.5189999999999912
2024,Las Vegas Grand Prix,NOR,2,HARD,19,2.1140000000000043,1.0969999999999942,-1.0170000000000101
2024,Las Vegas Grand Prix,NOR,3,HARD,16,2.122,0.8359999999999985,-1.2860000000000014
2024,Las Vegas Grand Prix,OCO,1,MEDIUM,9,0.2179999999999893,1.4849999999999994,1.2670000000000101
2024,Las Vegas Grand Prix,OCO,3,HARD,31,0.7240000000000038,0.592000000000013,-0.1319999999999908
2024,Las Vegas Grand Prix,PER,1,HARD,15,1.5679999999999978,2.056999999999988,0.4889999999999901
2024,Las Vegas Grand Prix,PER,2,MEDIUM,13,0.36700000000000443,0.4339999999999975,0.06699999999999307
2024,Las Vegas Grand Prix,PER,3,HARD,17,0.7860000000000014,0.6129999999999995,-0.17300000000000182
2024,Las Vegas Grand Prix,PIA,1,MEDIUM,8,0.21599999999999397,1.340999999999994,1.125
2024,Las Vegas Grand Prix,PIA,2,HARD,13,0.1950000000000074,1.108000000000004,0.9129999999999967
2024,Las Vegas Grand Prix,PIA,3,HARD,23,1.308000000000007,1.2489999999999952,-0.05900000000001171
2024,Las Vegas Grand Prix,RUS,1,MEDIUM,10,0.7280000000000086,0.5529999999999973,-0.17500000000001137
2024,Las Vegas Grand Prix,RUS,2,HARD,18,0.9370000000000118,0.19700000000000273,-0.7400000000000091
2024,Las Vegas Grand Prix,RUS,3,HARD,15,1.2999999999999972,1.2579999999999956,-0.04200000000000159
2024,Las Vegas Grand Prix,SAI,1,MEDIUM,8,0.1869999999999976,1.1899999999999977,1.0030000000000001
2024,Las Vegas Grand Prix,SAI,2,HARD,15,2.1499999999999915,0.46699999999999875,-1.6829999999999927
2024,Las Vegas Grand Prix,SAI,3,HARD,20,1.4779999999999944,0.5919999999999987,-0.8859999999999957
2024,Las Vegas Grand Prix,STR,1,MEDIUM,7,1.4959999999999951,0.2960000000000065,-1.1999999999999886
2024,Las Vegas Grand Prix,STR,2,HARD,17,1.465999999999994,1.063999999999993,-0.402000000000001
2024,Las Vegas Grand Prix,STR,3,HARD,20,1.1730000000000018,0.27199999999999136,-0.9010000000000105
2024,Las Vegas Grand Prix,TSU,1,MEDIUM,8,0.3359999999999985,0.902000000000001,0.5660000000000025
2024,Las Vegas Grand Prix,TSU,2,HARD,17,0.12699999999999534,0.7549999999999955,0.6280000000000001
2024,Las Vegas Grand Prix,TSU,3,HARD,20,1.217000000000013,0.3470000000000084,-0.8700000000000045
2024,Las Vegas Grand Prix,VER,1,MEDIUM,9,0.8730000000000047,1.318000000000012,0.4450000000000074
2024,Las Vegas Grand Prix,VER,2,HARD,13,0.8520000000000039,0.17099999999999227,-0.6810000000000116
2024,Las Vegas Grand Prix,VER,3,HARD,21,1.301000000000002,0.7680000000000007,-0.5330000000000013
2024,Las Vegas Grand Prix,ZHO,1,MEDIUM,9,0.09199999999999875,1.5120000000000005,1.4200000000000017
2024,Las Vegas Grand Prix,ZHO,2,HARD,21,0.5739999999999981,0.8990000000000009,0.32500000000000284
2024,Las Vegas Grand Prix,ZHO,3,HARD,15,1.2289999999999992,0.6509999999999962,-0.578000000000003
2024,Mexico City Grand Prix,ALO,1,MEDIUM,7,0.4100000000000108,1.4440000000000026,1.0339999999999918
2024,Mexico City Grand Prix,BOT,1,HARD,42,0.25199999999999534,0.12899999999999068,-0.12300000000000466
2024,Mexico City Grand Prix,BOT,2,MEDIUM,20,0.3569999999999993,1.5,1.1430000000000007
2024,Mexico City Grand Prix,COL,1,HARD,40,0.6899999999999977,0.07399999999999807,-0.6159999999999997
2024,Mexico City Grand Prix,COL,2,MEDIUM,21,0.25799999999999557,1.1739999999999924,0.9159999999999968
2024,Mexico City Grand Prix,GAS,1,MEDIUM,21,0.41100000000000136,1.6679999999999922,1.2569999999999908
2024,Mexico City Grand Prix,GAS,2,HARD,41,1.3089999999999975,0.49500000000000455,-0.813999999999993
2024,Mexico City Grand Prix,HAM,1,MEDIUM,21,0.09099999999999397,1.2049999999999983,1.1140000000000043
2024,Mexico City Grand Prix,HAM,2,HARD,41,1.1650000000000063,0.570999999999998,-0.5940000000000083
2024,Mexico City Grand Prix,HUL,1,MEDIUM,22,0.05500000000000682,1.4680000000000035,1.4129999999999967
2024,Mexico City Grand Prix,HUL,2,HARD,40,1.4969999999999999,0.3149999999999977,-1.1820000000000022
2024,Mexico City Grand Prix,LAW,1,HARD,32,0.5100000000000051,0.4609999999999985,-0.049000000000006594
2024,Mexico City Grand Prix,LAW,2,MEDIUM,24,0.2009999999999934,0.4709999999999894,0.269999999999996
2024,Mexico City Grand Prix,LEC,1,MEDIUM,24,0.8389999999999986,1.0679999999999978,0.2289999999999992
2024,Mexico City Grand Prix,LEC,2,HARD,35,0.6909999999999883,0.9939999999999998,0.3030000000000115
2024,Mexico City Grand Prix,MAG,1,MEDIUM,23,0.027000000000001023,1.6149999999999949,1.5879999999999939
2024,Mexico City Grand Prix,MAG,2,HARD,40,1.3089999999999975,0.5319999999999965,-0.777000000000001
2024,Mexico City Grand Prix,NOR,1,MEDIUM,22,0.16100000000000136,0.9519999999999982,0.7909999999999968
2024,Mexico City Grand Prix,NOR,2,HARD,40,1.1899999999999977,0.23099999999999454,-0.9590000000000032
2024,Mexico City Grand Prix,OCO,1,HARD,41,0.6099999999999994,0.15099999999999625,-0.4590000000000032
2024,Mexico City Grand Prix,OCO,2,MEDIUM,21,0.5479999999999876,0.4969999999999999,-0.05099999999998772
2024,Mexico City Grand Prix,PER,1,HARD,11,0.7239999999999895,0.8900000000000006,0.16600000000001103
2024,Mexico City Grand Prix,PER,2,MEDIUM,21,0.21999999999999886,2.687999999999988,2.4679999999999893
2024,Mexico City Grand Prix,PER,3,MEDIUM,23,0.5460000000000065,1.426000000000002,0.8799999999999955
2024,Mexico City Grand Prix,PIA,1,MEDIUM,30,1.1680000000000064,0.43600000000000705,-0.7319999999999993
2024,Mexico City Grand Prix,PIA,2,HARD,31,1.3030000000000115,0.8270000000000124,-0.4759999999999991
2024,Mexico City Grand Prix,RUS,1,MEDIUM,24,0.1419999999999959,0.5579999999999927,0.4159999999999968
2024,Mexico City Grand Prix,RUS,2,HARD,39,0.9770000000000039,0.5350000000000108,-0.44199999999999307
2024,Mexico City Grand Prix,SAI,1,MEDIUM,25,0.5459999999999923,0.5849999999999937,0.03900000000000148
2024,Mexico City Grand Prix,SAI,2,HARD,38,0.9419999999999931,0.2980000000000018,-0.6439999999999912
2024,Mexico City Grand Prix,STR,1,MEDIUM,18,0.3439999999999941,1.0699999999999932,0.7259999999999991
2024,Mexico City Grand Prix,STR,2,HARD,43,1.5259999999999962,0.15699999999999648,-1.3689999999999998
2024,Mexico City Grand Prix,VER,1,MEDIUM,18,0.03300000000000125,1.0130000000000052,0.980000000000004
2024,Mexico City Grand Prix,VER,2,HARD,44,1.4080000000000013,0.6629999999999967,-0.7450000000000045
2024,Mexico City Grand Prix,ZHO,1,HARD,36,0.4759999999999991,0.7420000000000044,0.26600000000000534
2024,Mexico City Grand Prix,ZHO,2,MEDIUM,26,0.811000000000007,1.1779999999999973,0.3669999999999902
2024,Miami Grand Prix,ALB,1,MEDIUM,7,0.4200000000000017,0.3710000000000093,-0.04899999999999238
2024,Miami Grand Prix,ALB,2,HARD,32,1.3769999999999953,1.5899999999999892,0.21299999999999386
2024,Miami Grand Prix,ALO,1,HARD,19,0.2710000000000008,0.4789999999999992,0.2079999999999984
2024,Miami Grand Prix,ALO,2,MEDIUM,28,1.7349999999999994,0.40399999999999636,-1.331000000000003
2024,Miami Grand Prix,BOT,1,SOFT,9,0.8059999999999974,0.8979999999999961,0.09199999999999875
2024,Miami Grand Prix,BOT,2,HARD,13,0.2149999999999892,0.16100000000000136,-0.053999999999987836
2024,Miami Grand Prix,BOT,3,MEDIUM,25,0.9110000000000014,0.33899999999999864,-0.5720000000000027
2024,Miami Grand Prix,GAS,1,MEDIUM,10,0.36599999999999966,0.9419999999999931,0.5759999999999934
2024,Miami Grand Prix,GAS,2,HARD,36,1.3199999999999932,0.2709999999999866,-1.0490000000000066
2024,Miami Grand Prix,HAM,1,HARD,23,1.179000000000002,0.0799999999999983,-1.0990000000000038
2024,Miami Grand Prix,HAM,2,MEDIUM,25,1.0349999999999966,0.19599999999999795,-0.8389999999999986
2024,Miami Grand Prix,HUL,1,MEDIUM,10,0.37699999999999534,1.1949999999999932,0.8179999999999978
2024,Miami Grand Prix,HUL,2,HARD,10,0.382000000000005,1.1770000000000067,0.7950000000000017
2024,Miami Grand Prix,HUL,3,MEDIUM,25,1.1739999999999924,0.1039999999999992,-1.0699999999999932
2024,Miami Grand Prix,LEC,1,MEDIUM,17,0.6280000000000001,0.3370000000000033,-0.2909999999999968
2024,Miami Grand Prix,LEC,2,HARD,31,1.3109999999999928,0.19700000000000273,-1.11399999999999
2024,Miami Grand Prix,MAG,1,HARD,20,1.4240000000000066,0.26500000000000057,-1.159000000000006
2024,Miami Grand Prix,MAG,4,MEDIUM,25,0.2189999999999941,1.007000000000005,0.7880000000000109
2024,Miami Grand Prix,NOR,1,MEDIUM,25,1.7049999999999983,0.18000000000000682,-1.5249999999999915
2024,Miami Grand Prix,NOR,2,HARD,25,0.3089999999999975,0.060000000000002274,-0.24899999999999523
2024,Miami Grand Prix,OCO,1,MEDIUM,20,1.1219999999999999,0.5240000000000009,-0.597999999999999
2024,Miami Grand Prix,OCO,2,HARD,29,1.0039999999999907,0.10899999999999466,-0.894999999999996
2024,Miami Grand Prix,PER,1,MEDIUM,15,0.2779999999999916,0.18999999999999773,-0.08799999999999386
2024,Miami Grand Prix,PER,2,HARD,7,0.9080000000000013,0.3509999999999991,-0.5570000000000022
2024,Miami Grand Prix,PER,3,MEDIUM,25,1.3329999999999984,0.367999999999995,-0.9650000000000034
2024,Miami Grand Prix,PIA,1,MEDIUM,24,0.6099999999999994,0.001999999999995339,-0.6080000000000041
2024,Miami Grand Prix,PIA,2,HARD,7,0.7710000000000008,0.6629999999999967,-0.10800000000000409
2024,Miami Grand Prix,PIA,3,MEDIUM,16,0.009000000000000341,1.4200000000000017,1.4110000000000014
2024,Miami Grand Prix,RIC,1,HARD,24,2.378,0.21999999999999886,-2.1580000000000013
2024,Miami Grand Prix,RIC,2,MEDIUM,25,1.7680000000000007,0.07699999999999818,-1.6910000000000025
2024,Miami Grand Prix,RUS,1,MEDIUM,20,0.7360000000000042,0.32399999999999807,-0.41200000000000614
2024,Miami Grand Prix,RUS,2,HARD,26,0.6739999999999924,0.4579999999999984,-0.21599999999999397
2024,Miami Grand Prix,SAI,1,MEDIUM,24,0.784000000000006,0.117999999999995,-0.666000000000011
2024,Miami Grand Prix,SAI,2,HARD,24,1.1770000000000067,0.13400000000000034,-1.0430000000000064
2024,Miami Grand Prix,SAR,1,MEDIUM,9,0.8130000000000024,0.6410000000000053,-0.17199999999999704
2024,Miami Grand Prix,SAR,2,HARD,13,0.23999999999999488,0.3500000000000085,0.11000000000001364
2024,Miami Grand Prix,STR,1,MEDIUM,9,0.44599999999999795,0.33199999999999363,-0.11400000000000432
2024,Miami Grand Prix,STR,2,HARD,11,0.11700000000000443,0.34900000000000375,0.23199999999999932
2024,Miami Grand Prix,STR,3,MEDIUM,22,1.4450000000000074,0.005000000000009663,-1.4399999999999977
2024,Miami Grand Prix,TSU,1,MEDIUM,23,1.1970000000000027,0.028999999999996362,-1.1680000000000064
2024,Miami Grand Prix,TSU,2,HARD,25,1.5499999999999972,0.14000000000000057,-1.4099999999999966
2024,Miami Grand Prix,VER,1,MEDIUM,20,0.6069999999999993,0.13800000000000523,-0.4689999999999941
2024,Miami Grand Prix,VER,2,HARD,28,1.149000000000001,0.2289999999999992,-0.9200000000000017
2024,Miami Grand Prix,ZHO,1,MEDIUM,23,0.8539999999999992,0.15900000000000603,-0.6949999999999932
2024,Miami Grand Prix,ZHO,2,SOFT,24,1.4470000000000027,0.17900000000000205,-1.2680000000000007
2024,Monaco Grand Prix,ALB,2,HARD,75,6.3089999999999975,0.2189999999999941,-6.090000000000003
2024,Monaco Grand Prix,ALO,2,MEDIUM,73,5.797000000000011,1.1140000000000043,-4.683000000000007
2024,Monaco Grand Prix,BOT,2,MEDIUM,12,2.414999999999992,0.10699999999999932,-2.3079999999999927
2024,Monaco Grand Prix,BOT,3,HARD,59,0.0059999999999860165,2.212999999999994,2.207000000000008
2024,Monaco Grand Prix,GAS,2,MEDIUM,75,7.802999999999997,1.8910000000000053,-5.911999999999992
2024,Monaco Grand Prix,HAM,2,MEDIUM,48,6.242000000000004,0.43300000000000693,-5.8089999999999975
2024,Monaco Grand Prix,HAM,3,HARD,25,2.292999999999992,1.5319999999999965,-0.7609999999999957
2024,Monaco Grand Prix,LEC,2,HARD,76,7.462999999999994,1.7710000000000008,-5.691999999999993
2024,Monaco Grand Prix,NOR,2,HARD,75,7.039999999999992,0.7749999999999915,-6.265000000000001
2024,Monaco Grand Prix,PIA,2,HARD,76,6.032999999999987,0.45299999999998875,-5.579999999999998
2024,Monaco Grand Prix,RIC,2,HARD,74,6.572000000000003,1.7580000000000098,-4.813999999999993
2024,Monaco Grand Prix,RUS,2,MEDIUM,76,7.817000000000007,0.5250000000000057,-7.292000000000002
2024,Monaco Grand Prix,SAI,2,HARD,76,7.632000000000005,1.9749999999999943,-5.657000000000011
2024,Monaco Grand Prix,SAR,2,HARD,54,4.1710000000000065,1.963000000000008,-2.2079999999999984
2024,Monaco Grand Prix,SAR,3,MEDIUM,18,0.05499999999999261,1.3379999999999939,1.2830000000000013
2024,Monaco Grand Prix,STR,2,MEDIUM,39,4.714999999999989,1.1839999999999975,-3.5309999999999917
2024,Monaco Grand Prix,STR,4,SOFT,27,0.6400000000000006,1.801000000000002,1.1610000000000014
2024,Monaco Grand Prix,TSU,2,HARD,75,8.772999999999996,0.27200000000000557,-8.50099999999999
2024,Monaco Grand Prix,VER,2,MEDIUM,49,5.326000000000008,0.4030000000000058,-4.923000000000002
2024,Monaco Grand Prix,VER,3,HARD,25,0.8969999999999914,1.0720000000000027,0.17500000000001137
2024,Monaco Grand Prix,ZHO,2,HARD,67,5.761999999999986,2.5479999999999876,-3.2139999999999986
2024,Qatar Grand Prix,ALB,1,MEDIUM,30,3.618000000000009,0.26900000000000546,-3.3490000000000038
2024,Qatar Grand Prix,ALB,4,SOFT,12,0.9650000000000034,2.608000000000004,1.6430000000000007
2024,Qatar Grand Prix,ALO,1,MEDIUM,29,2.4080000000000013,0.14799999999999613,-2.260000000000005
2024,Qatar Grand Prix,ALO,4,MEDIUM,15,1.8100000000000023,0.21800000000000352,-1.5919999999999987
2024,Qatar Grand Prix,BOT,1,MEDIUM,19,3.105000000000004,0.5480000000000018,-2.557000000000002
2024,Qatar Grand Prix,BOT,2,HARD,8,0.7909999999999968,2.173000000000002,1.382000000000005
2024,Qatar Grand Prix,BOT,4,MEDIUM,14,1.2459999999999951,0.7780000000000058,-0.4679999999999893
2024,Qatar Grand Prix,GAS,1,MEDIUM,29,3.2960000000000065,0.20900000000000318,-3.0870000000000033
2024,Qatar Grand Prix,GAS,4,HARD,13,0.5330000000000013,0.23199999999999932,-0.30100000000000193
2024,Qatar Grand Prix,HAM,1,MEDIUM,28,2.8569999999999993,0.045000000000001705,-2.8119999999999976
2024,Qatar Grand Prix,HAM,5,HARD,9,0.9410000000000025,0.5470000000000113,-0.39399999999999125
2024,Qatar Grand Prix,HUL,2,HARD,26,4.447000000000003,0.09900000000000375,-4.347999999999999
2024,Qatar Grand Prix,LAW,1,MEDIUM,30,3.353999999999999,0.024999999999991473,-3.3290000000000077
2024,Qatar Grand Prix,LAW,5,SOFT,12,0.13100000000000023,0.44600000000001216,0.31500000000001194
2024,Qatar Grand Prix,LEC,1,MEDIUM,30,2.9029999999999916,0.10099999999999909,-2.8019999999999925
2024,Qatar Grand Prix,LEC,4,HARD,15,0.769999999999996,0.2560000000000002,-0.5139999999999958
2024,Qatar Grand Prix,MAG,1,MEDIUM,21,2.4270000000000067,0.04200000000000159,-2.385000000000005
2024,Qatar Grand Prix,MAG,2,HARD,6,0.2950000000000017,0.5699999999999932,0.2749999999999915
2024,Qatar Grand Prix,MAG,4,HARD,14,2.0010000000000048,0.4819999999999993,-1.5190000000000055
2024,Qatar Grand Prix,NOR,1,MEDIUM,30,2.146000000000001,0.11299999999999955,-2.0330000000000013
2024,Qatar Grand Prix,NOR,5,HARD,9,0.4380000000000024,0.0870000000000033,-0.3509999999999991
2024,Qatar Grand Prix,PER,1,MEDIUM,30,2.5390000000000015,0.10200000000000387,-2.4369999999999976
2024,Qatar Grand Prix,PIA,1,MEDIUM,27,2.3100000000000023,0.1840000000000117,-2.1259999999999906
2024,Qatar Grand Prix,PIA,4,HARD,14,1.0829999999999984,0.05100000000000193,-1.0319999999999965
2024,Qatar Grand Prix,RUS,1,MEDIUM,18,1.2509999999999906,0.17499999999999716,-1.0759999999999934
2024,Qatar Grand Prix,RUS,2,HARD,10,0.4749999999999943,0.08499999999999375,-0.39000000000000057
2024,Qatar Grand Prix,RUS,5,HARD,15,1.2890000000000015,0.01099999999999568,-1.2780000000000058
2024,Qatar Grand Prix,SAI,1,MEDIUM,29,2.8319999999999936,0.08299999999999841,-2.7489999999999952
2024,Qatar Grand Prix,SAI,4,HARD,15,1.7710000000000008,0.4399999999999977,-1.331000000000003
2024,Qatar Grand Prix,TSU,1,MEDIUM,30,2.3490000000000038,0.12600000000000477,-2.222999999999999
2024,Qatar Grand Prix,TSU,5,SOFT,15,1.043999999999997,1.2890000000000015,0.24500000000000455
2024,Qatar Grand Prix,VER,1,MEDIUM,30,2.152000000000001,0.07700000000001239,-2.0749999999999886
2024,Qatar Grand Prix,VER,4,HARD,15,0.6280000000000001,0.46399999999999864,-0.16400000000000148
2024,Qatar Grand Prix,ZHO,1,MEDIUM,30,3.5989999999999895,0.18999999999999773,-3.408999999999992
2024,Qatar Grand Prix,ZHO,4,HARD,15,2.410000000000011,0.08899999999999864,-2.321000000000012
2024,Saudi Arabian Grand Prix,ALB,2,HARD,38,3.1340000000000003,0.2530000000000001,-2.8810000000000002
2024,Saudi Arabian Grand Prix,ALO,2,HARD,41,2.347999999999999,0.24200000000000443,-2.1059999999999945
2024,Saudi Arabian Grand Prix,BEA,2,HARD,41,3.458999999999989,0.0759999999999934,-3.3829999999999956
2024,Saudi Arabian Grand Prix,BOT,2,HARD,24,1.5990000000000038,0.8640000000000043,-0.7349999999999994
2024,Saudi Arabian Grand Prix,BOT,3,SOFT,13,0.32200000000000273,0.1460000000000008,-0.17600000000000193
2024,Saudi Arabian Grand Prix,HAM,1,MEDIUM,31,2.1869999999999976,0.33899999999999864,-1.847999999999999
2024,Saudi Arabian Grand Prix,HAM,2,SOFT,13,0.5690000000000026,0.8689999999999998,0.29999999999999716
2024,Saudi Arabian Grand Prix,HUL,1,MEDIUM,27,2.2319999999999993,0.18300000000000693,-2.0489999999999924
2024,Saudi Arabian Grand Prix,HUL,2,HARD,16,0.7399999999999949,0.15399999999999636,-0.5859999999999985
2024,Saudi Arabian Grand Prix,LEC,2,HARD,41,2.810999999999993,0.2989999999999924,-2.5120000000000005
2024,Saudi Arabian Grand Prix,MAG,2,HARD,37,2.8910000000000053,1.0990000000000038,-1.7920000000000016
2024,Saudi Arabian Grand Prix,NOR,1,MEDIUM,31,1.769999999999996,0.26200000000000045,-1.5079999999999956
2024,Saudi Arabian Grand Prix,NOR,2,SOFT,12,0.15099999999999625,0.4440000000000026,0.29300000000000637
2024,Saudi Arabian Grand Prix,OCO,2,HARD,40,2.4879999999999995,0.33200000000000784,-2.1559999999999917
2024,Saudi Arabian Grand Prix,PER,2,HARD,41,1.6570000000000107,0.5580000000000069,-1.0990000000000038
2024,Saudi Arabian Grand Prix,PIA,2,HARD,39,2.137999999999991,0.3469999999999942,-1.7909999999999968
2024,Saudi Arabian Grand Prix,RIC,2,HARD,39,3.4960000000000093,2.213000000000008,-1.2830000000000013
2024,Saudi Arabian Grand Prix,RUS,2,HARD,40,2.793999999999997,0.42600000000000193,-2.367999999999995
2024,Saudi Arabian Grand Prix,SAR,2,HARD,40,3.4420000000000073,0.3569999999999993,-3.085000000000008
2024,Saudi Arabian Grand Prix,TSU,2,HARD,39,2.2150000000000034,0.03700000000000614,-2.1779999999999973
2024,Saudi Arabian Grand Prix,VER,2,HARD,40,1.8370000000000033,0.39000000000000057,-1.4470000000000027
2024,Saudi Arabian Grand Prix,ZHO,1,MEDIUM,36,3.495999999999995,0.17799999999999727,-3.317999999999998
2024,Saudi Arabian Grand Prix,ZHO,2,SOFT,7,0.6490000000000009,0.5529999999999973,-0.09600000000000364
2024,São Paulo Grand Prix,ALO,1,INTERMEDIATE,24,3.016999999999996,0.4939999999999998,-2.522999999999996
2024,São Paulo Grand Prix,ALO,3,INTERMEDIATE,30,10.316999999999993,1.6259999999999906,-8.691000000000003
2024,São Paulo Grand Prix,BEA,1,INTERMEDIATE,25,4.070000000000007,0.4309999999999974,-3.63900000000001
2024,São Paulo Grand Prix,BEA,3,INTERMEDIATE,30,9.084000000000003,0.17600000000000193,-8.908000000000001
2024,São Paulo Grand Prix,BOT,1,INTERMEDIATE,25,3.0090000000000003,0.7990000000000066,-2.2099999999999937
2024,São Paulo Grand Prix,BOT,2,INTERMEDIATE,32,12.49300000000001,0.12600000000000477,-12.367000000000004
2024,São Paulo Grand Prix,COL,1,INTERMEDIATE,20,3.388999999999996,0.8199999999999932,-2.5690000000000026
2024,São Paulo Grand Prix,GAS,1,INTERMEDIATE,26,2.9440000000000026,1.3250000000000028,-1.6189999999999998
2024,São Paulo Grand Prix,GAS,2,INTERMEDIATE,32,7.096000000000004,0.23199999999999932,-6.864000000000004
2024,São Paulo Grand Prix,HAM,1,INTERMEDIATE,23,2.8799999999999955,1.0100000000000051,-1.8699999999999903
2024,São Paulo Grand Prix,HAM,3,INTERMEDIATE,32,9.415999999999997,0.06300000000000239,-9.352999999999994
2024,São Paulo Grand Prix,HUL,1,INTERMEDIATE,23,3.8119999999999976,0.8190000000000026,-2.992999999999995
2024,São Paulo Grand Prix,LAW,1,INTERMEDIATE,24,2.313999999999993,0.8810000000000002,-1.4329999999999927
2024,São Paulo Grand Prix,LAW,3,INTERMEDIATE,32,10.510999999999996,0.16799999999999216,-10.343000000000004
2024,São Paulo Grand Prix,LEC,1,INTERMEDIATE,22,2.067999999999998,0.17199999999999704,-1.8960000000000008
2024,São Paulo Grand Prix,LEC,3,INTERMEDIATE,30,5.8359999999999985,0.34199999999999875,-5.494
2024,São Paulo Grand Prix,NOR,1,INTERMEDIATE,26,1.8100000000000023,1.5220000000000056,-0.2879999999999967
2024,São Paulo Grand Prix,NOR,3,INTERMEDIATE,30,5.7180000000000035,0.3020000000000067,-5.415999999999997
2024,São Paulo Grand Prix,OCO,1,INTERMEDIATE,26,2.3009999999999877,1.4329999999999927,-0.867999999999995
2024,São Paulo Grand Prix,OCO,2,INTERMEDIATE,32,5.141999999999996,0.3370000000000033,-4.804999999999993
2024,São Paulo Grand Prix,PER,1,INTERMEDIATE,25,1.8790000000000049,1.862000000000009,-0.016999999999995907
2024,São Paulo Grand Prix,PER,3,INTERMEDIATE,32,10.391000000000005,0.07899999999999352,-10.312000000000012
2024,São Paulo Grand Prix,PIA,1,INTERMEDIATE,25,2.135000000000005,0.8200000000000074,-1.3149999999999977
2024,São Paulo Grand Prix,PIA,3,INTERMEDIATE,31,8.350000000000009,0.1869999999999976,-8.163000000000011
2024,São Paulo Grand Prix,RUS,1,INTERMEDIATE,26,2.125,1.8870000000000005,-0.23799999999999955
2024,São Paulo Grand Prix,RUS,3,INTERMEDIATE,32,7.032000000000011,0.24099999999999966,-6.791000000000011
2024,São Paulo Grand Prix,SAI,1,INTERMEDIATE,24,2.683000000000007,1.483000000000004,-1.2000000000000028
2024,São Paulo Grand Prix,TSU,1,INTERMEDIATE,25,1.855000000000004,0.7469999999999999,-1.108000000000004
2024,São Paulo Grand Prix,TSU,3,INTERMEDIATE,32,10.054999999999993,0.0660000000000025,-9.98899999999999
2024,São Paulo Grand Prix,VER,1,INTERMEDIATE,25,3.2719999999999914,1.0999999999999943,-2.171999999999997
2024,São Paulo Grand Prix,VER,2,INTERMEDIATE,32,7.534000000000006,0.8500000000000085,-6.6839999999999975
2024,São Paulo Grand Prix,ZHO,1,INTERMEDIATE,24,3.1189999999999998,2.2830000000000013,-0.8359999999999985
2024,São Paulo Grand Prix,ZHO,5,INTERMEDIATE,32,11.955999999999989,0.6429999999999865,-11.313000000000002
2024,Singapore Grand Prix,ALB,1,MEDIUM,9,0.722999999999999,0.7279999999999944,0.0049999999999954525
2024,Singapore Grand Prix,ALO,1,MEDIUM,23,0.8709999999999951,0.7480000000000047,-0.12299999999999045
2024,Singapore Grand Prix,ALO,2,HARD,34,0.8730000000000047,0.8319999999999936,-0.04100000000001103
2024,Singapore Grand Prix,BOT,1,HARD,31,1.2469999999999999,1.5290000000000106,0.2820000000000107
2024,Singapore Grand Prix,BOT,2,MEDIUM,27,1.5519999999999925,1.2469999999999999,-0.3049999999999926
2024,Singapore Grand Prix,COL,1,MEDIUM,27,0.688999999999993,1.0189999999999912,0.3299999999999983
2024,Singapore Grand Prix,COL,2,HARD,30,0.7210000000000036,1.222999999999999,0.5019999999999953
2024,Singapore Grand Prix,GAS,1,MEDIUM,34,1.288000000000011,1.7160000000000082,0.42799999999999727
2024,Singapore Grand Prix,GAS,2,SOFT,23,0.8959999999999866,1.2619999999999862,0.36599999999999966
2024,Singapore Grand Prix,HAM,1,SOFT,15,1.152000000000001,0.3710000000000093,-0.7809999999999917
2024,Singapore Grand Prix,HAM,2,HARD,43,1.3520000000000039,1.7210000000000036,0.3689999999999998
2024,Singapore Grand Prix,HUL,1,MEDIUM,27,1.0450000000000017,1.3689999999999998,0.32399999999999807
2024,Singapore Grand Prix,HUL,2,HARD,31,0.9150000000000063,1.2530000000000001,0.33799999999999386
2024,Singapore Grand Prix,LEC,1,MEDIUM,33,1.1230000000000047,0.30700000000000216,-0.8160000000000025
2024,Singapore Grand Prix,LEC,2,HARD,24,1.1850000000000023,2.8470000000000084,1.6620000000000061
2024,Singapore Grand Prix,MAG,1,HARD,26,0.7480000000000047,2.0220000000000056,1.274000000000001
2024,Singapore Grand Prix,MAG,2,MEDIUM,19,0.28000000000000114,0.33799999999999386,0.057999999999992724
2024,Singapore Grand Prix,NOR,1,MEDIUM,28,1.9509999999999934,1.1079999999999899,-0.8430000000000035
2024,Singapore Grand Prix,NOR,2,HARD,31,1.7890000000000015,1.894999999999996,0.10599999999999454
2024,Singapore Grand Prix,OCO,1,MEDIUM,27,0.5130000000000052,1.7240000000000038,1.2109999999999985
2024,Singapore Grand Prix,OCO,2,HARD,31,0.5480000000000018,0.7390000000000043,0.1910000000000025
2024,Singapore Grand Prix,PER,1,MEDIUM,26,1.2720000000000056,1.4270000000000067,0.15500000000000114
2024,Singapore Grand Prix,PER,2,HARD,30,0.9299999999999926,0.796999999999997,-0.13299999999999557
2024,Singapore Grand Prix,PIA,1,MEDIUM,36,1.698999999999998,0.6710000000000065,-1.0279999999999916
2024,Singapore Grand Prix,PIA,2,HARD,23,0.519999999999996,1.445999999999998,0.9260000000000019
2024,Singapore Grand Prix,RIC,1,SOFT,8,0.8340000000000032,0.375,-0.4590000000000032
2024,Singapore Grand Prix,RIC,2,MEDIUM,34,0.3830000000000098,0.784000000000006,0.40099999999999625
2024,Singapore Grand Prix,RIC,3,SOFT,10,0.8900000000000006,0.7040000000000077,-0.18599999999999284
2024,Singapore Grand Prix,RUS,1,MEDIUM,25,1.1200000000000045,0.7070000000000078,-0.4129999999999967
2024,Singapore Grand Prix,RUS,2,HARD,32,0.04999999999999716,1.2349999999999994,1.1850000000000023
2024,Singapore Grand Prix,SAI,1,MEDIUM,11,0.7469999999999999,0.2530000000000001,-0.4939999999999998
2024,Singapore Grand Prix,SAI,2,HARD,48,0.3469999999999942,2.276999999999987,1.9299999999999926
2024,Singapore Grand Prix,STR,1,HARD,24,0.9060000000000059,0.8340000000000032,-0.07200000000000273
2024,Singapore Grand Prix,STR,2,MEDIUM,34,1.382000000000005,1.9939999999999998,0.6119999999999948
2024,Singapore Grand Prix,TSU,1,MEDIUM,31,0.5589999999999975,1.1569999999999965,0.597999999999999
2024,Singapore Grand Prix,TSU,2,SOFT,26,2.3370000000000033,0.8940000000000055,-1.4429999999999978
2024,Singapore Grand Prix,VER,1,MEDIUM,27,1.1970000000000027,1.3340000000000032,0.13700000000000045
2024,Singapore Grand Prix,VER,2,HARD,32,0.8569999999999993,0.3760000000000048,-0.48099999999999454
2024,Singapore Grand Prix,ZHO,1,HARD,32,1.340999999999994,1.8499999999999943,0.5090000000000003
2024,Singapore Grand Prix,ZHO,2,MEDIUM,26,0.867999999999995,1.5139999999999958,0.6460000000000008
2024,Spanish Grand Prix,ALB,1,MEDIUM,16,0.09799999999999898,1.4069999999999965,1.3089999999999975
2024,Spanish Grand Prix,ALB,2,SOFT,22,0.28300000000000125,2.1500000000000057,1.8670000000000044
2024,Spanish Grand Prix,ALB,3,SOFT,20,0.7199999999999989,1.1029999999999944,0.38299999999999557
2024,Spanish Grand Prix,ALO,1,SOFT,16,0.9050000000000011,1.4960000000000093,0.5910000000000082
2024,Spanish Grand Prix,ALO,2,MEDIUM,24,0.14300000000000068,0.19200000000000728,0.049000000000006594
2024,Spanish Grand Prix,ALO,3,HARD,19,0.3930000000000007,1.3059999999999974,0.9129999999999967
2024,Spanish Grand Prix,BOT,1,SOFT,9,0.17799999999999727,0.2009999999999934,0.022999999999996135
2024,Spanish Grand Prix,BOT,2,SOFT,15,0.4089999999999918,3.4329999999999927,3.024000000000001
2024,Spanish Grand Prix,BOT,3,HARD,36,0.5339999999999918,1.3889999999999958,0.855000000000004
2024,Spanish Grand Prix,GAS,1,SOFT,12,0.12699999999999534,0.9590000000000032,0.8320000000000078
2024,Spanish Grand Prix,GAS,2,MEDIUM,22,0.21399999999999864,1.2929999999999922,1.0789999999999935
2024,Spanish Grand Prix,GAS,3,HARD,27,0.5949999999999989,1.0090000000000003,0.4140000000000015
2024,Spanish Grand Prix,HAM,1,SOFT,14,0.07499999999998863,1.1799999999999926,1.105000000000004
2024,Spanish Grand Prix,HAM,2,MEDIUM,22,0.3960000000000008,0.7249999999999943,0.3289999999999935
2024,Spanish Grand Prix,HAM,3,SOFT,22,0.4030000000000058,1.3569999999999993,0.9539999999999935
2024,Spanish Grand Prix,HUL,1,SOFT,10,0.5660000000000025,0.4690000000000083,-0.0969999999999942
2024,Spanish Grand Prix,HUL,2,MEDIUM,24,0.3859999999999957,0.7280000000000086,0.34200000000001296
2024,Spanish Grand Prix,HUL,3,HARD,27,1.7469999999999999,1.5550000000000068,-0.19199999999999307
2024,Spanish Grand Prix,LEC,1,SOFT,22,0.27299999999999613,0.9279999999999973,0.6550000000000011
2024,Spanish Grand Prix,LEC,2,MEDIUM,21,0.512999999999991,1.1899999999999977,0.6770000000000067
2024,Spanish Grand Prix,LEC,3,SOFT,18,0.2819999999999965,1.1769999999999925,0.894999999999996
2024,Spanish Grand Prix,MAG,1,SOFT,8,0.2779999999999916,0.117999999999995,-0.1599999999999966
2024,Spanish Grand Prix,MAG,2,MEDIUM,17,0.2740000000000009,0.9949999999999903,0.7209999999999894
2024,Spanish Grand Prix,MAG,3,HARD,35,0.12199999999999989,1.5609999999999928,1.438999999999993
2024,Spanish Grand Prix,NOR,1,SOFT,21,0.027999999999991587,0.6919999999999931,0.6640000000000015
2024,Spanish Grand Prix,NOR,2,MEDIUM,22,0.813999999999993,0.9159999999999968,0.10200000000000387
2024,Spanish Grand Prix,NOR,3,SOFT,17,0.26200000000000045,1.1670000000000016,0.9050000000000011
2024,Spanish Grand Prix,OCO,1,SOFT,11,0.44599999999999795,1.0660000000000025,0.6200000000000045
2024,Spanish Grand Prix,OCO,2,MEDIUM,22,0.3410000000000082,1.5960000000000036,1.2549999999999955
2024,Spanish Grand Prix,OCO,3,HARD,28,0.9069999999999965,0.9579999999999984,0.05100000000000193
2024,Spanish Grand Prix,PER,1,SOFT,11,0.6159999999999997,0.2530000000000001,-0.36299999999999955
2024,Spanish Grand Prix,PER,2,SOFT,16,0.25799999999999557,1.2409999999999997,0.9830000000000041
2024,Spanish Grand Prix,PER,3,MEDIUM,16,0.6640000000000015,1.159000000000006,0.49500000000000455
2024,Spanish Grand Prix,PER,4,SOFT,16,0.5050000000000097,1.3659999999999997,0.86099999999999
2024,Spanish Grand Prix,PIA,1,SOFT,19,0.031999999999996476,0.9620000000000033,0.9300000000000068
2024,Spanish Grand Prix,PIA,2,MEDIUM,23,0.21099999999999852,0.5280000000000058,0.3170000000000073
2024,Spanish Grand Prix,PIA,3,SOFT,19,0.3830000000000098,1.4200000000000017,1.036999999999992
2024,Spanish Grand Prix,RIC,1,SOFT,14,0.882000000000005,0.20400000000000773,-0.6779999999999973
2024,Spanish Grand Prix,RIC,2,MEDIUM,23,0.5660000000000025,1.3559999999999945,0.789999999999992
2024,Spanish Grand Prix,RIC,3,HARD,22,1.5840000000000032,0.4200000000000017,-1.1640000000000015
2024,Spanish Grand Prix,RUS,1,SOFT,13,0.9860000000000042,1.5259999999999962,0.539999999999992
2024,Spanish Grand Prix,RUS,2,MEDIUM,19,0.028000000000005798,0.6929999999999978,0.664999999999992
2024,Spanish Grand Prix,RUS,3,HARD,29,0.6739999999999924,1.343999999999994,0.6700000000000017
2024,Spanish Grand Prix,SAI,1,SOFT,12,0.03999999999999204,0.9939999999999998,0.9540000000000077
2024,Spanish Grand Prix,SAI,2,MEDIUM,18,0.2909999999999968,0.5219999999999914,0.23099999999999454
2024,Spanish Grand Prix,SAI,3,HARD,29,0.32099999999999795,1.0729999999999933,0.7519999999999953
2024,Spanish Grand Prix,SAR,1,SOFT,11,0.40800000000000125,0.12699999999999534,-0.2810000000000059
2024,Spanish Grand Prix,SAR,2,MEDIUM,18,0.16899999999999693,1.8130000000000024,1.6440000000000055
2024,Spanish Grand Prix,SAR,3,HARD,28,0.10200000000000387,1.4399999999999977,1.3379999999999939
2024,Spanish Grand Prix,STR,1,SOFT,15,0.3780000000000001,0.16800000000000637,-0.20999999999999375
2024,Spanish Grand Prix,STR,2,MEDIUM,18,0.16800000000000637,0.7240000000000038,0.5559999999999974
2024,Spanish Grand Prix,STR,3,HARD,27,1.1030000000000086,0.820999999999998,-0.2820000000000107
2024,Spanish Grand Prix,TSU,1,SOFT,6,0.21399999999999864,0.7660000000000053,0.5520000000000067
2024,Spanish Grand Prix,TSU,2,MEDIUM,15,0.25200000000000955,0.3990000000000009,0.14699999999999136
2024,Spanish Grand Prix,TSU,3,HARD,15,0.18200000000000216,1.902000000000001,1.7199999999999989
2024,Spanish Grand Prix,TSU,4,SOFT,20,1.2590000000000003,0.8619999999999948,-0.39700000000000557
2024,Spanish Grand Prix,VER,1,SOFT,15,0.5069999999999908,1.7329999999999899,1.225999999999999
2024,Spanish Grand Prix,VER,2,MEDIUM,25,0.6029999999999944,0.5570000000000022,-0.04599999999999227
2024,Spanish Grand Prix,VER,3,SOFT,21,0.2220000000000084,1.6910000000000025,1.468999999999994
2024,Spanish Grand Prix,ZHO,1,SOFT,7,0.15800000000000125,0.21199999999998909,0.053999999999987836
2024,Spanish Grand Prix,ZHO,2,MEDIUM,30,0.06799999999999784,1.2349999999999994,1.1670000000000016
2024,Spanish Grand Prix,ZHO,3,HARD,23,0.4749999999999943,1.2390000000000043,0.76400000000001
2024,United States Grand Prix,ALB,2,MEDIUM,25,1.3399999999999892,0.347999999999999,-0.9919999999999902
2024,United States Grand Prix,ALB,3,HARD,20,0.6370000000000005,0.26599999999999113,-0.3710000000000093
2024,United States Grand Prix,ALO,1,MEDIUM,20,1.4819999999999993,0.5280000000000058,-0.9539999999999935
2024,United States Grand Prix,ALO,2,HARD,27,1.2169999999999987,0.835000000000008,-0.3819999999999908
2024,United States Grand Prix,BOT,1,MEDIUM,9,1.5919999999999987,0.6419999999999959,-0.9500000000000028
2024,United States Grand Prix,BOT,2,HARD,39,0.2259999999999991,0.1039999999999992,-0.12199999999999989
2024,United States Grand Prix,COL,1,HARD,31,1.9540000000000077,0.08400000000000318,-1.8700000000000045
2024,United States Grand Prix,COL,2,MEDIUM,15,0.921999999999997,0.3149999999999977,-0.6069999999999993
2024,United States Grand Prix,GAS,1,MEDIUM,12,0.9159999999999968,0.9279999999999973,0.012000000000000455
2024,United States Grand Prix,GAS,2,HARD,36,2.820999999999998,0.4169999999999874,-2.4040000000000106
2024,United States Grand Prix,HUL,1,MEDIUM,20,2.5719999999999885,0.05999999999998806,-2.5120000000000005
2024,United States Grand Prix,HUL,2,HARD,27,1.9339999999999975,0.3710000000000093,-1.5629999999999882
2024,United States Grand Prix,LAW,1,HARD,30,1.7750000000000057,0.21399999999999864,-1.561000000000007
2024,United States Grand Prix,LAW,2,MEDIUM,19,0.9440000000000026,0.34200000000001296,-0.6019999999999897
2024,United States Grand Prix,LEC,1,MEDIUM,21,0.6189999999999998,0.7480000000000047,0.1290000000000049
2024,United States Grand Prix,LEC,2,HARD,29,1.2000000000000028,0.340999999999994,-0.8590000000000089
2024,United States Grand Prix,MAG,1,MEDIUM,12,1.4039999999999964,1.1020000000000039,-0.3019999999999925
2024,United States Grand Prix,MAG,2,HARD,18,1.2830000000000013,0.20100000000000762,-1.0819999999999936
2024,United States Grand Prix,MAG,3,MEDIUM,16,0.7780000000000058,0.029000000000010573,-0.7489999999999952
2024,United States Grand Prix,NOR,1,MEDIUM,25,1.5069999999999908,0.3919999999999959,-1.1149999999999949
2024,United States Grand Prix,NOR,2,HARD,22,0.3640000000000043,0.07899999999999352,-0.2850000000000108
2024,United States Grand Prix,OCO,1,MEDIUM,26,0.7289999999999992,0.17499999999999716,-0.554000000000002
2024,United States Grand Prix,OCO,2,HARD,18,0.5040000000000049,0.08200000000000784,-0.42199999999999704
2024,United States Grand Prix,PER,1,MEDIUM,21,2.301000000000002,0.44899999999999807,-1.8520000000000039
2024,United States Grand Prix,PER,2,HARD,29,1.1189999999999998,1.0559999999999974,-0.06300000000000239
2024,United States Grand Prix,PIA,1,MEDIUM,26,2.7369999999999948,0.644999999999996,-2.0919999999999987
2024,United States Grand Prix,PIA,2,HARD,21,0.4270000000000067,0.07099999999999795,-0.35600000000000875
2024,United States Grand Prix,RUS,1,HARD,34,4.506,0.3340000000000032,-4.171999999999997
2024,United States Grand Prix,RUS,2,MEDIUM,14,0.1699999999999875,0.5240000000000009,0.3540000000000134
2024,United States Grand Prix,SAI,1,MEDIUM,16,0.23900000000000432,0.12999999999999545,-0.10900000000000887
2024,United States Grand Prix,SAI,2,HARD,34,1.3499999999999943,1.2459999999999951,-0.1039999999999992
2024,United States Grand Prix,STR,1,HARD,19,0.5559999999999974,0.26200000000000045,-0.29399999999999693
2024,United States Grand Prix,STR,2,MEDIUM,27,0.8739999999999952,0.22100000000000364,-0.6529999999999916
2024,United States Grand Prix,TSU,1,MEDIUM,13,1.1610000000000014,0.7309999999999945,-0.4300000000000068
2024,United States Grand Prix,TSU,2,HARD,33,2.0049999999999955,0.18600000000000705,-1.8189999999999884
2024,United States Grand Prix,VER,1,MEDIUM,20,0.04800000000000182,0.5870000000000033,0.5390000000000015
2024,United States Grand Prix,VER,2,HARD,28,0.929000000000002,0.5439999999999969,-0.3850000000000051
2024,United States Grand Prix,ZHO,1,MEDIUM,8,1.48599999999999,1.2689999999999912,-0.21699999999999875
2024,United States Grand Prix,ZHO,2,MEDIUM,19,0.5030000000000001,0.257000000000005,-0.2459999999999951
2024,United States Grand Prix,ZHO,3,HARD,19,0.8889999999999958,0.32399999999999807,-0.5649999999999977
2025,Abu Dhabi Grand Prix,ALB,1,SOFT,6,0.6509999999999962,0.09099999999999397,-0.5600000000000023
2025,Abu Dhabi Grand Prix,ALB,2,HARD,21,0.08599999999999852,1.1110000000000042,1.0250000000000057
2025,Abu Dhabi Grand Prix,ALB,3,MEDIUM,23,0.07199999999998852,0.73599999999999,0.6640000000000015
2025,Abu Dhabi Grand Prix,ALO,1,MEDIUM,14,0.5960000000000036,0.16800000000000637,-0.42799999999999727
2025,Abu Dhabi Grand Prix,ALO,2,HARD,41,1.828000000000003,0.8370000000000033,-0.9909999999999997
2025,Abu Dhabi Grand Prix,ANT,1,HARD,27,0.4959999999999951,0.9889999999999901,0.492999999999995
2025,Abu Dhabi Grand Prix,ANT,2,MEDIUM,25,0.1560000000000059,1.683000000000007,1.527000000000001
2025,Abu Dhabi Grand Prix,BEA,1,MEDIUM,11,0.5510000000000019,0.8269999999999982,0.27599999999999625
2025,Abu Dhabi Grand Prix,BEA,2,HARD,43,0.5570000000000022,0.19899999999999807,-0.3580000000000041
2025,Abu Dhabi Grand Prix,BOR,1,MEDIUM,13,0.16399999999998727,0.09299999999998931,-0.07099999999999795
2025,Abu Dhabi Grand Prix,BOR,2,HARD,40,1.0019999999999953,0.7219999999999942,-0.28000000000000114
2025,Abu Dhabi Grand Prix,COL,1,MEDIUM,13,0.7519999999999953,0.9119999999999919,0.1599999999999966
2025,Abu Dhabi Grand Prix,COL,2,HARD,20,0.39299999999998647,1.431999999999988,1.0390000000000015
2025,Abu Dhabi Grand Prix,COL,3,MEDIUM,16,0.3650000000000091,1.230000000000004,0.8649999999999949
2025,Abu Dhabi Grand Prix,GAS,1,MEDIUM,9,0.46399999999999864,0.18599999999999284,-0.2780000000000058
2025,Abu Dhabi Grand Prix,GAS,2,HARD,24,0.1290000000000049,0.7510000000000048,0.6219999999999999
2025,Abu Dhabi Grand Prix,GAS,3,MEDIUM,15,0.284000000000006,1.4660000000000082,1.1820000000000022
2025,Abu Dhabi Grand Prix,HAD,1,MEDIUM,11,0.02599999999999625,0.7289999999999992,0.703000000000003
2025,Abu Dhabi Grand Prix,HAD,2,HARD,40,0.4939999999999998,0.22400000000000375,-0.269999999999996
2025,Abu Dhabi Grand Prix,HAM,2,HARD,19,0.5050000000000097,1.3629999999999995,0.8579999999999899
2025,Abu Dhabi Grand Prix,HAM,3,MEDIUM,26,0.7000000000000028,1.4170000000000016,0.7169999999999987
2025,Abu Dhabi Grand Prix,HUL,2,HARD,31,0.561000000000007,1.5180000000000007,0.9569999999999936
2025,Abu Dhabi Grand Prix,HUL,3,MEDIUM,15,0.12199999999999989,2.004000000000005,1.882000000000005
2025,Abu Dhabi Grand Prix,LAW,1,MEDIUM,17,0.14099999999999113,1.4899999999999949,1.3490000000000038
2025,Abu Dhabi Grand Prix,LAW,2,HARD,35,0.612000000000009,0.30299999999999727,-0.3090000000000117
2025,Abu Dhabi Grand Prix,LEC,1,MEDIUM,13,0.3370000000000033,0.3920000000000101,0.05500000000000682
2025,Abu Dhabi Grand Prix,LEC,2,HARD,21,1.4849999999999994,0.25900000000000034,-1.225999999999999
2025,Abu Dhabi Grand Prix,LEC,3,MEDIUM,17,0.5440000000000111,1.440000000000012,0.8960000000000008
2025,Abu Dhabi Grand Prix,NOR,1,MEDIUM,14,0.3499999999999943,0.23499999999999943,-0.11499999999999488
2025,Abu Dhabi Grand Prix,NOR,2,HARD,22,1.8670000000000044,0.1840000000000117,-1.6829999999999927
2025,Abu Dhabi Grand Prix,NOR,3,HARD,17,1.0109999999999957,1.6170000000000044,0.6060000000000088
2025,Abu Dhabi Grand Prix,OCO,1,MEDIUM,17,0.355000000000004,0.8050000000000068,0.45000000000000284
2025,Abu Dhabi Grand Prix,OCO,2,HARD,36,0.09999999999999432,0.09499999999999886,-0.0049999999999954525
2025,Abu Dhabi Grand Prix,PIA,1,HARD,38,0.8869999999999862,0.3329999999999984,-0.5539999999999878
2025,Abu Dhabi Grand Prix,PIA,2,MEDIUM,16,0.6039999999999992,1.3089999999999975,0.7049999999999983
2025,Abu Dhabi Grand Prix,RUS,1,MEDIUM,12,0.7299999999999898,0.722999999999999,-0.006999999999990791
2025,Abu Dhabi Grand Prix,RUS,2,HARD,43,1.2579999999999956,0.23599999999999,-1.0220000000000056
2025,Abu Dhabi Grand Prix,SAI,1,MEDIUM,15,0.7819999999999965,1.1230000000000047,0.3410000000000082
2025,Abu Dhabi Grand Prix,SAI,2,HARD,39,0.16799999999999216,0.9939999999999998,0.8260000000000076
2025,Abu Dhabi Grand Prix,STR,1,HARD,39,1.054000000000002,0.49900000000000944,-0.5549999999999926
2025,Abu Dhabi Grand Prix,STR,2,MEDIUM,15,0.48699999999999477,0.4829999999999899,-0.0040000000000048885
2025,Abu Dhabi Grand Prix,TSU,1,HARD,28,0.5720000000000027,0.8230000000000075,0.2510000000000048
2025,Abu Dhabi Grand Prix,TSU,2,MEDIUM,25,0.39799999999999613,1.137999999999991,0.7399999999999949
2025,Abu Dhabi Grand Prix,VER,1,MEDIUM,21,0.4380000000000024,0.32399999999999807,-0.11400000000000432
2025,Abu Dhabi Grand Prix,VER,2,HARD,32,0.7019999999999982,0.9959999999999951,0.29399999999999693
2025,Australian Grand Prix,ALB,4,INTERMEDIATE,25,6.671999999999997,0.42499999999999716,-6.247
2025,Australian Grand Prix,ALB,6,INTERMEDIATE,7,2.850999999999999,0.3539999999999992,-2.497
2025,Australian Grand Prix,ALO,4,INTERMEDIATE,25,7.447999999999993,0.0309999999999917,-7.417000000000002
2025,Australian Grand Prix,ANT,4,INTERMEDIATE,24,7.280000000000001,0.21300000000000807,-7.066999999999993
2025,Australian Grand Prix,ANT,6,INTERMEDIATE,7,3.2489999999999952,0.5010000000000048,-2.7479999999999905
2025,Australian Grand Prix,BEA,4,INTERMEDIATE,25,7.306999999999988,0.042999999999992156,-7.263999999999996
2025,Australian Grand Prix,BEA,6,INTERMEDIATE,6,1.1400000000000006,0.3269999999999982,-0.8130000000000024
2025,Australian Grand Prix,BOR,4,INTERMEDIATE,25,6.832999999999998,0.6159999999999997,-6.216999999999999
2025,Australian Grand Prix,GAS,4,INTERMEDIATE,25,6.762999999999991,0.08399999999998897,-6.679000000000002
2025,Australian Grand Prix,HAM,4,INTERMEDIATE,25,6.50500000000001,0.4969999999999999,-6.00800000000001
2025,Australian Grand Prix,HAM,6,INTERMEDIATE,6,3.1650000000000063,0.22100000000000364,-2.9440000000000026
2025,Australian Grand Prix,HUL,4,INTERMEDIATE,25,6.439000000000007,0.0379999999999967,-6.4010000000000105
2025,Australian Grand Prix,HUL,6,INTERMEDIATE,7,1.4549999999999983,0.07699999999999818,-1.3780000000000001
2025,Australian Grand Prix,LAW,4,INTERMEDIATE,24,7.635999999999996,0.8460000000000036,-6.789999999999992
2025,Australian Grand Prix,LEC,4,INTERMEDIATE,25,5.596000000000004,0.030000000000001137,-5.5660000000000025
2025,Australian Grand Prix,LEC,6,INTERMEDIATE,6,2.9299999999999926,0.17399999999999238,-2.7560000000000002
2025,Australian Grand Prix,NOR,4,INTERMEDIATE,26,7.143000000000001,0.19999999999998863,-6.943000000000012
2025,Australian Grand Prix,NOR,6,INTERMEDIATE,7,4.440999999999988,0.8699999999999903,-3.570999999999998
2025,Australian Grand Prix,OCO,4,INTERMEDIATE,25,6.8940000000000055,0.34600000000000364,-6.548000000000002
2025,Australian Grand Prix,OCO,6,INTERMEDIATE,6,3.657999999999987,0.9889999999999901,-2.668999999999997
2025,Australian Grand Prix,PIA,4,INTERMEDIATE,25,6.662000000000006,0.3100000000000023,-6.352000000000004
2025,Australian Grand Prix,PIA,6,INTERMEDIATE,6,3.9480000000000075,0.9579999999999984,-2.990000000000009
2025,Australian Grand Prix,RUS,4,INTERMEDIATE,25,5.832000000000008,0.3200000000000074,-5.5120000000000005
2025,Australian Grand Prix,RUS,6,INTERMEDIATE,7,2.753,0.3369999999999891,-2.416000000000011
2025,Australian Grand Prix,STR,4,INTERMEDIATE,25,5.596000000000004,0.19599999999999795,-5.400000000000006
2025,Australian Grand Prix,STR,6,INTERMEDIATE,7,2.038000000000011,0.06400000000000716,-1.9740000000000038
2025,Australian Grand Prix,TSU,4,INTERMEDIATE,25,5.378,0.1529999999999916,-5.2250000000000085
2025,Australian Grand Prix,TSU,6,INTERMEDIATE,6,3.325000000000003,0.01300000000000523,-3.3119999999999976
2025,Australian Grand Prix,VER,4,INTERMEDIATE,26,6.268999999999991,0.08099999999998886,-6.188000000000002
2025,Australian Grand Prix,VER,6,INTERMEDIATE,6,3.458999999999989,0.5210000000000008,-2.937999999999988
2025,Austrian Grand Prix,ALB,1,MEDIUM,9,0.5219999999999914,0.7599999999999909,0.23799999999999955
2025,Austrian Grand Prix,ALO,1,MEDIUM,28,0.5849999999999937,1.2749999999999915,0.6899999999999977
2025,Austrian Grand Prix,ALO,2,HARD,35,0.7920000000000016,1.5300000000000011,0.7379999999999995
2025,Austrian Grand Prix,BEA,1,SOFT,6,0.44899999999999807,0.3849999999999909,-0.06400000000000716
2025,Austrian Grand Prix,BEA,2,HARD,25,0.028999999999996362,0.30400000000000205,0.2750000000000057
2025,Austrian Grand Prix,BEA,3,MEDIUM,29,0.0010000000000047748,0.7870000000000061,0.7860000000000014
2025,Austrian Grand Prix,BOR,1,MEDIUM,17,0.3509999999999991,0.6339999999999861,0.28299999999998704
2025,Austrian Grand Prix,BOR,2,MEDIUM,26,0.04399999999999693,0.44599999999999795,0.402000000000001
2025,Austrian Grand Prix,BOR,3,HARD,19,0.5390000000000015,1.6329999999999956,1.093999999999994
2025,Austrian Grand Prix,COL,1,SOFT,9,1.3430000000000035,1.1800000000000068,-0.1629999999999967
2025,Austrian Grand Prix,COL,2,MEDIUM,23,0.06200000000001182,1.4040000000000106,1.3419999999999987
2025,Austrian Grand Prix,COL,3,HARD,29,0.34499999999999886,1.0560000000000116,0.7110000000000127
2025,Austrian Grand Prix,GAS,1,SOFT,8,0.32099999999999795,0.7990000000000066,0.47800000000000864
2025,Austrian Grand Prix,GAS,2,HARD,24,0.6940000000000026,1.3290000000000077,0.6350000000000051
2025,Austrian Grand Prix,GAS,3,MEDIUM,30,0.3119999999999976,0.8760000000000048,0.5640000000000072
2025,Austrian Grand Prix,HAD,2,MEDIUM,24,1.1039999999999992,0.965999999999994,-0.13800000000000523
2025,Austrian Grand Prix,HAD,3,HARD,40,0.46100000000001273,1.1770000000000067,0.715999999999994
2025,Austrian Grand Prix,HAM,1,MEDIUM,22,0.5439999999999969,1.2069999999999936,0.6629999999999967
2025,Austrian Grand Prix,HAM,2,HARD,21,0.9110000000000014,1.027000000000001,0.11599999999999966
2025,Austrian Grand Prix,HAM,3,MEDIUM,19,0.3509999999999991,0.9249999999999972,0.5739999999999981
2025,Austrian Grand Prix,HUL,1,SOFT,8,1.085000000000008,0.25199999999999534,-0.8330000000000126
2025,Austrian Grand Prix,HUL,2,MEDIUM,28,0.027000000000001023,0.1980000000000075,0.17100000000000648
2025,Austrian Grand Prix,HUL,3,MEDIUM,26,1.0930000000000035,0.8349999999999937,-0.2580000000000098
2025,Austrian Grand Prix,LAW,1,MEDIUM,28,0.49799999999999045,1.0390000000000015,0.541000000000011
2025,Austrian Grand Prix,LAW,2,HARD,37,0.6940000000000026,0.1979999999999933,-0.4960000000000093
2025,Austrian Grand Prix,LEC,1,MEDIUM,20,0.3149999999999977,1.3079999999999927,0.992999999999995
2025,Austrian Grand Prix,LEC,2,HARD,22,1.3170000000000073,0.5480000000000018,-0.7690000000000055
2025,Austrian Grand Prix,LEC,3,MEDIUM,20,0.6569999999999965,0.35599999999999454,-0.30100000000000193
2025,Austrian Grand Prix,NOR,1,MEDIUM,15,0.5450000000000017,1.5279999999999916,0.9829999999999899
2025,Austrian Grand Prix,NOR,2,HARD,30,0.612000000000009,0.9120000000000061,0.29999999999999716
2025,Austrian Grand Prix,NOR,3,MEDIUM,17,0.7169999999999987,1.1879999999999882,0.4709999999999894
2025,Austrian Grand Prix,OCO,1,MEDIUM,15,1.1029999999999944,0.9009999999999962,-0.20199999999999818
2025,Austrian Grand Prix,OCO,2,HARD,28,0.08199999999999363,0.5819999999999936,0.5
2025,Austrian Grand Prix,OCO,3,HARD,18,0.13700000000000045,0.6270000000000095,0.4900000000000091
2025,Austrian Grand Prix,PIA,1,MEDIUM,20,0.6659999999999968,1.6670000000000016,1.0010000000000048
2025,Austrian Grand Prix,PIA,2,HARD,26,0.32399999999999807,0.8769999999999953,0.5529999999999973
2025,Austrian Grand Prix,PIA,3,MEDIUM,15,0.6340000000000003,1.3489999999999895,0.7149999999999892
2025,Austrian Grand Prix,RUS,1,MEDIUM,14,0.3790000000000049,1.100999999999999,0.7219999999999942
2025,Austrian Grand Prix,RUS,2,MEDIUM,25,1.0520000000000067,0.4660000000000082,-0.5859999999999985
2025,Austrian Grand Prix,RUS,3,HARD,24,0.1599999999999966,0.5879999999999939,0.42799999999999727
2025,Austrian Grand Prix,STR,1,MEDIUM,21,0.8569999999999993,1.112000000000009,0.25500000000000966
2025,Austrian Grand Prix,STR,2,HARD,25,0.055999999999997385,0.6409999999999911,0.5849999999999937
2025,Austrian Grand Prix,STR,3,SOFT,15,0.23799999999999955,0.5730000000000075,0.33500000000000796
2025,Austrian Grand Prix,TSU,1,MEDIUM,14,1.0259999999999962,0.9939999999999998,-0.031999999999996476
2025,Austrian Grand Prix,TSU,2,HARD,10,0.38400000000000034,0.8509999999999991,0.46699999999999875
2025,Austrian Grand Prix,TSU,3,MEDIUM,28,0.19400000000000261,0.8250000000000028,0.6310000000000002
2025,Austrian Grand Prix,TSU,4,SOFT,7,0.44999999999998863,0.9739999999999895,0.5240000000000009
2025,Azerbaijan Grand Prix,ALB,2,MEDIUM,10,2.149000000000001,0.347999999999999,-1.801000000000002
2025,Azerbaijan Grand Prix,ALB,3,HARD,35,2.0529999999999973,0.4479999999999933,-1.605000000000004
2025,Azerbaijan Grand Prix,ALO,1,MEDIUM,15,3.169000000000011,0.17300000000000182,-2.9960000000000093
2025,Azerbaijan Grand Prix,ALO,2,HARD,29,1.7980000000000018,0.0940000000000083,-1.7039999999999935
2025,Azerbaijan Grand Prix,ANT,1,MEDIUM,13,0.7950000000000017,0.02200000000000557,-0.7729999999999961
2025,Azerbaijan Grand Prix,ANT,2,HARD,32,1.6550000000000011,0.33200000000000784,-1.3229999999999933
2025,Azerbaijan Grand Prix,BEA,1,HARD,23,2.7420000000000044,0.19400000000000261,-2.548000000000002
2025,Azerbaijan Grand Prix,BEA,2,MEDIUM,22,0.36599999999999966,0.757000000000005,0.39100000000000534
2025,Azerbaijan Grand Prix,BOR,1,HARD,21,3.1599999999999966,0.26500000000000057,-2.894999999999996
2025,Azerbaijan Grand Prix,BOR,2,MEDIUM,24,1.3649999999999949,0.5789999999999935,-0.7860000000000014
2025,Azerbaijan Grand Prix,COL,1,MEDIUM,11,1.929000000000002,0.2670000000000101,-1.661999999999992
2025,Azerbaijan Grand Prix,COL,2,HARD,33,1.0409999999999968,1.4949999999999903,0.4539999999999935
2025,Azerbaijan Grand Prix,GAS,1,HARD,30,2.970000000000013,0.0030000000000001137,-2.967000000000013
2025,Azerbaijan Grand Prix,GAS,2,MEDIUM,14,0.14399999999999125,0.13599999999999568,-0.007999999999995566
2025,Azerbaijan Grand Prix,HAD,1,MEDIUM,24,2.823999999999998,0.3430000000000035,-2.4809999999999945
2025,Azerbaijan Grand Prix,HAD,2,HARD,21,1.0559999999999974,0.36199999999999477,-0.6940000000000026
2025,Azerbaijan Grand Prix,HAM,1,HARD,31,3.6300000000000097,0.409000000000006,-3.2210000000000036
2025,Azerbaijan Grand Prix,HAM,2,MEDIUM,14,0.033999999999991815,0.7019999999999982,0.6680000000000064
2025,Azerbaijan Grand Prix,HUL,1,HARD,31,3.4579999999999984,1.195999999999998,-2.2620000000000005
2025,Azerbaijan Grand Prix,HUL,2,MEDIUM,14,0.35299999999999443,0.21199999999998909,-0.14100000000000534
2025,Azerbaijan Grand Prix,LAW,1,MEDIUM,15,0.8340000000000032,0.04600000000000648,-0.7879999999999967
2025,Azerbaijan Grand Prix,LAW,2,HARD,30,1.438999999999993,0.02599999999999625,-1.4129999999999967
2025,Azerbaijan Grand Prix,LEC,1,MEDIUM,14,1.7109999999999985,0.009000000000000341,-1.7019999999999982
2025,Azerbaijan Grand Prix,LEC,2,HARD,31,1.4050000000000011,0.402000000000001,-1.0030000000000001
2025,Azerbaijan Grand Prix,NOR,1,MEDIUM,32,2.701999999999998,0.0689999999999884,-2.6330000000000098
2025,Azerbaijan Grand Prix,NOR,2,HARD,13,0.8919999999999959,0.3889999999999958,-0.5030000000000001
2025,Azerbaijan Grand Prix,OCO,3,HARD,47,4.745999999999995,0.17499999999999716,-4.570999999999998
2025,Azerbaijan Grand Prix,RUS,1,HARD,34,3.153000000000006,0.13300000000000978,-3.019999999999996
2025,Azerbaijan Grand Prix,RUS,2,MEDIUM,11,0.3960000000000008,0.7279999999999944,0.33199999999999363
2025,Azerbaijan Grand Prix,SAI,1,MEDIUM,22,1.5570000000000022,0.11299999999999955,-1.4440000000000026
2025,Azerbaijan Grand Prix,SAI,2,HARD,23,1.0660000000000025,0.47700000000000387,-0.5889999999999986
2025,Azerbaijan Grand Prix,STR,1,MEDIUM,32,3.4270000000000067,0.30800000000000693,-3.1189999999999998
2025,Azerbaijan Grand Prix,STR,2,HARD,13,0.6620000000000061,0.5930000000000035,-0.06900000000000261
2025,Azerbaijan Grand Prix,TSU,1,HARD,33,2.6359999999999957,0.18500000000000227,-2.4509999999999934
2025,Azerbaijan Grand Prix,TSU,2,MEDIUM,12,0.1389999999999958,0.2780000000000058,0.13900000000001
2025,Azerbaijan Grand Prix,VER,1,HARD,35,2.4739999999999895,0.12199999999999989,-2.3519999999999897
2025,Azerbaijan Grand Prix,VER,2,MEDIUM,10,0.31399999999999295,1.1679999999999922,0.8539999999999992
2025,Bahrain Grand Prix,ALB,1,SOFT,14,0.3569999999999993,1.6269999999999953,1.269999999999996
2025,Bahrain Grand Prix,ALB,2,HARD,14,0.46399999999999864,1.9549999999999983,1.4909999999999997
2025,Bahrain Grand Prix,ALB,3,MEDIUM,22,0.7299999999999898,2.0789999999999935,1.3490000000000038
2025,Bahrain Grand Prix,ALO,1,MEDIUM,14,0.6989999999999981,1.1430000000000007,0.4440000000000026
2025,Bahrain Grand Prix,ALO,2,MEDIUM,14,0.1839999999999975,0.7469999999999999,0.5630000000000024
2025,Bahrain Grand Prix,ALO,3,HARD,21,0.48499999999999943,0.8439999999999941,0.35899999999999466
2025,Bahrain Grand Prix,ANT,1,SOFT,8,0.2400000000000091,1.4590000000000032,1.218999999999994
2025,Bahrain Grand Prix,ANT,2,MEDIUM,13,0.6650000000000063,1.4609999999999985,0.7959999999999923
2025,Bahrain Grand Prix,ANT,4,SOFT,21,0.5919999999999987,2.0799999999999983,1.4879999999999995
2025,Bahrain Grand Prix,BEA,1,SOFT,12,0.3400000000000034,0.6039999999999992,0.2639999999999958
2025,Bahrain Grand Prix,BEA,2,HARD,16,0.5529999999999973,1.8579999999999899,1.3049999999999926
2025,Bahrain Grand Prix,BEA,3,SOFT,20,0.9909999999999997,1.706000000000003,0.7150000000000034
2025,Bahrain Grand Prix,BOR,1,MEDIUM,11,0.30699999999998795,0.539999999999992,0.2330000000000041
2025,Bahrain Grand Prix,BOR,2,HARD,17,0.7989999999999924,1.4239999999999924,0.625
2025,Bahrain Grand Prix,BOR,3,MEDIUM,22,0.6949999999999932,1.0570000000000022,0.362000000000009
2025,Bahrain Grand Prix,DOO,1,SOFT,7,0.007999999999995566,0.742999999999995,0.7349999999999994
2025,Bahrain Grand Prix,DOO,2,MEDIUM,15,0.1599999999999966,1.4089999999999918,1.2489999999999952
2025,Bahrain Grand Prix,DOO,3,HARD,22,0.9050000000000011,1.875,0.9699999999999989
2025,Bahrain Grand Prix,GAS,1,SOFT,8,0.24800000000000466,1.3670000000000044,1.1189999999999998
2025,Bahrain Grand Prix,GAS,2,MEDIUM,16,0.28000000000000114,1.36399999999999,1.083999999999989
2025,Bahrain Grand Prix,GAS,3,HARD,24,0.8999999999999915,2.0819999999999936,1.1820000000000022
2025,Bahrain Grand Prix,HAD,2,MEDIUM,18,0.15800000000000125,1.0459999999999923,0.887999999999991
2025,Bahrain Grand Prix,HAD,3,HARD,24,0.20600000000000307,1.543999999999997,1.3379999999999939
2025,Bahrain Grand Prix,HAM,1,MEDIUM,15,0.14700000000000557,0.8569999999999993,0.7099999999999937
2025,Bahrain Grand Prix,HAM,2,MEDIUM,13,0.5279999999999916,0.7189999999999941,0.1910000000000025
2025,Bahrain Grand Prix,HAM,3,HARD,21,0.9629999999999939,1.8269999999999982,0.8640000000000043
2025,Bahrain Grand Prix,HUL,2,MEDIUM,20,1.296999999999997,1.6499999999999915,0.35299999999999443
2025,Bahrain Grand Prix,HUL,3,MEDIUM,24,0.41500000000000625,1.4849999999999994,1.0699999999999932
2025,Bahrain Grand Prix,LAW,1,MEDIUM,12,0.0799999999999983,0.5390000000000015,0.4590000000000032
2025,Bahrain Grand Prix,LAW,2,HARD,15,0.3340000000000032,1.5370000000000061,1.203000000000003
2025,Bahrain Grand Prix,LAW,3,SOFT,22,0.9780000000000086,1.0150000000000006,0.03699999999999193
2025,Bahrain Grand Prix,LEC,1,MEDIUM,15,0.22499999999999432,0.8220000000000027,0.5970000000000084
2025,Bahrain Grand Prix,LEC,2,MEDIUM,13,0.3299999999999983,0.9050000000000011,0.5750000000000028
2025,Bahrain Grand Prix,LEC,3,HARD,21,0.06599999999998829,1.5339999999999918,1.4680000000000035
2025,Bahrain Grand Prix,NOR,1,SOFT,8,0.32500000000000284,1.0600000000000023,0.7349999999999994
2025,Bahrain Grand Prix,NOR,2,MEDIUM,20,0.4140000000000015,0.47400000000000375,0.060000000000002274
2025,Bahrain Grand Prix,NOR,3,MEDIUM,20,0.5310000000000059,1.9990000000000094,1.4680000000000035
2025,Bahrain Grand Prix,OCO,1,SOFT,6,0.04000000000000625,0.6820000000000022,0.6419999999999959
2025,Bahrain Grand Prix,OCO,2,MEDIUM,17,0.2639999999999958,1.8520000000000039,1.588000000000008
2025,Bahrain Grand Prix,OCO,3,HARD,25,0.06300000000000239,1.4749999999999943,1.411999999999992
2025,Bahrain Grand Prix,PIA,1,SOFT,12,0.590999999999994,1.2710000000000008,0.6800000000000068
2025,Bahrain Grand Prix,PIA,2,MEDIUM,15,0.5910000000000082,0.5350000000000108,-0.055999999999997385
2025,Bahrain Grand Prix,PIA,3,MEDIUM,22,0.23499999999999943,1.1189999999999998,0.8840000000000003
2025,Bahrain Grand Prix,RUS,1,SOFT,11,0.4690000000000083,1.281000000000006,0.8119999999999976
2025,Bahrain Grand Prix,RUS,2,MEDIUM,17,0.41399999999998727,0.12399999999999523,-0.28999999999999204
2025,Bahrain Grand Prix,SAI,1,SOFT,12,0.20399999999999352,2.0649999999999977,1.8610000000000042
2025,Bahrain Grand Prix,SAI,2,MEDIUM,16,0.855000000000004,2.3260000000000076,1.4710000000000036
2025,Bahrain Grand Prix,SAI,3,HARD,7,0.46000000000000796,1.7750000000000057,1.3149999999999977
2025,Bahrain Grand Prix,STR,1,SOFT,10,0.13599999999999568,0.7620000000000005,0.6260000000000048
2025,Bahrain Grand Prix,STR,2,MEDIUM,18,0.42600000000000193,1.0690000000000026,0.6430000000000007
2025,Bahrain Grand Prix,STR,3,HARD,21,0.5420000000000016,0.9610000000000127,0.41900000000001114
2025,Bahrain Grand Prix,TSU,1,SOFT,8,0.046999999999997044,1.1210000000000093,1.0740000000000123
2025,Bahrain Grand Prix,TSU,2,MEDIUM,19,0.07200000000000273,2.4680000000000035,2.396000000000001
2025,Bahrain Grand Prix,TSU,3,SOFT,20,1.0170000000000101,1.3640000000000043,0.3469999999999942
2025,Bahrain Grand Prix,VER,1,SOFT,8,0.07199999999998852,0.9819999999999993,0.9100000000000108
2025,Bahrain Grand Prix,VER,2,HARD,14,0.8830000000000098,1.6670000000000016,0.7839999999999918
2025,Bahrain Grand Prix,VER,3,MEDIUM,23,0.527000000000001,1.8490000000000038,1.3220000000000027
2025,Belgian Grand Prix,ALB,1,INTERMEDIATE,7,0.017000000000010118,2.2510000000000048,2.2339999999999947
2025,Belgian Grand Prix,ALB,2,MEDIUM,30,1.7980000000000018,0.07399999999999807,-1.7240000000000038
2025,Belgian Grand Prix,ALO,1,INTERMEDIATE,6,0.0689999999999884,2.5719999999999885,2.503
2025,Belgian Grand Prix,ALO,2,MEDIUM,15,4.403000000000006,0.16400000000000148,-4.239000000000004
2025,Belgian Grand Prix,ANT,1,INTERMEDIATE,6,0.4440000000000026,2.5860000000000127,2.14200000000001
2025,Belgian Grand Prix,ANT,2,MEDIUM,16,2.926000000000002,0.9500000000000028,-1.975999999999999
2025,Belgian Grand Prix,BEA,1,INTERMEDIATE,7,0.16600000000001103,2.581000000000003,2.414999999999992
2025,Belgian Grand Prix,BEA,2,MEDIUM,31,3.5459999999999923,0.2749999999999915,-3.271000000000001
2025,Belgian Grand Prix,BOR,1,INTERMEDIATE,6,0.29599999999999227,3.4609999999999985,3.1650000000000063
2025,Belgian Grand Prix,BOR,2,MEDIUM,31,1.8659999999999997,0.10600000000000875,-1.759999999999991
2025,Belgian Grand Prix,COL,1,INTERMEDIATE,6,0.8259999999999934,2.8219999999999885,1.9959999999999951
2025,Belgian Grand Prix,COL,2,MEDIUM,13,1.7779999999999916,0.09199999999999875,-1.6859999999999928
2025,Belgian Grand Prix,GAS,2,MEDIUM,32,3.6939999999999884,0.18599999999999284,-3.5079999999999956
2025,Belgian Grand Prix,HAD,1,INTERMEDIATE,6,0.42200000000001125,3.0490000000000066,2.6269999999999953
2025,Belgian Grand Prix,HAD,3,HARD,22,0.5130000000000052,0.41199999999999193,-0.1010000000000133
2025,Belgian Grand Prix,HAM,1,INTERMEDIATE,6,0.9110000000000014,1.8579999999999899,0.9469999999999885
2025,Belgian Grand Prix,HAM,2,MEDIUM,32,3.029999999999987,0.4259999999999877,-2.603999999999999
2025,Belgian Grand Prix,HUL,1,INTERMEDIATE,6,0.8259999999999934,3.840999999999994,3.0150000000000006
2025,Belgian Grand Prix,HUL,2,MEDIUM,19,2.6299999999999955,0.5319999999999965,-2.097999999999999
2025,Belgian Grand Prix,LAW,1,INTERMEDIATE,7,0.5840000000000032,3.0829999999999984,2.4989999999999952
2025,Belgian Grand Prix,LAW,2,MEDIUM,31,2.0190000000000055,0.492999999999995,-1.5260000000000105
2025,Belgian Grand Prix,LEC,1,INTERMEDIATE,7,0.32099999999999795,3.567999999999998,3.247
2025,Belgian Grand Prix,LEC,2,MEDIUM,31,2.0189999999999912,0.4059999999999917,-1.6129999999999995
2025,Belgian Grand Prix,NOR,1,INTERMEDIATE,8,0.722999999999999,2.4399999999999977,1.7169999999999987
2025,Belgian Grand Prix,NOR,2,HARD,29,2.5919999999999987,0.8329999999999984,-1.7590000000000003
2025,Belgian Grand Prix,OCO,1,INTERMEDIATE,8,0.2530000000000001,3.7319999999999993,3.478999999999999
2025,Belgian Grand Prix,OCO,2,MEDIUM,30,2.625,0.17900000000000205,-2.445999999999998
2025,Belgian Grand Prix,PIA,1,INTERMEDIATE,7,0.12300000000000466,2.3739999999999952,2.2509999999999906
2025,Belgian Grand Prix,PIA,2,MEDIUM,31,3.3829999999999956,0.22700000000000387,-3.1559999999999917
2025,Belgian Grand Prix,RUS,1,INTERMEDIATE,7,0.527000000000001,4.000999999999991,3.4739999999999895
2025,Belgian Grand Prix,RUS,2,MEDIUM,31,1.9519999999999982,0.16400000000000148,-1.7879999999999967
2025,Belgian Grand Prix,SAI,2,MEDIUM,12,0.710000000000008,0.2609999999999957,-0.4490000000000123
2025,Belgian Grand Prix,STR,1,INTERMEDIATE,7,0.519999999999996,2.1259999999999906,1.6059999999999945
2025,Belgian Grand Prix,STR,2,MEDIUM,31,2.1059999999999945,0.12599999999999056,-1.980000000000004
2025,Belgian Grand Prix,TSU,1,INTERMEDIATE,8,0.4269999999999925,3.3059999999999974,2.879000000000005
2025,Belgian Grand Prix,TSU,2,MEDIUM,29,2.6239999999999952,0.018000000000000682,-2.6059999999999945
2025,Belgian Grand Prix,VER,1,INTERMEDIATE,7,0.35200000000000387,3.2720000000000056,2.9200000000000017
2025,Belgian Grand Prix,VER,2,MEDIUM,31,2.0649999999999977,0.5959999999999894,-1.4690000000000083
2025,British Grand Prix,ALB,2,INTERMEDIATE,20,4.793999999999997,0.7249999999999943,-4.069000000000003
2025,British Grand Prix,ALB,3,MEDIUM,9,4.616,0.0730000000000075,-4.542999999999992
2025,British Grand Prix,ALO,2,INTERMEDIATE,15,3.692999999999998,0.7219999999999942,-2.9710000000000036
2025,British Grand Prix,ALO,3,MEDIUM,14,12.306000000000012,0.5900000000000034,-11.716000000000008
2025,British Grand Prix,BEA,2,INTERMEDIATE,19,6.231999999999999,0.0,-6.231999999999999
2025,British Grand Prix,BEA,3,MEDIUM,10,3.9529999999999887,0.19999999999998863,-3.753
2025,British Grand Prix,GAS,2,INTERMEDIATE,19,3.7579999999999956,0.4819999999999993,-3.2759999999999962
2025,British Grand Prix,GAS,3,MEDIUM,10,4.947999999999993,0.7139999999999986,-4.233999999999995
2025,British Grand Prix,HAM,2,INTERMEDIATE,18,5.010999999999996,0.3289999999999935,-4.682000000000002
2025,British Grand Prix,HAM,3,SOFT,10,4.85799999999999,0.7590000000000003,-4.0989999999999895
2025,British Grand Prix,HUL,2,INTERMEDIATE,22,7.250999999999991,0.0049999999999954525,-7.245999999999995
2025,British Grand Prix,HUL,3,MEDIUM,9,2.539999999999992,0.04999999999999716,-2.489999999999995
2025,British Grand Prix,LEC,2,INTERMEDIATE,20,8.525999999999996,0.016999999999995907,-8.509
2025,British Grand Prix,LEC,3,SOFT,9,2.911999999999992,0.42099999999999227,-2.4909999999999997
2025,British Grand Prix,NOR,2,INTERMEDIATE,23,6.560999999999993,0.22699999999998965,-6.334000000000003
2025,British Grand Prix,NOR,3,MEDIUM,7,0.30100000000000193,0.5350000000000108,0.23400000000000887
2025,British Grand Prix,OCO,2,INTERMEDIATE,20,4.018000000000001,0.056000000000011596,-3.961999999999989
2025,British Grand Prix,OCO,3,MEDIUM,9,1.855000000000004,0.21099999999999852,-1.6440000000000055
2025,British Grand Prix,PIA,2,INTERMEDIATE,22,5.623999999999995,0.4029999999999916,-5.221000000000004
2025,British Grand Prix,PIA,3,MEDIUM,6,1.4799999999999898,0.34900000000000375,-1.130999999999986
2025,British Grand Prix,RUS,2,INTERMEDIATE,17,5.721000000000004,0.652000000000001,-5.069000000000003
2025,British Grand Prix,RUS,3,HARD,13,10.219999999999999,0.0870000000000033,-10.132999999999996
2025,British Grand Prix,SAI,2,INTERMEDIATE,19,3.75,0.5489999999999924,-3.2010000000000076
2025,British Grand Prix,SAI,3,MEDIUM,9,5.859000000000009,0.3719999999999999,-5.487000000000009
2025,British Grand Prix,STR,3,INTERMEDIATE,20,5.215000000000003,0.369000000000014,-4.845999999999989
2025,British Grand Prix,STR,4,SOFT,10,4.52300000000001,1.159000000000006,-3.3640000000000043
2025,British Grand Prix,TSU,2,INTERMEDIATE,19,3.4960000000000093,0.51400000000001,-2.9819999999999993
2025,British Grand Prix,TSU,3,MEDIUM,9,7.7239999999999895,0.6919999999999931,-7.0319999999999965
2025,British Grand Prix,VER,2,INTERMEDIATE,20,10.260000000000005,0.43200000000000216,-9.828000000000003
2025,British Grand Prix,VER,3,MEDIUM,9,3.664999999999992,0.7939999999999969,-2.870999999999995
2025,Canadian Grand Prix,ALB,1,MEDIUM,21,0.8559999999999945,2.187999999999988,1.3319999999999936
2025,Canadian Grand Prix,ALB,2,HARD,22,0.46999999999999886,2.039999999999992,1.5699999999999932
2025,Canadian Grand Prix,ALO,1,MEDIUM,13,0.7439999999999998,2.1809999999999974,1.4369999999999976
2025,Canadian Grand Prix,ALO,2,HARD,33,1.1389999999999958,1.027000000000001,-0.11199999999999477
2025,Canadian Grand Prix,ALO,3,HARD,14,0.15200000000000102,0.001999999999995339,-0.15000000000000568
2025,Canadian Grand Prix,ANT,1,MEDIUM,11,0.1979999999999933,0.8309999999999889,0.6329999999999956
2025,Canadian Grand Prix,ANT,2,HARD,22,0.7780000000000058,0.08299999999999841,-0.6950000000000074
2025,Canadian Grand Prix,ANT,3,HARD,27,1.0180000000000007,0.10899999999999466,-0.909000000000006
2025,Canadian Grand Prix,BEA,1,MEDIUM,16,0.7109999999999985,1.1869999999999976,0.4759999999999991
2025,Canadian Grand Prix,BEA,2,HARD,43,1.5060000000000002,0.057999999999992724,-1.4480000000000075
2025,Canadian Grand Prix,BOR,1,HARD,47,1.2630000000000052,0.17099999999999227,-1.092000000000013
2025,Canadian Grand Prix,BOR,2,MEDIUM,15,0.22700000000000387,0.6230000000000047,0.3960000000000008
2025,Canadian Grand Prix,COL,1,MEDIUM,12,0.4380000000000024,0.617999999999995,0.1799999999999926
2025,Canadian Grand Prix,COL,2,HARD,50,1.3800000000000097,0.5460000000000065,-0.8340000000000032
2025,Canadian Grand Prix,GAS,1,HARD,50,2.4259999999999877,0.09499999999999886,-2.330999999999989
2025,Canadian Grand Prix,GAS,2,MEDIUM,11,0.5330000000000013,1.2139999999999986,0.6809999999999974
2025,Canadian Grand Prix,HAD,1,MEDIUM,11,0.6820000000000022,1.0180000000000007,0.3359999999999985
2025,Canadian Grand Prix,HAD,2,HARD,49,1.1469999999999914,1.2459999999999951,0.09900000000000375
2025,Canadian Grand Prix,HAM,1,MEDIUM,13,0.5489999999999924,0.9059999999999917,0.3569999999999993
2025,Canadian Grand Prix,HAM,2,HARD,28,1.8119999999999976,0.8429999999999893,-0.9690000000000083
2025,Canadian Grand Prix,HAM,3,HARD,19,0.9229999999999876,0.367999999999995,-0.5549999999999926
2025,Canadian Grand Prix,HUL,1,MEDIUM,17,0.8850000000000051,1.2210000000000036,0.3359999999999985
2025,Canadian Grand Prix,HUL,2,HARD,45,2.2039999999999935,0.13800000000000523,-2.0659999999999883
2025,Canadian Grand Prix,LAW,1,HARD,36,1.25,0.46999999999999886,-0.7800000000000011
2025,Canadian Grand Prix,LAW,2,MEDIUM,14,0.9070000000000107,0.11600000000001387,-0.7909999999999968
2025,Canadian Grand Prix,LEC,1,HARD,26,1.8649999999999949,0.472999999999999,-1.391999999999996
2025,Canadian Grand Prix,LEC,2,HARD,23,0.519999999999996,0.49099999999999966,-0.028999999999996362
2025,Canadian Grand Prix,LEC,3,MEDIUM,11,0.31799999999999784,1.0820000000000078,0.76400000000001
2025,Canadian Grand Prix,NOR,1,HARD,27,1.2139999999999986,0.1799999999999926,-1.034000000000006
2025,Canadian Grand Prix,NOR,2,MEDIUM,16,0.5300000000000011,0.8830000000000098,0.35300000000000864
2025,Canadian Grand Prix,NOR,3,HARD,18,0.26500000000000057,0.055999999999997385,-0.20900000000000318
2025,Canadian Grand Prix,OCO,1,HARD,55,1.6299999999999955,0.12600000000000477,-1.5039999999999907
2025,Canadian Grand Prix,OCO,2,MEDIUM,7,0.0030000000000001137,0.34499999999999886,0.34199999999999875
2025,Canadian Grand Prix,PIA,1,MEDIUM,14,0.5049999999999955,0.813999999999993,0.3089999999999975
2025,Canadian Grand Prix,PIA,2,HARD,27,0.6829999999999927,0.45000000000000284,-0.23299999999998988
2025,Canadian Grand Prix,PIA,3,HARD,20,0.6410000000000053,0.15400000000001057,-0.48699999999999477
2025,Canadian Grand Prix,RUS,1,MEDIUM,11,0.4449999999999932,0.75,0.3050000000000068
2025,Canadian Grand Prix,RUS,2,HARD,27,0.5669999999999931,0.4019999999999868,-0.16500000000000625
2025,Canadian Grand Prix,RUS,3,HARD,23,1.176000000000002,0.24500000000000455,-0.9309999999999974
2025,Canadian Grand Prix,SAI,1,HARD,54,1.972999999999999,0.2609999999999957,-1.7120000000000033
2025,Canadian Grand Prix,SAI,2,MEDIUM,7,0.39400000000000546,0.07000000000000739,-0.32399999999999807
2025,Canadian Grand Prix,STR,1,HARD,22,1.4439999999999884,1.1580000000000013,-0.28599999999998715
2025,Canadian Grand Prix,STR,2,HARD,25,0.35999999999999943,0.3739999999999952,0.013999999999995794
2025,Canadian Grand Prix,STR,3,MEDIUM,13,0.34199999999999875,0.44199999999999307,0.09999999999999432
2025,Canadian Grand Prix,TSU,1,HARD,54,1.8089999999999975,0.30400000000000205,-1.5049999999999955
2025,Canadian Grand Prix,TSU,2,MEDIUM,8,0.06900000000000261,0.5519999999999925,0.4829999999999899
2025,Canadian Grand Prix,VER,1,MEDIUM,10,0.19299999999999784,0.8610000000000042,0.6680000000000064
2025,Canadian Grand Prix,VER,2,HARD,23,0.5400000000000063,0.659000000000006,0.11899999999999977
2025,Canadian Grand Prix,VER,3,HARD,28,1.0039999999999907,0.11699999999999022,-0.8870000000000005
2025,Chinese Grand Prix,ALB,1,MEDIUM,18,0.7839999999999918,0.6659999999999968,-0.117999999999995
2025,Chinese Grand Prix,ALB,2,HARD,35,1.3930000000000007,0.3089999999999975,-1.0840000000000032
2025,Chinese Grand Prix,ANT,1,MEDIUM,10,0.1560000000000059,0.8659999999999997,0.7099999999999937
2025,Chinese Grand Prix,ANT,2,HARD,43,3.1310000000000002,0.30699999999998795,-2.8240000000000123
2025,Chinese Grand Prix,BEA,1,HARD,24,1.3790000000000049,0.5020000000000095,-0.8769999999999953
2025,Chinese Grand Prix,BEA,2,MEDIUM,29,0.6129999999999995,0.21299999999999386,-0.4000000000000057
2025,Chinese Grand Prix,BOR,2,HARD,23,0.45999999999999375,1.8499999999999943,1.3900000000000006
2025,Chinese Grand Prix,BOR,3,HARD,28,1.0750000000000028,1.6670000000000016,0.5919999999999987
2025,Chinese Grand Prix,DOO,1,MEDIUM,9,0.3430000000000035,0.2049999999999983,-0.13800000000000523
2025,Chinese Grand Prix,DOO,2,HARD,43,1.782999999999987,0.7679999999999865,-1.0150000000000006
2025,Chinese Grand Prix,GAS,1,MEDIUM,8,0.5969999999999942,0.8459999999999894,0.24899999999999523
2025,Chinese Grand Prix,GAS,2,HARD,45,1.8059999999999974,0.42499999999999716,-1.3810000000000002
2025,Chinese Grand Prix,HAD,1,MEDIUM,10,0.30400000000000205,0.4890000000000043,0.18500000000000227
2025,Chinese Grand Prix,HAD,2,HARD,19,0.9440000000000026,0.37400000000000944,-0.5699999999999932
2025,Chinese Grand Prix,HAD,3,HARD,21,1.2430000000000092,1.362000000000009,0.11899999999999977
2025,Chinese Grand Prix,HAM,1,MEDIUM,11,0.2849999999999966,0.7639999999999958,0.4789999999999992
2025,Chinese Grand Prix,HAM,2,HARD,22,0.7379999999999995,0.3330000000000126,-0.4049999999999869
2025,Chinese Grand Prix,HAM,3,HARD,18,0.41799999999999216,0.1880000000000024,-0.22999999999998977
2025,Chinese Grand Prix,HUL,1,MEDIUM,18,0.5279999999999916,2.0829999999999984,1.5550000000000068
2025,Chinese Grand Prix,HUL,2,HARD,34,0.9169999999999874,2.4679999999999893,1.551000000000002
2025,Chinese Grand Prix,LAW,1,HARD,16,0.8389999999999986,1.4179999999999922,0.5789999999999935
2025,Chinese Grand Prix,LAW,2,MEDIUM,10,0.19899999999999807,0.16100000000000136,-0.0379999999999967
2025,Chinese Grand Prix,LAW,3,HARD,25,0.3230000000000075,1.2109999999999985,0.887999999999991
2025,Chinese Grand Prix,LEC,1,MEDIUM,13,0.43900000000000716,0.8659999999999997,0.4269999999999925
2025,Chinese Grand Prix,LEC,2,HARD,40,1.2690000000000055,1.1580000000000013,-0.1110000000000042
2025,Chinese Grand Prix,NOR,1,MEDIUM,13,0.11599999999999966,0.7520000000000095,0.6360000000000099
2025,Chinese Grand Prix,NOR,2,HARD,40,2.0230000000000103,3.5060000000000002,1.4829999999999899
2025,Chinese Grand Prix,OCO,1,MEDIUM,9,0.1419999999999959,0.4299999999999926,0.2879999999999967
2025,Chinese Grand Prix,OCO,2,HARD,44,2.7720000000000056,0.23799999999999955,-2.534000000000006
2025,Chinese Grand Prix,PIA,1,MEDIUM,12,0.14999999999999147,0.5739999999999981,0.4240000000000066
2025,Chinese Grand Prix,PIA,2,HARD,41,1.6510000000000105,0.45600000000000307,-1.1950000000000074
2025,Chinese Grand Prix,RUS,1,MEDIUM,12,0.18000000000000682,0.9120000000000061,0.7319999999999993
2025,Chinese Grand Prix,RUS,2,HARD,41,2.033999999999992,0.08400000000000318,-1.9499999999999886
2025,Chinese Grand Prix,SAI,1,MEDIUM,15,0.4829999999999899,0.30699999999998795,-0.17600000000000193
2025,Chinese Grand Prix,SAI,2,HARD,38,1.3719999999999999,0.632000000000005,-0.7399999999999949
2025,Chinese Grand Prix,STR,1,HARD,34,1.375,0.06099999999999284,-1.3140000000000072
2025,Chinese Grand Prix,STR,2,MEDIUM,19,0.5229999999999961,0.9399999999999977,0.4170000000000016
2025,Chinese Grand Prix,TSU,1,MEDIUM,9,0.013999999999995794,0.5450000000000017,0.5310000000000059
2025,Chinese Grand Prix,TSU,2,HARD,21,0.7929999999999922,0.44899999999999807,-0.3439999999999941
2025,Chinese Grand Prix,TSU,3,HARD,9,0.2259999999999991,0.39000000000000057,0.16400000000000148
2025,Chinese Grand Prix,TSU,4,MEDIUM,8,0.13700000000000045,1.429000000000002,1.2920000000000016
2025,Chinese Grand Prix,VER,1,MEDIUM,11,0.001999999999995339,0.7619999999999862,0.7599999999999909
2025,Chinese Grand Prix,VER,2,HARD,42,1.8340000000000032,0.2920000000000016,-1.5420000000000016
2025,Dutch Grand Prix,ALB,1,MEDIUM,21,0.3790000000000049,0.18900000000000716,-0.18999999999999773
2025,Dutch Grand Prix,ALB,2,HARD,24,0.5330000000000013,0.27899999999999636,-0.2540000000000049
2025,Dutch Grand Prix,ALB,3,SOFT,11,0.30800000000000693,0.23700000000000898,-0.07099999999999795
2025,Dutch Grand Prix,ALO,1,MEDIUM,16,0.3990000000000009,0.2980000000000018,-0.10099999999999909
2025,Dutch Grand Prix,ALO,2,HARD,14,0.527000000000001,1.1470000000000056,0.6200000000000045
2025,Dutch Grand Prix,ALO,3,HARD,22,0.5420000000000016,1.0480000000000018,0.5060000000000002
2025,Dutch Grand Prix,ANT,1,MEDIUM,21,0.7959999999999923,0.40500000000000114,-0.39099999999999113
2025,Dutch Grand Prix,ANT,2,HARD,22,0.7210000000000036,0.3610000000000042,-0.35999999999999943
2025,Dutch Grand Prix,ANT,4,SOFT,11,0.7409999999999997,0.45999999999999375,-0.2810000000000059
2025,Dutch Grand Prix,BEA,1,HARD,45,1.2819999999999965,1.0499999999999972,-0.23199999999999932
2025,Dutch Grand Prix,BEA,2,MEDIUM,11,1.23899999999999,0.17199999999999704,-1.066999999999993
2025,Dutch Grand Prix,BOR,1,MEDIUM,20,1.340999999999994,0.9159999999999968,-0.42499999999999716
2025,Dutch Grand Prix,BOR,2,HARD,26,1.1559999999999917,1.9979999999999905,0.8419999999999987
2025,Dutch Grand Prix,BOR,3,SOFT,7,0.11499999999999488,2.9839999999999947,2.8689999999999998
2025,Dutch Grand Prix,COL,1,SOFT,17,0.5150000000000006,0.8310000000000031,0.3160000000000025
2025,Dutch Grand Prix,COL,2,HARD,25,1.0699999999999932,1.5090000000000003,0.43900000000000716
2025,Dutch Grand Prix,COL,3,MEDIUM,7,1.6229999999999905,0.9909999999999997,-0.6319999999999908
2025,Dutch Grand Prix,GAS,1,MEDIUM,20,0.8520000000000039,0.5720000000000027,-0.28000000000000114
2025,Dutch Grand Prix,GAS,2,HARD,34,1.1749999999999972,2.5,1.3250000000000028
2025,Dutch Grand Prix,HAD,1,MEDIUM,21,1.0109999999999957,1.0309999999999917,0.01999999999999602
2025,Dutch Grand Prix,HAD,2,HARD,24,0.9920000000000044,0.539999999999992,-0.4520000000000124
2025,Dutch Grand Prix,HAD,3,SOFT,11,0.43900000000000716,0.01999999999999602,-0.41900000000001114
2025,Dutch Grand Prix,HAM,1,MEDIUM,21,0.8859999999999957,0.8770000000000095,-0.00899999999998613
2025,Dutch Grand Prix,HUL,1,SOFT,17,0.652000000000001,0.5640000000000072,-0.08799999999999386
2025,Dutch Grand Prix,HUL,2,HARD,25,2.6750000000000114,1.4490000000000123,-1.225999999999999
2025,Dutch Grand Prix,HUL,3,MEDIUM,10,1.5039999999999907,1.7139999999999986,0.21000000000000796
2025,Dutch Grand Prix,LAW,1,MEDIUM,21,0.5559999999999974,0.6759999999999877,0.11999999999999034
2025,Dutch Grand Prix,LAW,3,SOFT,21,0.5009999999999906,0.5879999999999939,0.0870000000000033
2025,Dutch Grand Prix,LAW,4,SOFT,11,0.12399999999999523,1.2069999999999936,1.0829999999999984
2025,Dutch Grand Prix,LEC,1,MEDIUM,19,0.9330000000000069,1.125,0.19199999999999307
2025,Dutch Grand Prix,LEC,2,HARD,23,1.117999999999995,0.5529999999999973,-0.5649999999999977
2025,Dutch Grand Prix,NOR,1,MEDIUM,21,1.3320000000000078,0.936000000000007,-0.3960000000000008
2025,Dutch Grand Prix,NOR,2,HARD,24,0.980000000000004,0.46399999999999864,-0.5160000000000053
2025,Dutch Grand Prix,NOR,3,HARD,7,0.5390000000000015,0.3859999999999957,-0.1530000000000058
2025,Dutch Grand Prix,OCO,1,HARD,44,1.7720000000000056,1.1949999999999932,-0.5770000000000124
2025,Dutch Grand Prix,OCO,2,MEDIUM,11,2.313999999999993,0.8449999999999989,-1.468999999999994
2025,Dutch Grand Prix,PIA,1,MEDIUM,21,0.8329999999999984,0.671999999999997,-0.16100000000000136
2025,Dutch Grand Prix,PIA,2,HARD,24,0.6439999999999912,0.6700000000000017,0.02600000000001046
2025,Dutch Grand Prix,PIA,3,HARD,11,0.6679999999999922,0.6200000000000045,-0.04799999999998761
2025,Dutch Grand Prix,RUS,1,MEDIUM,20,0.6189999999999998,0.5160000000000053,-0.10299999999999443
2025,Dutch Grand Prix,RUS,2,HARD,24,0.3689999999999998,0.7210000000000036,0.35200000000000387
2025,Dutch Grand Prix,RUS,3,SOFT,11,0.3340000000000032,0.27200000000000557,-0.06199999999999761
2025,Dutch Grand Prix,SAI,1,MEDIUM,21,0.6280000000000001,0.6119999999999948,-0.016000000000005343
2025,Dutch Grand Prix,SAI,3,SOFT,20,0.18200000000000216,1.2999999999999972,1.117999999999995
2025,Dutch Grand Prix,SAI,4,SOFT,7,0.07699999999999818,0.9669999999999987,0.8900000000000006
2025,Dutch Grand Prix,STR,1,MEDIUM,6,0.8449999999999989,0.5889999999999986,-0.2560000000000002
2025,Dutch Grand Prix,STR,2,HARD,36,0.47399999999998954,1.7099999999999937,1.2360000000000042
2025,Dutch Grand Prix,STR,3,HARD,11,1.4200000000000017,0.33199999999999363,-1.088000000000008
2025,Dutch Grand Prix,TSU,1,SOFT,17,0.3920000000000101,0.47400000000000375,0.08199999999999363
2025,Dutch Grand Prix,TSU,2,HARD,26,0.027000000000001023,1.5480000000000018,1.5210000000000008
2025,Dutch Grand Prix,TSU,3,SOFT,11,1.6929999999999978,0.492999999999995,-1.2000000000000028
2025,Dutch Grand Prix,VER,1,SOFT,21,0.39100000000000534,1.058000000000007,0.6670000000000016
2025,Dutch Grand Prix,VER,2,MEDIUM,24,0.590999999999994,0.1910000000000025,-0.3999999999999915
2025,Dutch Grand Prix,VER,3,SOFT,11,0.617999999999995,0.09799999999999898,-0.519999999999996
2025,Emilia Romagna Grand Prix,ALB,1,MEDIUM,27,0.1910000000000025,0.8730000000000047,0.6820000000000022
2025,Emilia Romagna Grand Prix,ALB,2,HARD,14,0.3020000000000067,0.031999999999996476,-0.27000000000001023
2025,Emilia Romagna Grand Prix,ALB,3,HARD,9,1.3599999999999994,1.6749999999999972,0.3149999999999977
2025,Emilia Romagna Grand Prix,ALO,1,MEDIUM,10,0.24200000000000443,1.4270000000000067,1.1850000000000023
2025,Emilia Romagna Grand Prix,ALO,2,HARD,28,0.9669999999999987,0.03999999999999204,-0.9270000000000067
2025,Emilia Romagna Grand Prix,ALO,3,MEDIUM,10,1.2409999999999997,0.1699999999999875,-1.0710000000000122
2025,Emilia Romagna Grand Prix,ANT,1,HARD,27,0.5489999999999924,1.1580000000000013,0.6090000000000089
2025,Emilia Romagna Grand Prix,ANT,2,MEDIUM,13,1.0409999999999968,0.21399999999999864,-0.8269999999999982
2025,Emilia Romagna Grand Prix,BEA,1,HARD,27,0.7339999999999947,0.06299999999998818,-0.6710000000000065
2025,Emilia Romagna Grand Prix,BEA,3,HARD,22,0.4749999999999943,1.1069999999999993,0.632000000000005
2025,Emilia Romagna Grand Prix,BOR,1,MEDIUM,10,0.6550000000000011,1.0190000000000055,0.3640000000000043
2025,Emilia Romagna Grand Prix,BOR,2,HARD,15,0.19299999999999784,0.862000000000009,0.6690000000000111
2025,Emilia Romagna Grand Prix,BOR,3,HARD,14,0.5030000000000001,0.01999999999999602,-0.4830000000000041
2025,Emilia Romagna Grand Prix,BOR,4,MEDIUM,10,1.5730000000000075,0.6760000000000019,-0.8970000000000056
2025,Emilia Romagna Grand Prix,COL,1,MEDIUM,20,0.9549999999999983,1.1470000000000056,0.19200000000000728
2025,Emilia Romagna Grand Prix,COL,2,HARD,18,0.024999999999991473,2.4470000000000027,2.4220000000000113
2025,Emilia Romagna Grand Prix,COL,3,HARD,10,1.7590000000000003,0.5499999999999972,-1.2090000000000032
2025,Emilia Romagna Grand Prix,GAS,2,HARD,18,0.07800000000000296,1.4110000000000014,1.3329999999999984
2025,Emilia Romagna Grand Prix,GAS,3,HARD,24,0.7390000000000043,0.3760000000000048,-0.36299999999999955
2025,Emilia Romagna Grand Prix,HAD,1,MEDIUM,27,0.7000000000000028,1.0679999999999978,0.367999999999995
2025,Emilia Romagna Grand Prix,HAD,2,HARD,14,0.4369999999999976,0.5249999999999915,0.08799999999999386
2025,Emilia Romagna Grand Prix,HAD,3,HARD,10,0.8700000000000045,0.6069999999999993,-0.26300000000000523
2025,Emilia Romagna Grand Prix,HAM,1,HARD,27,0.8499999999999943,1.3669999999999902,0.5169999999999959
2025,Emilia Romagna Grand Prix,HAM,2,MEDIUM,14,0.6110000000000042,0.3430000000000035,-0.2680000000000007
2025,Emilia Romagna Grand Prix,HAM,3,HARD,10,2.5819999999999936,0.5799999999999983,-2.0019999999999953
2025,Emilia Romagna Grand Prix,HUL,1,HARD,27,0.7480000000000047,0.804000000000002,0.055999999999997385
2025,Emilia Romagna Grand Prix,HUL,2,MEDIUM,23,1.9620000000000033,0.51400000000001,-1.4479999999999933
2025,Emilia Romagna Grand Prix,LAW,1,MEDIUM,8,0.938999999999993,0.3130000000000024,-0.6259999999999906
2025,Emilia Romagna Grand Prix,LAW,2,HARD,17,0.4579999999999984,1.6340000000000003,1.176000000000002
2025,Emilia Romagna Grand Prix,LAW,3,HARD,24,0.686000000000007,0.38800000000000523,-0.2980000000000018
2025,Emilia Romagna Grand Prix,LEC,1,MEDIUM,8,0.14300000000000068,0.382000000000005,0.23900000000000432
2025,Emilia Romagna Grand Prix,LEC,2,HARD,17,0.5510000000000019,0.652000000000001,0.10099999999999909
2025,Emilia Romagna Grand Prix,LEC,3,HARD,24,0.9620000000000033,1.9549999999999983,0.992999999999995
2025,Emilia Romagna Grand Prix,NOR,1,MEDIUM,26,0.818000000000012,0.6630000000000109,-0.15500000000000114
2025,Emilia Romagna Grand Prix,NOR,2,HARD,14,0.5740000000000123,0.3160000000000025,-0.2580000000000098
2025,Emilia Romagna Grand Prix,NOR,3,HARD,10,0.9069999999999965,0.3739999999999952,-0.5330000000000013
2025,Emilia Romagna Grand Prix,OCO,2,HARD,25,0.010000000000005116,1.1809999999999974,1.1709999999999923
2025,Emilia Romagna Grand Prix,PIA,1,MEDIUM,11,0.24899999999999523,0.644999999999996,0.3960000000000008
2025,Emilia Romagna Grand Prix,PIA,2,HARD,14,0.2560000000000002,0.5050000000000097,0.24900000000000944
2025,Emilia Romagna Grand Prix,PIA,3,HARD,24,0.8799999999999955,0.652000000000001,-0.22799999999999443
2025,Emilia Romagna Grand Prix,RUS,1,MEDIUM,9,0.23299999999998988,1.1099999999999994,0.8770000000000095
2025,Emilia Romagna Grand Prix,RUS,2,HARD,16,0.02199999999999136,0.3930000000000007,0.3710000000000093
2025,Emilia Romagna Grand Prix,RUS,3,HARD,24,1.5249999999999915,0.7309999999999945,-0.7939999999999969
2025,Emilia Romagna Grand Prix,SAI,1,MEDIUM,9,0.27600000000001046,0.7820000000000107,0.5060000000000002
2025,Emilia Romagna Grand Prix,SAI,2,HARD,16,0.29599999999999227,1.191999999999993,0.8960000000000008
2025,Emilia Romagna Grand Prix,SAI,3,HARD,24,1.3460000000000036,0.4680000000000035,-0.8780000000000001
2025,Emilia Romagna Grand Prix,STR,1,MEDIUM,12,0.41199999999999193,1.225999999999999,0.8140000000000072
2025,Emilia Romagna Grand Prix,STR,2,HARD,26,0.3850000000000051,0.3299999999999983,-0.05500000000000682
2025,Emilia Romagna Grand Prix,STR,3,MEDIUM,10,1.5819999999999936,0.3459999999999894,-1.2360000000000042
2025,Emilia Romagna Grand Prix,TSU,1,HARD,27,0.5090000000000003,0.5310000000000059,0.02200000000000557
2025,Emilia Romagna Grand Prix,TSU,2,MEDIUM,24,1.6069999999999993,0.19899999999999807,-1.4080000000000013
2025,Emilia Romagna Grand Prix,VER,1,MEDIUM,27,0.362000000000009,0.46000000000000796,0.09799999999999898
2025,Emilia Romagna Grand Prix,VER,2,HARD,14,0.8169999999999931,0.277000000000001,-0.539999999999992
2025,Emilia Romagna Grand Prix,VER,3,HARD,10,0.2259999999999991,0.6009999999999991,0.375
2025,Hungarian Grand Prix,ALB,1,SOFT,12,0.9490000000000123,0.3400000000000034,-0.6090000000000089
2025,Hungarian Grand Prix,ALB,2,MEDIUM,21,0.22499999999999432,1.3249999999999886,1.0999999999999943
2025,Hungarian Grand Prix,ALB,3,HARD,30,0.5430000000000064,0.41200000000000614,-0.13100000000000023
2025,Hungarian Grand Prix,ALO,1,MEDIUM,37,2.6289999999999907,1.4159999999999968,-1.2129999999999939
2025,Hungarian Grand Prix,ALO,2,HARD,30,2.323999999999998,0.4830000000000041,-1.840999999999994
2025,Hungarian Grand Prix,ANT,1,MEDIUM,19,1.039999999999992,0.4919999999999902,-0.5480000000000018
2025,Hungarian Grand Prix,ANT,2,HARD,46,1.198999999999998,0.9119999999999919,-0.28700000000000614
2025,Hungarian Grand Prix,BEA,1,MEDIUM,27,1.125,0.9039999999999964,-0.22100000000000364
2025,Hungarian Grand Prix,BEA,2,HARD,16,0.5420000000000016,2.0249999999999915,1.4829999999999899
2025,Hungarian Grand Prix,BOR,1,MEDIUM,38,1.2039999999999935,0.14700000000000557,-1.056999999999988
2025,Hungarian Grand Prix,BOR,2,HARD,29,0.7720000000000056,0.4720000000000084,-0.29999999999999716
2025,Hungarian Grand Prix,COL,1,MEDIUM,11,0.9969999999999999,0.055999999999997385,-0.9410000000000025
2025,Hungarian Grand Prix,COL,2,HARD,19,0.04199999999998738,1.8079999999999927,1.7660000000000053
2025,Hungarian Grand Prix,COL,3,HARD,32,1.2690000000000055,2.007000000000005,0.7379999999999995
2025,Hungarian Grand Prix,GAS,1,HARD,29,0.5799999999999983,0.8419999999999987,0.26200000000000045
2025,Hungarian Grand Prix,GAS,2,MEDIUM,35,0.2599999999999909,1.2739999999999867,1.0139999999999958
2025,Hungarian Grand Prix,HAD,1,MEDIUM,31,1.1239999999999952,0.14300000000000068,-0.9809999999999945
2025,Hungarian Grand Prix,HAD,2,HARD,35,0.6789999999999878,0.8219999999999885,0.14300000000000068
2025,Hungarian Grand Prix,HAM,1,HARD,39,2.1450000000000102,0.6440000000000055,-1.5010000000000048
2025,Hungarian Grand Prix,HAM,2,MEDIUM,26,1.1129999999999995,2.2299999999999898,1.1169999999999902
2025,Hungarian Grand Prix,HUL,2,MEDIUM,33,0.08599999999999852,0.8190000000000026,0.7330000000000041
2025,Hungarian Grand Prix,HUL,3,MEDIUM,26,0.8599999999999994,0.8399999999999892,-0.020000000000010232
2025,Hungarian Grand Prix,LAW,1,MEDIUM,38,2.0020000000000095,0.4440000000000026,-1.558000000000007
2025,Hungarian Grand Prix,LAW,2,HARD,29,0.909000000000006,0.5770000000000124,-0.33199999999999363
2025,Hungarian Grand Prix,LEC,1,MEDIUM,17,0.7550000000000097,0.5760000000000076,-0.17900000000000205
2025,Hungarian Grand Prix,LEC,2,HARD,19,0.05100000000000193,0.7250000000000085,0.6740000000000066
2025,Hungarian Grand Prix,LEC,3,HARD,29,0.20000000000000284,2.4740000000000038,2.274000000000001
2025,Hungarian Grand Prix,NOR,1,MEDIUM,28,1.7830000000000013,0.7130000000000081,-1.0699999999999932
2025,Hungarian Grand Prix,NOR,2,HARD,38,0.833999999999989,0.7119999999999891,-0.12199999999999989
2025,Hungarian Grand Prix,OCO,1,MEDIUM,12,1.0829999999999984,0.35299999999999443,-0.730000000000004
2025,Hungarian Grand Prix,OCO,2,HARD,54,0.018000000000000682,0.7079999999999984,0.6899999999999977
2025,Hungarian Grand Prix,PIA,1,MEDIUM,16,1.4390000000000072,0.41200000000000614,-1.027000000000001
2025,Hungarian Grand Prix,PIA,2,HARD,25,0.25500000000000966,0.12600000000000477,-0.1290000000000049
2025,Hungarian Grand Prix,PIA,3,HARD,24,0.3059999999999974,1.2509999999999906,0.9449999999999932
2025,Hungarian Grand Prix,RUS,1,MEDIUM,17,1.4570000000000078,0.35200000000000387,-1.105000000000004
2025,Hungarian Grand Prix,RUS,2,HARD,21,0.3930000000000007,0.8090000000000117,0.416000000000011
2025,Hungarian Grand Prix,RUS,3,HARD,26,0.20199999999999818,1.141999999999996,0.9399999999999977
2025,Hungarian Grand Prix,SAI,1,SOFT,13,0.9630000000000081,0.4210000000000065,-0.5420000000000016
2025,Hungarian Grand Prix,SAI,2,HARD,34,0.16599999999999682,0.7019999999999982,0.5360000000000014
2025,Hungarian Grand Prix,SAI,3,MEDIUM,16,0.47699999999998965,1.0609999999999928,0.5840000000000032
2025,Hungarian Grand Prix,STR,1,MEDIUM,34,1.2199999999999989,0.597999999999999,-0.6219999999999999
2025,Hungarian Grand Prix,STR,2,HARD,33,0.8970000000000056,0.5859999999999985,-0.31100000000000705
2025,Hungarian Grand Prix,TSU,1,MEDIUM,18,0.8049999999999926,0.1909999999999883,-0.6140000000000043
2025,Hungarian Grand Prix,TSU,2,SOFT,15,0.08899999999999864,2.0309999999999917,1.941999999999993
2025,Hungarian Grand Prix,TSU,3,HARD,31,0.23699999999999477,1.559999999999988,1.3229999999999933
2025,Hungarian Grand Prix,VER,1,MEDIUM,15,0.769999999999996,0.04800000000000182,-0.7219999999999942
2025,Hungarian Grand Prix,VER,2,HARD,29,0.6499999999999915,0.6170000000000044,-0.03299999999998704
2025,Hungarian Grand Prix,VER,3,HARD,21,0.11299999999999955,2.1010000000000133,1.9880000000000138
2025,Italian Grand Prix,ALB,1,HARD,38,2.930000000000007,0.16100000000000136,-2.7690000000000055
2025,Italian Grand Prix,ALB,2,MEDIUM,11,0.666000000000011,0.480000000000004,-0.18600000000000705
2025,Italian Grand Prix,ALO,1,MEDIUM,18,1.257000000000005,0.03900000000000148,-1.2180000000000035
2025,Italian Grand Prix,ANT,1,MEDIUM,23,2.1580000000000013,0.21999999999999886,-1.9380000000000024
2025,Italian Grand Prix,ANT,2,HARD,24,0.8070000000000022,0.14000000000000057,-0.6670000000000016
2025,Italian Grand Prix,BEA,1,MEDIUM,16,1.1239999999999952,0.08899999999999864,-1.0349999999999966
2025,Italian Grand Prix,BEA,2,HARD,33,2.298000000000002,0.30800000000000693,-1.9899999999999949
2025,Italian Grand Prix,BOR,1,MEDIUM,18,0.695999999999998,0.10500000000000398,-0.590999999999994
2025,Italian Grand Prix,BOR,2,HARD,31,1.7450000000000045,0.012000000000000455,-1.733000000000004
2025,Italian Grand Prix,COL,1,MEDIUM,29,1.5529999999999973,0.4229999999999876,-1.1300000000000097
2025,Italian Grand Prix,COL,2,HARD,17,0.8190000000000026,0.9809999999999945,0.16199999999999193
2025,Italian Grand Prix,GAS,1,HARD,44,2.709000000000003,0.01300000000000523,-2.695999999999998
2025,Italian Grand Prix,HAD,1,HARD,29,2.078000000000003,0.04200000000000159,-2.0360000000000014
2025,Italian Grand Prix,HAD,2,MEDIUM,20,0.5240000000000009,0.09300000000000352,-0.4309999999999974
2025,Italian Grand Prix,HAM,1,MEDIUM,36,2.608000000000004,0.11199999999999477,-2.4960000000000093
2025,Italian Grand Prix,HAM,2,HARD,14,0.6479999999999961,0.31099999999999284,-0.3370000000000033
2025,Italian Grand Prix,LAW,1,SOFT,7,0.7479999999999905,0.0689999999999884,-0.679000000000002
2025,Italian Grand Prix,LAW,2,HARD,42,1.1730000000000018,0.2819999999999965,-0.8910000000000053
2025,Italian Grand Prix,LEC,1,MEDIUM,30,2.228999999999999,0.23599999999999,-1.9930000000000092
2025,Italian Grand Prix,LEC,2,HARD,19,1.0670000000000073,0.6069999999999993,-0.46000000000000796
2025,Italian Grand Prix,NOR,1,MEDIUM,44,1.5009999999999906,0.3930000000000007,-1.1079999999999899
2025,Italian Grand Prix,NOR,2,SOFT,6,0.2220000000000084,0.3580000000000041,0.13599999999999568
2025,Italian Grand Prix,OCO,1,HARD,49,2.5430000000000064,0.17199999999999704,-2.3710000000000093
2025,Italian Grand Prix,PIA,1,MEDIUM,43,2.885000000000005,0.17199999999999704,-2.713000000000008
2025,Italian Grand Prix,PIA,2,SOFT,7,0.5379999999999967,0.14099999999999113,-0.39700000000000557
2025,Italian Grand Prix,RUS,1,MEDIUM,25,1.8769999999999953,0.3329999999999984,-1.543999999999997
2025,Italian Grand Prix,RUS,2,HARD,24,0.8010000000000019,0.27200000000000557,-0.5289999999999964
2025,Italian Grand Prix,SAI,1,MEDIUM,26,1.8619999999999948,0.3049999999999926,-1.5570000000000022
2025,Italian Grand Prix,SAI,2,HARD,21,0.7750000000000057,0.4579999999999984,-0.3170000000000073
2025,Italian Grand Prix,STR,1,HARD,46,2.060999999999993,0.12000000000000455,-1.9409999999999883
2025,Italian Grand Prix,TSU,1,MEDIUM,17,0.9990000000000094,0.17600000000000193,-0.8230000000000075
2025,Italian Grand Prix,TSU,2,HARD,32,1.3870000000000005,0.2849999999999966,-1.1020000000000039
2025,Italian Grand Prix,VER,1,MEDIUM,35,0.8610000000000042,0.04800000000000182,-0.8130000000000024
2025,Italian Grand Prix,VER,2,HARD,15,0.3990000000000009,0.0969999999999942,-0.3020000000000067
2025,Japanese Grand Prix,ALB,1,MEDIUM,22,0.695999999999998,0.055999999999997385,-0.6400000000000006
2025,Japanese Grand Prix,ALB,2,HARD,28,1.9779999999999944,0.028999999999996362,-1.948999999999998
2025,Japanese Grand Prix,ALO,1,MEDIUM,22,0.6499999999999915,0.3569999999999993,-0.29299999999999216
2025,Japanese Grand Prix,ALO,2,HARD,28,1.2480000000000047,0.24900000000000944,-0.9989999999999952
2025,Japanese Grand Prix,ANT,1,MEDIUM,28,1.1620000000000061,0.09799999999999898,-1.0640000000000072
2025,Japanese Grand Prix,ANT,2,HARD,20,0.5210000000000008,0.09300000000000352,-0.42799999999999727
2025,Japanese Grand Prix,BEA,1,MEDIUM,21,0.47999999999998977,0.07500000000000284,-0.4049999999999869
2025,Japanese Grand Prix,BEA,2,HARD,29,1.3269999999999982,0.07500000000000284,-1.2519999999999953
2025,Japanese Grand Prix,BOR,1,HARD,29,2.039999999999992,0.17599999999998772,-1.8640000000000043
2025,Japanese Grand Prix,BOR,2,MEDIUM,21,0.9129999999999967,0.914999999999992,0.001999999999995339
2025,Japanese Grand Prix,DOO,1,SOFT,13,0.7610000000000099,0.1039999999999992,-0.6570000000000107
2025,Japanese Grand Prix,DOO,2,HARD,37,1.1140000000000043,0.2749999999999915,-0.8390000000000128
2025,Japanese Grand Prix,GAS,1,MEDIUM,22,0.6659999999999968,0.31099999999999284,-0.355000000000004
2025,Japanese Grand Prix,GAS,2,HARD,27,1.1240000000000094,0.1290000000000049,-0.9950000000000045
2025,Japanese Grand Prix,HAD,1,MEDIUM,23,0.6400000000000006,0.054000000000002046,-0.5859999999999985
2025,Japanese Grand Prix,HAD,2,HARD,27,1.8850000000000051,0.14100000000000534,-1.7439999999999998
2025,Japanese Grand Prix,HAM,1,HARD,28,1.2139999999999986,0.11199999999999477,-1.1020000000000039
2025,Japanese Grand Prix,HAM,2,MEDIUM,22,0.39699999999999136,0.016999999999995907,-0.37999999999999545
2025,Japanese Grand Prix,HUL,1,MEDIUM,20,1.1069999999999993,0.001999999999995339,-1.105000000000004
2025,Japanese Grand Prix,HUL,2,HARD,30,0.9569999999999936,0.3780000000000001,-0.5789999999999935
2025,Japanese Grand Prix,LAW,1,MEDIUM,31,1.274000000000001,1.1509999999999962,-0.12300000000000466
2025,Japanese Grand Prix,LAW,2,SOFT,19,0.7530000000000001,0.8909999999999911,0.13799999999999102
2025,Japanese Grand Prix,LEC,1,MEDIUM,19,0.7079999999999984,0.2150000000000034,-0.492999999999995
2025,Japanese Grand Prix,LEC,2,HARD,31,1.6550000000000011,0.27600000000001046,-1.3789999999999907
2025,Japanese Grand Prix,NOR,1,MEDIUM,19,0.8499999999999943,0.13100000000000023,-0.7189999999999941
2025,Japanese Grand Prix,NOR,2,HARD,30,1.600999999999999,0.03700000000000614,-1.563999999999993
2025,Japanese Grand Prix,OCO,1,HARD,30,1.6420000000000101,0.2120000000000033,-1.4300000000000068
2025,Japanese Grand Prix,OCO,2,MEDIUM,20,0.8730000000000047,0.9690000000000083,0.09600000000000364
2025,Japanese Grand Prix,PIA,1,MEDIUM,18,0.7890000000000015,0.4069999999999965,-0.382000000000005
2025,Japanese Grand Prix,PIA,2,HARD,32,1.9779999999999944,0.09999999999999432,-1.8780000000000001
2025,Japanese Grand Prix,RUS,1,MEDIUM,17,0.5880000000000081,0.257000000000005,-0.33100000000000307
2025,Japanese Grand Prix,RUS,2,HARD,32,1.9210000000000065,0.07399999999999807,-1.8470000000000084
2025,Japanese Grand Prix,SAI,1,MEDIUM,29,1.3100000000000023,0.6300000000000097,-0.6799999999999926
2025,Japanese Grand Prix,SAI,2,SOFT,19,0.5700000000000074,0.13800000000000523,-0.43200000000000216
2025,Japanese Grand Prix,STR,1,SOFT,7,0.3709999999999951,0.18500000000000227,-0.18599999999999284
2025,Japanese Grand Prix,STR,2,HARD,19,1.5280000000000058,0.5010000000000048,-1.027000000000001
2025,Japanese Grand Prix,STR,3,MEDIUM,21,0.40399999999999636,0.09399999999999409,-0.3100000000000023
2025,Japanese Grand Prix,TSU,1,MEDIUM,21,1.0370000000000061,0.9549999999999983,-0.08200000000000784
2025,Japanese Grand Prix,TSU,2,HARD,28,1.1650000000000063,0.21699999999999875,-0.9480000000000075
2025,Japanese Grand Prix,VER,1,MEDIUM,19,0.6800000000000068,0.2890000000000015,-0.39100000000000534
2025,Japanese Grand Prix,VER,2,HARD,31,1.4650000000000034,0.14400000000000546,-1.320999999999998
2025,Las Vegas Grand Prix,ALB,1,HARD,9,1.4279999999999973,0.08399999999998897,-1.3440000000000083
2025,Las Vegas Grand Prix,ALB,3,HARD,18,1.2240000000000038,0.409000000000006,-0.8149999999999977
2025,Las Vegas Grand Prix,ALO,1,MEDIUM,11,0.936000000000007,0.25499999999999545,-0.6810000000000116
2025,Las Vegas Grand Prix,ALO,2,HARD,33,1.2909999999999968,1.8789999999999907,0.5879999999999939
2025,Las Vegas Grand Prix,ANT,2,HARD,45,3.942999999999998,0.04399999999999693,-3.899000000000001
2025,Las Vegas Grand Prix,BEA,1,MEDIUM,11,1.1400000000000006,0.22500000000000853,-0.914999999999992
2025,Las Vegas Grand Prix,BEA,2,HARD,32,2.141999999999996,0.5749999999999886,-1.5670000000000073
2025,Las Vegas Grand Prix,COL,1,HARD,19,2.3020000000000067,1.115000000000009,-1.1869999999999976
2025,Las Vegas Grand Prix,COL,2,MEDIUM,23,0.4759999999999991,0.12199999999999989,-0.3539999999999992
2025,Las Vegas Grand Prix,GAS,2,HARD,45,2.5239999999999867,0.27599999999999625,-2.2479999999999905
2025,Las Vegas Grand Prix,HAD,1,MEDIUM,14,0.5529999999999973,0.3689999999999998,-0.1839999999999975
2025,Las Vegas Grand Prix,HAD,2,HARD,29,1.5049999999999955,0.1869999999999976,-1.3179999999999978
2025,Las Vegas Grand Prix,HAM,1,HARD,23,1.9150000000000063,0.24099999999999966,-1.6740000000000066
2025,Las Vegas Grand Prix,HAM,2,MEDIUM,20,1.1460000000000008,0.14700000000000557,-0.9989999999999952
2025,Las Vegas Grand Prix,HUL,1,HARD,24,2.5020000000000095,0.43300000000000693,-2.0690000000000026
2025,Las Vegas Grand Prix,HUL,2,MEDIUM,19,0.6370000000000005,0.08400000000000318,-0.5529999999999973
2025,Las Vegas Grand Prix,LAW,2,HARD,22,1.4250000000000114,0.37300000000000466,-1.0520000000000067
2025,Las Vegas Grand Prix,LAW,3,HARD,20,1.0009999999999906,0.06499999999999773,-0.9359999999999928
2025,Las Vegas Grand Prix,LEC,1,MEDIUM,18,1.4990000000000094,0.4750000000000085,-1.024000000000001
2025,Las Vegas Grand Prix,LEC,2,HARD,25,1.0999999999999943,0.6859999999999928,-0.4140000000000015
2025,Las Vegas Grand Prix,NOR,1,MEDIUM,16,1.3740000000000094,0.17800000000001148,-1.195999999999998
2025,Las Vegas Grand Prix,NOR,2,HARD,27,1.7680000000000007,3.7369999999999948,1.968999999999994
2025,Las Vegas Grand Prix,OCO,1,MEDIUM,20,1.9010000000000105,1.0060000000000002,-0.8950000000000102
2025,Las Vegas Grand Prix,OCO,2,HARD,22,0.7519999999999953,0.05100000000000193,-0.7009999999999934
2025,Las Vegas Grand Prix,PIA,1,MEDIUM,15,1.3419999999999987,0.14400000000000546,-1.1979999999999933
2025,Las Vegas Grand Prix,PIA,2,HARD,28,1.835000000000008,0.37999999999999545,-1.4550000000000125
2025,Las Vegas Grand Prix,RUS,1,MEDIUM,11,0.34199999999999875,0.0899999999999892,-0.25200000000000955
2025,Las Vegas Grand Prix,RUS,2,HARD,32,1.1479999999999961,0.3990000000000009,-0.7489999999999952
2025,Las Vegas Grand Prix,SAI,1,MEDIUM,16,1.2270000000000039,0.8330000000000126,-0.39399999999999125
2025,Las Vegas Grand Prix,SAI,2,HARD,27,1.426000000000002,0.41200000000000614,-1.0139999999999958
2025,Las Vegas Grand Prix,TSU,2,HARD,21,1.5559999999999974,1.0,-0.5559999999999974
2025,Las Vegas Grand Prix,TSU,3,MEDIUM,22,0.4060000000000059,0.016999999999995907,-0.38900000000001
2025,Las Vegas Grand Prix,VER,1,MEDIUM,19,1.019999999999996,0.2330000000000041,-0.7869999999999919
2025,Las Vegas Grand Prix,VER,2,HARD,24,1.6540000000000106,0.7280000000000086,-0.9260000000000019
2025,Mexico City Grand Prix,ALB,1,HARD,39,1.1960000000000122,0.27600000000001046,-0.9200000000000017
2025,Mexico City Grand Prix,ALB,2,SOFT,26,0.06799999999999784,1.543999999999997,1.475999999999999
2025,Mexico City Grand Prix,ALO,1,SOFT,18,0.22700000000000387,1.2980000000000018,1.070999999999998
2025,Mexico City Grand Prix,ALO,2,MEDIUM,12,0.3580000000000041,0.953000000000003,0.5949999999999989
2025,Mexico City Grand Prix,ANT,1,SOFT,20,0.24500000000000455,0.6470000000000056,0.402000000000001
2025,Mexico City Grand Prix,ANT,2,MEDIUM,23,0.5919999999999987,0.6680000000000064,0.07600000000000762
2025,Mexico City Grand Prix,ANT,3,SOFT,19,0.1810000000000116,0.22100000000000364,0.03999999999999204
2025,Mexico City Grand Prix,BEA,1,SOFT,21,0.31400000000000716,0.41500000000000625,0.10099999999999909
2025,Mexico City Grand Prix,BEA,2,MEDIUM,22,0.10500000000000398,0.4830000000000041,0.3780000000000001
2025,Mexico City Grand Prix,BEA,3,SOFT,20,0.07500000000000284,0.7909999999999968,0.715999999999994
2025,Mexico City Grand Prix,BOR,1,MEDIUM,35,0.8860000000000099,0.847999999999999,-0.038000000000010914
2025,Mexico City Grand Prix,BOR,2,SOFT,31,0.28600000000000136,0.9130000000000109,0.6270000000000095
2025,Mexico City Grand Prix,COL,1,HARD,46,1.3100000000000023,0.3930000000000007,-0.9170000000000016
2025,Mexico City Grand Prix,COL,2,SOFT,19,0.22299999999999898,1.159000000000006,0.936000000000007
2025,Mexico City Grand Prix,GAS,1,MEDIUM,31,0.44899999999999807,0.9329999999999927,0.48399999999999466
2025,Mexico City Grand Prix,GAS,2,SOFT,34,0.9569999999999936,0.8089999999999975,-0.14799999999999613
2025,Mexico City Grand Prix,HAD,1,MEDIUM,32,0.20600000000000307,1.1129999999999995,0.9069999999999965
2025,Mexico City Grand Prix,HAD,2,SOFT,33,0.1910000000000025,0.7249999999999943,0.5339999999999918
2025,Mexico City Grand Prix,HAM,1,SOFT,20,0.2469999999999999,0.8269999999999982,0.5799999999999983
2025,Mexico City Grand Prix,HAM,2,MEDIUM,22,0.25,0.6389999999999958,0.3889999999999958
2025,Mexico City Grand Prix,HAM,3,SOFT,20,0.125,1.2339999999999947,1.1089999999999947
2025,Mexico City Grand Prix,HUL,1,SOFT,23,3.777000000000001,1.2750000000000057,-2.5019999999999953
2025,Mexico City Grand Prix,LEC,1,SOFT,29,0.3500000000000085,1.1330000000000098,0.7830000000000013
2025,Mexico City Grand Prix,LEC,2,MEDIUM,37,1.0090000000000003,0.6490000000000009,-0.35999999999999943
2025,Mexico City Grand Prix,NOR,1,SOFT,32,0.5120000000000005,1.152000000000001,0.6400000000000006
2025,Mexico City Grand Prix,NOR,2,MEDIUM,34,1.2349999999999994,0.8359999999999985,-0.3990000000000009
2025,Mexico City Grand Prix,OCO,1,SOFT,25,0.36199999999999477,0.9819999999999993,0.6200000000000045
2025,Mexico City Grand Prix,OCO,2,MEDIUM,41,0.5559999999999974,0.44700000000000273,-0.10899999999999466
2025,Mexico City Grand Prix,PIA,1,SOFT,22,0.3269999999999982,0.6099999999999994,0.28300000000000125
2025,Mexico City Grand Prix,PIA,2,MEDIUM,21,0.965999999999994,0.8859999999999957,-0.0799999999999983
2025,Mexico City Grand Prix,PIA,3,SOFT,21,0.19899999999999807,0.8389999999999986,0.6400000000000006
2025,Mexico City Grand Prix,RUS,1,SOFT,22,0.31100000000000705,0.7109999999999985,0.3999999999999915
2025,Mexico City Grand Prix,RUS,2,MEDIUM,21,0.1740000000000066,1.0430000000000064,0.8689999999999998
2025,Mexico City Grand Prix,RUS,3,SOFT,20,0.32499999999998863,1.5859999999999985,1.26100000000001
2025,Mexico City Grand Prix,SAI,1,MEDIUM,15,0.08400000000000318,0.7749999999999915,0.6909999999999883
2025,Mexico City Grand Prix,SAI,2,SOFT,27,0.13100000000000023,0.4960000000000093,0.3650000000000091
2025,Mexico City Grand Prix,SAI,3,SOFT,8,0.7530000000000001,0.8859999999999957,0.13299999999999557
2025,Mexico City Grand Prix,SAI,4,SOFT,10,0.09799999999999898,0.49500000000000455,0.39700000000000557
2025,Mexico City Grand Prix,STR,1,SOFT,24,1.8760000000000048,0.8740000000000094,-1.0019999999999953
2025,Mexico City Grand Prix,STR,2,MEDIUM,15,0.14100000000000534,0.6720000000000113,0.5310000000000059
2025,Mexico City Grand Prix,STR,3,SOFT,24,0.9519999999999982,1.313999999999993,0.36199999999999477
2025,Mexico City Grand Prix,TSU,1,MEDIUM,34,0.26400000000001,2.358000000000004,2.093999999999994
2025,Mexico City Grand Prix,TSU,2,SOFT,32,0.3990000000000009,0.19400000000000261,-0.2049999999999983
2025,Mexico City Grand Prix,VER,1,MEDIUM,34,0.24900000000000944,1.4279999999999973,1.1789999999999878
2025,Mexico City Grand Prix,VER,2,SOFT,31,0.31699999999999307,0.5549999999999926,0.23799999999999955
2025,Miami Grand Prix,ALB,2,HARD,24,0.3170000000000073,0.09499999999999886,-0.2220000000000084
2025,Miami Grand Prix,ALO,1,HARD,6,0.382000000000005,0.03200000000001069,-0.3499999999999943
2025,Miami Grand Prix,ALO,2,MEDIUM,23,1.0769999999999982,0.9899999999999949,-0.0870000000000033
2025,Miami Grand Prix,ANT,2,HARD,24,0.0379999999999967,0.12999999999999545,0.09199999999999875
2025,Miami Grand Prix,BOR,1,MEDIUM,15,0.060000000000002274,0.6440000000000055,0.5840000000000032
2025,Miami Grand Prix,BOR,2,HARD,7,0.08599999999999852,0.4939999999999998,0.40800000000000125
2025,Miami Grand Prix,GAS,1,HARD,6,0.3299999999999983,0.2469999999999999,-0.08299999999999841
2025,Miami Grand Prix,GAS,2,MEDIUM,24,0.21299999999999386,0.41499999999999204,0.20199999999999818
2025,Miami Grand Prix,HAD,1,MEDIUM,18,0.32800000000000296,0.3270000000000124,-0.000999999999990564
2025,Miami Grand Prix,HAD,2,HARD,30,0.8819999999999908,0.34199999999999875,-0.539999999999992
2025,Miami Grand Prix,HAM,1,HARD,7,2.015999999999991,0.5189999999999912,-1.4969999999999999
2025,Miami Grand Prix,HAM,2,MEDIUM,24,0.16100000000000136,0.46300000000000807,0.3020000000000067
2025,Miami Grand Prix,HUL,1,HARD,8,0.29699999999999704,0.3739999999999952,0.07699999999999818
2025,Miami Grand Prix,HUL,2,MEDIUM,19,0.3499999999999943,0.14100000000000534,-0.20899999999998897
2025,Miami Grand Prix,LAW,1,HARD,6,2.3419999999999987,0.5910000000000082,-1.7509999999999906
2025,Miami Grand Prix,LEC,1,MEDIUM,6,0.8109999999999928,0.5869999999999891,-0.22400000000000375
2025,Miami Grand Prix,LEC,2,HARD,24,0.26300000000000523,0.2459999999999951,-0.017000000000010118
2025,Miami Grand Prix,NOR,1,MEDIUM,6,1.078000000000003,0.03900000000000148,-1.0390000000000015
2025,Miami Grand Prix,NOR,2,HARD,23,0.08800000000000807,1.0180000000000007,0.9299999999999926
2025,Miami Grand Prix,OCO,1,MEDIUM,19,0.08599999999999852,0.8089999999999975,0.722999999999999
2025,Miami Grand Prix,OCO,2,HARD,29,0.340999999999994,0.46399999999999864,0.12300000000000466
2025,Miami Grand Prix,PIA,1,MEDIUM,6,1.2620000000000005,0.04099999999999682,-1.2210000000000036
2025,Miami Grand Prix,PIA,2,HARD,23,0.24799999999999045,0.7569999999999908,0.5090000000000003
2025,Miami Grand Prix,RUS,1,HARD,6,1.8460000000000036,0.8900000000000006,-0.9560000000000031
2025,Miami Grand Prix,RUS,2,MEDIUM,24,0.3399999999999892,0.48499999999999943,0.14500000000001023
2025,Miami Grand Prix,SAI,2,HARD,24,0.42900000000000205,0.4749999999999943,0.04599999999999227
2025,Miami Grand Prix,STR,1,MEDIUM,16,0.6799999999999926,0.3780000000000001,-0.3019999999999925
2025,Miami Grand Prix,STR,2,HARD,31,1.2349999999999994,0.4170000000000016,-0.8179999999999978
2025,Miami Grand Prix,TSU,2,HARD,24,0.42900000000000205,0.0870000000000033,-0.34199999999999875
2025,Miami Grand Prix,VER,2,HARD,24,0.36299999999999955,0.18500000000000227,-0.17799999999999727
2025,Monaco Grand Prix,ALB,1,MEDIUM,27,4.731000000000009,0.33200000000000784,-4.399000000000001
2025,Monaco Grand Prix,ALB,2,MEDIUM,6,1.078000000000003,0.2259999999999991,-0.8520000000000039
2025,Monaco Grand Prix,ALB,3,HARD,35,4.222000000000008,0.0030000000000001137,-4.219000000000008
2025,Monaco Grand Prix,ALO,1,HARD,11,4.831000000000003,0.7019999999999982,-4.129000000000005
2025,Monaco Grand Prix,ALO,2,HARD,19,1.4030000000000058,0.37700000000000955,-1.0259999999999962
2025,Monaco Grand Prix,ANT,1,HARD,62,5.7379999999999995,0.5319999999999965,-5.206000000000003
2025,Monaco Grand Prix,BEA,2,HARD,12,0.20300000000000296,4.338999999999999,4.135999999999996
2025,Monaco Grand Prix,BEA,3,MEDIUM,56,1.1749999999999972,0.009999999999990905,-1.1650000000000063
2025,Monaco Grand Prix,BOR,2,HARD,21,0.036000000000001364,1.5649999999999977,1.5289999999999964
2025,Monaco Grand Prix,BOR,3,SOFT,7,0.3500000000000085,4.082999999999998,3.73299999999999
2025,Monaco Grand Prix,BOR,4,MEDIUM,40,0.08599999999999852,1.9470000000000027,1.8610000000000042
2025,Monaco Grand Prix,COL,1,HARD,8,0.9189999999999969,0.02400000000000091,-0.894999999999996
2025,Monaco Grand Prix,COL,2,MEDIUM,11,0.07399999999999807,1.7980000000000018,1.7240000000000038
2025,Monaco Grand Prix,COL,3,MEDIUM,49,0.6159999999999997,0.26599999999999113,-0.3500000000000085
2025,Monaco Grand Prix,HAD,1,MEDIUM,9,3.055000000000007,0.2880000000000109,-2.766999999999996
2025,Monaco Grand Prix,HAD,3,HARD,57,0.3130000000000024,0.5889999999999986,0.27599999999999625
2025,Monaco Grand Prix,HAM,1,HARD,13,5.9539999999999935,0.9639999999999986,-4.989999999999995
2025,Monaco Grand Prix,HAM,2,HARD,35,0.5319999999999965,1.6839999999999975,1.152000000000001
2025,Monaco Grand Prix,HAM,3,MEDIUM,21,2.5960000000000036,2.4470000000000027,-0.1490000000000009
2025,Monaco Grand Prix,HUL,1,MEDIUM,7,1.5700000000000074,2.1030000000000086,0.5330000000000013
2025,Monaco Grand Prix,HUL,2,HARD,30,0.44700000000000273,1.8230000000000075,1.3760000000000048
2025,Monaco Grand Prix,HUL,3,SOFT,29,0.686000000000007,2.1880000000000024,1.5019999999999953
2025,Monaco Grand Prix,LAW,1,MEDIUM,25,4.900000000000006,0.13299999999999557,-4.76700000000001
2025,Monaco Grand Prix,LAW,2,SOFT,7,0.625,0.09000000000000341,-0.5349999999999966
2025,Monaco Grand Prix,LAW,3,HARD,36,0.6370000000000005,1.3089999999999975,0.671999999999997
2025,Monaco Grand Prix,LEC,1,MEDIUM,16,3.9939999999999998,0.013999999999995794,-3.980000000000004
2025,Monaco Grand Prix,LEC,2,HARD,25,0.6589999999999918,0.4789999999999992,-0.1799999999999926
2025,Monaco Grand Prix,LEC,3,MEDIUM,28,0.07900000000000773,1.6209999999999951,1.5419999999999874
2025,Monaco Grand Prix,NOR,1,MEDIUM,14,3.810999999999993,0.25499999999999545,-3.5559999999999974
2025,Monaco Grand Prix,NOR,2,HARD,29,1.3870000000000005,1.8289999999999935,0.44199999999999307
2025,Monaco Grand Prix,NOR,3,HARD,27,2.6269999999999953,2.495999999999995,-0.13100000000000023
2025,Monaco Grand Prix,OCO,1,MEDIUM,11,4.091999999999999,0.12399999999999523,-3.9680000000000035
2025,Monaco Grand Prix,OCO,2,MEDIUM,10,0.8250000000000028,0.9309999999999974,0.10599999999999454
2025,Monaco Grand Prix,OCO,3,HARD,48,0.34600000000000364,1.5570000000000022,1.2109999999999985
2025,Monaco Grand Prix,PIA,1,MEDIUM,15,4.859000000000009,0.1150000000000091,-4.744
2025,Monaco Grand Prix,PIA,2,HARD,26,1.668999999999997,1.0570000000000022,-0.6119999999999948
2025,Monaco Grand Prix,PIA,3,HARD,29,0.37599999999999056,2.1640000000000015,1.788000000000011
2025,Monaco Grand Prix,RUS,1,HARD,46,4.784000000000006,0.05700000000000216,-4.727000000000004
2025,Monaco Grand Prix,RUS,2,MEDIUM,11,3.2319999999999993,0.4350000000000023,-2.796999999999997
2025,Monaco Grand Prix,RUS,3,HARD,7,0.6479999999999961,0.367999999999995,-0.28000000000000114
2025,Monaco Grand Prix,SAI,1,HARD,43,5.539999999999992,0.5649999999999977,-4.974999999999994
2025,Monaco Grand Prix,SAI,3,MEDIUM,22,1.0360000000000014,0.5510000000000019,-0.48499999999999943
2025,Monaco Grand Prix,STR,1,HARD,12,1.8340000000000032,0.875,-0.9590000000000032
2025,Monaco Grand Prix,STR,2,HARD,45,0.14799999999999613,2.317999999999998,2.1700000000000017
2025,Monaco Grand Prix,STR,3,MEDIUM,10,0.009000000000000341,1.436000000000007,1.4270000000000067
2025,Monaco Grand Prix,TSU,2,HARD,67,3.3430000000000035,0.28700000000000614,-3.0559999999999974
2025,Monaco Grand Prix,VER,1,HARD,23,4.975999999999999,1.2530000000000001,-3.722999999999999
2025,Monaco Grand Prix,VER,2,MEDIUM,46,0.9029999999999916,2.1189999999999998,1.2160000000000082
2025,Qatar Grand Prix,ALB,2,MEDIUM,18,0.7179999999999893,0.25,-0.4679999999999893
2025,Qatar Grand Prix,ALB,3,MEDIUM,24,1.3970000000000056,0.15100000000001046,-1.2459999999999951
2025,Qatar Grand Prix,ALO,2,MEDIUM,21,1.8730000000000047,0.018000000000000682,-1.855000000000004
2025,Qatar Grand Prix,ALO,3,HARD,24,2.1030000000000086,0.4210000000000065,-1.6820000000000022
2025,Qatar Grand Prix,ANT,2,MEDIUM,21,1.0799999999999983,0.11499999999999488,-0.9650000000000034
2025,Qatar Grand Prix,ANT,3,HARD,23,0.7999999999999972,0.11899999999999977,-0.6809999999999974
2025,Qatar Grand Prix,BEA,2,MEDIUM,21,1.1410000000000053,0.2230000000000132,-0.9179999999999922
2025,Qatar Grand Prix,BEA,3,HARD,6,0.6029999999999944,0.5209999999999866,-0.08200000000000784
2025,Qatar Grand Prix,BOR,2,MEDIUM,21,1.1940000000000026,0.5030000000000001,-0.6910000000000025
2025,Qatar Grand Prix,BOR,3,SOFT,24,0.4889999999999901,0.4399999999999977,-0.04899999999999238
2025,Qatar Grand Prix,COL,2,MEDIUM,21,1.2929999999999922,0.10099999999999909,-1.191999999999993
2025,Qatar Grand Prix,COL,3,MEDIUM,22,0.1869999999999976,0.33199999999999363,0.14499999999999602
2025,Qatar Grand Prix,GAS,2,HARD,21,1.6170000000000044,0.21100000000001273,-1.4059999999999917
2025,Qatar Grand Prix,GAS,3,MEDIUM,23,0.4129999999999967,0.5799999999999983,0.1670000000000016
2025,Qatar Grand Prix,HAD,2,MEDIUM,21,1.3269999999999982,0.08500000000000796,-1.2419999999999902
2025,Qatar Grand Prix,HAD,3,HARD,20,1.4550000000000125,0.017000000000010118,-1.4380000000000024
2025,Qatar Grand Prix,HAM,2,MEDIUM,21,1.0840000000000032,0.09099999999999397,-0.9930000000000092
2025,Qatar Grand Prix,HAM,3,MEDIUM,24,0.9789999999999992,1.358000000000004,0.3790000000000049
2025,Qatar Grand Prix,LAW,2,MEDIUM,20,1.3739999999999952,0.1910000000000025,-1.1829999999999927
2025,Qatar Grand Prix,LAW,3,HARD,24,1.6219999999999999,0.40500000000000114,-1.2169999999999987
2025,Qatar Grand Prix,LEC,2,MEDIUM,21,1.0759999999999934,0.07499999999998863,-1.0010000000000048
2025,Qatar Grand Prix,LEC,3,HARD,23,0.8130000000000024,0.49800000000000466,-0.3149999999999977
2025,Qatar Grand Prix,NOR,1,MEDIUM,18,2.058000000000007,0.355000000000004,-1.703000000000003
2025,Qatar Grand Prix,NOR,2,MEDIUM,16,0.5600000000000023,0.38400000000000034,-0.17600000000000193
2025,Qatar Grand Prix,NOR,3,HARD,12,0.10800000000000409,0.7180000000000035,0.6099999999999994
2025,Qatar Grand Prix,OCO,3,MEDIUM,23,1.570999999999998,0.27899999999999636,-1.2920000000000016
2025,Qatar Grand Prix,OCO,4,HARD,21,0.48799999999999955,1.2620000000000005,0.7740000000000009
2025,Qatar Grand Prix,PIA,1,MEDIUM,18,2.082000000000008,0.8020000000000067,-1.2800000000000011
2025,Qatar Grand Prix,PIA,2,MEDIUM,16,0.8079999999999927,0.6340000000000003,-0.17399999999999238
2025,Qatar Grand Prix,PIA,3,HARD,13,0.32800000000000296,0.6570000000000107,0.32900000000000773
2025,Qatar Grand Prix,RUS,2,MEDIUM,20,1.1859999999999928,0.21800000000000352,-0.9679999999999893
2025,Qatar Grand Prix,RUS,3,HARD,22,2.075000000000003,0.09800000000001319,-1.9769999999999897
2025,Qatar Grand Prix,SAI,2,MEDIUM,21,0.762999999999991,0.0969999999999942,-0.6659999999999968
2025,Qatar Grand Prix,SAI,3,HARD,24,1.308000000000007,0.5260000000000105,-0.7819999999999965
2025,Qatar Grand Prix,STR,2,MEDIUM,13,0.9210000000000065,0.1599999999999966,-0.7610000000000099
2025,Qatar Grand Prix,STR,3,MEDIUM,23,1.2510000000000048,0.20000000000000284,-1.051000000000002
2025,Qatar Grand Prix,TSU,2,MEDIUM,20,1.2639999999999958,0.3190000000000026,-0.9449999999999932
2025,Qatar Grand Prix,TSU,3,HARD,24,1.5190000000000055,0.07399999999999807,-1.4450000000000074
2025,Qatar Grand Prix,VER,2,MEDIUM,21,1.3000000000000114,0.04600000000000648,-1.2540000000000049
2025,Qatar Grand Prix,VER,3,HARD,24,1.2809999999999917,0.9069999999999965,-0.3739999999999952
2025,Saudi Arabian Grand Prix,ALB,1,MEDIUM,17,0.7139999999999986,0.9620000000000033,0.24800000000000466
2025,Saudi Arabian Grand Prix,ALB,2,HARD,27,1.1460000000000008,0.25099999999999056,-0.8950000000000102
2025,Saudi Arabian Grand Prix,ALO,1,MEDIUM,15,1.078000000000003,0.3990000000000009,-0.679000000000002
2025,Saudi Arabian Grand Prix,ALO,2,HARD,29,1.6670000000000016,0.012000000000000455,-1.6550000000000011
2025,Saudi Arabian Grand Prix,ANT,1,MEDIUM,15,0.09600000000000364,0.5859999999999985,0.4899999999999949
2025,Saudi Arabian Grand Prix,ANT,2,HARD,29,1.3419999999999987,0.10800000000000409,-1.2339999999999947
2025,Saudi Arabian Grand Prix,BEA,1,MEDIUM,14,1.3659999999999997,1.137999999999991,-0.22800000000000864
2025,Saudi Arabian Grand Prix,BEA,2,HARD,31,1.4549999999999983,0.13700000000000045,-1.3179999999999978
2025,Saudi Arabian Grand Prix,BOR,2,HARD,44,2.4839999999999947,2.6829999999999927,0.19899999999999807
2025,Saudi Arabian Grand Prix,DOO,2,HARD,28,1.3130000000000024,1.0170000000000101,-0.29599999999999227
2025,Saudi Arabian Grand Prix,DOO,3,HARD,16,0.26899999999999125,0.7560000000000002,0.487000000000009
2025,Saudi Arabian Grand Prix,HAD,1,HARD,28,1.5319999999999965,0.5289999999999964,-1.0030000000000001
2025,Saudi Arabian Grand Prix,HAD,2,MEDIUM,15,0.25499999999999545,0.37699999999999534,0.12199999999999989
2025,Saudi Arabian Grand Prix,HAM,1,MEDIUM,19,0.6550000000000011,0.6839999999999975,0.028999999999996362
2025,Saudi Arabian Grand Prix,HAM,2,HARD,25,1.1200000000000045,0.41200000000000614,-0.7079999999999984
2025,Saudi Arabian Grand Prix,HUL,1,HARD,29,1.5090000000000003,0.32099999999999795,-1.1880000000000024
2025,Saudi Arabian Grand Prix,HUL,2,MEDIUM,15,0.7109999999999985,0.784000000000006,0.0730000000000075
2025,Saudi Arabian Grand Prix,LAW,1,MEDIUM,15,1.277000000000001,0.2050000000000125,-1.0719999999999885
2025,Saudi Arabian Grand Prix,LAW,2,HARD,28,2.4709999999999894,0.2710000000000008,-2.1999999999999886
2025,Saudi Arabian Grand Prix,LEC,1,MEDIUM,25,1.152000000000001,0.025000000000005684,-1.1269999999999953
2025,Saudi Arabian Grand Prix,LEC,2,HARD,20,0.24900000000000944,0.3860000000000099,0.13700000000000045
2025,Saudi Arabian Grand Prix,NOR,1,HARD,29,2.5730000000000075,0.06499999999999773,-2.5080000000000098
2025,Saudi Arabian Grand Prix,NOR,2,MEDIUM,15,0.3649999999999949,0.3999999999999915,0.03499999999999659
2025,Saudi Arabian Grand Prix,OCO,2,HARD,47,2.549999999999997,0.9549999999999983,-1.5949999999999989
2025,Saudi Arabian Grand Prix,PIA,1,MEDIUM,15,0.4989999999999952,0.7419999999999902,0.242999999999995
2025,Saudi Arabian Grand Prix,PIA,2,HARD,30,1.5670000000000073,0.5,-1.0670000000000073
2025,Saudi Arabian Grand Prix,RUS,1,MEDIUM,16,0.21599999999999397,0.722999999999999,0.507000000000005
2025,Saudi Arabian Grand Prix,RUS,2,HARD,29,0.7789999999999964,0.9969999999999999,0.21800000000000352
2025,Saudi Arabian Grand Prix,SAI,1,MEDIUM,17,1.027000000000001,0.6400000000000006,-0.38700000000000045
2025,Saudi Arabian Grand Prix,SAI,2,HARD,28,1.9890000000000043,1.125,-0.8640000000000043
2025,Saudi Arabian Grand Prix,STR,1,HARD,34,1.1839999999999975,0.1559999999999917,-1.0280000000000058
2025,Saudi Arabian Grand Prix,STR,2,MEDIUM,9,0.6269999999999953,0.617999999999995,-0.009000000000000341
2025,Saudi Arabian Grand Prix,VER,1,MEDIUM,17,0.2049999999999983,0.4030000000000058,0.1980000000000075
2025,Saudi Arabian Grand Prix,VER,2,HARD,28,1.1389999999999958,0.17300000000000182,-0.965999999999994
2025,São Paulo Grand Prix,ALB,1,MEDIUM,27,0.9979999999999905,1.8870000000000005,0.88900000000001
2025,São Paulo Grand Prix,ALB,2,SOFT,18,0.1880000000000024,1.5259999999999962,1.3379999999999939
2025,São Paulo Grand Prix,ALB,3,MEDIUM,15,0.10899999999999466,3.181999999999988,3.0729999999999933
2025,São Paulo Grand Prix,ALO,1,HARD,20,0.7979999999999876,1.4109999999999872,0.6129999999999995
2025,São Paulo Grand Prix,ALO,2,MEDIUM,16,0.0309999999999917,0.8699999999999903,0.8389999999999986
2025,São Paulo Grand Prix,ALO,3,MEDIUM,24,0.35600000000000875,0.855000000000004,0.4989999999999952
2025,São Paulo Grand Prix,ANT,1,SOFT,12,0.14100000000000534,1.1670000000000016,1.0259999999999962
2025,São Paulo Grand Prix,ANT,2,MEDIUM,24,1.0520000000000067,0.8580000000000041,-0.19400000000000261
2025,São Paulo Grand Prix,ANT,3,MEDIUM,23,0.3499999999999943,0.6099999999999994,0.2600000000000051
2025,São Paulo Grand Prix,BEA,1,SOFT,9,1.0679999999999978,1.4110000000000014,0.3430000000000035
2025,São Paulo Grand Prix,BEA,2,MEDIUM,23,0.39000000000000057,0.6640000000000015,0.2740000000000009
2025,São Paulo Grand Prix,BEA,3,MEDIUM,28,0.4269999999999925,0.833999999999989,0.4069999999999965
2025,São Paulo Grand Prix,COL,1,MEDIUM,21,0.16800000000000637,0.7169999999999987,0.5489999999999924
2025,São Paulo Grand Prix,COL,2,SOFT,12,0.1280000000000001,0.6689999999999969,0.5409999999999968
2025,São Paulo Grand Prix,COL,3,MEDIUM,27,0.546999999999997,1.9629999999999939,1.4159999999999968
2025,São Paulo Grand Prix,GAS,1,SOFT,10,0.9810000000000088,1.2830000000000013,0.3019999999999925
2025,São Paulo Grand Prix,GAS,2,MEDIUM,19,0.6299999999999955,1.027000000000001,0.39700000000000557
2025,São Paulo Grand Prix,GAS,3,MEDIUM,31,0.29299999999999216,2.2069999999999936,1.9140000000000015
2025,São Paulo Grand Prix,HAD,1,SOFT,10,0.17199999999999704,1.3269999999999982,1.1550000000000011
2025,São Paulo Grand Prix,HAD,2,MEDIUM,17,0.14699999999999136,1.3289999999999935,1.1820000000000022
2025,São Paulo Grand Prix,HAD,3,MEDIUM,33,0.34600000000000364,1.7240000000000038,1.3780000000000001
2025,São Paulo Grand Prix,HAM,2,HARD,6,0.03700000000000614,1.0919999999999987,1.0549999999999926
2025,São Paulo Grand Prix,HAM,3,MEDIUM,16,0.20000000000000284,1.3070000000000022,1.1069999999999993
2025,São Paulo Grand Prix,HUL,1,MEDIUM,28,0.1560000000000059,0.6389999999999958,0.4829999999999899
2025,São Paulo Grand Prix,HUL,2,SOFT,34,0.2989999999999924,2.914999999999992,2.6159999999999997
2025,São Paulo Grand Prix,LAW,1,SOFT,11,1.2289999999999992,1.6779999999999973,0.44899999999999807
2025,São Paulo Grand Prix,LAW,2,MEDIUM,51,0.5060000000000002,1.7860000000000014,1.2800000000000011
2025,São Paulo Grand Prix,NOR,1,MEDIUM,22,0.2839999999999918,1.3119999999999976,1.0280000000000058
2025,São Paulo Grand Prix,NOR,2,SOFT,18,0.24899999999999523,0.41799999999999216,0.16899999999999693
2025,São Paulo Grand Prix,NOR,3,MEDIUM,20,0.570999999999998,0.39699999999999136,-0.1740000000000066
2025,São Paulo Grand Prix,OCO,2,MEDIUM,37,0.722999999999999,1.6159999999999997,0.8930000000000007
2025,São Paulo Grand Prix,OCO,3,MEDIUM,23,0.11700000000000443,2.8160000000000025,2.698999999999998
2025,São Paulo Grand Prix,PIA,1,MEDIUM,30,0.18600000000000705,0.9630000000000081,0.777000000000001
2025,São Paulo Grand Prix,PIA,2,SOFT,11,0.32099999999999795,0.6499999999999915,0.3289999999999935
2025,São Paulo Grand Prix,PIA,3,MEDIUM,19,0.22799999999999443,0.9599999999999937,0.7319999999999993
2025,São Paulo Grand Prix,RUS,1,MEDIUM,26,0.3640000000000043,1.2289999999999992,0.8649999999999949
2025,São Paulo Grand Prix,RUS,2,SOFT,12,0.2009999999999934,1.1779999999999973,0.9770000000000039
2025,São Paulo Grand Prix,RUS,3,MEDIUM,22,0.25200000000000955,0.6620000000000061,0.4099999999999966
2025,São Paulo Grand Prix,SAI,1,SOFT,9,0.08799999999999386,1.225999999999999,1.1380000000000052
2025,São Paulo Grand Prix,SAI,2,MEDIUM,19,0.7759999999999962,1.7779999999999916,1.0019999999999953
2025,São Paulo Grand Prix,SAI,3,MEDIUM,32,0.3509999999999991,1.4350000000000023,1.0840000000000032
2025,São Paulo Grand Prix,STR,1,HARD,20,0.11899999999999977,1.5229999999999961,1.4039999999999964
2025,São Paulo Grand Prix,STR,2,MEDIUM,23,0.1150000000000091,0.9650000000000034,0.8499999999999943
2025,São Paulo Grand Prix,STR,3,MEDIUM,16,0.1570000000000107,1.6600000000000108,1.5030000000000001
2025,São Paulo Grand Prix,TSU,2,MEDIUM,16,0.11599999999999966,1.4639999999999986,1.347999999999999
2025,São Paulo Grand Prix,TSU,3,MEDIUM,21,0.01999999999999602,1.1229999999999905,1.1029999999999944
2025,São Paulo Grand Prix,TSU,4,MEDIUM,23,0.07299999999999329,1.4909999999999997,1.4180000000000064
2025,São Paulo Grand Prix,VER,2,MEDIUM,25,0.09199999999999875,2.2809999999999917,2.188999999999993
2025,São Paulo Grand Prix,VER,3,MEDIUM,18,0.22100000000000364,0.6850000000000023,0.46399999999999864
2025,São Paulo Grand Prix,VER,4,SOFT,16,0.1349999999999909,1.2519999999999953,1.1170000000000044
2025,Singapore Grand Prix,ALB,1,MEDIUM,40,2.477000000000004,0.9629999999999939,-1.51400000000001
2025,Singapore Grand Prix,ALB,2,SOFT,17,0.9080000000000013,0.14400000000000546,-0.7639999999999958
2025,Singapore Grand Prix,ALO,1,SOFT,25,1.554000000000002,0.5039999999999907,-1.0500000000000114
2025,Singapore Grand Prix,ALO,2,MEDIUM,34,2.3470000000000084,0.34900000000000375,-1.9980000000000047
2025,Singapore Grand Prix,ANT,1,MEDIUM,22,2.418999999999997,0.1290000000000049,-2.289999999999992
2025,Singapore Grand Prix,ANT,2,HARD,35,1.0360000000000014,1.4540000000000077,0.41800000000000637
2025,Singapore Grand Prix,BEA,1,MEDIUM,20,2.4470000000000027,0.4000000000000057,-2.046999999999997
2025,Singapore Grand Prix,BEA,2,HARD,36,0.791000000000011,0.23500000000001364,-0.5559999999999974
2025,Singapore Grand Prix,BOR,1,MEDIUM,11,1.3050000000000068,0.0589999999999975,-1.2460000000000093
2025,Singapore Grand Prix,BOR,2,HARD,47,0.02599999999999625,1.820999999999998,1.7950000000000017
2025,Singapore Grand Prix,COL,1,SOFT,12,1.1400000000000006,0.21999999999999886,-0.9200000000000017
2025,Singapore Grand Prix,COL,2,MEDIUM,44,0.375,2.4740000000000038,2.0990000000000038
2025,Singapore Grand Prix,GAS,1,MEDIUM,22,1.5460000000000065,0.11400000000000432,-1.4320000000000022
2025,Singapore Grand Prix,GAS,2,HARD,24,0.6670000000000016,3.403000000000006,2.736000000000004
2025,Singapore Grand Prix,GAS,3,SOFT,9,0.07500000000000284,3.5730000000000075,3.4980000000000047
2025,Singapore Grand Prix,HAD,1,SOFT,18,2.1640000000000015,0.4759999999999991,-1.6880000000000024
2025,Singapore Grand Prix,HAD,2,HARD,40,1.4140000000000015,0.7240000000000038,-0.6899999999999977
2025,Singapore Grand Prix,HAM,1,MEDIUM,22,2.010000000000005,0.730000000000004,-1.2800000000000011
2025,Singapore Grand Prix,HAM,2,HARD,20,0.5729999999999933,0.03700000000000614,-0.5359999999999872
2025,Singapore Grand Prix,HAM,3,SOFT,13,0.5039999999999907,5.358999999999995,4.855000000000004
2025,Singapore Grand Prix,HUL,1,MEDIUM,23,1.8059999999999974,0.48499999999999943,-1.320999999999998
2025,Singapore Grand Prix,HUL,2,HARD,17,0.6630000000000109,1.5160000000000053,0.8529999999999944
2025,Singapore Grand Prix,HUL,3,SOFT,16,0.14000000000000057,3.7750000000000057,3.635000000000005
2025,Singapore Grand Prix,LAW,1,MEDIUM,46,1.7289999999999992,1.2490000000000094,-0.47999999999998977
2025,Singapore Grand Prix,LAW,2,SOFT,12,2.4989999999999952,0.2189999999999941,-2.280000000000001
2025,Singapore Grand Prix,LEC,1,MEDIUM,19,1.858000000000004,0.652000000000001,-1.206000000000003
2025,Singapore Grand Prix,LEC,2,HARD,39,0.394999999999996,1.644999999999996,1.25
2025,Singapore Grand Prix,NOR,1,MEDIUM,24,2.114999999999995,0.32099999999999795,-1.793999999999997
2025,Singapore Grand Prix,NOR,2,HARD,34,0.1419999999999959,0.6769999999999925,0.5349999999999966
2025,Singapore Grand Prix,OCO,1,MEDIUM,28,2.067999999999998,0.2909999999999968,-1.777000000000001
2025,Singapore Grand Prix,OCO,2,HARD,28,0.3709999999999951,2.167999999999992,1.796999999999997
2025,Singapore Grand Prix,PIA,1,MEDIUM,25,2.359000000000009,0.23100000000000875,-2.128
2025,Singapore Grand Prix,PIA,2,HARD,34,0.12699999999999534,0.4819999999999993,0.355000000000004
2025,Singapore Grand Prix,RUS,1,MEDIUM,23,1.5499999999999972,0.7139999999999986,-0.8359999999999985
2025,Singapore Grand Prix,RUS,2,HARD,36,0.11899999999999977,0.7049999999999983,0.5859999999999985
2025,Singapore Grand Prix,SAI,1,MEDIUM,47,2.198999999999998,2.7420000000000044,0.5430000000000064
2025,Singapore Grand Prix,SAI,2,SOFT,10,0.7250000000000085,0.36299999999999955,-0.362000000000009
2025,Singapore Grand Prix,STR,1,SOFT,36,1.7209999999999894,0.8429999999999893,-0.8780000000000001
2025,Singapore Grand Prix,STR,2,MEDIUM,21,1.9410000000000025,0.1490000000000009,-1.7920000000000016
2025,Singapore Grand Prix,TSU,1,SOFT,11,1.2390000000000043,0.058000000000006935,-1.1809999999999974
2025,Singapore Grand Prix,TSU,2,HARD,47,0.20699999999999363,0.10299999999999443,-0.1039999999999992
2025,Singapore Grand Prix,VER,1,SOFT,17,1.3449999999999989,0.18200000000000216,-1.1629999999999967
2025,Singapore Grand Prix,VER,2,HARD,40,0.6809999999999974,0.5450000000000017,-0.13599999999999568
2025,Spanish Grand Prix,ALB,2,SOFT,17,0.0350000000000108,2.01400000000001,1.9789999999999992
2025,Spanish Grand Prix,ALO,1,SOFT,12,0.7540000000000049,0.7989999999999924,0.044999999999987494
2025,Spanish Grand Prix,ALO,2,MEDIUM,25,0.5710000000000122,1.2630000000000052,0.6919999999999931
2025,Spanish Grand Prix,ALO,3,SOFT,10,0.7060000000000031,1.2349999999999994,0.5289999999999964
2025,Spanish Grand Prix,ALO,4,SOFT,6,1.7579999999999956,0.36599999999999966,-1.391999999999996
2025,Spanish Grand Prix,ANT,1,SOFT,18,0.5060000000000002,1.0730000000000075,0.5670000000000073
2025,Spanish Grand Prix,ANT,2,MEDIUM,25,0.5230000000000103,0.2510000000000048,-0.27200000000000557
2025,Spanish Grand Prix,BEA,1,SOFT,6,0.5349999999999966,0.10900000000000887,-0.4259999999999877
2025,Spanish Grand Prix,BEA,2,MEDIUM,24,1.3290000000000077,1.4840000000000089,0.15500000000000114
2025,Spanish Grand Prix,BEA,3,MEDIUM,16,0.8389999999999986,1.9579999999999984,1.1189999999999998
2025,Spanish Grand Prix,BEA,4,SOFT,6,1.347999999999999,1.1749999999999972,-0.17300000000000182
2025,Spanish Grand Prix,BOR,1,SOFT,17,0.3789999999999907,1.3289999999999935,0.9500000000000028
2025,Spanish Grand Prix,BOR,2,MEDIUM,28,0.570999999999998,0.6380000000000052,0.06700000000000728
2025,Spanish Grand Prix,BOR,3,SOFT,9,1.0889999999999986,1.9939999999999998,0.9050000000000011
2025,Spanish Grand Prix,COL,1,SOFT,11,0.9140000000000015,0.8969999999999914,-0.017000000000010118
2025,Spanish Grand Prix,COL,2,MEDIUM,23,0.23900000000000432,2.0090000000000003,1.769999999999996
2025,Spanish Grand Prix,COL,3,SOFT,13,2.4520000000000124,1.7270000000000039,-0.7250000000000085
2025,Spanish Grand Prix,COL,4,SOFT,6,0.4230000000000018,0.3650000000000091,-0.057999999999992724
2025,Spanish Grand Prix,GAS,1,SOFT,8,0.804000000000002,0.8310000000000031,0.027000000000001023
2025,Spanish Grand Prix,GAS,2,SOFT,19,0.5529999999999973,0.6670000000000016,0.11400000000000432
2025,Spanish Grand Prix,GAS,3,MEDIUM,21,1.2439999999999998,1.8490000000000038,0.605000000000004
2025,Spanish Grand Prix,GAS,4,SOFT,6,0.8490000000000038,1.206000000000003,0.3569999999999993
2025,Spanish Grand Prix,HAD,1,SOFT,17,0.32499999999998863,0.9059999999999917,0.5810000000000031
2025,Spanish Grand Prix,HAD,2,MEDIUM,27,0.7670000000000101,0.23100000000000875,-0.5360000000000014
2025,Spanish Grand Prix,HAD,4,SOFT,6,0.6060000000000088,1.031000000000006,0.42499999999999716
2025,Spanish Grand Prix,HAM,1,SOFT,14,0.11400000000000432,1.230000000000004,1.1159999999999997
2025,Spanish Grand Prix,HAM,2,MEDIUM,28,0.9179999999999922,0.9989999999999952,0.08100000000000307
2025,Spanish Grand Prix,HAM,3,SOFT,7,0.009000000000000341,0.8250000000000028,0.8160000000000025
2025,Spanish Grand Prix,HAM,4,SOFT,6,0.23299999999998988,1.328000000000003,1.095000000000013
2025,Spanish Grand Prix,HUL,1,SOFT,7,0.4280000000000115,0.5530000000000115,0.125
2025,Spanish Grand Prix,HUL,2,MEDIUM,34,1.0759999999999934,0.9740000000000038,-0.10199999999998965
2025,Spanish Grand Prix,HUL,3,SOFT,7,1.01100000000001,0.19299999999999784,-0.818000000000012
2025,Spanish Grand Prix,HUL,4,SOFT,6,0.7069999999999936,0.9209999999999923,0.21399999999999864
2025,Spanish Grand Prix,LAW,1,SOFT,16,0.6670000000000016,0.0010000000000047748,-0.6659999999999968
2025,Spanish Grand Prix,LAW,2,MEDIUM,24,0.5729999999999933,0.33899999999999864,-0.23399999999999466
2025,Spanish Grand Prix,LAW,3,SOFT,13,0.43599999999999284,0.590999999999994,0.15500000000000114
2025,Spanish Grand Prix,LEC,1,SOFT,15,0.08400000000000318,0.7560000000000002,0.671999999999997
2025,Spanish Grand Prix,LEC,2,MEDIUM,21,1.117999999999995,1.4450000000000074,0.3270000000000124
2025,Spanish Grand Prix,LEC,3,MEDIUM,13,0.17300000000000182,0.644999999999996,0.4719999999999942
2025,Spanish Grand Prix,LEC,4,SOFT,6,0.2879999999999967,1.3850000000000051,1.0970000000000084
2025,Spanish Grand Prix,NOR,1,SOFT,19,0.26899999999999125,0.5579999999999927,0.2890000000000015
2025,Spanish Grand Prix,NOR,2,MEDIUM,25,0.394999999999996,0.6329999999999956,0.23799999999999955
2025,Spanish Grand Prix,NOR,4,SOFT,6,0.027000000000001023,1.3179999999999978,1.2909999999999968
2025,Spanish Grand Prix,OCO,1,SOFT,18,0.35599999999999454,0.9839999999999947,0.6280000000000001
2025,Spanish Grand Prix,OCO,2,MEDIUM,21,0.2400000000000091,1.1350000000000051,0.894999999999996
2025,Spanish Grand Prix,OCO,3,MEDIUM,15,1.6280000000000001,2.576999999999998,0.9489999999999981
2025,Spanish Grand Prix,PIA,1,SOFT,20,0.34499999999999886,1.2600000000000051,0.9150000000000063
2025,Spanish Grand Prix,PIA,2,MEDIUM,25,0.6779999999999973,0.14300000000000068,-0.5349999999999966
2025,Spanish Grand Prix,PIA,4,SOFT,6,0.19000000000001194,1.2510000000000048,1.0609999999999928
2025,Spanish Grand Prix,RUS,1,SOFT,18,0.25900000000000034,0.6059999999999945,0.3469999999999942
2025,Spanish Grand Prix,RUS,2,MEDIUM,19,0.34900000000000375,1.3610000000000042,1.0120000000000005
2025,Spanish Grand Prix,RUS,3,SOFT,12,0.6419999999999959,0.9890000000000043,0.3470000000000084
2025,Spanish Grand Prix,RUS,4,SOFT,6,0.3499999999999943,1.3250000000000028,0.9750000000000085
2025,Spanish Grand Prix,SAI,1,SOFT,7,0.5349999999999966,0.5379999999999967,0.0030000000000001137
2025,Spanish Grand Prix,SAI,2,SOFT,23,0.08100000000000307,1.0060000000000002,0.9249999999999972
2025,Spanish Grand Prix,SAI,3,MEDIUM,18,0.5829999999999984,0.11599999999999966,-0.46699999999999875
2025,Spanish Grand Prix,SAI,4,SOFT,6,1.213000000000008,0.5820000000000078,-0.6310000000000002
2025,Spanish Grand Prix,TSU,1,MEDIUM,6,0.7560000000000002,0.6110000000000042,-0.14499999999999602
2025,Spanish Grand Prix,TSU,2,SOFT,14,0.7569999999999908,2.563999999999993,1.8070000000000022
2025,Spanish Grand Prix,TSU,3,SOFT,18,0.18900000000000716,2.6580000000000013,2.468999999999994
2025,Spanish Grand Prix,TSU,4,SOFT,8,1.5,1.9559999999999889,0.45599999999998886
2025,Spanish Grand Prix,TSU,5,SOFT,6,0.8700000000000045,0.5840000000000032,-0.28600000000000136
2025,Spanish Grand Prix,VER,1,SOFT,11,0.45400000000000773,1.0799999999999983,0.6259999999999906
2025,Spanish Grand Prix,VER,2,SOFT,14,0.1799999999999926,1.1299999999999955,0.9500000000000028
2025,Spanish Grand Prix,VER,3,MEDIUM,16,0.23900000000000432,2.085000000000008,1.8460000000000036
2025,Spanish Grand Prix,VER,4,SOFT,6,0.8559999999999945,1.5409999999999968,0.6850000000000023
2025,United States Grand Prix,ALB,2,MEDIUM,25,0.2259999999999991,0.9050000000000011,0.679000000000002
2025,United States Grand Prix,ALB,3,SOFT,19,0.2219999999999942,0.32200000000000273,0.10000000000000853
2025,United States Grand Prix,ALO,1,MEDIUM,25,1.1670000000000016,0.722999999999999,-0.4440000000000026
2025,United States Grand Prix,ALO,2,SOFT,25,1.6410000000000053,0.10500000000000398,-1.5360000000000014
2025,United States Grand Prix,ANT,1,MEDIUM,24,1.9500000000000028,1.3930000000000007,-0.5570000000000022
2025,United States Grand Prix,ANT,2,SOFT,23,1.7270000000000039,1.507000000000005,-0.21999999999999886
2025,United States Grand Prix,BEA,1,MEDIUM,25,1.5250000000000057,0.8790000000000049,-0.6460000000000008
2025,United States Grand Prix,BEA,2,SOFT,24,0.4350000000000023,0.6700000000000017,0.23499999999999943
2025,United States Grand Prix,BOR,1,SOFT,9,0.6850000000000023,0.3470000000000084,-0.33799999999999386
2025,United States Grand Prix,BOR,2,MEDIUM,18,0.1110000000000042,1.8410000000000082,1.730000000000004
2025,United States Grand Prix,BOR,3,SOFT,18,0.47699999999998965,2.6119999999999948,2.135000000000005
2025,United States Grand Prix,COL,1,MEDIUM,26,1.938999999999993,0.8539999999999992,-1.0849999999999937
2025,United States Grand Prix,COL,2,SOFT,22,0.6059999999999945,1.7150000000000034,1.1090000000000089
2025,United States Grand Prix,GAS,1,MEDIUM,23,1.0049999999999955,0.5519999999999925,-0.45300000000000296
2025,United States Grand Prix,GAS,2,SOFT,26,0.47400000000000375,1.686000000000007,1.2120000000000033
2025,United States Grand Prix,HAD,1,HARD,22,1.0479999999999876,0.4069999999999965,-0.6409999999999911
2025,United States Grand Prix,HAD,2,SOFT,27,1.259999999999991,0.40500000000000114,-0.8549999999999898
2025,United States Grand Prix,HAM,1,MEDIUM,25,1.0969999999999942,0.9359999999999928,-0.16100000000000136
2025,United States Grand Prix,HAM,2,SOFT,22,0.3059999999999974,0.29699999999999704,-0.009000000000000341
2025,United States Grand Prix,HUL,1,MEDIUM,29,1.7409999999999997,0.5,-1.2409999999999997
2025,United States Grand Prix,HUL,2,SOFT,22,1.2540000000000049,0.1839999999999975,-1.0700000000000074
2025,United States Grand Prix,LAW,1,MEDIUM,26,0.875,0.2989999999999924,-0.5760000000000076
2025,United States Grand Prix,LAW,2,SOFT,25,0.8649999999999949,0.15699999999999648,-0.7079999999999984
2025,United States Grand Prix,LEC,1,SOFT,16,1.2000000000000028,0.6770000000000067,-0.5229999999999961
2025,United States Grand Prix,LEC,2,MEDIUM,33,1.01400000000001,1.3500000000000085,0.3359999999999985
2025,United States Grand Prix,NOR,1,MEDIUM,24,1.1800000000000068,0.2909999999999968,-0.88900000000001
2025,United States Grand Prix,NOR,2,SOFT,23,0.5919999999999987,0.6269999999999953,0.03499999999999659
2025,United States Grand Prix,OCO,1,HARD,19,1.6020000000000039,0.9429999999999978,-0.659000000000006
2025,United States Grand Prix,OCO,2,MEDIUM,31,0.4689999999999941,0.6400000000000006,0.17100000000000648
2025,United States Grand Prix,PIA,1,MEDIUM,22,0.9750000000000085,0.9750000000000085,0.0
2025,United States Grand Prix,PIA,2,SOFT,25,0.8650000000000091,0.07900000000000773,-0.7860000000000014
2025,United States Grand Prix,RUS,1,MEDIUM,28,0.8560000000000088,0.6110000000000042,-0.24500000000000455
2025,United States Grand Prix,RUS,2,SOFT,22,0.21299999999999386,0.7139999999999986,0.5010000000000048
2025,United States Grand Prix,STR,1,SOFT,23,1.9200000000000017,1.1430000000000007,-0.777000000000001
2025,United States Grand Prix,STR,2,MEDIUM,26,0.7680000000000007,0.11299999999999955,-0.6550000000000011
2025,United States Grand Prix,TSU,1,MEDIUM,25,0.6880000000000024,0.929000000000002,0.24099999999999966
2025,United States Grand Prix,TSU,2,SOFT,25,0.8010000000000019,0.07000000000000739,-0.7309999999999945
2025,United States Grand Prix,VER,1,MEDIUM,28,0.8659999999999997,0.8509999999999991,-0.015000000000000568
2025,United States Grand Prix,VER,2,SOFT,22,0.671999999999997,0.9080000000000013,0.2360000000000042
