RaceYear,RaceName,Driver,stop_number,PitInLap,pit_in_compound,pit_out_compound,tyre_life_at_pit,pre_change_lap_time_seconds,post_change_lap_time_seconds,pace_delta_after_change,pre_window_laps,post_window_laps
2018,Abu Dhabi Grand Prix,ALO,1,27,ULTRASOFT,SUPERSOFT,27.0,107.727,105.182,-2.5450000000000017,3,3
2018,Abu Dhabi Grand Prix,BOT,1,16,ULTRASOFT,SUPERSOFT,19.0,104.854,103.615,-1.2390000000000043,3,3
2018,Abu Dhabi Grand Prix,BOT,2,40,SUPERSOFT,ULTRASOFT,24.0,105.475,101.955,-3.519999999999996,3,3
2018,Abu Dhabi Grand Prix,GAS,1,29,SUPERSOFT,ULTRASOFT,29.0,106.386,105.746,-0.6400000000000006,3,3
2018,Abu Dhabi Grand Prix,GRO,1,7,HYPERSOFT,SUPERSOFT,10.0,106.875,107.224,0.34900000000000375,2,3
2018,Abu Dhabi Grand Prix,HAM,1,7,ULTRASOFT,SUPERSOFT,10.0,104.334,104.924,0.5900000000000034,2,3
2018,Abu Dhabi Grand Prix,LEC,1,7,HYPERSOFT,SUPERSOFT,10.0,106.133,106.556,0.4230000000000018,2,3
2018,Abu Dhabi Grand Prix,MAG,1,41,SUPERSOFT,ULTRASOFT,41.0,104.967,103.828,-1.1389999999999958,3,3
2018,Abu Dhabi Grand Prix,OCO,1,18,HYPERSOFT,SUPERSOFT,21.0,108.494,106.608,-1.8859999999999957,3,3
2018,Abu Dhabi Grand Prix,PER,1,26,ULTRASOFT,SUPERSOFT,26.0,106.238,104.354,-1.8840000000000003,3,3
2018,Abu Dhabi Grand Prix,RIC,1,33,ULTRASOFT,SUPERSOFT,37.0,103.267,102.691,-0.5759999999999934,3,3
2018,Abu Dhabi Grand Prix,SAI,1,37,ULTRASOFT,SUPERSOFT,37.0,103.852,103.228,-0.6240000000000094,3,3
2018,Abu Dhabi Grand Prix,SIR,1,35,SUPERSOFT,ULTRASOFT,35.0,106.686,105.063,-1.6230000000000047,3,3
2018,Abu Dhabi Grand Prix,STR,1,40,SUPERSOFT,ULTRASOFT,40.0,106.433,104.888,-1.5450000000000017,3,3
2018,Abu Dhabi Grand Prix,VAN,1,35,SUPERSOFT,ULTRASOFT,35.0,106.99,105.115,-1.875,3,3
2018,Abu Dhabi Grand Prix,VER,1,17,HYPERSOFT,SUPERSOFT,20.0,105.1,103.715,-1.384999999999991,3,3
2018,Abu Dhabi Grand Prix,VET,1,15,ULTRASOFT,SUPERSOFT,18.0,105.257,103.602,-1.6550000000000011,3,3
2018,Australian Grand Prix,ALO,1,26,ULTRASOFT,SOFT,25.0,89.137,89.205,0.06799999999999784,3,3
2018,Australian Grand Prix,BOT,1,25,ULTRASOFT,SUPERSOFT,27.0,91.157,89.773,-1.3840000000000003,3,3
2018,Australian Grand Prix,HAM,1,19,ULTRASOFT,SOFT,20.0,87.852,88.228,0.37599999999999056,3,3
2018,Australian Grand Prix,HAR,2,22,SOFT,SOFT,21.0,91.105,90.72,-0.3850000000000051,3,3
2018,Australian Grand Prix,HUL,1,24,ULTRASOFT,SOFT,26.0,89.833,89.359,-0.47400000000000375,3,3
2018,Australian Grand Prix,LEC,1,20,SUPERSOFT,SOFT,19.0,90.386,89.968,-0.41799999999999216,3,3
2018,Australian Grand Prix,LEC,2,27,SOFT,ULTRASOFT,7.0,89.968,90.999,1.0309999999999917,3,3
2018,Australian Grand Prix,OCO,1,23,ULTRASOFT,SOFT,22.0,90.231,90.518,0.28700000000000614,3,3
2018,Australian Grand Prix,PER,1,24,ULTRASOFT,SOFT,23.0,90.665,90.401,-0.26400000000001,3,3
2018,Australian Grand Prix,RAI,1,18,ULTRASOFT,SOFT,20.0,88.216,88.763,0.5470000000000113,3,3
2018,Australian Grand Prix,RIC,1,26,SUPERSOFT,SOFT,28.0,89.301,87.984,-1.3170000000000073,3,3
2018,Australian Grand Prix,SAI,1,22,ULTRASOFT,SOFT,24.0,90.127,90.151,0.02400000000000091,3,3
2018,Australian Grand Prix,STR,1,25,SUPERSOFT,ULTRASOFT,24.0,90.969,90.979,0.010000000000005116,3,3
2018,Australian Grand Prix,STR,2,29,SOFT,ULTRASOFT,4.0,90.969,90.979,0.010000000000005116,3,3
2018,Australian Grand Prix,VAN,1,25,ULTRASOFT,SUPERSOFT,24.0,90.471,89.575,-0.8960000000000008,3,3
2018,Australian Grand Prix,VER,1,21,SUPERSOFT,SOFT,23.0,90.015,88.436,-1.5789999999999935,3,3
2018,Australian Grand Prix,VET,1,26,ULTRASOFT,SOFT,28.0,88.954,87.889,-1.0649999999999977,3,3
2018,Austrian Grand Prix,ALO,1,15,SUPERSOFT,SOFT,14.0,71.183,70.238,-0.9450000000000074,3,3
2018,Austrian Grand Prix,ERI,1,45,SOFT,SUPERSOFT,44.0,69.382,68.795,-0.5870000000000033,3,3
2018,Austrian Grand Prix,GAS,1,15,SUPERSOFT,SOFT,14.0,70.902,69.872,-1.0300000000000011,3,3
2018,Austrian Grand Prix,GRO,1,15,ULTRASOFT,SOFT,17.0,70.223,69.688,-0.5349999999999966,3,3
2018,Austrian Grand Prix,HAM,1,25,SUPERSOFT,SOFT,26.0,68.607,68.209,-0.39799999999999613,3,3
2018,Austrian Grand Prix,HAM,2,52,SOFT,SUPERSOFT,27.0,68.496,67.571,-0.9249999999999972,3,3
2018,Austrian Grand Prix,LEC,1,15,SUPERSOFT,SOFT,14.0,70.845,69.675,-1.1700000000000017,3,3
2018,Austrian Grand Prix,MAG,1,28,ULTRASOFT,SOFT,30.0,69.349,68.867,-0.4819999999999993,3,3
2018,Austrian Grand Prix,OCO,1,15,SUPERSOFT,SOFT,14.0,70.42,69.803,-0.6170000000000044,3,3
2018,Austrian Grand Prix,PER,1,27,SUPERSOFT,SOFT,26.0,69.436,69.291,-0.14500000000001023,3,3
2018,Austrian Grand Prix,RAI,1,15,ULTRASOFT,SOFT,17.0,69.238,68.409,-0.8289999999999935,3,3
2018,Austrian Grand Prix,RIC,1,15,SUPERSOFT,SOFT,17.0,69.365,68.319,-1.0459999999999923,3,3
2018,Austrian Grand Prix,RIC,2,38,SOFT,SUPERSOFT,23.0,68.816,68.628,-0.1880000000000024,3,3
2018,Austrian Grand Prix,SAI,1,15,ULTRASOFT,SOFT,17.0,70.65,69.629,-1.0210000000000008,3,3
2018,Austrian Grand Prix,SAI,2,34,SOFT,SUPERSOFT,19.0,71.344,69.165,-2.178999999999988,3,3
2018,Austrian Grand Prix,SIR,1,24,SUPERSOFT,SOFT,23.0,70.444,69.392,-1.0520000000000067,3,3
2018,Austrian Grand Prix,SIR,2,60,SOFT,ULTRASOFT,36.0,70.674,69.197,-1.4770000000000039,3,3
2018,Austrian Grand Prix,STR,1,15,ULTRASOFT,SOFT,14.0,70.866,70.321,-0.5450000000000017,3,3
2018,Austrian Grand Prix,STR,2,65,SOFT,SUPERSOFT,50.0,70.232,69.229,-1.0030000000000001,3,3
2018,Austrian Grand Prix,VAN,2,40,SOFT,SOFT,39.0,69.871,69.303,-0.5679999999999978,3,3
2018,Austrian Grand Prix,VER,1,15,SUPERSOFT,SOFT,17.0,69.306,68.687,-0.6189999999999998,3,3
2018,Austrian Grand Prix,VET,1,15,ULTRASOFT,SOFT,17.0,69.329,68.495,-0.833999999999989,3,3
2018,Azerbaijan Grand Prix,ALO,2,40,SOFT,ULTRASOFT,39.0,107.922,109.24,1.3179999999999978,3,3
2018,Azerbaijan Grand Prix,ERI,2,18,SOFT,ULTRASOFT,17.0,110.741,109.886,-0.855000000000004,3,3
2018,Azerbaijan Grand Prix,ERI,3,36,ULTRASOFT,ULTRASOFT,18.0,109.308,110.531,1.222999999999999,3,3
2018,Azerbaijan Grand Prix,ERI,4,39,ULTRASOFT,ULTRASOFT,3.0,109.308,110.531,1.222999999999999,3,3
2018,Azerbaijan Grand Prix,GAS,1,12,ULTRASOFT,SOFT,11.0,113.062,111.018,-2.043999999999997,3,3
2018,Azerbaijan Grand Prix,GAS,2,39,SOFT,ULTRASOFT,27.0,109.082,112.559,3.477000000000004,3,3
2018,Azerbaijan Grand Prix,HAM,1,22,SUPERSOFT,SOFT,26.0,106.315,106.582,0.2669999999999959,3,3
2018,Azerbaijan Grand Prix,HAM,2,40,SOFT,ULTRASOFT,18.0,105.578,107.735,2.1569999999999965,3,3
2018,Azerbaijan Grand Prix,HAR,2,22,ULTRASOFT,SUPERSOFT,21.0,110.915,109.538,-1.3770000000000095,3,3
2018,Azerbaijan Grand Prix,HAR,3,39,SUPERSOFT,ULTRASOFT,17.0,108.521,111.14,2.6189999999999998,3,3
2018,Azerbaijan Grand Prix,LEC,1,24,SUPERSOFT,SOFT,23.0,108.211,107.749,-0.4620000000000033,3,3
2018,Azerbaijan Grand Prix,LEC,2,40,SOFT,ULTRASOFT,16.0,107.574,109.087,1.5130000000000052,3,3
2018,Azerbaijan Grand Prix,MAG,2,39,SOFT,ULTRASOFT,38.0,108.658,112.037,3.379000000000005,3,3
2018,Azerbaijan Grand Prix,PER,2,40,SOFT,SUPERSOFT,38.0,107.0,107.872,0.8719999999999999,3,3
2018,Azerbaijan Grand Prix,RAI,2,40,SOFT,ULTRASOFT,39.0,107.049,107.95,0.9009999999999962,3,3
2018,Azerbaijan Grand Prix,SAI,1,15,ULTRASOFT,SOFT,17.0,109.801,108.187,-1.6140000000000043,3,3
2018,Azerbaijan Grand Prix,SAI,2,40,SOFT,ULTRASOFT,25.0,107.243,108.854,1.6110000000000042,3,3
2018,Azerbaijan Grand Prix,STR,1,23,SUPERSOFT,SOFT,22.0,108.868,108.049,-0.8189999999999884,3,3
2018,Azerbaijan Grand Prix,STR,2,40,SOFT,ULTRASOFT,17.0,107.179,109.037,1.858000000000004,3,3
2018,Azerbaijan Grand Prix,VAN,1,17,SUPERSOFT,SOFT,16.0,109.87,109.301,-0.5690000000000026,3,3
2018,Azerbaijan Grand Prix,VAN,2,25,SOFT,ULTRASOFT,8.0,109.227,108.991,-0.2360000000000042,3,3
2018,Azerbaijan Grand Prix,VAN,3,39,ULTRASOFT,ULTRASOFT,14.0,111.743,109.873,-1.8699999999999903,3,3
2018,Azerbaijan Grand Prix,VAN,4,46,ULTRASOFT,ULTRASOFT,7.0,111.743,109.873,-1.8699999999999903,3,3
2018,Azerbaijan Grand Prix,VET,1,30,SUPERSOFT,SOFT,32.0,106.621,106.298,-0.3229999999999933,3,3
2018,Azerbaijan Grand Prix,VET,2,40,SOFT,ULTRASOFT,10.0,105.866,108.757,2.8910000000000053,3,3
2018,Bahrain Grand Prix,ALO,1,14,SOFT,MEDIUM,13.0,97.661,96.902,-0.7590000000000003,3,3
2018,Bahrain Grand Prix,ALO,2,39,MEDIUM,SUPERSOFT,25.0,96.389,95.495,-0.8939999999999912,3,3
2018,Bahrain Grand Prix,BOT,1,19,SUPERSOFT,MEDIUM,21.0,96.325,94.586,-1.7390000000000043,3,3
2018,Bahrain Grand Prix,ERI,1,23,SOFT,MEDIUM,22.0,98.066,95.461,-2.605000000000004,3,3
2018,Bahrain Grand Prix,GAS,1,15,SUPERSOFT,SOFT,17.0,97.084,96.263,-0.820999999999998,3,3
2018,Bahrain Grand Prix,GAS,2,34,SOFT,SUPERSOFT,19.0,96.421,95.123,-1.2980000000000018,3,3
2018,Bahrain Grand Prix,GRO,1,18,SUPERSOFT,SOFT,17.0,98.193,96.318,-1.875,3,3
2018,Bahrain Grand Prix,GRO,2,30,SOFT,SUPERSOFT,12.0,96.599,95.648,-0.9510000000000076,3,3
2018,Bahrain Grand Prix,GRO,3,45,SUPERSOFT,SUPERSOFT,15.0,98.073,94.491,-3.5819999999999936,3,3
2018,Bahrain Grand Prix,HAM,1,25,SOFT,MEDIUM,27.0,96.373,94.274,-2.0990000000000038,3,3
2018,Bahrain Grand Prix,HAR,1,20,SUPERSOFT,SOFT,19.0,97.988,96.252,-1.7360000000000042,3,3
2018,Bahrain Grand Prix,HAR,2,42,SOFT,SUPERSOFT,22.0,98.183,94.978,-3.2050000000000125,3,3
2018,Bahrain Grand Prix,HUL,1,15,SUPERSOFT,SOFT,17.0,97.531,96.097,-1.4340000000000117,3,3
2018,Bahrain Grand Prix,HUL,2,39,SOFT,SUPERSOFT,24.0,96.873,95.438,-1.4350000000000023,3,3
2018,Bahrain Grand Prix,LEC,2,34,MEDIUM,SUPERSOFT,31.0,99.084,95.457,-3.6270000000000095,3,3
2018,Bahrain Grand Prix,MAG,1,13,SUPERSOFT,SUPERSOFT,15.0,97.464,96.441,-1.0229999999999961,3,3
2018,Bahrain Grand Prix,MAG,2,27,SUPERSOFT,SOFT,17.0,96.327,96.233,-0.09399999999999409,3,3
2018,Bahrain Grand Prix,OCO,1,15,SUPERSOFT,MEDIUM,17.0,97.979,97.894,-0.08499999999999375,3,3
2018,Bahrain Grand Prix,OCO,2,35,MEDIUM,SOFT,20.0,97.218,95.196,-2.0220000000000056,3,3
2018,Bahrain Grand Prix,PER,1,9,SOFT,MEDIUM,8.0,97.341,97.326,-0.015000000000000568,3,3
2018,Bahrain Grand Prix,PER,2,32,MEDIUM,SUPERSOFT,23.0,97.813,95.198,-2.615000000000009,3,3
2018,Bahrain Grand Prix,RAI,1,18,SUPERSOFT,SOFT,20.0,96.758,94.411,-2.346999999999994,3,3
2018,Bahrain Grand Prix,SAI,1,16,SUPERSOFT,SUPERSOFT,18.0,98.117,97.078,-1.0390000000000015,3,3
2018,Bahrain Grand Prix,SAI,2,26,SUPERSOFT,SOFT,13.0,97.529,96.195,-1.3340000000000032,3,3
2018,Bahrain Grand Prix,SIR,1,22,SOFT,MEDIUM,21.0,100.98,96.45,-4.530000000000001,3,3
2018,Bahrain Grand Prix,SIR,2,40,MEDIUM,SUPERSOFT,18.0,96.818,94.646,-2.171999999999997,3,3
2018,Bahrain Grand Prix,STR,1,10,SOFT,SUPERSOFT,9.0,98.966,97.851,-1.1149999999999949,3,3
2018,Bahrain Grand Prix,STR,2,29,SUPERSOFT,MEDIUM,19.0,98.89,95.562,-3.328000000000003,3,3
2018,Bahrain Grand Prix,VAN,1,10,SUPERSOFT,SOFT,9.0,98.048,97.214,-0.8340000000000032,3,3
2018,Bahrain Grand Prix,VAN,2,28,SOFT,MEDIUM,18.0,97.433,95.367,-2.0660000000000025,3,3
2018,Bahrain Grand Prix,VET,1,17,SUPERSOFT,SOFT,18.0,96.494,94.661,-1.8329999999999984,3,3
2018,Belgian Grand Prix,BOT,3,29,SUPERSOFT,SOFT,27.0,108.487,107.011,-1.475999999999999,3,3
2018,Belgian Grand Prix,ERI,2,26,SOFT,SUPERSOFT,26.0,110.997,109.383,-1.6140000000000043,3,3
2018,Belgian Grand Prix,GAS,2,25,SUPERSOFT,SOFT,25.0,110.822,108.842,-1.980000000000004,3,3
2018,Belgian Grand Prix,GRO,2,23,SUPERSOFT,SUPERSOFT,26.0,110.593,108.979,-1.6140000000000043,3,3
2018,Belgian Grand Prix,HAM,2,21,SUPERSOFT,SOFT,24.0,108.736,106.856,-1.8800000000000097,3,3
2018,Belgian Grand Prix,HAR,2,31,SOFT,SUPERSOFT,31.0,111.381,109.199,-2.182000000000002,3,3
2018,Belgian Grand Prix,MAG,2,26,SUPERSOFT,SUPERSOFT,29.0,110.858,108.244,-2.6140000000000043,3,3
2018,Belgian Grand Prix,OCO,2,24,SUPERSOFT,SOFT,27.0,110.439,108.917,-1.5219999999999914,3,3
2018,Belgian Grand Prix,PER,2,25,SUPERSOFT,SOFT,28.0,109.829,108.786,-1.0429999999999922,3,3
2018,Belgian Grand Prix,SAI,2,22,MEDIUM,SUPERSOFT,22.0,111.617,109.531,-2.0859999999999985,3,3
2018,Belgian Grand Prix,SIR,2,24,SOFT,SUPERSOFT,24.0,111.415,109.403,-2.0120000000000005,3,3
2018,Belgian Grand Prix,STR,2,23,SOFT,SUPERSOFT,23.0,111.323,110.365,-0.9579999999999984,3,3
2018,Belgian Grand Prix,VAN,3,28,MEDIUM,SUPERSOFT,26.0,112.523,109.75,-2.772999999999996,3,3
2018,Belgian Grand Prix,VER,2,26,SUPERSOFT,SOFT,29.0,108.756,107.347,-1.409000000000006,3,3
2018,Belgian Grand Prix,VET,2,22,SUPERSOFT,SOFT,25.0,108.781,106.743,-2.038000000000011,3,3
2018,Brazilian Grand Prix,ALO,1,15,SOFT,MEDIUM,15.0,76.432,74.634,-1.7980000000000018,3,3
2018,Brazilian Grand Prix,ALO,2,54,MEDIUM,SUPERSOFT,39.0,75.306,72.689,-2.6170000000000044,3,3
2018,Brazilian Grand Prix,BOT,1,18,SUPERSOFT,MEDIUM,21.0,74.566,73.755,-0.811000000000007,3,3
2018,Brazilian Grand Prix,BOT,2,59,MEDIUM,SOFT,41.0,72.03,71.75,-0.28000000000000114,3,3
2018,Brazilian Grand Prix,GAS,1,22,SUPERSOFT,MEDIUM,26.0,75.9,74.777,-1.1230000000000047,3,3
2018,Brazilian Grand Prix,GRO,1,32,SUPERSOFT,MEDIUM,35.0,75.136,73.191,-1.9449999999999932,3,3
2018,Brazilian Grand Prix,HAM,1,19,SUPERSOFT,MEDIUM,22.0,73.793,73.393,-0.4000000000000057,3,3
2018,Brazilian Grand Prix,HAR,1,49,MEDIUM,SUPERSOFT,49.0,74.978,72.977,-2.0009999999999906,3,3
2018,Brazilian Grand Prix,LEC,1,35,SUPERSOFT,MEDIUM,40.0,74.189,73.008,-1.1809999999999974,3,3
2018,Brazilian Grand Prix,MAG,1,41,SOFT,SUPERSOFT,41.0,74.328,72.973,-1.355000000000004,3,3
2018,Brazilian Grand Prix,OCO,1,40,SOFT,SUPERSOFT,40.0,75.076,73.837,-1.23899999999999,3,3
2018,Brazilian Grand Prix,OCO,2,57,SUPERSOFT,SUPERSOFT,17.0,73.028,72.906,-0.12199999999999989,3,3
2018,Brazilian Grand Prix,PER,1,39,SUPERSOFT,SOFT,39.0,75.126,73.272,-1.8539999999999992,3,3
2018,Brazilian Grand Prix,RAI,1,31,SOFT,MEDIUM,34.0,73.622,73.255,-0.36700000000000443,3,3
2018,Brazilian Grand Prix,RIC,1,39,SUPERSOFT,SOFT,42.0,73.362,73.012,-0.3499999999999943,3,3
2018,Brazilian Grand Prix,SAI,1,25,SOFT,MEDIUM,25.0,75.379,73.913,-1.4660000000000082,3,3
2018,Brazilian Grand Prix,SAI,2,48,MEDIUM,SUPERSOFT,23.0,74.46,72.674,-1.7859999999999872,3,3
2018,Brazilian Grand Prix,SIR,1,16,SOFT,MEDIUM,16.0,76.444,74.456,-1.9879999999999995,3,3
2018,Brazilian Grand Prix,STR,1,17,SOFT,MEDIUM,17.0,76.481,74.906,-1.5749999999999886,3,3
2018,Brazilian Grand Prix,STR,2,65,MEDIUM,SUPERSOFT,48.0,76.334,71.91,-4.424000000000007,3,3
2018,Brazilian Grand Prix,VAN,1,28,SOFT,MEDIUM,28.0,75.852,74.657,-1.1950000000000074,3,3
2018,Brazilian Grand Prix,VER,1,35,SUPERSOFT,SOFT,38.0,73.709,72.656,-1.0529999999999973,3,3
2018,Brazilian Grand Prix,VET,1,27,SOFT,MEDIUM,30.0,73.988,73.099,-0.8889999999999958,3,3
2018,Brazilian Grand Prix,VET,2,53,MEDIUM,SUPERSOFT,26.0,72.706,72.217,-0.4890000000000043,3,3
2018,British Grand Prix,ALO,1,13,SOFT,MEDIUM,12.0,95.717,94.775,-0.9419999999999931,3,3
2018,British Grand Prix,ALO,2,32,MEDIUM,SOFT,19.0,94.968,94.2,-0.7680000000000007,3,3
2018,British Grand Prix,BOT,1,21,SOFT,MEDIUM,23.0,93.876,92.671,-1.2049999999999983,3,3
2018,British Grand Prix,ERI,1,24,SOFT,MEDIUM,23.0,95.406,94.659,-0.7469999999999999,3,3
2018,British Grand Prix,GAS,1,20,SOFT,MEDIUM,19.0,95.163,94.772,-0.39099999999999113,3,3
2018,British Grand Prix,GAS,2,32,MEDIUM,SOFT,12.0,94.512,94.369,-0.14300000000000068,3,3
2018,British Grand Prix,GRO,1,26,SOFT,MEDIUM,28.0,94.974,94.556,-0.41800000000000637,3,3
2018,British Grand Prix,HAM,1,25,SOFT,MEDIUM,28.0,94.62,91.682,-2.9380000000000024,3,3
2018,British Grand Prix,HUL,1,20,MEDIUM,HARD,19.0,95.3,95.443,0.14300000000000068,3,3
2018,British Grand Prix,MAG,1,25,SOFT,MEDIUM,27.0,94.81,94.892,0.08199999999999363,3,3
2018,British Grand Prix,OCO,1,19,SOFT,MEDIUM,21.0,95.274,95.229,-0.045000000000001705,3,3
2018,British Grand Prix,PER,1,13,SOFT,MEDIUM,12.0,96.275,94.63,-1.6450000000000102,3,3
2018,British Grand Prix,PER,2,32,MEDIUM,SOFT,19.0,94.637,94.281,-0.35599999999999454,3,3
2018,British Grand Prix,RAI,1,13,SOFT,MEDIUM,15.0,94.091,93.045,-1.0459999999999923,3,3
2018,British Grand Prix,RAI,2,33,MEDIUM,SOFT,20.0,93.443,92.007,-1.4359999999999928,3,3
2018,British Grand Prix,RIC,1,18,SOFT,MEDIUM,20.0,94.183,93.385,-0.7980000000000018,3,3
2018,British Grand Prix,RIC,2,30,MEDIUM,SOFT,12.0,92.938,92.596,-0.34199999999999875,3,3
2018,British Grand Prix,SAI,1,17,MEDIUM,HARD,16.0,95.806,95.174,-0.6319999999999908,3,3
2018,British Grand Prix,SIR,1,21,SOFT,MEDIUM,20.0,96.291,95.936,-0.35499999999998977,3,3
2018,British Grand Prix,STR,1,30,MEDIUM,SOFT,29.0,96.025,94.949,-1.0760000000000076,3,3
2018,British Grand Prix,VAN,1,21,SOFT,MEDIUM,20.0,95.31,94.872,-0.4380000000000024,3,3
2018,British Grand Prix,VAN,2,33,MEDIUM,SOFT,12.0,94.745,94.634,-0.1110000000000042,3,3
2018,British Grand Prix,VER,1,17,SOFT,MEDIUM,19.0,94.283,93.624,-0.659000000000006,3,3
2018,British Grand Prix,VER,2,33,MEDIUM,SOFT,16.0,93.513,92.18,-1.3329999999999984,3,3
2018,British Grand Prix,VET,1,20,SOFT,MEDIUM,21.0,94.352,93.033,-1.3190000000000026,3,3
2018,British Grand Prix,VET,2,33,MEDIUM,SOFT,13.0,93.095,91.75,-1.3449999999999989,3,3
2018,Canadian Grand Prix,ALO,1,18,ULTRASOFT,SUPERSOFT,17.0,77.219,77.042,-0.1769999999999925,3,3
2018,Canadian Grand Prix,BOT,1,36,ULTRASOFT,SUPERSOFT,38.0,76.099,74.663,-1.436000000000007,3,3
2018,Canadian Grand Prix,GAS,1,23,HYPERSOFT,SUPERSOFT,22.0,76.992,76.633,-0.35900000000000887,3,3
2018,Canadian Grand Prix,GRO,1,48,ULTRASOFT,SUPERSOFT,47.0,76.545,76.054,-0.49099999999999966,3,3
2018,Canadian Grand Prix,HAM,1,16,ULTRASOFT,SUPERSOFT,18.0,76.556,75.856,-0.7000000000000028,3,3
2018,Canadian Grand Prix,HUL,1,13,HYPERSOFT,SUPERSOFT,15.0,76.579,76.988,0.409000000000006,3,3
2018,Canadian Grand Prix,LEC,1,19,ULTRASOFT,SUPERSOFT,18.0,77.306,76.779,-0.527000000000001,3,3
2018,Canadian Grand Prix,MAG,1,22,ULTRASOFT,SUPERSOFT,21.0,77.159,76.547,-0.612000000000009,3,3
2018,Canadian Grand Prix,OCO,1,11,HYPERSOFT,SUPERSOFT,13.0,77.07,76.883,-0.1869999999999976,3,3
2018,Canadian Grand Prix,PER,1,9,HYPERSOFT,SUPERSOFT,11.0,77.949,76.785,-1.1640000000000015,3,3
2018,Canadian Grand Prix,PER,2,44,SUPERSOFT,SUPERSOFT,35.0,77.309,75.811,-1.4979999999999905,3,3
2018,Canadian Grand Prix,RAI,1,32,ULTRASOFT,SUPERSOFT,34.0,75.69,75.297,-0.3930000000000007,3,3
2018,Canadian Grand Prix,RIC,1,17,HYPERSOFT,SUPERSOFT,19.0,76.248,75.835,-0.4130000000000109,3,3
2018,Canadian Grand Prix,SAI,1,14,HYPERSOFT,SUPERSOFT,16.0,76.772,77.008,0.23599999999999,3,3
2018,Canadian Grand Prix,SIR,1,26,SUPERSOFT,ULTRASOFT,25.0,77.83,77.777,-0.05299999999999727,3,3
2018,Canadian Grand Prix,VAN,2,48,SUPERSOFT,HYPERSOFT,47.0,76.965,75.933,-1.0319999999999965,3,3
2018,Canadian Grand Prix,VER,1,16,HYPERSOFT,SUPERSOFT,18.0,76.443,75.881,-0.5619999999999976,3,3
2018,Canadian Grand Prix,VET,1,37,ULTRASOFT,SUPERSOFT,38.0,75.277,74.568,-0.7090000000000032,3,3
2018,Chinese Grand Prix,GAS,2,31,MEDIUM,MEDIUM,30.0,102.16399999999999,101.631,-0.532999999999987,2,3
2018,Chinese Grand Prix,GRO,2,46,ULTRASOFT,ULTRASOFT,48.0,98.704,98.058,-0.6459999999999866,3,3
2018,French Grand Prix,ALO,2,46,SOFT,ULTRASOFT,45.0,99.677,100.55199999999999,0.8749999999999858,3,2
2018,French Grand Prix,BOT,2,39,SOFT,SUPERSOFT,38.0,96.456,95.147,-1.3089999999999975,3,3
2018,French Grand Prix,ERI,1,35,SUPERSOFT,ULTRASOFT,34.0,98.151,97.021,-1.1299999999999955,3,3
2018,French Grand Prix,GRO,1,34,ULTRASOFT,SUPERSOFT,36.0,97.815,96.814,-1.0010000000000048,3,3
2018,French Grand Prix,HAM,1,33,SUPERSOFT,SOFT,34.0,96.274,95.365,-0.909000000000006,3,3
2018,French Grand Prix,HAR,1,38,ULTRASOFT,SUPERSOFT,37.0,98.162,96.904,-1.2580000000000098,3,3
2018,French Grand Prix,HUL,1,37,SOFT,ULTRASOFT,36.0,98.539,96.681,-1.858000000000004,3,3
2018,French Grand Prix,LEC,1,31,ULTRASOFT,SUPERSOFT,33.0,98.942,97.057,-1.884999999999991,3,3
2018,French Grand Prix,MAG,1,28,ULTRASOFT,SOFT,30.0,98.301,97.122,-1.179000000000002,3,3
2018,French Grand Prix,RAI,1,34,ULTRASOFT,SUPERSOFT,36.0,96.754,95.037,-1.7169999999999987,3,3
2018,French Grand Prix,RIC,1,28,SUPERSOFT,SOFT,32.0,96.792,96.068,-0.7240000000000038,3,3
2018,French Grand Prix,SAI,1,26,ULTRASOFT,SOFT,28.0,98.707,97.24,-1.4669999999999987,3,3
2018,French Grand Prix,VAN,1,40,SUPERSOFT,ULTRASOFT,39.0,97.845,97.372,-0.472999999999999,3,3
2018,French Grand Prix,VER,1,25,SUPERSOFT,SOFT,27.0,96.863,95.914,-0.9489999999999981,3,3
2018,French Grand Prix,VET,2,40,SOFT,ULTRASOFT,39.0,97.485,94.793,-2.691999999999993,3,3
2018,German Grand Prix,ALO,1,31,SOFT,MEDIUM,30.0,80.73,80.144,-0.5859999999999985,3,3
2018,German Grand Prix,ALO,2,43,MEDIUM,INTERMEDIATE,12.0,79.087,87.826,8.73899999999999,3,3
2018,German Grand Prix,ALO,3,47,INTERMEDIATE,SOFT,4.0,87.445,81.995,-5.449999999999989,3,3
2018,German Grand Prix,BOT,2,52,SOFT,ULTRASOFT,24.0,82.063,76.655,-5.408000000000001,3,3
2018,German Grand Prix,ERI,1,38,SOFT,ULTRASOFT,37.0,79.866,79.005,-0.8610000000000042,3,3
2018,German Grand Prix,GAS,1,43,SOFT,WET,42.0,81.329,94.544,13.215000000000003,3,3
2018,German Grand Prix,GAS,2,46,WET,ULTRASOFT,3.0,81.329,86.673,5.344000000000008,3,3
2018,German Grand Prix,GRO,2,51,MEDIUM,ULTRASOFT,30.0,85.795,78.715,-7.079999999999998,3,3
2018,German Grand Prix,GRO,3,55,INTERMEDIATE,ULTRASOFT,4.0,85.795,78.715,-7.079999999999998,3,3
2018,German Grand Prix,HAM,1,42,SOFT,ULTRASOFT,41.0,78.012,77.465,-0.546999999999997,3,3
2018,German Grand Prix,HAR,2,52,MEDIUM,ULTRASOFT,24.0,88.397,78.682,-9.715000000000003,3,3
2018,German Grand Prix,HUL,2,51,MEDIUM,ULTRASOFT,33.0,84.868,78.766,-6.10199999999999,3,3
2018,German Grand Prix,HUL,3,55,INTERMEDIATE,ULTRASOFT,4.0,84.868,78.766,-6.10199999999999,3,3
2018,German Grand Prix,LEC,2,43,SOFT,INTERMEDIATE,23.0,79.055,90.328,11.272999999999996,3,3
2018,German Grand Prix,LEC,3,46,INTERMEDIATE,ULTRASOFT,3.0,80.468,85.539,5.070999999999998,3,3
2018,German Grand Prix,MAG,2,51,MEDIUM,ULTRASOFT,31.0,86.987,78.499,-8.488,3,3
2018,German Grand Prix,MAG,3,55,INTERMEDIATE,ULTRASOFT,4.0,86.987,78.499,-8.488,3,3
2018,German Grand Prix,RAI,2,53,SOFT,ULTRASOFT,39.0,82.168,76.94,-5.228000000000009,3,3
2018,German Grand Prix,SAI,2,50,MEDIUM,ULTRASOFT,30.0,82.691,78.852,-3.8389999999999986,3,3
2018,German Grand Prix,SAI,3,56,INTERMEDIATE,ULTRASOFT,6.0,82.691,78.852,-3.8389999999999986,3,3
2018,German Grand Prix,VAN,2,52,MEDIUM,ULTRASOFT,23.0,83.361,78.806,-4.555000000000007,3,3
2018,German Grand Prix,VER,2,46,SOFT,INTERMEDIATE,17.0,77.492,88.379,10.887,3,3
2018,German Grand Prix,VER,3,48,INTERMEDIATE,INTERMEDIATE,2.0,77.492,88.379,10.887,3,3
2018,Hungarian Grand Prix,ALO,1,39,SOFT,MEDIUM,38.0,83.531,84.481,0.9499999999999886,3,3
2018,Hungarian Grand Prix,BOT,1,15,ULTRASOFT,SOFT,14.0,83.666,82.684,-0.9819999999999993,3,3
2018,Hungarian Grand Prix,GAS,1,32,ULTRASOFT,SOFT,31.0,84.056,83.145,-0.9110000000000014,3,3
2018,Hungarian Grand Prix,GRO,1,29,ULTRASOFT,SOFT,28.0,83.289,84.426,1.1370000000000005,3,3
2018,Hungarian Grand Prix,HAM,1,25,ULTRASOFT,SOFT,23.0,83.634,82.887,-0.7469999999999999,3,3
2018,Hungarian Grand Prix,HAR,1,24,ULTRASOFT,MEDIUM,23.0,84.568,83.983,-0.5849999999999937,3,3
2018,Hungarian Grand Prix,HUL,1,23,SOFT,MEDIUM,22.0,84.481,84.756,0.2750000000000057,3,3
2018,Hungarian Grand Prix,HUL,2,50,MEDIUM,ULTRASOFT,27.0,83.979,82.423,-1.5559999999999974,3,3
2018,Hungarian Grand Prix,MAG,1,31,ULTRASOFT,SOFT,30.0,84.116,83.21,-0.9060000000000059,3,3
2018,Hungarian Grand Prix,OCO,1,39,SOFT,ULTRASOFT,38.0,85.478,83.925,-1.5529999999999973,3,3
2018,Hungarian Grand Prix,PER,1,22,ULTRASOFT,SOFT,21.0,84.838,84.489,-0.34899999999998954,3,3
2018,Hungarian Grand Prix,RAI,1,14,ULTRASOFT,SOFT,13.0,83.786,82.457,-1.3290000000000077,3,3
2018,Hungarian Grand Prix,RAI,2,38,SOFT,SOFT,24.0,82.79,81.381,-1.409000000000006,3,3
2018,Hungarian Grand Prix,RIC,1,44,SOFT,ULTRASOFT,43.0,82.924,81.383,-1.541000000000011,3,3
2018,Hungarian Grand Prix,SAI,1,25,SOFT,MEDIUM,24.0,84.108,84.15,0.04200000000000159,3,3
2018,Hungarian Grand Prix,SIR,1,31,SOFT,MEDIUM,30.0,85.373,85.285,-0.08800000000000807,3,3
2018,Hungarian Grand Prix,STR,1,47,MEDIUM,ULTRASOFT,46.0,85.462,83.065,-2.3970000000000056,3,3
2018,Hungarian Grand Prix,VAN,1,40,SOFT,MEDIUM,39.0,83.444,84.132,0.6880000000000024,3,3
2018,Hungarian Grand Prix,VET,1,39,SOFT,ULTRASOFT,38.0,83.545,82.536,-1.0090000000000003,3,3
2018,Japanese Grand Prix,ALO,1,26,SOFT,MEDIUM,25.0,97.592,95.767,-1.8250000000000028,3,3
2018,Japanese Grand Prix,BOT,1,23,SOFT,MEDIUM,25.0,94.713,93.705,-1.0079999999999956,3,3
2018,Japanese Grand Prix,ERI,1,5,SOFT,MEDIUM,4.0,98.977,98.635,-0.34199999999999875,2,3
2018,Japanese Grand Prix,GAS,1,29,SUPERSOFT,SOFT,31.0,97.605,96.409,-1.195999999999998,3,3
2018,Japanese Grand Prix,GRO,1,29,SOFT,MEDIUM,31.0,96.699,94.991,-1.7079999999999984,3,3
2018,Japanese Grand Prix,HAM,1,24,SOFT,MEDIUM,25.0,94.183,93.879,-0.30400000000000205,3,3
2018,Japanese Grand Prix,HAR,1,28,SUPERSOFT,SOFT,30.0,97.324,96.216,-1.108000000000004,3,3
2018,Japanese Grand Prix,HUL,1,30,MEDIUM,SOFT,29.0,99.177,95.193,-3.984000000000009,3,3
2018,Japanese Grand Prix,LEC,1,4,SOFT,MEDIUM,3.0,98.9855,98.865,-0.12050000000000693,2,3
2018,Japanese Grand Prix,LEC,2,35,MEDIUM,SOFT,31.0,96.962,94.7525,-2.2095000000000056,3,2
2018,Japanese Grand Prix,OCO,1,26,SUPERSOFT,MEDIUM,28.0,97.239,95.981,-1.2580000000000098,3,3
2018,Japanese Grand Prix,PER,1,24,SUPERSOFT,SOFT,26.0,97.609,96.191,-1.4179999999999922,3,3
2018,Japanese Grand Prix,RAI,1,17,SUPERSOFT,MEDIUM,19.0,96.134,95.419,-0.7150000000000034,3,3
2018,Japanese Grand Prix,RIC,1,23,SOFT,MEDIUM,22.0,94.506,93.619,-0.8870000000000005,3,3
2018,Japanese Grand Prix,SAI,1,32,SOFT,MEDIUM,31.0,97.136,94.923,-2.212999999999994,3,3
2018,Japanese Grand Prix,SIR,1,4,SOFT,MEDIUM,3.0,100.225,99.145,-1.0799999999999983,2,3
2018,Japanese Grand Prix,SIR,2,38,MEDIUM,SUPERSOFT,34.0,97.795,94.716,-3.0790000000000077,3,3
2018,Japanese Grand Prix,STR,1,14,SOFT,MEDIUM,13.0,98.431,96.035,-2.396000000000001,3,3
2018,Japanese Grand Prix,STR,2,39,MEDIUM,SUPERSOFT,25.0,98.795,94.058,-4.736999999999995,3,3
2018,Japanese Grand Prix,VAN,1,23,SOFT,MEDIUM,22.0,97.594,95.519,-2.0749999999999886,3,3
2018,Japanese Grand Prix,VER,1,21,SUPERSOFT,SOFT,23.0,95.387,93.858,-1.5289999999999964,3,3
2018,Japanese Grand Prix,VET,1,26,SUPERSOFT,SOFT,28.0,97.025,96.106,-0.9190000000000111,3,3
2018,Mexican Grand Prix,BOT,1,11,ULTRASOFT,SUPERSOFT,16.0,83.042,81.571,-1.4710000000000036,3,3
2018,Mexican Grand Prix,BOT,2,48,SUPERSOFT,ULTRASOFT,37.0,82.191,81.749,-0.4420000000000073,3,3
2018,Mexican Grand Prix,BOT,3,62,ULTRASOFT,HYPERSOFT,19.0,84.052,79.331,-4.721000000000004,3,3
2018,Mexican Grand Prix,ERI,1,16,HYPERSOFT,SUPERSOFT,19.0,86.754,83.468,-3.2860000000000014,3,3
2018,Mexican Grand Prix,GAS,1,5,HYPERSOFT,SUPERSOFT,5.0,86.566,83.375,-3.1910000000000025,3,3
2018,Mexican Grand Prix,GAS,2,26,SUPERSOFT,SUPERSOFT,21.0,85.709,84.063,-1.6460000000000008,3,3
2018,Mexican Grand Prix,GRO,1,44,SUPERSOFT,ULTRASOFT,44.0,84.777,81.948,-2.8290000000000077,3,3
2018,Mexican Grand Prix,GRO,2,60,ULTRASOFT,HYPERSOFT,16.0,85.035,82.166,-2.8689999999999998,3,3
2018,Mexican Grand Prix,HAM,1,11,ULTRASOFT,SUPERSOFT,14.0,82.232,81.855,-0.37699999999999534,3,3
2018,Mexican Grand Prix,HAM,2,47,SUPERSOFT,ULTRASOFT,36.0,82.03,80.816,-1.2139999999999986,3,3
2018,Mexican Grand Prix,HAR,2,24,ULTRASOFT,SUPERSOFT,23.0,85.038,82.473,-2.5649999999999977,3,3
2018,Mexican Grand Prix,HUL,1,12,HYPERSOFT,SUPERSOFT,15.0,84.722,84.286,-0.43599999999999284,3,3
2018,Mexican Grand Prix,LEC,1,13,HYPERSOFT,SUPERSOFT,16.0,85.636,84.135,-1.5009999999999906,3,3
2018,Mexican Grand Prix,MAG,1,43,SUPERSOFT,ULTRASOFT,43.0,85.009,82.77,-2.2390000000000043,3,3
2018,Mexican Grand Prix,OCO,2,30,SUPERSOFT,ULTRASOFT,34.0,84.247,83.785,-0.4620000000000033,3,3
2018,Mexican Grand Prix,PER,1,30,SUPERSOFT,ULTRASOFT,30.0,84.284,84.442,0.15799999999998704,3,3
2018,Mexican Grand Prix,RAI,1,17,ULTRASOFT,SUPERSOFT,21.0,84.026,80.711,-3.3149999999999977,3,3
2018,Mexican Grand Prix,RIC,1,12,ULTRASOFT,SUPERSOFT,15.0,82.51,81.623,-0.8870000000000005,3,3
2018,Mexican Grand Prix,SAI,1,11,HYPERSOFT,SUPERSOFT,14.0,83.85,84.847,0.9969999999999999,3,3
2018,Mexican Grand Prix,SIR,1,11,ULTRASOFT,SUPERSOFT,11.0,84.64,83.374,-1.2660000000000053,3,3
2018,Mexican Grand Prix,STR,1,10,ULTRASOFT,ULTRASOFT,10.0,84.21,83.632,-0.5779999999999887,3,3
2018,Mexican Grand Prix,STR,2,23,ULTRASOFT,SUPERSOFT,13.0,85.058,83.001,-2.057000000000002,3,3
2018,Mexican Grand Prix,VAN,1,12,ULTRASOFT,SUPERSOFT,12.0,84.899,82.873,-2.0259999999999962,3,3
2018,Mexican Grand Prix,VER,1,13,ULTRASOFT,SUPERSOFT,16.0,82.291,80.66,-1.6310000000000002,3,3
2018,Mexican Grand Prix,VER,2,48,SUPERSOFT,SUPERSOFT,35.0,81.023,80.434,-0.5889999999999986,3,3
2018,Mexican Grand Prix,VET,1,17,ULTRASOFT,SUPERSOFT,20.0,82.127,81.128,-0.9989999999999952,3,3
2018,Mexican Grand Prix,VET,2,47,SUPERSOFT,ULTRASOFT,30.0,80.338,80.343,0.005000000000009663,3,3
2018,Monaco Grand Prix,ALO,1,19,HYPERSOFT,SUPERSOFT,23.0,79.32,77.484,-1.8359999999999985,3,3
2018,Monaco Grand Prix,BOT,1,17,HYPERSOFT,SUPERSOFT,20.0,79.285,76.55,-2.7349999999999994,3,3
2018,Monaco Grand Prix,ERI,1,17,ULTRASOFT,SUPERSOFT,16.0,79.293,77.09,-2.203000000000003,3,3
2018,Monaco Grand Prix,GAS,1,37,HYPERSOFT,SUPERSOFT,41.0,78.69,78.239,-0.4509999999999934,3,3
2018,Monaco Grand Prix,GRO,1,15,ULTRASOFT,SUPERSOFT,14.0,80.703,78.578,-2.125,3,3
2018,Monaco Grand Prix,GRO,2,68,SUPERSOFT,HYPERSOFT,54.0,79.448,75.191,-4.256999999999991,3,3
2018,Monaco Grand Prix,HAM,1,12,HYPERSOFT,ULTRASOFT,14.0,77.24,76.719,-0.5210000000000008,3,3
2018,Monaco Grand Prix,HAR,1,13,HYPERSOFT,ULTRASOFT,12.0,80.057,77.79,-2.266999999999996,3,3
2018,Monaco Grand Prix,HUL,1,50,ULTRASOFT,HYPERSOFT,49.0,78.957,77.925,-1.0319999999999965,3,3
2018,Monaco Grand Prix,LEC,1,14,ULTRASOFT,SUPERSOFT,13.0,79.134,77.748,-1.3859999999999957,3,3
2018,Monaco Grand Prix,MAG,1,17,ULTRASOFT,SUPERSOFT,16.0,79.323,77.594,-1.7289999999999992,3,3
2018,Monaco Grand Prix,OCO,1,23,HYPERSOFT,SUPERSOFT,27.0,79.378,79.602,0.22400000000000375,3,3
2018,Monaco Grand Prix,PER,1,21,HYPERSOFT,SUPERSOFT,23.0,79.143,77.869,-1.274000000000001,3,3
2018,Monaco Grand Prix,RAI,1,17,HYPERSOFT,ULTRASOFT,19.0,77.125,77.076,-0.049000000000006594,3,3
2018,Monaco Grand Prix,RIC,1,17,HYPERSOFT,ULTRASOFT,18.0,75.792,78.395,2.6029999999999944,3,3
2018,Monaco Grand Prix,SAI,1,16,HYPERSOFT,ULTRASOFT,18.0,79.98,78.133,-1.8470000000000084,3,3
2018,Monaco Grand Prix,SIR,1,7,HYPERSOFT,HYPERSOFT,6.0,79.889,79.247,-0.6419999999999959,3,3
2018,Monaco Grand Prix,SIR,2,19,HYPERSOFT,ULTRASOFT,19.0,80.713,77.73,-2.98299999999999,3,3
2018,Monaco Grand Prix,SIR,3,49,ULTRASOFT,SUPERSOFT,30.0,80.23,77.554,-2.676000000000002,3,3
2018,Monaco Grand Prix,STR,1,9,ULTRASOFT,SUPERSOFT,8.0,80.516,79.826,-0.6900000000000119,3,3
2018,Monaco Grand Prix,STR,2,34,SUPERSOFT,HYPERSOFT,26.0,79.457,75.478,-3.978999999999999,3,3
2018,Monaco Grand Prix,STR,3,59,HYPERSOFT,HYPERSOFT,25.0,79.545,75.236,-4.3089999999999975,3,3
2018,Monaco Grand Prix,VAN,1,20,ULTRASOFT,SUPERSOFT,19.0,80.691,77.624,-3.0670000000000073,3,3
2018,Monaco Grand Prix,VAN,2,72,SUPERSOFT,HYPERSOFT,52.0,78.8,77.273,-1.527000000000001,3,3
2018,Monaco Grand Prix,VER,1,47,ULTRASOFT,HYPERSOFT,46.0,78.782,76.414,-2.367999999999995,3,3
2018,Monaco Grand Prix,VET,1,16,HYPERSOFT,ULTRASOFT,18.0,76.139,77.875,1.7360000000000042,3,3
2018,Russian Grand Prix,ALO,1,5,ULTRASOFT,SOFT,4.0,104.562,102.311,-2.2509999999999906,3,3
2018,Russian Grand Prix,BOT,1,12,ULTRASOFT,SOFT,13.0,100.267,99.746,-0.5210000000000008,3,3
2018,Russian Grand Prix,ERI,1,11,HYPERSOFT,SOFT,13.0,104.273,101.231,-3.0420000000000016,3,3
2018,Russian Grand Prix,ERI,2,37,SOFT,ULTRASOFT,26.0,99.654,98.357,-1.296999999999997,3,3
2018,Russian Grand Prix,GRO,1,8,HYPERSOFT,SOFT,10.0,102.889,101.841,-1.0480000000000018,3,3
2018,Russian Grand Prix,HAM,1,14,ULTRASOFT,SOFT,16.0,100.012,98.644,-1.367999999999995,3,3
2018,Russian Grand Prix,HUL,1,35,SOFT,ULTRASOFT,34.0,100.041,99.457,-0.5840000000000032,3,3
2018,Russian Grand Prix,LEC,1,10,HYPERSOFT,SOFT,12.0,102.789,101.229,-1.5600000000000023,3,3
2018,Russian Grand Prix,MAG,1,9,HYPERSOFT,SOFT,11.0,103.07,101.405,-1.664999999999992,3,3
2018,Russian Grand Prix,OCO,1,10,HYPERSOFT,SOFT,12.0,102.894,101.394,-1.5,3,3
2018,Russian Grand Prix,PER,1,12,HYPERSOFT,SOFT,14.0,101.509,101.649,0.14000000000000057,3,3
2018,Russian Grand Prix,RAI,1,18,ULTRASOFT,SOFT,20.0,100.28,98.039,-2.2409999999999997,3,3
2018,Russian Grand Prix,RIC,1,39,SOFT,ULTRASOFT,38.0,98.466,97.7,-0.7659999999999911,3,3
2018,Russian Grand Prix,SAI,1,32,SOFT,ULTRASOFT,31.0,101.32,100.509,-0.8109999999999928,3,3
2018,Russian Grand Prix,SIR,1,10,ULTRASOFT,SOFT,9.0,107.737,101.925,-5.811999999999998,3,3
2018,Russian Grand Prix,STR,1,7,ULTRASOFT,SOFT,6.0,104.786,102.409,-2.3769999999999953,3,3
2018,Russian Grand Prix,VAN,1,11,ULTRASOFT,SOFT,10.0,105.428,102.394,-3.033999999999992,3,3
2018,Russian Grand Prix,VER,1,43,SOFT,ULTRASOFT,42.0,98.135,97.215,-0.9200000000000017,3,3
2018,Russian Grand Prix,VET,1,13,ULTRASOFT,SOFT,15.0,100.108,99.353,-0.7550000000000097,3,3
2018,Singapore Grand Prix,ALO,1,38,ULTRASOFT,SOFT,37.0,106.896,105.921,-0.9749999999999943,3,3
2018,Singapore Grand Prix,BOT,1,16,HYPERSOFT,SOFT,18.0,106.319,105.68,-0.6389999999999958,3,3
2018,Singapore Grand Prix,ERI,1,44,ULTRASOFT,ULTRASOFT,43.0,108.125,105.797,-2.328000000000003,3,3
2018,Singapore Grand Prix,GAS,1,26,HYPERSOFT,ULTRASOFT,25.0,108.986,106.627,-2.359000000000009,3,3
2018,Singapore Grand Prix,GRO,1,16,HYPERSOFT,SOFT,18.0,110.652,108.529,-2.1230000000000047,3,3
2018,Singapore Grand Prix,HAM,1,15,HYPERSOFT,SOFT,16.0,104.929,105.802,0.8730000000000047,3,3
2018,Singapore Grand Prix,HAR,1,14,HYPERSOFT,ULTRASOFT,13.0,109.408,108.422,-0.9860000000000042,3,3
2018,Singapore Grand Prix,HAR,2,36,ULTRASOFT,HYPERSOFT,22.0,111.139,106.303,-4.8359999999999985,3,3
2018,Singapore Grand Prix,HUL,1,15,HYPERSOFT,ULTRASOFT,17.0,109.203,108.33,-0.8730000000000047,3,3
2018,Singapore Grand Prix,LEC,1,38,ULTRASOFT,HYPERSOFT,37.0,106.855,106.373,-0.4819999999999993,3,3
2018,Singapore Grand Prix,MAG,1,26,ULTRASOFT,SOFT,25.0,108.667,106.569,-2.097999999999999,3,3
2018,Singapore Grand Prix,MAG,2,36,SOFT,HYPERSOFT,10.0,110.764,105.097,-5.667000000000002,3,3
2018,Singapore Grand Prix,MAG,3,48,HYPERSOFT,HYPERSOFT,12.0,106.534,106.121,-0.4130000000000109,3,3
2018,Singapore Grand Prix,PER,1,17,HYPERSOFT,ULTRASOFT,19.0,109.655,108.554,-1.100999999999999,3,3
2018,Singapore Grand Prix,PER,2,33,ULTRASOFT,SOFT,16.0,108.498,105.67,-2.828000000000003,3,3
2018,Singapore Grand Prix,PER,3,39,SOFT,SOFT,6.0,105.67,106.531,0.8610000000000042,3,3
2018,Singapore Grand Prix,RAI,1,22,HYPERSOFT,SOFT,24.0,106.582,105.265,-1.316999999999993,3,3
2018,Singapore Grand Prix,RIC,1,27,HYPERSOFT,ULTRASOFT,29.0,106.409,105.788,-0.6210000000000093,3,3
2018,Singapore Grand Prix,SAI,1,37,ULTRASOFT,SOFT,36.0,106.931,107.627,0.695999999999998,3,3
2018,Singapore Grand Prix,SIR,2,45,SOFT,SOFT,42.0,112.026,106.03,-5.995999999999995,3,3
2018,Singapore Grand Prix,STR,1,40,SOFT,ULTRASOFT,39.0,109.586,106.766,-2.819999999999993,3,3
2018,Singapore Grand Prix,VAN,1,43,ULTRASOFT,ULTRASOFT,42.0,108.283,106.389,-1.8940000000000055,3,3
2018,Singapore Grand Prix,VER,1,17,HYPERSOFT,SOFT,19.0,105.283,105.893,0.6099999999999994,3,3
2018,Singapore Grand Prix,VET,1,14,HYPERSOFT,ULTRASOFT,16.0,106.104,107.995,1.8910000000000053,3,3
2018,Spanish Grand Prix,ALO,1,21,SUPERSOFT,MEDIUM,23.0,83.631,83.559,-0.07200000000000273,3,3
2018,Spanish Grand Prix,BOT,1,19,SOFT,MEDIUM,21.0,81.936,81.182,-0.7540000000000049,3,3
2018,Spanish Grand Prix,ERI,1,35,MEDIUM,SOFT,34.0,83.163,84.011,0.847999999999999,3,3
2018,Spanish Grand Prix,HAM,1,25,SOFT,MEDIUM,26.0,81.045,80.711,-0.3340000000000032,3,3
2018,Spanish Grand Prix,HAR,2,33,MEDIUM,MEDIUM,32.0,83.696,82.377,-1.3190000000000026,3,3
2018,Spanish Grand Prix,LEC,1,20,SOFT,MEDIUM,19.0,83.977,83.536,-0.4410000000000025,3,3
2018,Spanish Grand Prix,MAG,1,32,SOFT,MEDIUM,35.0,82.733,81.246,-1.487000000000009,3,3
2018,Spanish Grand Prix,OCO,1,29,SOFT,MEDIUM,28.0,83.448,82.922,-0.5259999999999962,3,3
2018,Spanish Grand Prix,PER,1,26,SOFT,MEDIUM,25.0,84.177,82.105,-2.0720000000000027,3,3
2018,Spanish Grand Prix,PER,2,40,MEDIUM,SOFT,14.0,82.359,81.491,-0.867999999999995,3,3
2018,Spanish Grand Prix,RIC,1,33,SOFT,MEDIUM,35.0,81.312,81.17,-0.1419999999999959,3,3
2018,Spanish Grand Prix,SAI,1,25,SOFT,MEDIUM,28.0,83.708,84.037,0.32900000000000773,3,3
2018,Spanish Grand Prix,SIR,2,24,MEDIUM,MEDIUM,23.0,84.097,85.144,1.0470000000000113,3,3
2018,Spanish Grand Prix,SIR,3,41,MEDIUM,SUPERSOFT,19.0,83.071,83.002,-0.06900000000000261,3,3
2018,Spanish Grand Prix,STR,1,20,SOFT,MEDIUM,19.0,84.354,83.537,-0.8169999999999931,3,3
2018,Spanish Grand Prix,VAN,1,34,SOFT,MEDIUM,36.0,83.61,82.804,-0.8059999999999974,3,3
2018,Spanish Grand Prix,VER,1,34,SOFT,MEDIUM,36.0,81.366,80.982,-0.38400000000000034,3,3
2018,Spanish Grand Prix,VET,1,17,SOFT,MEDIUM,19.0,82.162,81.623,-0.5390000000000015,3,3
2018,Spanish Grand Prix,VET,2,41,MEDIUM,MEDIUM,24.0,81.31,80.475,-0.835000000000008,3,3
2018,United States Grand Prix,BOT,1,23,SUPERSOFT,SOFT,26.0,101.0,99.819,-1.1809999999999974,3,3
2018,United States Grand Prix,ERI,1,30,SOFT,SUPERSOFT,30.0,103.227,100.25,-2.977000000000004,3,3
2018,United States Grand Prix,GAS,1,10,SUPERSOFT,SOFT,10.0,103.936,101.16,-2.7760000000000105,3,3
2018,United States Grand Prix,GAS,2,36,SOFT,ULTRASOFT,26.0,103.066,100.211,-2.855000000000004,3,3
2018,United States Grand Prix,HAM,1,11,SUPERSOFT,SOFT,16.0,100.751,98.881,-1.8700000000000045,3,3
2018,United States Grand Prix,HAM,2,37,SOFT,SOFT,26.0,101.247,97.702,-3.5450000000000017,3,3
2018,United States Grand Prix,HAR,1,27,SUPERSOFT,SOFT,27.0,103.021,101.331,-1.6899999999999977,3,3
2018,United States Grand Prix,HUL,1,23,ULTRASOFT,SOFT,26.0,102.403,101.504,-0.8990000000000009,3,3
2018,United States Grand Prix,MAG,1,30,SUPERSOFT,SOFT,30.0,101.766,99.964,-1.8020000000000067,3,3
2018,United States Grand Prix,OCO,1,22,ULTRASOFT,SOFT,25.0,102.779,101.953,-0.8259999999999934,3,3
2018,United States Grand Prix,PER,1,25,ULTRASOFT,SOFT,28.0,102.87,101.954,-0.916000000000011,3,3
2018,United States Grand Prix,RAI,1,21,ULTRASOFT,SOFT,24.0,101.799,98.856,-2.943000000000012,3,3
2018,United States Grand Prix,SAI,1,24,SUPERSOFT,SOFT,24.0,102.467,100.752,-1.7150000000000034,3,3
2018,United States Grand Prix,SIR,1,10,SUPERSOFT,SOFT,10.0,103.404,101.501,-1.9029999999999916,3,3
2018,United States Grand Prix,SIR,2,29,SOFT,SUPERSOFT,19.0,102.93,101.999,-0.9310000000000116,3,3
2018,United States Grand Prix,STR,2,5,SOFT,UNKNOWN,3.0,102.87049999999999,102.934,0.06350000000000477,2,3
2018,United States Grand Prix,STR,3,38,UNKNOWN,ULTRASOFT,37.0,103.347,101.457,-1.8900000000000006,3,3
2018,United States Grand Prix,VAN,1,10,SUPERSOFT,SOFT,10.0,103.65,101.361,-2.2890000000000015,3,3
2018,United States Grand Prix,VAN,2,40,SOFT,SOFT,30.0,101.659,99.797,-1.862000000000009,3,3
2018,United States Grand Prix,VER,1,22,SOFT,SUPERSOFT,22.0,100.525,99.624,-0.9010000000000105,3,3
2018,United States Grand Prix,VET,1,26,SUPERSOFT,SOFT,29.0,102.039,98.883,-3.156000000000006,3,3
2019,Abu Dhabi Grand Prix,ALB,1,13,MEDIUM,HARD,16.0,104.184,104.525,0.3410000000000082,3,3
2019,Abu Dhabi Grand Prix,BOT,1,29,MEDIUM,HARD,32.0,102.904,100.953,-1.9509999999999934,3,3
2019,Abu Dhabi Grand Prix,GIO,1,8,SOFT,HARD,8.0,106.534,104.983,-1.551000000000002,3,3
2019,Abu Dhabi Grand Prix,GIO,2,26,HARD,MEDIUM,18.0,105.348,103.297,-2.051000000000002,3,3
2019,Abu Dhabi Grand Prix,GRO,1,18,MEDIUM,HARD,18.0,105.577,105.146,-0.4309999999999974,3,3
2019,Abu Dhabi Grand Prix,HAM,1,26,MEDIUM,HARD,29.0,103.121,101.709,-1.411999999999992,3,3
2019,Abu Dhabi Grand Prix,HUL,1,18,SOFT,MEDIUM,21.0,104.655,105.005,0.3499999999999943,3,3
2019,Abu Dhabi Grand Prix,KUB,1,24,HARD,MEDIUM,24.0,107.675,105.771,-1.9039999999999964,3,3
2019,Abu Dhabi Grand Prix,KVY,1,40,HARD,MEDIUM,40.0,103.607,102.404,-1.203000000000003,3,3
2019,Abu Dhabi Grand Prix,LEC,1,12,MEDIUM,HARD,15.0,103.315,101.997,-1.3179999999999978,3,3
2019,Abu Dhabi Grand Prix,LEC,2,38,HARD,SOFT,26.0,103.052,100.999,-2.0530000000000115,3,3
2019,Abu Dhabi Grand Prix,MAG,1,20,MEDIUM,HARD,20.0,105.622,103.929,-1.6929999999999978,3,3
2019,Abu Dhabi Grand Prix,NOR,1,8,SOFT,HARD,11.0,105.228,104.992,-0.23599999999999,3,3
2019,Abu Dhabi Grand Prix,PER,1,37,MEDIUM,HARD,37.0,104.736,103.135,-1.600999999999999,3,3
2019,Abu Dhabi Grand Prix,RAI,1,22,MEDIUM,HARD,22.0,105.547,103.214,-2.3329999999999984,3,3
2019,Abu Dhabi Grand Prix,RIC,1,11,SOFT,HARD,14.0,105.508,104.992,-0.5159999999999911,3,3
2019,Abu Dhabi Grand Prix,RIC,2,42,HARD,SOFT,31.0,105.198,101.676,-3.5219999999999914,3,3
2019,Abu Dhabi Grand Prix,RUS,1,32,HARD,MEDIUM,32.0,105.543,104.346,-1.1970000000000027,3,3
2019,Abu Dhabi Grand Prix,SAI,1,12,SOFT,HARD,15.0,105.441,104.865,-0.5760000000000076,3,3
2019,Abu Dhabi Grand Prix,SAI,2,41,HARD,MEDIUM,29.0,103.899,102.207,-1.6920000000000073,3,3
2019,Abu Dhabi Grand Prix,STR,1,5,MEDIUM,HARD,5.0,106.776,104.867,-1.9089999999999918,3,3
2019,Abu Dhabi Grand Prix,STR,2,23,HARD,SOFT,18.0,106.486,103.842,-2.6440000000000055,3,3
2019,Abu Dhabi Grand Prix,VER,1,25,MEDIUM,HARD,28.0,103.19,101.701,-1.4890000000000043,3,3
2019,Abu Dhabi Grand Prix,VET,1,12,SOFT,HARD,15.0,104.061,104.461,0.3999999999999915,3,3
2019,Abu Dhabi Grand Prix,VET,2,38,HARD,MEDIUM,26.0,103.011,101.645,-1.3659999999999997,3,3
2019,Australian Grand Prix,ALB,1,14,SOFT,MEDIUM,14.0,91.165,89.804,-1.3610000000000042,3,3
2019,Australian Grand Prix,BOT,1,23,SOFT,MEDIUM,26.0,87.832,87.45,-0.3819999999999908,3,3
2019,Australian Grand Prix,GAS,1,37,MEDIUM,SOFT,37.0,89.59,87.566,-2.024000000000001,3,3
2019,Australian Grand Prix,GIO,1,27,MEDIUM,SOFT,27.0,91.004,88.933,-2.070999999999998,3,3
2019,Australian Grand Prix,GRO,1,15,SOFT,MEDIUM,18.0,90.555,89.159,-1.3960000000000008,3,3
2019,Australian Grand Prix,HAM,1,15,SOFT,MEDIUM,18.0,88.616,88.801,0.18500000000000227,3,3
2019,Australian Grand Prix,HUL,1,13,SOFT,HARD,13.0,90.653,90.196,-0.45700000000000784,3,3
2019,Australian Grand Prix,KUB,2,28,MEDIUM,SOFT,27.0,92.343,90.166,-2.1770000000000067,3,3
2019,Australian Grand Prix,KUB,3,44,SOFT,SOFT,16.0,90.193,90.081,-0.11199999999999477,3,3
2019,Australian Grand Prix,KVY,1,26,MEDIUM,HARD,26.0,89.306,87.931,-1.375,3,3
2019,Australian Grand Prix,LEC,1,28,SOFT,HARD,31.0,89.205,87.752,-1.453000000000003,3,3
2019,Australian Grand Prix,MAG,1,14,SOFT,MEDIUM,17.0,90.581,90.606,0.024999999999991473,3,3
2019,Australian Grand Prix,NOR,1,15,SOFT,HARD,18.0,90.424,89.118,-1.3060000000000116,3,3
2019,Australian Grand Prix,PER,1,13,SOFT,HARD,16.0,90.945,89.916,-1.0289999999999964,3,3
2019,Australian Grand Prix,RAI,1,12,SOFT,MEDIUM,15.0,90.722,89.255,-1.4669999999999987,3,3
2019,Australian Grand Prix,RUS,1,26,MEDIUM,SOFT,26.0,91.681,90.039,-1.641999999999996,3,3
2019,Australian Grand Prix,RUS,2,42,SOFT,HARD,16.0,90.433,88.793,-1.6400000000000006,3,3
2019,Australian Grand Prix,STR,1,27,MEDIUM,HARD,27.0,89.175,88.019,-1.1559999999999917,3,3
2019,Australian Grand Prix,VER,1,25,SOFT,MEDIUM,28.0,89.025,87.638,-1.3870000000000005,3,3
2019,Australian Grand Prix,VET,1,14,SOFT,MEDIUM,17.0,89.102,88.561,-0.5409999999999968,3,3
2019,Austrian Grand Prix,ALB,1,35,MEDIUM,HARD,35.0,70.663,69.205,-1.4579999999999984,3,3
2019,Austrian Grand Prix,BOT,1,21,MEDIUM,HARD,24.0,69.755,69.477,-0.2779999999999916,3,3
2019,Austrian Grand Prix,GAS,1,25,SOFT,HARD,28.0,70.75,69.447,-1.3029999999999973,3,3
2019,Austrian Grand Prix,GIO,1,24,SOFT,HARD,27.0,70.623,69.863,-0.7600000000000051,3,3
2019,Austrian Grand Prix,GRO,1,34,MEDIUM,HARD,34.0,71.45,69.483,-1.9669999999999987,3,3
2019,Austrian Grand Prix,HAM,1,30,MEDIUM,HARD,34.0,69.963,69.714,-0.24899999999999523,3,3
2019,Austrian Grand Prix,HUL,1,26,MEDIUM,HARD,26.0,70.585,70.077,-0.5079999999999956,3,3
2019,Austrian Grand Prix,KUB,1,19,MEDIUM,HARD,19.0,72.085,73.124,1.0390000000000015,3,3
2019,Austrian Grand Prix,KVY,1,32,MEDIUM,HARD,32.0,71.086,69.761,-1.3250000000000028,3,3
2019,Austrian Grand Prix,LEC,1,22,SOFT,HARD,25.0,69.553,69.008,-0.5450000000000017,3,3
2019,Austrian Grand Prix,MAG,1,11,SOFT,HARD,14.0,73.069,70.917,-2.152000000000001,3,3
2019,Austrian Grand Prix,MAG,2,13,HARD,HARD,2.0,73.069,70.917,-2.152000000000001,3,3
2019,Austrian Grand Prix,MAG,3,62,HARD,SOFT,51.0,72.523,69.954,-2.5690000000000026,3,3
2019,Austrian Grand Prix,NOR,1,25,SOFT,MEDIUM,28.0,70.256,69.941,-0.3149999999999977,3,3
2019,Austrian Grand Prix,PER,1,28,MEDIUM,HARD,28.0,70.149,69.693,-0.45600000000000307,3,3
2019,Austrian Grand Prix,RAI,1,23,SOFT,HARD,26.0,70.531,70.204,-0.3270000000000124,3,3
2019,Austrian Grand Prix,RIC,1,46,MEDIUM,SOFT,46.0,70.695,69.759,-0.9359999999999928,3,3
2019,Austrian Grand Prix,RUS,1,27,MEDIUM,HARD,27.0,71.128,70.079,-1.0490000000000066,3,3
2019,Austrian Grand Prix,SAI,1,41,MEDIUM,HARD,41.0,70.168,68.525,-1.6430000000000007,3,3
2019,Austrian Grand Prix,STR,1,25,MEDIUM,HARD,25.0,70.761,70.187,-0.5739999999999981,3,3
2019,Austrian Grand Prix,VER,1,31,MEDIUM,HARD,34.0,69.35,68.717,-0.6329999999999956,3,3
2019,Austrian Grand Prix,VET,1,21,SOFT,HARD,24.0,69.219,68.919,-0.29999999999999716,3,3
2019,Austrian Grand Prix,VET,2,50,HARD,SOFT,29.0,69.066,68.078,-0.9879999999999995,3,3
2019,Azerbaijan Grand Prix,ALB,1,12,SOFT,MEDIUM,12.0,113.486,108.311,-5.174999999999997,3,3
2019,Azerbaijan Grand Prix,BOT,1,12,SOFT,MEDIUM,15.0,109.249,107.421,-1.8279999999999887,3,3
2019,Azerbaijan Grand Prix,GIO,1,7,SOFT,MEDIUM,10.0,113.976,108.542,-5.4339999999999975,3,3
2019,Azerbaijan Grand Prix,GRO,1,34,MEDIUM,SOFT,34.0,108.592,111.0915,2.4994999999999976,3,2
2019,Azerbaijan Grand Prix,HAM,1,13,SOFT,MEDIUM,17.0,109.82,106.246,-3.573999999999998,3,3
2019,Azerbaijan Grand Prix,HUL,1,8,SOFT,MEDIUM,8.0,112.906,109.989,-2.9170000000000016,3,3
2019,Azerbaijan Grand Prix,HUL,2,34,MEDIUM,SOFT,26.0,108.762,107.935,-0.8269999999999982,3,3
2019,Azerbaijan Grand Prix,KUB,1,14,MEDIUM,MEDIUM,14.0,112.017,111.096,-0.9209999999999923,3,3
2019,Azerbaijan Grand Prix,KUB,2,23,MEDIUM,MEDIUM,23.0,110.607,110.602,-0.0049999999999954525,3,3
2019,Azerbaijan Grand Prix,KUB,3,42,MEDIUM,SOFT,19.0,111.736,108.09,-3.646000000000001,3,3
2019,Azerbaijan Grand Prix,KVY,1,5,SOFT,MEDIUM,10.0,110.837,109.17,-1.6670000000000016,3,3
2019,Azerbaijan Grand Prix,LEC,1,34,MEDIUM,SOFT,34.0,108.877,105.913,-2.9639999999999986,3,3
2019,Azerbaijan Grand Prix,LEC,2,47,SOFT,SOFT,13.0,106.035,106.503,0.4680000000000035,3,3
2019,Azerbaijan Grand Prix,MAG,1,7,SOFT,MEDIUM,10.0,112.678,108.957,-3.7210000000000036,3,3
2019,Azerbaijan Grand Prix,MAG,2,39,MEDIUM,SOFT,32.0,107.609,106.751,-0.8579999999999899,3,3
2019,Azerbaijan Grand Prix,NOR,1,9,SOFT,MEDIUM,14.0,111.403,108.752,-2.6510000000000105,3,3
2019,Azerbaijan Grand Prix,NOR,2,39,MEDIUM,SOFT,30.0,106.637,105.646,-0.9909999999999997,3,3
2019,Azerbaijan Grand Prix,PER,1,10,SOFT,MEDIUM,13.0,111.58,107.849,-3.7309999999999945,3,3
2019,Azerbaijan Grand Prix,RAI,1,6,SOFT,MEDIUM,9.0,111.214,109.257,-1.9569999999999936,3,3
2019,Azerbaijan Grand Prix,RIC,1,10,SOFT,MEDIUM,10.0,112.091,108.724,-3.3669999999999902,3,3
2019,Azerbaijan Grand Prix,RUS,1,25,MEDIUM,MEDIUM,25.0,110.587,109.692,-0.8950000000000102,3,3
2019,Azerbaijan Grand Prix,RUS,2,38,MEDIUM,SOFT,13.0,107.787,108.489,0.7019999999999982,3,3
2019,Azerbaijan Grand Prix,SAI,1,12,SOFT,MEDIUM,12.0,111.58,108.154,-3.426000000000002,3,3
2019,Azerbaijan Grand Prix,STR,1,10,SOFT,MEDIUM,10.0,112.428,108.811,-3.6169999999999902,3,3
2019,Azerbaijan Grand Prix,VER,1,14,SOFT,MEDIUM,18.0,109.243,106.487,-2.7560000000000002,3,3
2019,Azerbaijan Grand Prix,VET,1,11,SOFT,MEDIUM,16.0,109.009,106.931,-2.078000000000003,3,3
2019,Bahrain Grand Prix,ALB,1,9,SOFT,SOFT,12.0,98.946,97.139,-1.8070000000000022,3,3
2019,Bahrain Grand Prix,ALB,2,25,SOFT,MEDIUM,16.0,98.795,97.018,-1.777000000000001,3,3
2019,Bahrain Grand Prix,BOT,1,12,SOFT,MEDIUM,15.0,97.68,95.798,-1.882000000000005,3,3
2019,Bahrain Grand Prix,BOT,2,37,MEDIUM,MEDIUM,25.0,97.438,95.904,-1.534000000000006,3,3
2019,Bahrain Grand Prix,GAS,1,9,SOFT,SOFT,12.0,99.343,96.819,-2.524000000000001,3,3
2019,Bahrain Grand Prix,GAS,2,39,SOFT,MEDIUM,30.0,98.676,95.444,-3.2319999999999993,3,3
2019,Bahrain Grand Prix,GIO,1,16,SOFT,MEDIUM,16.0,99.698,96.884,-2.813999999999993,3,3
2019,Bahrain Grand Prix,GIO,2,40,MEDIUM,SOFT,24.0,98.394,95.311,-3.0829999999999984,3,3
2019,Bahrain Grand Prix,HAM,1,13,SOFT,SOFT,16.0,97.316,94.851,-2.4650000000000034,3,3
2019,Bahrain Grand Prix,HAM,2,34,SOFT,MEDIUM,21.0,97.447,94.382,-3.0649999999999977,3,3
2019,Bahrain Grand Prix,HUL,1,12,SOFT,SOFT,12.0,97.956,96.746,-1.210000000000008,3,3
2019,Bahrain Grand Prix,HUL,2,32,SOFT,MEDIUM,20.0,98.428,97.863,-0.5649999999999977,3,3
2019,Bahrain Grand Prix,KUB,1,11,MEDIUM,SOFT,11.0,100.205,98.498,-1.7069999999999936,3,3
2019,Bahrain Grand Prix,KUB,2,27,SOFT,MEDIUM,16.0,100.577,98.928,-1.649000000000001,3,3
2019,Bahrain Grand Prix,KVY,1,12,SOFT,MEDIUM,12.0,98.824,97.164,-1.6599999999999966,3,3
2019,Bahrain Grand Prix,KVY,2,38,MEDIUM,SOFT,26.0,99.21,95.201,-4.009,3,3
2019,Bahrain Grand Prix,LEC,1,13,SOFT,MEDIUM,16.0,97.271,94.829,-2.4420000000000073,3,3
2019,Bahrain Grand Prix,LEC,2,36,MEDIUM,MEDIUM,23.0,96.916,94.396,-2.519999999999996,3,3
2019,Bahrain Grand Prix,MAG,1,10,SOFT,MEDIUM,13.0,99.833,96.902,-2.9309999999999974,3,3
2019,Bahrain Grand Prix,MAG,2,38,MEDIUM,SOFT,28.0,100.653,96.585,-4.068000000000012,3,3
2019,Bahrain Grand Prix,NOR,1,10,SOFT,MEDIUM,13.0,99.158,96.291,-2.8670000000000044,3,3
2019,Bahrain Grand Prix,NOR,2,34,MEDIUM,SOFT,24.0,98.5,96.849,-1.6509999999999962,3,3
2019,Bahrain Grand Prix,PER,1,8,SOFT,MEDIUM,8.0,98.503,97.326,-1.1770000000000067,3,3
2019,Bahrain Grand Prix,PER,2,33,MEDIUM,MEDIUM,25.0,99.347,96.856,-2.4909999999999997,3,3
2019,Bahrain Grand Prix,RAI,1,9,SOFT,MEDIUM,12.0,98.31,96.31,-2.0,3,3
2019,Bahrain Grand Prix,RAI,2,33,MEDIUM,SOFT,24.0,98.746,96.813,-1.9329999999999927,3,3
2019,Bahrain Grand Prix,RIC,1,24,SOFT,MEDIUM,24.0,99.449,97.973,-1.475999999999999,3,3
2019,Bahrain Grand Prix,RUS,1,12,SOFT,MEDIUM,12.0,100.56,97.673,-2.8870000000000005,3,3
2019,Bahrain Grand Prix,RUS,2,26,MEDIUM,MEDIUM,14.0,99.868,98.352,-1.5159999999999911,3,3
2019,Bahrain Grand Prix,SAI,1,4,SOFT,MEDIUM,7.0,98.7195,96.762,-1.957499999999996,2,3
2019,Bahrain Grand Prix,SAI,2,24,MEDIUM,HARD,20.0,98.932,97.288,-1.6440000000000055,3,3
2019,Bahrain Grand Prix,SAI,3,40,HARD,SOFT,17.0,99.37,95.705,-3.6650000000000063,3,3
2019,Bahrain Grand Prix,STR,2,23,MEDIUM,MEDIUM,22.0,99.731,97.757,-1.9739999999999895,3,3
2019,Bahrain Grand Prix,VER,1,11,SOFT,MEDIUM,14.0,97.65,96.197,-1.453000000000003,3,3
2019,Bahrain Grand Prix,VER,2,32,MEDIUM,MEDIUM,21.0,98.541,96.435,-2.1059999999999945,3,3
2019,Bahrain Grand Prix,VET,1,14,SOFT,MEDIUM,17.0,97.803,95.297,-2.5060000000000002,3,3
2019,Bahrain Grand Prix,VET,2,35,MEDIUM,MEDIUM,21.0,96.971,95.043,-1.9279999999999973,3,3
2019,Bahrain Grand Prix,VET,3,38,MEDIUM,SOFT,3.0,96.827,95.93,-0.8969999999999914,3,3
2019,Belgian Grand Prix,ALB,1,23,MEDIUM,SOFT,23.0,110.96,108.192,-2.7680000000000007,3,3
2019,Belgian Grand Prix,BOT,1,23,SOFT,MEDIUM,28.0,109.209,106.551,-2.6580000000000013,3,3
2019,Belgian Grand Prix,GAS,1,13,SOFT,MEDIUM,13.0,110.792,111.464,0.671999999999997,3,3
2019,Belgian Grand Prix,GIO,1,29,MEDIUM,SOFT,29.0,110.483,108.305,-2.1779999999999973,3,3
2019,Belgian Grand Prix,GRO,1,16,SOFT,MEDIUM,16.0,111.28,109.945,-1.335000000000008,3,3
2019,Belgian Grand Prix,HAM,1,22,SOFT,MEDIUM,27.0,109.09,106.731,-2.359000000000009,3,3
2019,Belgian Grand Prix,HUL,1,11,SOFT,MEDIUM,14.0,111.845,109.725,-2.1200000000000045,3,3
2019,Belgian Grand Prix,HUL,2,31,MEDIUM,SOFT,20.0,110.381,108.504,-1.8769999999999953,3,3
2019,Belgian Grand Prix,KUB,1,31,MEDIUM,SOFT,31.0,112.666,109.781,-2.884999999999991,3,3
2019,Belgian Grand Prix,KVY,1,24,MEDIUM,SOFT,24.0,110.791,108.722,-2.0690000000000026,3,3
2019,Belgian Grand Prix,LEC,1,21,SOFT,MEDIUM,24.0,109.263,107.162,-2.100999999999999,3,3
2019,Belgian Grand Prix,MAG,1,25,SOFT,MEDIUM,28.0,111.42,109.885,-1.5349999999999966,3,3
2019,Belgian Grand Prix,NOR,1,19,SOFT,MEDIUM,19.0,110.568,108.956,-1.6119999999999948,3,3
2019,Belgian Grand Prix,PER,1,15,SOFT,MEDIUM,18.0,110.289,110.319,0.030000000000001137,3,3
2019,Belgian Grand Prix,RAI,3,31,MEDIUM,SOFT,30.0,113.1,109.774,-3.3259999999999934,3,3
2019,Belgian Grand Prix,RUS,1,30,MEDIUM,SOFT,30.0,112.985,109.003,-3.9819999999999993,3,3
2019,Belgian Grand Prix,STR,1,14,SOFT,MEDIUM,14.0,111.336,111.857,0.5210000000000008,3,3
2019,Belgian Grand Prix,STR,2,30,MEDIUM,SOFT,16.0,110.418,108.394,-2.024000000000001,3,3
2019,Belgian Grand Prix,VET,1,15,SOFT,MEDIUM,18.0,109.249,108.049,-1.1999999999999886,3,3
2019,Belgian Grand Prix,VET,2,33,MEDIUM,SOFT,18.0,108.932,106.73,-2.201999999999998,3,3
2019,Brazilian Grand Prix,ALB,1,24,SOFT,MEDIUM,27.0,74.549,72.668,-1.8810000000000002,3,3
2019,Brazilian Grand Prix,ALB,2,50,MEDIUM,SOFT,26.0,73.664,71.849,-1.8149999999999977,3,3
2019,Brazilian Grand Prix,BOT,1,26,SOFT,HARD,29.0,74.314,72.487,-1.8269999999999982,3,3
2019,Brazilian Grand Prix,BOT,2,41,HARD,MEDIUM,15.0,73.234,72.012,-1.2219999999999942,3,3
2019,Brazilian Grand Prix,GAS,1,22,SOFT,MEDIUM,25.0,75.007,73.682,-1.3250000000000028,3,3
2019,Brazilian Grand Prix,GAS,2,47,MEDIUM,SOFT,25.0,74.332,73.982,-0.3499999999999943,3,3
2019,Brazilian Grand Prix,GIO,1,20,SOFT,MEDIUM,20.0,75.385,74.025,-1.3599999999999994,3,3
2019,Brazilian Grand Prix,GIO,2,46,MEDIUM,SOFT,26.0,74.096,73.148,-0.9480000000000075,3,3
2019,Brazilian Grand Prix,GRO,1,26,SOFT,MEDIUM,29.0,75.59,73.761,-1.8290000000000077,3,3
2019,Brazilian Grand Prix,GRO,2,65,MEDIUM,SOFT,39.0,75.314,75.7405,0.4265000000000043,3,2
2019,Brazilian Grand Prix,HAM,1,20,SOFT,SOFT,23.0,73.735,73.683,-0.0519999999999925,3,3
2019,Brazilian Grand Prix,HAM,2,43,SOFT,MEDIUM,25.0,72.798,71.154,-1.6440000000000055,3,3
2019,Brazilian Grand Prix,HAM,3,66,MEDIUM,SOFT,23.0,71.446,73.8565,2.410499999999999,3,2
2019,Brazilian Grand Prix,HUL,1,27,MEDIUM,HARD,27.0,75.605,74.134,-1.4710000000000036,3,3
2019,Brazilian Grand Prix,HUL,2,44,HARD,SOFT,17.0,74.297,73.989,-0.3079999999999927,3,3
2019,Brazilian Grand Prix,HUL,3,53,SOFT,SOFT,9.0,73.719,75.425,1.706000000000003,3,3
2019,Brazilian Grand Prix,KUB,1,20,MEDIUM,MEDIUM,20.0,77.081,75.286,-1.7950000000000017,3,3
2019,Brazilian Grand Prix,KUB,2,36,MEDIUM,HARD,16.0,76.688,76.375,-0.3130000000000024,3,3
2019,Brazilian Grand Prix,KUB,3,53,HARD,SOFT,17.0,76.505,76.431,-0.07399999999999807,3,3
2019,Brazilian Grand Prix,KUB,4,66,SOFT,SOFT,13.0,74.669,77.7815,3.112499999999997,3,2
2019,Brazilian Grand Prix,KVY,1,23,MEDIUM,SOFT,23.0,75.529,73.515,-2.013999999999996,3,3
2019,Brazilian Grand Prix,KVY,2,46,SOFT,SOFT,23.0,73.945,72.811,-1.1339999999999861,3,3
2019,Brazilian Grand Prix,LEC,1,29,MEDIUM,HARD,32.0,75.019,72.716,-2.3030000000000115,3,3
2019,Brazilian Grand Prix,LEC,2,54,HARD,SOFT,25.0,73.591,72.199,-1.391999999999996,3,3
2019,Brazilian Grand Prix,MAG,1,27,SOFT,MEDIUM,30.0,76.044,73.75,-2.293999999999997,3,3
2019,Brazilian Grand Prix,MAG,2,53,MEDIUM,SOFT,26.0,74.216,75.926,1.710000000000008,3,3
2019,Brazilian Grand Prix,NOR,1,27,SOFT,HARD,27.0,75.51,73.568,-1.9420000000000073,3,3
2019,Brazilian Grand Prix,NOR,2,53,HARD,MEDIUM,26.0,75.471,74.97,-0.5010000000000048,3,3
2019,Brazilian Grand Prix,PER,1,17,SOFT,MEDIUM,17.0,75.097,74.009,-1.0879999999999939,3,3
2019,Brazilian Grand Prix,PER,2,45,MEDIUM,SOFT,28.0,74.216,73.073,-1.1430000000000007,3,3
2019,Brazilian Grand Prix,RAI,1,21,SOFT,MEDIUM,24.0,75.225,73.732,-1.492999999999995,3,3
2019,Brazilian Grand Prix,RAI,2,47,MEDIUM,SOFT,26.0,74.08,74.016,-0.06399999999999295,3,3
2019,Brazilian Grand Prix,RIC,1,8,MEDIUM,SOFT,8.0,75.466,74.151,-1.3149999999999977,3,3
2019,Brazilian Grand Prix,RIC,2,40,SOFT,SOFT,32.0,74.148,72.813,-1.3349999999999937,3,3
2019,Brazilian Grand Prix,RUS,1,23,MEDIUM,MEDIUM,23.0,76.545,75.536,-1.0090000000000003,3,3
2019,Brazilian Grand Prix,RUS,2,54,MEDIUM,SOFT,31.0,75.3,75.751,0.4510000000000076,3,3
2019,Brazilian Grand Prix,RUS,3,66,SOFT,SOFT,12.0,74.292,75.6655,1.3734999999999928,3,2
2019,Brazilian Grand Prix,SAI,1,29,SOFT,MEDIUM,29.0,75.217,73.911,-1.3059999999999974,3,3
2019,Brazilian Grand Prix,STR,1,28,SOFT,MEDIUM,28.0,75.312,73.938,-1.3739999999999952,3,3
2019,Brazilian Grand Prix,STR,2,53,MEDIUM,SOFT,25.0,74.226,75.527,1.301000000000002,3,3
2019,Brazilian Grand Prix,VER,1,21,SOFT,SOFT,24.0,73.968,72.637,-1.331000000000003,3,3
2019,Brazilian Grand Prix,VER,2,44,SOFT,MEDIUM,23.0,72.858,71.27,-1.588000000000008,3,3
2019,Brazilian Grand Prix,VER,3,54,MEDIUM,SOFT,10.0,72.046,71.287,-0.7590000000000003,3,3
2019,Brazilian Grand Prix,VET,1,25,SOFT,MEDIUM,28.0,74.554,72.435,-2.1189999999999998,3,3
2019,Brazilian Grand Prix,VET,2,49,MEDIUM,SOFT,24.0,73.001,71.97,-1.031000000000006,3,3
2019,British Grand Prix,ALB,1,13,SOFT,MEDIUM,18.0,92.657,91.777,-0.8799999999999955,3,3
2019,British Grand Prix,BOT,1,16,MEDIUM,MEDIUM,21.0,90.741,90.344,-0.39700000000000557,3,3
2019,British Grand Prix,BOT,2,45,MEDIUM,SOFT,29.0,89.001,88.399,-0.6020000000000039,3,3
2019,British Grand Prix,GAS,1,12,MEDIUM,HARD,17.0,91.593,92.166,0.5729999999999933,3,3
2019,British Grand Prix,HAM,1,20,MEDIUM,HARD,24.0,90.784,89.99,-0.7940000000000111,3,3
2019,British Grand Prix,HUL,1,13,SOFT,HARD,16.0,92.705,91.645,-1.0600000000000023,3,3
2019,British Grand Prix,KUB,1,20,MEDIUM,HARD,20.0,94.342,94.981,0.6389999999999958,3,3
2019,British Grand Prix,KVY,1,12,SOFT,MEDIUM,12.0,93.023,92.34,-0.6829999999999927,3,3
2019,British Grand Prix,KVY,2,21,MEDIUM,HARD,9.0,92.892,93.389,0.4969999999999999,3,3
2019,British Grand Prix,LEC,1,13,SOFT,MEDIUM,16.0,92.213,91.46,-0.7530000000000001,3,3
2019,British Grand Prix,LEC,2,21,MEDIUM,HARD,11.0,91.67,92.406,0.7360000000000042,3,3
2019,British Grand Prix,NOR,1,13,SOFT,MEDIUM,16.0,92.369,92.51,0.14100000000000534,3,3
2019,British Grand Prix,NOR,2,35,MEDIUM,HARD,22.0,91.083,90.596,-0.48699999999999477,3,3
2019,British Grand Prix,PER,1,18,MEDIUM,SOFT,18.0,92.064,92.59,0.5260000000000105,3,3
2019,British Grand Prix,PER,2,24,HARD,SOFT,6.0,92.064,92.59,0.5260000000000105,3,3
2019,British Grand Prix,PER,3,46,SOFT,SOFT,22.0,90.781,89.747,-1.034000000000006,3,3
2019,British Grand Prix,RAI,1,17,MEDIUM,HARD,17.0,92.447,94.221,1.774000000000001,3,3
2019,British Grand Prix,RIC,1,12,SOFT,MEDIUM,15.0,92.429,92.096,-0.3329999999999984,3,3
2019,British Grand Prix,RIC,2,20,MEDIUM,HARD,8.0,91.86,92.79,0.9300000000000068,3,3
2019,British Grand Prix,RUS,1,21,MEDIUM,HARD,21.0,93.657,94.217,0.5600000000000023,3,3
2019,British Grand Prix,SAI,1,20,MEDIUM,HARD,20.0,91.805,93.248,1.4429999999999978,3,3
2019,British Grand Prix,STR,1,13,MEDIUM,HARD,13.0,92.649,92.328,-0.32099999999999795,3,3
2019,British Grand Prix,STR,2,39,HARD,SOFT,26.0,91.62,90.133,-1.487000000000009,3,3
2019,British Grand Prix,VER,1,13,MEDIUM,MEDIUM,18.0,91.964,91.578,-0.3859999999999957,3,3
2019,British Grand Prix,VER,2,20,MEDIUM,HARD,7.0,91.578,90.983,-0.5949999999999989,3,3
2019,British Grand Prix,VET,1,20,SOFT,HARD,23.0,91.486,90.981,-0.5050000000000097,3,3
2019,British Grand Prix,VET,2,38,HARD,MEDIUM,18.0,89.615,91.068,1.453000000000003,3,3
2019,Canadian Grand Prix,BOT,1,30,MEDIUM,HARD,33.0,77.008,76.106,-0.902000000000001,3,3
2019,Canadian Grand Prix,BOT,2,67,HARD,SOFT,37.0,75.356,74.13550000000001,-1.220499999999987,3,2
2019,Canadian Grand Prix,GAS,1,7,SOFT,HARD,10.0,78.045,78.694,0.6490000000000009,3,3
2019,Canadian Grand Prix,GIO,1,33,HARD,MEDIUM,33.0,78.099,77.371,-0.7280000000000086,3,3
2019,Canadian Grand Prix,GRO,1,34,MEDIUM,HARD,34.0,78.981,77.003,-1.9779999999999944,3,3
2019,Canadian Grand Prix,HAM,1,28,MEDIUM,HARD,31.0,77.239,75.602,-1.6370000000000005,3,3
2019,Canadian Grand Prix,HUL,1,16,SOFT,HARD,19.0,77.192,76.998,-0.1939999999999884,3,3
2019,Canadian Grand Prix,KUB,1,8,MEDIUM,HARD,8.0,80.887,81.111,0.22400000000000375,3,3
2019,Canadian Grand Prix,KUB,2,38,HARD,HARD,29.0,79.454,78.191,-1.262999999999991,3,3
2019,Canadian Grand Prix,KVY,1,12,MEDIUM,HARD,12.0,79.02,78.507,-0.512999999999991,3,3
2019,Canadian Grand Prix,LEC,1,33,MEDIUM,HARD,38.0,77.153,75.424,-1.7289999999999992,3,3
2019,Canadian Grand Prix,MAG,1,39,HARD,MEDIUM,39.0,78.025,77.49,-0.5350000000000108,3,3
2019,Canadian Grand Prix,PER,1,11,MEDIUM,HARD,11.0,79.572,78.455,-1.1170000000000044,3,3
2019,Canadian Grand Prix,RAI,1,6,MEDIUM,HARD,6.0,79.067,78.589,-0.47799999999999443,3,3
2019,Canadian Grand Prix,RAI,2,58,HARD,SOFT,52.0,77.601,75.905,-1.695999999999998,3,3
2019,Canadian Grand Prix,RIC,1,8,SOFT,HARD,11.0,77.966,78.235,0.26900000000000546,3,3
2019,Canadian Grand Prix,RUS,1,9,MEDIUM,HARD,9.0,80.926,78.989,-1.9369999999999976,3,3
2019,Canadian Grand Prix,STR,1,45,HARD,MEDIUM,45.0,76.983,76.621,-0.362000000000009,3,3
2019,Canadian Grand Prix,VER,1,48,HARD,MEDIUM,48.0,76.74,75.715,-1.0249999999999915,3,3
2019,Canadian Grand Prix,VET,1,26,MEDIUM,HARD,31.0,76.925,75.784,-1.1409999999999911,3,3
2019,Chinese Grand Prix,ALB,1,19,SOFT,HARD,19.0,101.456,99.062,-2.3940000000000055,3,3
2019,Chinese Grand Prix,BOT,1,21,MEDIUM,HARD,24.0,99.288,96.69,-2.597999999999999,3,3
2019,Chinese Grand Prix,BOT,2,36,HARD,MEDIUM,15.0,97.791,97.116,-0.6749999999999972,3,3
2019,Chinese Grand Prix,GAS,1,19,SOFT,HARD,22.0,100.032,98.947,-1.0849999999999937,3,3
2019,Chinese Grand Prix,GAS,2,39,HARD,MEDIUM,20.0,98.362,96.695,-1.6670000000000016,3,3
2019,Chinese Grand Prix,GAS,3,53,MEDIUM,SOFT,14.0,97.589,96.208,-1.3810000000000002,3,2
2019,Chinese Grand Prix,GIO,1,7,SOFT,MEDIUM,7.0,102.443,99.623,-2.819999999999993,3,3
2019,Chinese Grand Prix,GIO,2,30,MEDIUM,MEDIUM,23.0,101.74,98.311,-3.428999999999988,3,3
2019,Chinese Grand Prix,GRO,1,8,SOFT,HARD,11.0,101.345,99.607,-1.7379999999999995,3,3
2019,Chinese Grand Prix,GRO,2,35,HARD,MEDIUM,27.0,100.237,97.702,-2.5349999999999966,3,3
2019,Chinese Grand Prix,HAM,1,22,MEDIUM,HARD,25.0,99.296,96.877,-2.419000000000011,3,3
2019,Chinese Grand Prix,HAM,2,36,HARD,MEDIUM,14.0,97.18,96.023,-1.1570000000000107,3,3
2019,Chinese Grand Prix,HUL,1,11,SOFT,HARD,14.0,100.416,100.803,0.38700000000000045,3,3
2019,Chinese Grand Prix,KUB,1,26,MEDIUM,HARD,26.0,102.965,100.477,-2.4879999999999995,3,3
2019,Chinese Grand Prix,KVY,1,7,MEDIUM,MEDIUM,7.0,101.473,100.187,-1.2860000000000014,3,3
2019,Chinese Grand Prix,KVY,2,25,MEDIUM,HARD,25.0,101.357,98.439,-2.9180000000000064,3,3
2019,Chinese Grand Prix,KVY,3,30,HARD,SOFT,5.0,98.439,98.926,0.487000000000009,3,3
2019,Chinese Grand Prix,LEC,1,22,MEDIUM,HARD,25.0,100.331,97.4,-2.9309999999999974,3,3
2019,Chinese Grand Prix,LEC,2,42,HARD,MEDIUM,20.0,98.333,95.676,-2.6569999999999965,3,3
2019,Chinese Grand Prix,MAG,1,9,SOFT,HARD,12.0,101.555,99.43,-2.125,3,3
2019,Chinese Grand Prix,MAG,2,33,HARD,MEDIUM,24.0,101.363,97.629,-3.7339999999999947,3,3
2019,Chinese Grand Prix,NOR,2,17,HARD,MEDIUM,16.0,100.365,99.223,-1.141999999999996,3,3
2019,Chinese Grand Prix,NOR,3,34,MEDIUM,SOFT,18.0,100.413,98.442,-1.9710000000000036,3,3
2019,Chinese Grand Prix,PER,1,20,MEDIUM,HARD,20.0,101.158,100.056,-1.1020000000000039,3,3
2019,Chinese Grand Prix,RAI,1,25,MEDIUM,HARD,25.0,101.485,98.156,-3.3289999999999935,3,3
2019,Chinese Grand Prix,RIC,1,18,SOFT,HARD,21.0,100.438,100.833,0.394999999999996,3,3
2019,Chinese Grand Prix,RUS,1,22,MEDIUM,HARD,22.0,102.934,101.005,-1.929000000000002,3,3
2019,Chinese Grand Prix,RUS,2,49,HARD,SOFT,27.0,102.507,98.442,-4.065000000000012,3,3
2019,Chinese Grand Prix,SAI,2,36,HARD,SOFT,35.0,100.799,98.151,-2.6480000000000103,3,3
2019,Chinese Grand Prix,STR,1,20,MEDIUM,HARD,20.0,101.035,99.494,-1.5409999999999968,3,3
2019,Chinese Grand Prix,STR,2,44,HARD,SOFT,24.0,99.686,97.752,-1.9340000000000117,3,3
2019,Chinese Grand Prix,VER,1,17,MEDIUM,HARD,20.0,99.472,97.652,-1.8199999999999932,3,3
2019,Chinese Grand Prix,VER,2,34,HARD,MEDIUM,17.0,98.597,96.776,-1.820999999999998,3,3
2019,Chinese Grand Prix,VET,1,18,MEDIUM,HARD,21.0,99.762,97.15,-2.6119999999999948,3,3
2019,Chinese Grand Prix,VET,2,35,HARD,MEDIUM,17.0,97.416,96.498,-0.9179999999999922,3,3
2019,French Grand Prix,ALB,1,25,MEDIUM,HARD,25.0,97.235,96.604,-0.6310000000000002,3,3
2019,French Grand Prix,BOT,1,23,MEDIUM,HARD,28.0,95.732,95.327,-0.40500000000000114,3,3
2019,French Grand Prix,GAS,1,17,SOFT,HARD,20.0,97.381,96.869,-0.5120000000000005,3,3
2019,French Grand Prix,GIO,1,7,SOFT,HARD,10.0,99.185,98.286,-0.8990000000000009,3,3
2019,French Grand Prix,GIO,2,34,HARD,MEDIUM,27.0,97.083,96.121,-0.9620000000000033,3,3
2019,French Grand Prix,GRO,1,31,HARD,MEDIUM,31.0,97.409,96.119,-1.2900000000000063,3,3
2019,French Grand Prix,HAM,1,24,MEDIUM,HARD,28.0,94.826,94.504,-0.3219999999999885,3,3
2019,French Grand Prix,HUL,1,34,HARD,MEDIUM,34.0,96.506,95.631,-0.875,3,3
2019,French Grand Prix,KUB,1,24,MEDIUM,HARD,24.0,100.154,98.404,-1.75,3,3
2019,French Grand Prix,KVY,1,32,HARD,MEDIUM,32.0,97.061,95.895,-1.166000000000011,3,3
2019,French Grand Prix,LEC,1,21,MEDIUM,HARD,24.0,95.66,95.222,-0.4380000000000024,3,3
2019,French Grand Prix,MAG,1,16,MEDIUM,HARD,16.0,99.266,99.013,-0.2530000000000001,3,3
2019,French Grand Prix,NOR,1,18,MEDIUM,HARD,23.0,96.902,97.151,0.24899999999999523,3,3
2019,French Grand Prix,PER,1,18,MEDIUM,HARD,18.0,97.352,96.45,-0.902000000000001,3,3
2019,French Grand Prix,RAI,1,31,HARD,MEDIUM,31.0,96.563,96.078,-0.48499999999999943,3,3
2019,French Grand Prix,RIC,1,16,MEDIUM,HARD,20.0,97.515,97.194,-0.32099999999999795,3,3
2019,French Grand Prix,RUS,1,25,MEDIUM,HARD,25.0,98.877,98.045,-0.8319999999999936,3,3
2019,French Grand Prix,RUS,2,33,HARD,MEDIUM,8.0,97.579,97.713,0.13400000000000034,3,3
2019,French Grand Prix,SAI,1,19,MEDIUM,HARD,24.0,96.961,97.204,0.242999999999995,3,3
2019,French Grand Prix,STR,1,39,HARD,MEDIUM,39.0,97.311,94.981,-2.3300000000000125,3,3
2019,French Grand Prix,VER,1,20,MEDIUM,HARD,25.0,96.272,95.457,-0.8150000000000119,3,3
2019,French Grand Prix,VET,1,25,MEDIUM,HARD,28.0,95.858,95.141,-0.7169999999999987,3,3
2019,German Grand Prix,ALB,2,27,INTERMEDIATE,INTERMEDIATE,25.0,93.231,91.103,-2.128,3,3
2019,German Grand Prix,ALB,3,28,SOFT,INTERMEDIATE,1.0,93.231,91.103,-2.128,3,3
2019,German Grand Prix,ALB,4,46,INTERMEDIATE,SOFT,18.0,89.981,79.544,-10.436999999999998,3,3
2019,German Grand Prix,BOT,2,26,INTERMEDIATE,INTERMEDIATE,23.0,93.006,90.541,-2.4650000000000034,3,3
2019,German Grand Prix,BOT,3,30,MEDIUM,INTERMEDIATE,7.0,93.006,90.541,-2.4650000000000034,3,3
2019,German Grand Prix,BOT,4,46,INTERMEDIATE,SOFT,16.0,88.616,79.339,-9.277000000000001,3,3
2019,German Grand Prix,GAS,2,26,INTERMEDIATE,INTERMEDIATE,23.0,93.464,91.871,-1.5930000000000035,3,3
2019,German Grand Prix,GAS,3,28,SOFT,INTERMEDIATE,4.0,93.464,91.871,-1.5930000000000035,3,3
2019,German Grand Prix,GAS,4,46,INTERMEDIATE,SOFT,18.0,90.136,80.684,-9.451999999999998,3,3
2019,German Grand Prix,GIO,2,26,INTERMEDIATE,INTERMEDIATE,23.0,94.167,92.863,-1.304000000000002,3,3
2019,German Grand Prix,GIO,3,28,MEDIUM,INTERMEDIATE,2.0,94.167,92.863,-1.304000000000002,3,3
2019,German Grand Prix,GIO,4,47,INTERMEDIATE,SOFT,19.0,90.894,77.861,-13.033000000000001,3,3
2019,German Grand Prix,GRO,2,26,INTERMEDIATE,INTERMEDIATE,23.0,94.274,94.132,-0.1419999999999959,3,3
2019,German Grand Prix,GRO,3,28,SOFT,INTERMEDIATE,5.0,94.274,94.132,-0.1419999999999959,3,3
2019,German Grand Prix,GRO,4,41,INTERMEDIATE,SOFT,13.0,91.684,79.943,-11.741,3,3
2019,German Grand Prix,GRO,5,46,INTERMEDIATE,SOFT,5.0,91.684,79.943,-11.741,3,3
2019,German Grand Prix,HAM,2,28,INTERMEDIATE,INTERMEDIATE,25.0,92.355,90.491,-1.8640000000000043,3,3
2019,German Grand Prix,HAM,3,29,SOFT,INTERMEDIATE,4.0,92.355,90.491,-1.8640000000000043,3,3
2019,German Grand Prix,HAM,4,47,INTERMEDIATE,SOFT,18.0,88.084,79.219,-8.865000000000009,3,3
2019,German Grand Prix,HAM,5,53,SOFT,SOFT,11.0,78.819,78.538,-0.2810000000000059,3,3
2019,German Grand Prix,HAM,6,56,SOFT,SOFT,7.0,78.819,77.678,-1.1410000000000053,3,3
2019,German Grand Prix,HUL,2,15,INTERMEDIATE,INTERMEDIATE,12.0,91.547,90.342,-1.2049999999999983,3,3
2019,German Grand Prix,HUL,3,29,INTERMEDIATE,INTERMEDIATE,14.0,94.086,90.656,-3.4299999999999926,3,3
2019,German Grand Prix,KUB,1,7,WET,INTERMEDIATE,7.0,103.0875,92.789,-10.298500000000004,2,3
2019,German Grand Prix,KUB,2,23,INTERMEDIATE,INTERMEDIATE,16.0,96.804,94.811,-1.992999999999995,3,3
2019,German Grand Prix,KUB,3,31,INTERMEDIATE,INTERMEDIATE,8.0,96.804,94.811,-1.992999999999995,3,3
2019,German Grand Prix,KUB,4,46,INTERMEDIATE,SOFT,15.0,93.457,81.95,-11.50699999999999,3,3
2019,German Grand Prix,KUB,5,57,SOFT,SOFT,11.0,80.949,79.651,-1.2980000000000018,3,3
2019,German Grand Prix,KVY,2,25,INTERMEDIATE,INTERMEDIATE,22.0,94.507,93.466,-1.041000000000011,3,3
2019,German Grand Prix,KVY,3,28,SOFT,INTERMEDIATE,6.0,94.507,93.466,-1.041000000000011,3,3
2019,German Grand Prix,KVY,4,45,INTERMEDIATE,SOFT,17.0,90.938,80.031,-10.906999999999996,3,3
2019,German Grand Prix,LEC,2,15,INTERMEDIATE,INTERMEDIATE,12.0,90.522,89.018,-1.5040000000000049,3,3
2019,German Grand Prix,MAG,1,8,WET,INTERMEDIATE,8.0,98.274,91.803,-6.471000000000004,3,3
2019,German Grand Prix,MAG,2,21,INTERMEDIATE,SOFT,13.0,95.465,92.279,-3.186000000000007,3,3
2019,German Grand Prix,MAG,3,29,SOFT,INTERMEDIATE,8.0,92.279,94.328,2.0490000000000066,3,3
2019,German Grand Prix,MAG,4,42,INTERMEDIATE,SOFT,13.0,91.225,81.214,-10.010999999999996,3,3
2019,German Grand Prix,MAG,5,45,INTERMEDIATE,SOFT,3.0,91.225,81.214,-10.010999999999996,3,3
2019,German Grand Prix,MAG,6,57,SOFT,SOFT,15.0,81.033,79.423,-1.6099999999999994,3,3
2019,German Grand Prix,RAI,2,26,INTERMEDIATE,INTERMEDIATE,23.0,93.604,91.796,-1.8079999999999927,3,3
2019,German Grand Prix,RAI,3,28,MEDIUM,INTERMEDIATE,2.0,93.604,91.796,-1.8079999999999927,3,3
2019,German Grand Prix,RAI,4,47,INTERMEDIATE,SOFT,19.0,91.168,79.063,-12.105000000000004,3,3
2019,German Grand Prix,RUS,1,7,WET,INTERMEDIATE,7.0,101.976,93.528,-8.447999999999993,2,3
2019,German Grand Prix,RUS,2,24,INTERMEDIATE,INTERMEDIATE,17.0,97.29,93.263,-4.027000000000001,3,3
2019,German Grand Prix,RUS,3,41,INTERMEDIATE,INTERMEDIATE,17.0,92.853,80.875,-11.977999999999994,3,3
2019,German Grand Prix,RUS,4,47,INTERMEDIATE,SOFT,6.0,92.853,80.875,-11.977999999999994,3,3
2019,German Grand Prix,RUS,5,57,SOFT,SOFT,10.0,80.906,79.813,-1.0930000000000035,3,3
2019,German Grand Prix,SAI,2,27,INTERMEDIATE,INTERMEDIATE,24.0,94.43,91.267,-3.163000000000011,3,3
2019,German Grand Prix,SAI,3,46,INTERMEDIATE,SOFT,19.0,90.217,79.733,-10.483999999999995,3,3
2019,German Grand Prix,STR,1,7,WET,INTERMEDIATE,7.0,99.619,92.873,-6.745999999999995,2,3
2019,German Grand Prix,STR,2,25,INTERMEDIATE,INTERMEDIATE,18.0,93.744,92.24,-1.5040000000000049,3,3
2019,German Grand Prix,STR,3,28,MEDIUM,INTERMEDIATE,3.0,93.744,92.24,-1.5040000000000049,3,3
2019,German Grand Prix,STR,4,41,INTERMEDIATE,SOFT,13.0,90.667,85.956,-4.7109999999999985,3,3
2019,German Grand Prix,STR,5,44,INTERMEDIATE,SOFT,3.0,90.667,85.956,-4.7109999999999985,3,3
2019,German Grand Prix,VER,2,25,INTERMEDIATE,INTERMEDIATE,22.0,92.674,88.56,-4.114000000000004,3,3
2019,German Grand Prix,VER,3,29,MEDIUM,INTERMEDIATE,6.0,92.674,88.56,-4.114000000000004,3,3
2019,German Grand Prix,VER,4,41,INTERMEDIATE,SOFT,12.0,88.052,78.386,-9.666000000000011,3,3
2019,German Grand Prix,VER,5,46,INTERMEDIATE,SOFT,5.0,88.052,78.386,-9.666000000000011,3,3
2019,German Grand Prix,VET,2,23,INTERMEDIATE,SOFT,21.0,93.28,95.315,2.0349999999999966,3,3
2019,German Grand Prix,VET,3,28,SOFT,INTERMEDIATE,5.0,94.196,91.912,-2.283999999999992,3,3
2019,German Grand Prix,VET,4,41,INTERMEDIATE,INTERMEDIATE,13.0,90.169,79.527,-10.641999999999996,3,3
2019,German Grand Prix,VET,5,47,INTERMEDIATE,SOFT,6.0,90.138,78.592,-11.546000000000006,3,3
2019,Hungarian Grand Prix,ALB,1,28,MEDIUM,HARD,28.0,83.179,82.324,-0.855000000000004,3,3
2019,Hungarian Grand Prix,BOT,1,5,MEDIUM,HARD,8.0,84.628,81.4,-3.2279999999999944,3,3
2019,Hungarian Grand Prix,BOT,2,46,HARD,MEDIUM,41.0,82.793,80.962,-1.831000000000003,3,3
2019,Hungarian Grand Prix,GAS,1,28,MEDIUM,HARD,31.0,83.399,82.019,-1.3799999999999955,3,3
2019,Hungarian Grand Prix,GIO,1,15,MEDIUM,HARD,15.0,86.073,83.34,-2.73299999999999,3,3
2019,Hungarian Grand Prix,GRO,1,19,SOFT,HARD,22.0,84.313,83.297,-1.0160000000000053,3,3
2019,Hungarian Grand Prix,HAM,1,31,MEDIUM,HARD,34.0,82.462,79.653,-2.8089999999999975,3,3
2019,Hungarian Grand Prix,HAM,2,48,HARD,MEDIUM,17.0,80.177,79.404,-0.7730000000000103,3,3
2019,Hungarian Grand Prix,HUL,1,36,MEDIUM,SOFT,36.0,83.552,82.337,-1.2150000000000034,3,3
2019,Hungarian Grand Prix,KUB,1,18,MEDIUM,HARD,18.0,85.369,84.14,-1.2289999999999992,3,3
2019,Hungarian Grand Prix,KVY,1,21,MEDIUM,HARD,21.0,83.942,82.591,-1.350999999999999,3,3
2019,Hungarian Grand Prix,LEC,1,27,MEDIUM,HARD,30.0,83.421,81.848,-1.5730000000000075,3,3
2019,Hungarian Grand Prix,MAG,1,38,MEDIUM,SOFT,38.0,83.275,82.546,-0.7289999999999992,3,3
2019,Hungarian Grand Prix,NOR,1,28,SOFT,HARD,31.0,83.412,83.463,0.05099999999998772,3,3
2019,Hungarian Grand Prix,PER,1,18,MEDIUM,HARD,18.0,84.413,82.774,-1.6389999999999958,3,3
2019,Hungarian Grand Prix,RAI,1,29,SOFT,MEDIUM,32.0,83.432,82.388,-1.043999999999997,3,3
2019,Hungarian Grand Prix,RIC,1,46,HARD,SOFT,46.0,82.947,80.963,-1.9840000000000089,3,3
2019,Hungarian Grand Prix,RUS,1,16,MEDIUM,HARD,16.0,86.23,83.445,-2.785000000000011,3,3
2019,Hungarian Grand Prix,SAI,1,29,SOFT,HARD,32.0,83.135,82.444,-0.6910000000000025,3,3
2019,Hungarian Grand Prix,STR,1,16,MEDIUM,HARD,16.0,85.58,83.557,-2.022999999999996,3,3
2019,Hungarian Grand Prix,STR,2,50,HARD,SOFT,34.0,83.475,81.566,-1.9089999999999918,3,3
2019,Hungarian Grand Prix,VER,1,25,MEDIUM,HARD,28.0,82.448,81.722,-0.7259999999999991,3,3
2019,Hungarian Grand Prix,VER,2,67,HARD,SOFT,42.0,81.168,78.27,-2.8980000000000103,3,2
2019,Hungarian Grand Prix,VET,1,39,MEDIUM,SOFT,42.0,83.563,80.303,-3.260000000000005,3,3
2019,Italian Grand Prix,ALB,1,26,SOFT,MEDIUM,29.0,86.101,84.714,-1.3870000000000005,3,3
2019,Italian Grand Prix,BOT,1,27,SOFT,MEDIUM,30.0,85.115,83.537,-1.5779999999999887,3,3
2019,Italian Grand Prix,GAS,1,28,MEDIUM,SOFT,28.0,85.933,85.211,-0.7220000000000084,3,3
2019,Italian Grand Prix,GIO,1,21,SOFT,MEDIUM,21.0,86.212,85.544,-0.6680000000000064,3,3
2019,Italian Grand Prix,GRO,1,7,SOFT,MEDIUM,7.0,87.653,86.366,-1.2870000000000061,3,3
2019,Italian Grand Prix,GRO,2,29,MEDIUM,SOFT,22.0,87.126,85.435,-1.6910000000000025,3,3
2019,Italian Grand Prix,HAM,1,19,SOFT,MEDIUM,22.0,84.888,84.723,-0.16500000000000625,3,3
2019,Italian Grand Prix,HAM,2,49,MEDIUM,SOFT,30.0,84.101,84.122,0.021000000000000796,3,3
2019,Italian Grand Prix,HUL,1,29,SOFT,MEDIUM,32.0,85.758,85.185,-0.5729999999999933,3,3
2019,Italian Grand Prix,KUB,1,29,MEDIUM,SOFT,29.0,87.512,86.287,-1.2249999999999943,3,3
2019,Italian Grand Prix,KUB,2,44,SOFT,MEDIUM,15.0,86.169,85.261,-0.9080000000000013,3,3
2019,Italian Grand Prix,LEC,1,20,SOFT,HARD,23.0,84.935,84.499,-0.43600000000000705,3,3
2019,Italian Grand Prix,MAG,1,20,SOFT,MEDIUM,20.0,86.322,85.54,-0.7819999999999965,3,3
2019,Italian Grand Prix,MAG,2,34,MEDIUM,SOFT,14.0,85.406,84.496,-0.9100000000000108,3,3
2019,Italian Grand Prix,NOR,1,23,MEDIUM,HARD,23.0,86.641,85.079,-1.5620000000000118,3,3
2019,Italian Grand Prix,PER,1,28,MEDIUM,SOFT,28.0,85.81,84.133,-1.6770000000000067,3,3
2019,Italian Grand Prix,RAI,1,19,MEDIUM,MEDIUM,19.0,86.51,86.911,0.40099999999999625,3,3
2019,Italian Grand Prix,RAI,2,26,MEDIUM,SOFT,26.0,86.516,85.221,-1.2950000000000017,3,3
2019,Italian Grand Prix,RIC,1,30,SOFT,MEDIUM,33.0,85.763,85.111,-0.652000000000001,3,3
2019,Italian Grand Prix,RUS,1,23,MEDIUM,HARD,23.0,86.925,85.312,-1.6129999999999995,3,3
2019,Italian Grand Prix,STR,1,15,SOFT,SOFT,18.0,86.869,86.183,-0.6859999999999928,3,3
2019,Italian Grand Prix,STR,2,22,SOFT,MEDIUM,25.0,86.09,84.887,-1.203000000000003,3,3
2019,Italian Grand Prix,VER,2,27,SOFT,MEDIUM,26.0,86.178,84.896,-1.2819999999999965,3,3
2019,Italian Grand Prix,VET,1,6,SOFT,HARD,10.0,85.118,85.085,-0.03300000000000125,3,3
2019,Italian Grand Prix,VET,2,12,HARD,HARD,6.0,84.982,85.088,0.10599999999999454,3,3
2019,Italian Grand Prix,VET,3,41,HARD,MEDIUM,35.0,84.982,83.454,-1.5280000000000058,3,3
2019,Japanese Grand Prix,ALB,1,15,SOFT,MEDIUM,18.0,96.322,94.437,-1.8850000000000051,3,3
2019,Japanese Grand Prix,ALB,2,34,MEDIUM,SOFT,19.0,94.352,93.399,-0.953000000000003,3,3
2019,Japanese Grand Prix,BOT,1,17,SOFT,MEDIUM,20.0,94.546,92.689,-1.8570000000000135,3,3
2019,Japanese Grand Prix,BOT,2,36,MEDIUM,SOFT,19.0,93.185,92.656,-0.5289999999999964,3,3
2019,Japanese Grand Prix,GAS,1,18,SOFT,MEDIUM,21.0,96.807,96.178,-0.6290000000000049,3,3
2019,Japanese Grand Prix,GIO,1,18,MEDIUM,HARD,18.0,97.412,96.036,-1.3760000000000048,3,3
2019,Japanese Grand Prix,GIO,2,49,HARD,SOFT,31.0,96.533,93.3015,-3.231499999999997,3,2
2019,Japanese Grand Prix,GRO,1,16,SOFT,HARD,19.0,97.565,95.547,-2.0180000000000007,3,3
2019,Japanese Grand Prix,HAM,1,21,SOFT,MEDIUM,24.0,95.223,92.874,-2.3490000000000038,3,3
2019,Japanese Grand Prix,HAM,2,42,MEDIUM,SOFT,21.0,92.841,91.538,-1.3029999999999973,3,3
2019,Japanese Grand Prix,HUL,1,19,SOFT,MEDIUM,19.0,96.704,95.799,-0.9049999999999869,3,3
2019,Japanese Grand Prix,KUB,1,22,MEDIUM,HARD,22.0,99.616,97.742,-1.8739999999999952,3,3
2019,Japanese Grand Prix,KUB,2,33,HARD,MEDIUM,11.0,98.553,97.112,-1.4410000000000025,3,3
2019,Japanese Grand Prix,KVY,1,27,SOFT,MEDIUM,27.0,98.45,95.133,-3.3170000000000073,3,3
2019,Japanese Grand Prix,LEC,2,25,MEDIUM,SOFT,22.0,95.425,93.973,-1.4519999999999982,3,3
2019,Japanese Grand Prix,LEC,3,46,SOFT,SOFT,21.0,93.858,93.305,-0.5529999999999973,3,3
2019,Japanese Grand Prix,MAG,1,17,MEDIUM,HARD,17.0,97.7,96.402,-1.2980000000000018,3,3
2019,Japanese Grand Prix,MAG,2,47,HARD,SOFT,30.0,96.827,93.223,-3.603999999999999,3,3
2019,Japanese Grand Prix,NOR,1,4,SOFT,MEDIUM,7.0,96.47149999999999,95.655,-0.8164999999999907,2,3
2019,Japanese Grand Prix,NOR,2,25,MEDIUM,HARD,21.0,97.348,95.207,-2.1410000000000053,3,3
2019,Japanese Grand Prix,PER,1,19,SOFT,MEDIUM,19.0,96.785,95.573,-1.2120000000000033,3,3
2019,Japanese Grand Prix,PER,2,41,MEDIUM,SOFT,22.0,95.609,93.336,-2.272999999999996,3,3
2019,Japanese Grand Prix,RAI,1,15,MEDIUM,HARD,15.0,97.907,96.07,-1.8370000000000033,3,3
2019,Japanese Grand Prix,RAI,2,36,HARD,SOFT,21.0,96.925,93.543,-3.381999999999991,3,3
2019,Japanese Grand Prix,RIC,1,29,MEDIUM,SOFT,29.0,97.431,94.124,-3.307000000000002,3,3
2019,Japanese Grand Prix,RUS,1,25,MEDIUM,HARD,25.0,99.143,95.603,-3.5400000000000063,3,3
2019,Japanese Grand Prix,SAI,1,26,SOFT,MEDIUM,29.0,96.693,94.646,-2.046999999999997,3,3
2019,Japanese Grand Prix,STR,1,18,SOFT,MEDIUM,18.0,96.824,96.246,-0.578000000000003,3,3
2019,Japanese Grand Prix,VET,1,16,SOFT,SOFT,19.0,95.509,93.141,-2.367999999999995,3,3
2019,Japanese Grand Prix,VET,2,31,SOFT,MEDIUM,15.0,93.714,92.405,-1.3089999999999975,3,3
2019,Mexican Grand Prix,ALB,1,14,MEDIUM,MEDIUM,17.0,81.506,81.127,-0.3790000000000049,3,3
2019,Mexican Grand Prix,ALB,2,44,MEDIUM,HARD,30.0,80.498,79.748,-0.75,3,3
2019,Mexican Grand Prix,BOT,1,36,MEDIUM,HARD,39.0,81.262,80.431,-0.8310000000000031,3,3
2019,Mexican Grand Prix,GAS,1,9,SOFT,HARD,12.0,83.617,83.14,-0.47700000000000387,3,3
2019,Mexican Grand Prix,GAS,2,49,HARD,MEDIUM,40.0,80.987,80.205,-0.7819999999999965,3,3
2019,Mexican Grand Prix,GIO,1,21,MEDIUM,HARD,21.0,82.871,81.771,-1.0999999999999943,3,3
2019,Mexican Grand Prix,GRO,1,37,MEDIUM,HARD,37.0,84.143,81.687,-2.456000000000003,3,3
2019,Mexican Grand Prix,HAM,1,23,MEDIUM,HARD,26.0,81.111,80.975,-0.1360000000000099,3,3
2019,Mexican Grand Prix,HUL,1,18,MEDIUM,HARD,18.0,82.879,82.586,-0.29300000000000637,3,3
2019,Mexican Grand Prix,KUB,1,21,MEDIUM,HARD,21.0,85.234,84.717,-0.5169999999999959,3,3
2019,Mexican Grand Prix,KUB,2,60,HARD,MEDIUM,39.0,82.985,81.041,-1.9440000000000026,3,3
2019,Mexican Grand Prix,KVY,1,10,SOFT,HARD,13.0,83.423,82.508,-0.9150000000000063,3,3
2019,Mexican Grand Prix,KVY,2,44,HARD,MEDIUM,34.0,82.036,79.99,-2.0460000000000065,3,3
2019,Mexican Grand Prix,LEC,1,15,MEDIUM,MEDIUM,18.0,81.125,80.585,-0.5400000000000063,3,3
2019,Mexican Grand Prix,LEC,2,43,MEDIUM,HARD,28.0,81.227,79.839,-1.3880000000000052,3,3
2019,Mexican Grand Prix,MAG,1,28,MEDIUM,HARD,28.0,83.704,82.032,-1.671999999999997,3,3
2019,Mexican Grand Prix,NOR,1,12,SOFT,HARD,15.0,83.546,82.648,-0.8980000000000103,3,3
2019,Mexican Grand Prix,PER,1,20,MEDIUM,HARD,20.0,82.334,81.758,-0.5760000000000076,3,3
2019,Mexican Grand Prix,RAI,1,15,MEDIUM,HARD,15.0,83.276,83.699,0.4230000000000018,3,3
2019,Mexican Grand Prix,RAI,2,52,HARD,MEDIUM,37.0,81.971,80.336,-1.6350000000000051,3,3
2019,Mexican Grand Prix,RIC,1,50,HARD,MEDIUM,50.0,81.506,80.316,-1.1899999999999977,3,3
2019,Mexican Grand Prix,RUS,1,22,MEDIUM,HARD,22.0,84.358,83.672,-0.686000000000007,3,3
2019,Mexican Grand Prix,SAI,1,15,SOFT,HARD,18.0,83.257,82.177,-1.0799999999999983,3,3
2019,Mexican Grand Prix,SAI,2,35,HARD,MEDIUM,20.0,83.396,81.629,-1.766999999999996,3,3
2019,Mexican Grand Prix,STR,1,37,MEDIUM,HARD,37.0,82.197,81.507,-0.6899999999999977,3,3
2019,Mexican Grand Prix,VET,1,37,MEDIUM,HARD,40.0,82.345,80.537,-1.8079999999999927,3,3
2019,Monaco Grand Prix,ALB,1,40,SOFT,MEDIUM,45.0,78.1,75.907,-2.192999999999998,3,3
2019,Monaco Grand Prix,BOT,1,11,SOFT,HARD,16.0,76.307,79.608,3.301000000000002,3,3
2019,Monaco Grand Prix,BOT,2,12,MEDIUM,HARD,1.0,76.307,79.608,3.301000000000002,3,3
2019,Monaco Grand Prix,GAS,1,27,SOFT,MEDIUM,31.0,78.362,77.283,-1.0789999999999935,3,3
2019,Monaco Grand Prix,GAS,2,62,MEDIUM,SOFT,35.0,77.191,77.105,-0.08599999999999852,3,3
2019,Monaco Grand Prix,GIO,1,44,SOFT,MEDIUM,44.0,80.113,76.952,-3.1610000000000014,3,3
2019,Monaco Grand Prix,GRO,1,50,SOFT,MEDIUM,50.0,77.579,77.789,0.21000000000000796,3,3
2019,Monaco Grand Prix,HAM,1,11,SOFT,MEDIUM,16.0,76.298,79.653,3.355000000000004,3,3
2019,Monaco Grand Prix,HUL,1,9,MEDIUM,HARD,9.0,80.155,78.067,-2.088000000000008,3,3
2019,Monaco Grand Prix,KUB,1,21,MEDIUM,HARD,21.0,80.476,78.404,-2.0720000000000027,3,3
2019,Monaco Grand Prix,KVY,1,32,SOFT,MEDIUM,37.0,77.549,77.304,-0.24500000000000455,3,3
2019,Monaco Grand Prix,MAG,1,11,SOFT,MEDIUM,16.0,80.155,81.06,0.9050000000000011,3,3
2019,Monaco Grand Prix,NOR,1,47,MEDIUM,SOFT,47.0,78.638,76.969,-1.6690000000000111,3,3
2019,Monaco Grand Prix,PER,1,11,MEDIUM,HARD,11.0,79.828,77.818,-2.010000000000005,3,3
2019,Monaco Grand Prix,RAI,1,46,SOFT,MEDIUM,46.0,81.917,77.132,-4.784999999999997,3,3
2019,Monaco Grand Prix,RIC,1,11,SOFT,MEDIUM,16.0,80.113,80.81,0.6970000000000027,3,3
2019,Monaco Grand Prix,RUS,1,10,MEDIUM,HARD,10.0,80.498,80.694,0.19599999999999795,3,3
2019,Monaco Grand Prix,SAI,1,30,SOFT,MEDIUM,35.0,77.742,76.74,-1.0020000000000095,3,3
2019,Monaco Grand Prix,STR,1,39,MEDIUM,HARD,39.0,79.341,77.5,-1.840999999999994,3,3
2019,Monaco Grand Prix,VER,1,11,SOFT,HARD,14.0,76.377,79.721,3.3440000000000083,3,3
2019,Monaco Grand Prix,VET,1,11,SOFT,HARD,14.0,76.541,79.462,2.9210000000000065,3,3
2019,Russian Grand Prix,ALB,1,29,MEDIUM,SOFT,29.0,100.262,100.408,0.1460000000000008,3,3
2019,Russian Grand Prix,BOT,1,28,MEDIUM,SOFT,31.0,98.597,97.695,-0.902000000000001,3,3
2019,Russian Grand Prix,GAS,1,26,MEDIUM,SOFT,26.0,102.307,100.92,-1.3870000000000005,3,3
2019,Russian Grand Prix,GIO,2,27,HARD,MEDIUM,25.0,101.571,101.402,-0.16899999999999693,3,3
2019,Russian Grand Prix,HAM,1,28,MEDIUM,SOFT,31.0,98.377,97.638,-0.7389999999999901,3,3
2019,Russian Grand Prix,HUL,1,16,SOFT,MEDIUM,19.0,100.745,100.286,-0.4590000000000032,3,3
2019,Russian Grand Prix,HUL,2,29,MEDIUM,SOFT,13.0,100.622,101.145,0.5229999999999961,3,3
2019,Russian Grand Prix,KVY,1,27,HARD,SOFT,27.0,100.8,101.427,0.6270000000000095,3,3
2019,Russian Grand Prix,KVY,2,29,SOFT,SOFT,2.0,100.8,101.427,0.6270000000000095,3,3
2019,Russian Grand Prix,LEC,1,22,SOFT,MEDIUM,25.0,98.769,97.354,-1.4150000000000063,3,3
2019,Russian Grand Prix,LEC,2,30,MEDIUM,SOFT,8.0,97.354,97.81,0.45600000000000307,3,3
2019,Russian Grand Prix,MAG,1,27,SOFT,MEDIUM,27.0,100.33,99.805,-0.5249999999999915,3,3
2019,Russian Grand Prix,NOR,1,20,SOFT,MEDIUM,23.0,100.448,100.602,0.15400000000001057,3,3
2019,Russian Grand Prix,PER,1,23,SOFT,MEDIUM,23.0,100.068,101.888,1.8200000000000074,3,3
2019,Russian Grand Prix,RAI,1,9,MEDIUM,MEDIUM,9.0,103.393,102.117,-1.2759999999999962,3,3
2019,Russian Grand Prix,RAI,2,27,MEDIUM,SOFT,27.0,100.849,101.442,0.5929999999999893,3,3
2019,Russian Grand Prix,SAI,1,21,SOFT,MEDIUM,24.0,100.43,100.222,-0.20800000000001262,3,3
2019,Russian Grand Prix,STR,1,27,MEDIUM,SOFT,27.0,100.388,101.677,1.2890000000000015,3,3
2019,Russian Grand Prix,VER,1,28,SOFT,MEDIUM,31.0,99.731,98.255,-1.475999999999999,3,3
2019,Singapore Grand Prix,ALB,1,20,SOFT,HARD,23.0,109.606,106.649,-2.9569999999999936,3,3
2019,Singapore Grand Prix,BOT,1,22,SOFT,HARD,25.0,107.638,108.519,0.8810000000000002,3,3
2019,Singapore Grand Prix,GAS,1,32,HARD,MEDIUM,32.0,109.431,107.389,-2.0420000000000016,3,3
2019,Singapore Grand Prix,GIO,1,34,MEDIUM,SOFT,34.0,110.675,109.177,-1.4979999999999905,3,3
2019,Singapore Grand Prix,GIO,2,36,HARD,SOFT,2.0,110.675,109.177,-1.4979999999999905,3,3
2019,Singapore Grand Prix,GRO,1,23,MEDIUM,HARD,23.0,110.181,107.058,-3.1229999999999905,3,3
2019,Singapore Grand Prix,GRO,2,35,HARD,SOFT,12.0,109.051,108.949,-0.10200000000000387,3,3
2019,Singapore Grand Prix,HAM,1,26,SOFT,HARD,29.0,108.831,107.75,-1.081000000000003,3,3
2019,Singapore Grand Prix,HUL,2,36,HARD,MEDIUM,35.0,109.218,109.149,-0.06900000000000261,3,3
2019,Singapore Grand Prix,KUB,1,21,MEDIUM,HARD,21.0,111.245,108.564,-2.6810000000000116,3,3
2019,Singapore Grand Prix,KUB,2,44,HARD,MEDIUM,23.0,110.391,111.822,1.4309999999999974,3,3
2019,Singapore Grand Prix,KVY,1,12,MEDIUM,HARD,12.0,112.715,107.419,-5.2960000000000065,3,3
2019,Singapore Grand Prix,KVY,2,36,HARD,SOFT,24.0,108.542,109.253,0.7109999999999985,3,3
2019,Singapore Grand Prix,LEC,1,20,SOFT,HARD,23.0,109.011,106.975,-2.0360000000000014,3,3
2019,Singapore Grand Prix,MAG,1,18,MEDIUM,HARD,18.0,109.421,108.723,-0.6980000000000075,3,3
2019,Singapore Grand Prix,MAG,2,56,HARD,SOFT,38.0,112.569,103.828,-8.741,3,3
2019,Singapore Grand Prix,NOR,1,20,SOFT,HARD,23.0,109.47,106.952,-2.5180000000000007,3,3
2019,Singapore Grand Prix,PER,1,13,MEDIUM,HARD,13.0,111.1,111.518,0.41800000000000637,3,3
2019,Singapore Grand Prix,RAI,1,15,MEDIUM,HARD,15.0,109.521,107.37,-2.1509999999999962,3,3
2019,Singapore Grand Prix,RIC,1,34,MEDIUM,HARD,34.0,111.705,109.289,-2.415999999999997,3,3
2019,Singapore Grand Prix,SAI,2,35,HARD,MEDIUM,34.0,110.057,105.983,-4.073999999999998,3,3
2019,Singapore Grand Prix,STR,1,31,MEDIUM,HARD,31.0,109.937,107.114,-2.8229999999999933,3,3
2019,Singapore Grand Prix,STR,2,41,HARD,SOFT,10.0,107.114,108.991,1.8769999999999953,3,3
2019,Singapore Grand Prix,STR,3,44,SOFT,SOFT,3.0,107.114,112.262,5.147999999999996,3,3
2019,Singapore Grand Prix,VER,1,19,SOFT,HARD,22.0,109.237,105.881,-3.3559999999999945,3,3
2019,Singapore Grand Prix,VET,1,19,SOFT,HARD,22.0,108.716,107.0,-1.715999999999994,3,3
2019,Spanish Grand Prix,ALB,1,25,SOFT,MEDIUM,25.0,83.948,83.065,-0.8829999999999956,3,3
2019,Spanish Grand Prix,ALB,2,45,MEDIUM,MEDIUM,20.0,82.743,82.712,-0.0309999999999917,3,3
2019,Spanish Grand Prix,BOT,1,26,SOFT,MEDIUM,29.0,83.405,81.593,-1.8119999999999976,3,3
2019,Spanish Grand Prix,BOT,2,45,MEDIUM,SOFT,19.0,81.56,81.217,-0.3430000000000035,3,3
2019,Spanish Grand Prix,GAS,1,22,SOFT,MEDIUM,25.0,83.786,82.897,-0.8889999999999958,3,3
2019,Spanish Grand Prix,GAS,2,46,MEDIUM,SOFT,24.0,82.441,81.28,-1.1610000000000014,3,3
2019,Spanish Grand Prix,GIO,1,6,SOFT,HARD,6.0,85.567,84.947,-0.6199999999999903,3,3
2019,Spanish Grand Prix,GIO,2,41,HARD,SOFT,35.0,86.107,84.16,-1.9470000000000027,3,3
2019,Spanish Grand Prix,GRO,1,26,SOFT,MEDIUM,29.0,83.681,82.546,-1.134999999999991,3,3
2019,Spanish Grand Prix,GRO,2,46,MEDIUM,SOFT,20.0,82.323,82.031,-0.2919999999999874,3,3
2019,Spanish Grand Prix,HAM,1,27,SOFT,MEDIUM,30.0,82.886,82.131,-0.7549999999999955,3,3
2019,Spanish Grand Prix,HAM,2,46,MEDIUM,SOFT,19.0,81.891,79.85,-2.041000000000011,3,3
2019,Spanish Grand Prix,HUL,1,35,MEDIUM,SOFT,35.0,84.196,84.742,0.5460000000000065,3,3
2019,Spanish Grand Prix,KUB,1,31,MEDIUM,SOFT,31.0,87.598,86.85,-0.7480000000000047,3,3
2019,Spanish Grand Prix,KUB,2,44,SOFT,MEDIUM,13.0,85.6,84.864,-0.73599999999999,3,3
2019,Spanish Grand Prix,KVY,1,21,SOFT,MEDIUM,24.0,84.02,83.005,-1.0150000000000006,3,3
2019,Spanish Grand Prix,KVY,2,45,MEDIUM,MEDIUM,24.0,82.32,82.368,0.04800000000000182,3,3
2019,Spanish Grand Prix,LEC,1,25,SOFT,HARD,28.0,83.641,82.228,-1.413000000000011,3,3
2019,Spanish Grand Prix,LEC,2,46,HARD,MEDIUM,21.0,82.567,81.101,-1.465999999999994,3,3
2019,Spanish Grand Prix,MAG,1,23,SOFT,MEDIUM,26.0,83.918,83.05,-0.8680000000000092,3,3
2019,Spanish Grand Prix,MAG,2,45,MEDIUM,SOFT,22.0,82.659,81.791,-0.8680000000000092,3,3
2019,Spanish Grand Prix,NOR,1,26,SOFT,MEDIUM,26.0,83.915,82.642,-1.2730000000000103,3,3
2019,Spanish Grand Prix,PER,1,24,SOFT,MEDIUM,24.0,84.309,83.347,-0.9620000000000033,3,3
2019,Spanish Grand Prix,PER,2,45,MEDIUM,SOFT,21.0,83.45,83.806,0.35599999999999454,3,3
2019,Spanish Grand Prix,RAI,1,28,MEDIUM,HARD,28.0,84.524,83.872,-0.652000000000001,3,3
2019,Spanish Grand Prix,RAI,2,45,HARD,SOFT,17.0,83.246,84.006,0.7600000000000051,3,3
2019,Spanish Grand Prix,RIC,1,24,SOFT,HARD,27.0,84.047,83.763,-0.2839999999999918,3,3
2019,Spanish Grand Prix,RIC,2,45,HARD,MEDIUM,21.0,82.978,83.149,0.17100000000000648,3,3
2019,Spanish Grand Prix,RUS,1,32,MEDIUM,SOFT,32.0,86.346,84.479,-1.8670000000000044,3,3
2019,Spanish Grand Prix,RUS,2,44,SOFT,MEDIUM,12.0,85.247,84.445,-0.8020000000000067,3,3
2019,Spanish Grand Prix,SAI,1,24,SOFT,MEDIUM,24.0,84.536,83.273,-1.2630000000000052,3,3
2019,Spanish Grand Prix,SAI,2,46,MEDIUM,SOFT,22.0,82.877,82.452,-0.42499999999999716,3,3
2019,Spanish Grand Prix,STR,1,22,MEDIUM,SOFT,22.0,84.33,83.497,-0.8329999999999984,3,3
2019,Spanish Grand Prix,VER,1,20,SOFT,SOFT,23.0,83.041,82.223,-0.8179999999999978,3,3
2019,Spanish Grand Prix,VER,2,43,SOFT,MEDIUM,23.0,82.071,81.126,-0.9449999999999932,3,3
2019,Spanish Grand Prix,VET,1,19,SOFT,MEDIUM,22.0,83.682,83.219,-0.46300000000000807,3,3
2019,Spanish Grand Prix,VET,2,40,MEDIUM,MEDIUM,21.0,81.499,80.338,-1.1610000000000014,3,3
2019,United States Grand Prix,ALB,2,20,MEDIUM,MEDIUM,19.0,102.384,100.225,-2.159000000000006,3,3
2019,United States Grand Prix,ALB,3,40,MEDIUM,SOFT,20.0,100.503,98.634,-1.8689999999999998,3,3
2019,United States Grand Prix,BOT,1,14,MEDIUM,HARD,17.0,101.354,98.969,-2.385000000000005,3,3
2019,United States Grand Prix,BOT,2,35,HARD,MEDIUM,21.0,101.179,98.668,-2.5109999999999957,3,3
2019,United States Grand Prix,GAS,1,19,SOFT,HARD,22.0,103.213,101.466,-1.7469999999999999,3,3
2019,United States Grand Prix,GIO,1,17,MEDIUM,HARD,17.0,104.428,101.585,-2.8430000000000035,3,3
2019,United States Grand Prix,GIO,2,39,HARD,SOFT,22.0,103.2,100.561,-2.638999999999996,3,3
2019,United States Grand Prix,GRO,1,24,MEDIUM,HARD,24.0,105.555,101.77,-3.785000000000011,3,3
2019,United States Grand Prix,HAM,1,24,MEDIUM,HARD,27.0,101.616,98.998,-2.617999999999995,3,3
2019,United States Grand Prix,HUL,1,27,HARD,MEDIUM,27.0,104.548,100.861,-3.6869999999999976,3,3
2019,United States Grand Prix,HUL,2,39,MEDIUM,SOFT,12.0,100.195,99.629,-0.5659999999999883,3,3
2019,United States Grand Prix,KUB,1,11,MEDIUM,HARD,11.0,106.208,104.991,-1.2169999999999987,3,3
2019,United States Grand Prix,KVY,1,21,HARD,MEDIUM,21.0,103.309,100.785,-2.524000000000001,3,3
2019,United States Grand Prix,KVY,2,39,MEDIUM,SOFT,18.0,101.392,99.71,-1.6820000000000022,3,3
2019,United States Grand Prix,LEC,1,20,MEDIUM,HARD,23.0,102.726,100.133,-2.5930000000000035,3,3
2019,United States Grand Prix,LEC,2,42,HARD,SOFT,22.0,100.666,99.026,-1.6400000000000006,3,3
2019,United States Grand Prix,MAG,1,18,MEDIUM,HARD,18.0,103.916,102.134,-1.7819999999999965,3,3
2019,United States Grand Prix,MAG,2,40,HARD,SOFT,23.0,102.923,101.396,-1.527000000000001,3,3
2019,United States Grand Prix,NOR,1,19,SOFT,HARD,22.0,103.079,100.865,-2.2139999999999986,3,3
2019,United States Grand Prix,NOR,2,42,HARD,MEDIUM,23.0,101.612,99.129,-2.48299999999999,3,3
2019,United States Grand Prix,PER,1,24,MEDIUM,HARD,24.0,103.009,101.333,-1.676000000000002,3,3
2019,United States Grand Prix,RAI,1,18,SOFT,HARD,18.0,103.272,102.057,-1.2150000000000034,3,3
2019,United States Grand Prix,RAI,2,40,HARD,SOFT,22.0,101.14,101.107,-0.03300000000000125,3,3
2019,United States Grand Prix,RIC,1,21,SOFT,HARD,24.0,102.741,101.18,-1.5609999999999928,3,3
2019,United States Grand Prix,RUS,1,23,MEDIUM,HARD,23.0,106.039,101.628,-4.411000000000001,3,3
2019,United States Grand Prix,RUS,2,46,HARD,SOFT,23.0,104.044,103.79,-0.2539999999999907,3,3
2019,United States Grand Prix,SAI,1,18,SOFT,HARD,21.0,103.408,101.453,-1.9549999999999983,3,3
2019,United States Grand Prix,STR,1,9,MEDIUM,HARD,9.0,104.16,102.44,-1.7199999999999989,3,3
2019,United States Grand Prix,STR,2,29,HARD,SOFT,20.0,102.052,100.854,-1.1980000000000075,3,3
2019,United States Grand Prix,VER,1,13,MEDIUM,HARD,16.0,101.851,99.798,-2.0529999999999973,3,3
2019,United States Grand Prix,VER,2,34,HARD,MEDIUM,22.0,100.738,98.632,-2.1059999999999945,3,3
2020,70th Anniversary Grand Prix,ALB,1,6,MEDIUM,HARD,9.0,93.703,93.411,-0.2920000000000016,3,3
2020,70th Anniversary Grand Prix,ALB,2,30,HARD,HARD,24.0,91.826,91.103,-0.722999999999999,3,3
2020,70th Anniversary Grand Prix,BOT,1,13,MEDIUM,HARD,16.0,92.583,90.971,-1.6119999999999948,3,3
2020,70th Anniversary Grand Prix,BOT,2,32,HARD,HARD,19.0,90.544,90.966,0.42199999999999704,3,3
2020,70th Anniversary Grand Prix,GAS,1,7,MEDIUM,HARD,10.0,93.557,93.52,-0.03700000000000614,3,3
2020,70th Anniversary Grand Prix,GAS,2,23,HARD,HARD,16.0,93.627,92.567,-1.0600000000000023,3,3
2020,70th Anniversary Grand Prix,GIO,1,7,MEDIUM,HARD,7.0,94.694,92.892,-1.8020000000000067,3,3
2020,70th Anniversary Grand Prix,GIO,2,33,HARD,MEDIUM,26.0,94.042,92.26,-1.7819999999999965,3,3
2020,70th Anniversary Grand Prix,GRO,1,17,MEDIUM,HARD,20.0,93.416,93.584,0.16800000000000637,3,3
2020,70th Anniversary Grand Prix,GRO,2,38,HARD,HARD,22.0,92.593,93.192,0.5989999999999895,3,3
2020,70th Anniversary Grand Prix,HAM,1,14,MEDIUM,HARD,17.0,92.782,91.441,-1.340999999999994,3,3
2020,70th Anniversary Grand Prix,HAM,2,41,HARD,HARD,27.0,91.077,89.625,-1.4519999999999982,3,3
2020,70th Anniversary Grand Prix,HUL,1,15,MEDIUM,HARD,18.0,92.548,91.996,-0.5520000000000067,3,3
2020,70th Anniversary Grand Prix,HUL,2,30,HARD,HARD,15.0,91.407,91.037,-0.36999999999999034,3,3
2020,70th Anniversary Grand Prix,HUL,3,44,HARD,SOFT,14.0,91.485,90.893,-0.5919999999999987,3,3
2020,70th Anniversary Grand Prix,KVY,1,19,HARD,HARD,19.0,92.977,92.264,-0.7130000000000081,3,3
2020,70th Anniversary Grand Prix,KVY,2,35,HARD,MEDIUM,16.0,91.727,91.318,-0.409000000000006,3,3
2020,70th Anniversary Grand Prix,LAT,1,9,MEDIUM,HARD,9.0,94.068,92.79,-1.2779999999999916,3,3
2020,70th Anniversary Grand Prix,LAT,2,26,HARD,HARD,17.0,93.162,91.924,-1.2379999999999995,3,3
2020,70th Anniversary Grand Prix,LAT,3,46,HARD,MEDIUM,20.0,92.87,90.055,-2.8149999999999977,3,3
2020,70th Anniversary Grand Prix,LEC,1,18,MEDIUM,HARD,21.0,92.711,91.776,-0.9350000000000023,3,3
2020,70th Anniversary Grand Prix,MAG,1,9,MEDIUM,HARD,9.0,94.452,93.15,-1.3019999999999925,3,3
2020,70th Anniversary Grand Prix,MAG,2,20,HARD,HARD,12.0,94.015,92.957,-1.058000000000007,3,3
2020,70th Anniversary Grand Prix,NOR,1,12,MEDIUM,HARD,15.0,92.827,93.051,0.22400000000000375,3,3
2020,70th Anniversary Grand Prix,NOR,2,29,HARD,HARD,17.0,92.111,92.244,0.13299999999999557,3,3
2020,70th Anniversary Grand Prix,OCO,1,22,MEDIUM,HARD,22.0,92.607,92.275,-0.33199999999999363,3,3
2020,70th Anniversary Grand Prix,RAI,1,26,HARD,MEDIUM,26.0,93.785,92.642,-1.1430000000000007,3,3
2020,70th Anniversary Grand Prix,RIC,1,14,MEDIUM,MEDIUM,17.0,92.746,92.725,-0.021000000000000796,3,3
2020,70th Anniversary Grand Prix,RIC,2,26,MEDIUM,HARD,15.0,92.207,92.623,0.416000000000011,3,3
2020,70th Anniversary Grand Prix,RIC,3,35,HARD,MEDIUM,9.0,92.928,92.028,-0.8999999999999915,3,3
2020,70th Anniversary Grand Prix,RUS,1,8,MEDIUM,HARD,8.0,94.546,92.876,-1.6700000000000017,3,3
2020,70th Anniversary Grand Prix,RUS,2,24,HARD,HARD,16.0,93.88,92.707,-1.1730000000000018,3,3
2020,70th Anniversary Grand Prix,RUS,3,39,HARD,MEDIUM,15.0,93.077,92.364,-0.7129999999999939,3,3
2020,70th Anniversary Grand Prix,SAI,1,22,HARD,MEDIUM,22.0,92.826,92.515,-0.31099999999999284,3,3
2020,70th Anniversary Grand Prix,SAI,2,34,MEDIUM,HARD,15.0,92.4,91.778,-0.6219999999999999,3,3
2020,70th Anniversary Grand Prix,STR,1,18,MEDIUM,HARD,21.0,91.994,92.392,0.39799999999999613,3,3
2020,70th Anniversary Grand Prix,STR,2,31,HARD,HARD,13.0,91.342,90.958,-0.38400000000000034,3,3
2020,70th Anniversary Grand Prix,VER,1,26,HARD,MEDIUM,29.0,91.312,91.294,-0.018000000000000682,3,3
2020,70th Anniversary Grand Prix,VER,2,32,MEDIUM,HARD,6.0,90.545,90.892,0.3469999999999942,3,3
2020,70th Anniversary Grand Prix,VET,1,22,HARD,HARD,23.0,92.312,91.817,-0.49500000000000455,3,3
2020,70th Anniversary Grand Prix,VET,2,33,HARD,MEDIUM,11.0,92.528,91.616,-0.9120000000000061,3,3
2020,Abu Dhabi Grand Prix,ALB,1,10,SOFT,HARD,13.0,103.274,102.735,-0.5390000000000015,3,3
2020,Abu Dhabi Grand Prix,BOT,1,10,MEDIUM,HARD,13.0,102.752,101.542,-1.2099999999999937,3,3
2020,Abu Dhabi Grand Prix,FIT,1,10,MEDIUM,HARD,10.0,106.51,106.398,-0.11200000000000898,3,3
2020,Abu Dhabi Grand Prix,FIT,2,34,HARD,MEDIUM,24.0,105.304,103.243,-2.061000000000007,3,3
2020,Abu Dhabi Grand Prix,FIT,3,48,MEDIUM,SOFT,14.0,105.819,102.828,-2.9909999999999997,3,3
2020,Abu Dhabi Grand Prix,GAS,1,10,SOFT,HARD,13.0,104.982,104.955,-0.027000000000001023,3,3
2020,Abu Dhabi Grand Prix,GIO,1,27,MEDIUM,HARD,27.0,105.004,102.055,-2.948999999999998,3,3
2020,Abu Dhabi Grand Prix,HAM,1,10,MEDIUM,HARD,13.0,103.069,102.109,-0.960000000000008,3,3
2020,Abu Dhabi Grand Prix,KVY,1,10,SOFT,HARD,13.0,106.648,106.524,-0.12399999999999523,3,3
2020,Abu Dhabi Grand Prix,LAT,1,11,MEDIUM,HARD,11.0,106.6,106.373,-0.22699999999998965,3,3
2020,Abu Dhabi Grand Prix,LAT,2,35,HARD,MEDIUM,24.0,104.194,102.937,-1.257000000000005,3,3
2020,Abu Dhabi Grand Prix,LEC,1,22,MEDIUM,HARD,25.0,105.712,102.762,-2.950000000000003,3,3
2020,Abu Dhabi Grand Prix,MAG,1,31,HARD,MEDIUM,31.0,107.228,102.372,-4.8559999999999945,3,3
2020,Abu Dhabi Grand Prix,MAG,2,47,MEDIUM,MEDIUM,16.0,106.904,102.005,-4.899000000000001,3,3
2020,Abu Dhabi Grand Prix,NOR,1,10,SOFT,HARD,13.0,104.286,103.704,-0.5820000000000078,3,3
2020,Abu Dhabi Grand Prix,OCO,1,10,MEDIUM,HARD,10.0,105.195,105.056,-0.1389999999999958,3,3
2020,Abu Dhabi Grand Prix,RAI,1,10,MEDIUM,HARD,10.0,106.348,106.572,0.22400000000000375,3,3
2020,Abu Dhabi Grand Prix,RIC,1,39,HARD,MEDIUM,39.0,102.974,103.286,0.3119999999999976,3,3
2020,Abu Dhabi Grand Prix,RUS,1,10,MEDIUM,HARD,10.0,105.834,106.2,0.36599999999999966,3,3
2020,Abu Dhabi Grand Prix,SAI,1,10,MEDIUM,HARD,13.0,104.685,104.328,-0.3569999999999993,3,3
2020,Abu Dhabi Grand Prix,STR,1,10,SOFT,HARD,13.0,104.565,104.742,0.1770000000000067,3,3
2020,Abu Dhabi Grand Prix,VER,1,10,MEDIUM,HARD,13.0,102.506,101.153,-1.3529999999999944,3,3
2020,Abu Dhabi Grand Prix,VET,1,35,HARD,MEDIUM,35.0,104.567,101.886,-2.6809999999999974,3,3
2020,Austrian Grand Prix,ALB,1,21,SOFT,SOFT,24.0,69.935,68.703,-1.2319999999999993,3,3
2020,Austrian Grand Prix,ALB,2,46,HARD,HARD,22.0,68.584,70.859,2.2749999999999915,3,3
2020,Austrian Grand Prix,ALB,3,51,SOFT,SOFT,5.0,68.584,70.5205,1.9364999999999952,3,2
2020,Austrian Grand Prix,BOT,1,22,SOFT,SOFT,25.0,70.149,68.433,-1.715999999999994,3,3
2020,Austrian Grand Prix,BOT,2,52,HARD,HARD,28.0,115.395,68.199,-47.196,3,3
2020,Austrian Grand Prix,GAS,1,21,MEDIUM,MEDIUM,21.0,70.61,69.969,-0.6410000000000053,3,3
2020,Austrian Grand Prix,GAS,2,51,HARD,HARD,27.0,94.649,69.521,-25.128,3,3
2020,Austrian Grand Prix,GIO,1,20,MEDIUM,MEDIUM,20.0,70.902,73.014,2.1119999999999948,3,3
2020,Austrian Grand Prix,GIO,2,50,HARD,SOFT,27.0,95.51,69.141,-26.369,3,3
2020,Austrian Grand Prix,GIO,3,51,HARD,SOFT,28.0,95.51,69.141,-26.369,3,3
2020,Austrian Grand Prix,GRO,1,15,MEDIUM,MEDIUM,15.0,71.526,72.924,1.3980000000000103,3,3
2020,Austrian Grand Prix,HAM,1,21,SOFT,SOFT,24.0,69.356,68.243,-1.1129999999999995,3,3
2020,Austrian Grand Prix,HAM,2,51,HARD,HARD,27.0,111.08,67.916,-43.164,3,3
2020,Austrian Grand Prix,KVY,1,21,MEDIUM,MEDIUM,21.0,70.59,70.657,0.06699999999999307,3,3
2020,Austrian Grand Prix,KVY,2,46,HARD,HARD,22.0,69.663,71.475,1.8119999999999976,3,3
2020,Austrian Grand Prix,KVY,3,51,SOFT,SOFT,2.0,69.663,71.049,1.38600000000001,3,2
2020,Austrian Grand Prix,LAT,1,21,MEDIUM,HARD,21.0,73.943,70.334,-3.6089999999999947,3,3
2020,Austrian Grand Prix,LAT,2,46,HARD,HARD,21.0,70.76,73.419,2.658999999999992,3,3
2020,Austrian Grand Prix,LAT,3,51,SOFT,SOFT,1.0,76.161,70.709,-5.451999999999998,3,3
2020,Austrian Grand Prix,LEC,1,21,SOFT,SOFT,24.0,70.199,69.479,-0.7199999999999989,3,3
2020,Austrian Grand Prix,LEC,2,46,HARD,HARD,22.0,69.085,68.073,-1.0120000000000005,3,3
2020,Austrian Grand Prix,LEC,3,51,MEDIUM,MEDIUM,2.0,69.153,68.073,-1.0800000000000125,3,3
2020,Austrian Grand Prix,NOR,1,21,SOFT,SOFT,24.0,69.963,69.205,-0.7579999999999956,3,3
2020,Austrian Grand Prix,NOR,2,46,HARD,HARD,22.0,68.695,69.211,0.5160000000000053,3,3
2020,Austrian Grand Prix,NOR,3,51,MEDIUM,MEDIUM,2.0,68.695,68.574,-0.12099999999999511,3,3
2020,Austrian Grand Prix,OCO,1,21,MEDIUM,MEDIUM,21.0,71.056,70.6,-0.45600000000000307,3,3
2020,Austrian Grand Prix,OCO,2,51,HARD,HARD,27.0,93.731,69.691,-24.039999999999992,3,3
2020,Austrian Grand Prix,PER,1,21,SOFT,SOFT,24.0,70.002,69.229,-0.7729999999999961,3,3
2020,Austrian Grand Prix,PER,2,51,MEDIUM,MEDIUM,27.0,97.867,68.921,-28.945999999999998,3,3
2020,Austrian Grand Prix,RAI,1,19,MEDIUM,HARD,19.0,70.713,70.779,0.0660000000000025,3,3
2020,Austrian Grand Prix,RUS,1,20,MEDIUM,HARD,20.0,71.039,70.962,-0.07699999999999818,3,3
2020,Austrian Grand Prix,SAI,1,21,SOFT,SOFT,24.0,70.141,69.685,-0.45600000000000307,3,3
2020,Austrian Grand Prix,SAI,2,47,HARD,MEDIUM,23.0,69.232,68.917,-0.3149999999999977,3,3
2020,Austrian Grand Prix,SAI,3,51,MEDIUM,MEDIUM,1.0,69.232,68.917,-0.3149999999999977,3,3
2020,Austrian Grand Prix,VET,1,21,MEDIUM,MEDIUM,21.0,70.653,70.077,-0.5760000000000076,3,3
2020,Austrian Grand Prix,VET,2,46,HARD,HARD,22.0,69.576,71.236,1.6600000000000108,3,3
2020,Austrian Grand Prix,VET,3,51,SOFT,SOFT,2.0,69.755,70.755,1.0,3,3
2020,Bahrain Grand Prix,ALB,2,19,MEDIUM,MEDIUM,19.0,96.391,95.634,-0.757000000000005,3,3
2020,Bahrain Grand Prix,ALB,3,34,MEDIUM,HARD,19.0,95.246,93.932,-1.313999999999993,3,3
2020,Bahrain Grand Prix,BOT,3,25,HARD,MEDIUM,21.0,96.132,93.749,-2.3830000000000098,3,3
2020,Bahrain Grand Prix,BOT,4,38,MEDIUM,MEDIUM,15.0,95.442,93.884,-1.5579999999999927,3,3
2020,Bahrain Grand Prix,GAS,2,25,HARD,HARD,24.0,98.006,95.325,-2.6809999999999974,3,3
2020,Bahrain Grand Prix,GIO,2,20,MEDIUM,HARD,19.0,98.361,95.166,-3.1950000000000074,3,3
2020,Bahrain Grand Prix,HAM,2,19,MEDIUM,MEDIUM,22.0,94.929,94.165,-0.7639999999999958,3,3
2020,Bahrain Grand Prix,HAM,3,35,MEDIUM,HARD,18.0,94.377,92.897,-1.4799999999999898,3,3
2020,Bahrain Grand Prix,KVY,2,17,SOFT,HARD,19.0,97.729,95.302,-2.4269999999999925,3,3
2020,Bahrain Grand Prix,KVY,3,33,HARD,HARD,16.0,96.887,94.581,-2.3059999999999974,3,3
2020,Bahrain Grand Prix,LAT,2,21,MEDIUM,MEDIUM,20.0,99.609,95.971,-3.637999999999991,3,3
2020,Bahrain Grand Prix,LAT,3,37,MEDIUM,HARD,16.0,97.463,94.832,-2.6310000000000002,3,3
2020,Bahrain Grand Prix,LEC,2,23,MEDIUM,HARD,24.0,97.756,95.38,-2.3760000000000048,3,3
2020,Bahrain Grand Prix,LEC,3,40,HARD,HARD,17.0,96.4,93.696,-2.7040000000000077,3,3
2020,Bahrain Grand Prix,MAG,3,27,HARD,HARD,24.0,98.118,95.632,-2.48599999999999,3,3
2020,Bahrain Grand Prix,NOR,2,18,MEDIUM,MEDIUM,21.0,96.67,95.843,-0.8269999999999982,3,3
2020,Bahrain Grand Prix,NOR,3,38,MEDIUM,HARD,21.0,95.189,93.693,-1.4959999999999951,3,3
2020,Bahrain Grand Prix,OCO,2,17,MEDIUM,MEDIUM,20.0,96.875,96.658,-0.21699999999999875,3,3
2020,Bahrain Grand Prix,OCO,3,34,MEDIUM,HARD,37.0,96.22,94.497,-1.722999999999999,3,3
2020,Bahrain Grand Prix,PER,2,20,MEDIUM,HARD,24.0,95.812,94.752,-1.0600000000000023,3,3
2020,Bahrain Grand Prix,PER,3,36,HARD,HARD,16.0,95.066,93.794,-1.2720000000000056,3,3
2020,Bahrain Grand Prix,RAI,2,17,MEDIUM,HARD,16.0,97.951,95.212,-2.73899999999999,3,3
2020,Bahrain Grand Prix,RAI,3,40,HARD,MEDIUM,23.0,98.155,93.796,-4.358999999999995,3,3
2020,Bahrain Grand Prix,RIC,2,16,MEDIUM,HARD,19.0,96.868,97.194,0.3260000000000076,3,3
2020,Bahrain Grand Prix,RIC,3,36,HARD,HARD,20.0,96.004,94.087,-1.9170000000000016,3,3
2020,Bahrain Grand Prix,RUS,2,20,MEDIUM,HARD,19.0,97.995,96.425,-1.5700000000000074,3,3
2020,Bahrain Grand Prix,RUS,3,39,HARD,MEDIUM,19.0,97.639,95.535,-2.103999999999999,3,3
2020,Bahrain Grand Prix,SAI,2,21,SOFT,MEDIUM,20.0,96.847,95.205,-1.641999999999996,3,3
2020,Bahrain Grand Prix,SAI,3,39,MEDIUM,HARD,18.0,95.356,94.118,-1.2379999999999995,3,3
2020,Bahrain Grand Prix,VER,2,20,MEDIUM,HARD,20.0,95.729,93.507,-2.221999999999994,3,3
2020,Bahrain Grand Prix,VER,3,34,HARD,HARD,14.0,94.551,92.727,-1.823999999999998,3,3
2020,Bahrain Grand Prix,VER,4,46,HARD,MEDIUM,12.0,93.866,92.091,-1.7750000000000057,3,3
2020,Bahrain Grand Prix,VET,2,20,HARD,MEDIUM,19.0,98.773,94.879,-3.8939999999999912,3,3
2020,Bahrain Grand Prix,VET,3,39,MEDIUM,HARD,22.0,97.197,94.462,-2.7349999999999994,3,3
2020,Belgian Grand Prix,ALB,1,11,SOFT,SOFT,14.0,111.306,111.343,0.03700000000000614,3,3
2020,Belgian Grand Prix,BOT,1,11,MEDIUM,HARD,14.0,109.897,108.481,-1.416000000000011,3,3
2020,Belgian Grand Prix,GAS,1,26,HARD,MEDIUM,26.0,110.768,108.021,-2.747,3,3
2020,Belgian Grand Prix,GRO,1,10,MEDIUM,HARD,10.0,112.38,112.23,-0.14999999999999147,3,3
2020,Belgian Grand Prix,HAM,1,11,MEDIUM,HARD,14.0,109.871,108.247,-1.6239999999999952,3,3
2020,Belgian Grand Prix,KVY,1,11,MEDIUM,HARD,11.0,111.554,111.957,0.4029999999999916,3,3
2020,Belgian Grand Prix,LAT,1,10,MEDIUM,HARD,10.0,113.206,112.471,-0.7349999999999994,3,3
2020,Belgian Grand Prix,LAT,2,30,HARD,MEDIUM,20.0,111.143,108.54,-2.6029999999999944,3,3
2020,Belgian Grand Prix,LEC,1,10,SOFT,HARD,10.0,112.096,112.219,0.12299999999999045,3,3
2020,Belgian Grand Prix,LEC,2,24,HARD,MEDIUM,14.0,110.616,108.459,-2.1569999999999965,3,3
2020,Belgian Grand Prix,MAG,1,10,MEDIUM,HARD,10.0,112.811,112.304,-0.507000000000005,3,3
2020,Belgian Grand Prix,MAG,2,35,HARD,SOFT,25.0,110.589,108.525,-2.063999999999993,3,3
2020,Belgian Grand Prix,NOR,1,11,SOFT,SOFT,14.0,111.56,111.761,0.2009999999999934,3,3
2020,Belgian Grand Prix,OCO,1,11,SOFT,HARD,14.0,111.143,111.636,0.492999999999995,3,3
2020,Belgian Grand Prix,PER,1,18,SOFT,HARD,21.0,112.115,108.855,-3.259999999999991,3,3
2020,Belgian Grand Prix,RAI,1,10,MEDIUM,SOFT,10.0,112.207,111.731,-0.4759999999999991,3,3
2020,Belgian Grand Prix,RIC,1,11,SOFT,HARD,14.0,110.911,111.179,0.2680000000000007,3,3
2020,Belgian Grand Prix,STR,1,11,SOFT,HARD,14.0,111.637,111.762,0.125,3,3
2020,Belgian Grand Prix,VER,1,11,MEDIUM,SOFT,14.0,110.274,108.684,-1.5900000000000034,3,3
2020,Belgian Grand Prix,VET,1,11,MEDIUM,HARD,11.0,112.245,112.297,0.0519999999999925,3,3
2020,British Grand Prix,ALB,2,30,HARD,MEDIUM,24.0,92.175,89.637,-2.5379999999999967,3,3
2020,British Grand Prix,BOT,1,13,MEDIUM,HARD,16.0,90.883,90.415,-0.4679999999999893,3,3
2020,British Grand Prix,GAS,1,12,MEDIUM,HARD,12.0,93.415,93.998,0.5829999999999984,3,3
2020,British Grand Prix,GIO,1,12,MEDIUM,HARD,12.0,93.621,94.027,0.4060000000000059,3,3
2020,British Grand Prix,GRO,1,36,MEDIUM,HARD,36.0,91.124,90.365,-0.7590000000000003,3,3
2020,British Grand Prix,HAM,1,13,MEDIUM,HARD,16.0,90.838,90.371,-0.46699999999999875,3,3
2020,British Grand Prix,LAT,1,12,MEDIUM,HARD,12.0,93.964,94.695,0.7309999999999945,3,3
2020,British Grand Prix,LEC,1,13,MEDIUM,HARD,16.0,92.319,92.336,0.016999999999995907,3,3
2020,British Grand Prix,NOR,1,12,SOFT,HARD,15.0,93.164,92.513,-0.6509999999999962,3,3
2020,British Grand Prix,OCO,1,12,SOFT,HARD,15.0,93.179,93.728,0.5489999999999924,3,3
2020,British Grand Prix,RAI,1,12,MEDIUM,HARD,12.0,93.527,94.126,0.5990000000000038,3,3
2020,British Grand Prix,RAI,2,47,HARD,SOFT,35.0,91.859,92.679,0.8200000000000074,3,3
2020,British Grand Prix,RIC,1,12,SOFT,HARD,15.0,93.062,93.359,0.29699999999999704,3,3
2020,British Grand Prix,RUS,1,12,MEDIUM,HARD,12.0,93.694,94.245,0.5510000000000019,3,3
2020,British Grand Prix,SAI,1,13,SOFT,HARD,16.0,92.878,92.49,-0.38800000000000523,3,3
2020,British Grand Prix,STR,1,13,MEDIUM,HARD,16.0,93.14,93.55,0.4099999999999966,3,3
2020,British Grand Prix,VER,1,13,MEDIUM,HARD,16.0,91.204,91.096,-0.10799999999998988,3,3
2020,British Grand Prix,VET,1,12,SOFT,HARD,15.0,93.378,93.666,0.2879999999999967,3,3
2020,Eifel Grand Prix,ALB,1,7,SOFT,MEDIUM,10.0,94.194,92.916,-1.2780000000000058,3,3
2020,Eifel Grand Prix,GAS,1,30,MEDIUM,HARD,30.0,95.416,91.732,-3.6839999999999975,3,3
2020,Eifel Grand Prix,GAS,2,44,HARD,SOFT,14.0,91.288,90.811,-0.47699999999998965,3,3
2020,Eifel Grand Prix,GIO,1,15,SOFT,MEDIUM,15.0,95.304,93.25,-2.054000000000002,3,3
2020,Eifel Grand Prix,GIO,2,36,MEDIUM,MEDIUM,21.0,93.545,91.064,-2.4810000000000088,3,3
2020,Eifel Grand Prix,GRO,1,28,MEDIUM,HARD,28.0,93.692,91.837,-1.8549999999999898,3,3
2020,Eifel Grand Prix,HAM,1,16,SOFT,MEDIUM,19.0,91.74,90.566,-1.1739999999999924,3,3
2020,Eifel Grand Prix,HAM,2,45,MEDIUM,SOFT,29.0,90.463,88.487,-1.975999999999999,3,3
2020,Eifel Grand Prix,HUL,1,29,SOFT,MEDIUM,29.0,93.711,92.277,-1.4339999999999975,3,3
2020,Eifel Grand Prix,HUL,2,44,MEDIUM,SOFT,15.0,91.717,92.213,0.4959999999999951,3,3
2020,Eifel Grand Prix,KVY,1,17,MEDIUM,HARD,17.0,94.916,93.052,-1.86399999999999,3,3
2020,Eifel Grand Prix,KVY,2,44,HARD,SOFT,27.0,92.366,93.345,0.9789999999999992,3,3
2020,Eifel Grand Prix,LAT,1,14,SOFT,MEDIUM,14.0,94.932,93.393,-1.5390000000000015,3,3
2020,Eifel Grand Prix,LAT,2,33,MEDIUM,MEDIUM,19.0,94.049,91.494,-2.555000000000007,3,3
2020,Eifel Grand Prix,LEC,1,10,SOFT,MEDIUM,13.0,94.256,94.07,-0.18600000000000705,3,3
2020,Eifel Grand Prix,LEC,2,35,MEDIUM,MEDIUM,25.0,93.464,91.443,-2.021000000000001,3,3
2020,Eifel Grand Prix,MAG,1,14,SOFT,MEDIUM,14.0,96.913,93.698,-3.2150000000000034,3,3
2020,Eifel Grand Prix,MAG,2,34,MEDIUM,MEDIUM,20.0,92.95,90.647,-2.3029999999999973,3,3
2020,Eifel Grand Prix,NOR,1,29,SOFT,MEDIUM,32.0,93.879,93.189,-0.6900000000000119,3,3
2020,Eifel Grand Prix,PER,1,28,SOFT,MEDIUM,31.0,93.166,91.606,-1.5600000000000023,3,3
2020,Eifel Grand Prix,PER,2,45,MEDIUM,SOFT,17.0,90.541,90.471,-0.06999999999999318,3,3
2020,Eifel Grand Prix,RAI,1,10,SOFT,MEDIUM,10.0,95.028,93.641,-1.3870000000000005,3,3
2020,Eifel Grand Prix,RAI,2,44,MEDIUM,SOFT,34.0,92.878,93.374,0.4959999999999951,3,3
2020,Eifel Grand Prix,RIC,1,16,SOFT,MEDIUM,19.0,93.28,92.352,-0.9279999999999973,3,3
2020,Eifel Grand Prix,RIC,2,44,MEDIUM,SOFT,28.0,91.388,89.874,-1.51400000000001,3,3
2020,Eifel Grand Prix,SAI,1,28,SOFT,MEDIUM,31.0,93.066,91.566,-1.5,3,3
2020,Eifel Grand Prix,SAI,2,44,MEDIUM,SOFT,16.0,91.179,90.893,-0.28600000000000136,3,3
2020,Eifel Grand Prix,VER,1,16,SOFT,MEDIUM,19.0,92.446,91.051,-1.394999999999996,3,3
2020,Eifel Grand Prix,VER,2,45,MEDIUM,SOFT,29.0,90.988,89.058,-1.9299999999999926,3,3
2020,Eifel Grand Prix,VET,1,11,MEDIUM,HARD,11.0,94.528,92.744,-1.784000000000006,3,3
2020,Eifel Grand Prix,VET,2,41,HARD,SOFT,30.0,94.385,93.265,-1.1200000000000045,3,3
2020,Emilia Romagna Grand Prix,ALB,1,14,SOFT,HARD,17.0,80.543,80.153,-0.39000000000000057,3,3
2020,Emilia Romagna Grand Prix,ALB,2,59,HARD,SOFT,45.0,78.717,76.495,-2.221999999999994,3,3
2020,Emilia Romagna Grand Prix,BOT,1,19,MEDIUM,HARD,22.0,78.814,78.708,-0.10599999999999454,3,3
2020,Emilia Romagna Grand Prix,BOT,2,51,HARD,SOFT,32.0,78.925,77.311,-1.61399999999999,3,3
2020,Emilia Romagna Grand Prix,GIO,1,10,SOFT,MEDIUM,10.0,81.278,80.149,-1.1290000000000049,3,3
2020,Emilia Romagna Grand Prix,GRO,1,9,MEDIUM,HARD,9.0,81.781,79.976,-1.8050000000000068,3,3
2020,Emilia Romagna Grand Prix,GRO,2,50,HARD,SOFT,41.0,78.988,80.613,1.625,3,3
2020,Emilia Romagna Grand Prix,HAM,1,30,MEDIUM,HARD,33.0,78.302,78.073,-0.22900000000001342,3,3
2020,Emilia Romagna Grand Prix,HAM,2,52,HARD,SOFT,22.0,77.725,77.06,-0.664999999999992,3,3
2020,Emilia Romagna Grand Prix,KVY,1,14,SOFT,HARD,19.0,80.458,80.057,-0.40099999999999625,3,3
2020,Emilia Romagna Grand Prix,KVY,2,51,HARD,SOFT,37.0,78.623,79.028,0.40500000000000114,3,3
2020,Emilia Romagna Grand Prix,LAT,1,34,MEDIUM,HARD,34.0,79.666,78.797,-0.8689999999999998,3,3
2020,Emilia Romagna Grand Prix,LEC,1,13,SOFT,HARD,17.0,80.438,80.77,0.33199999999999363,3,3
2020,Emilia Romagna Grand Prix,MAG,1,27,MEDIUM,HARD,27.0,80.38,82.941,2.561000000000007,3,3
2020,Emilia Romagna Grand Prix,NOR,1,13,SOFT,MEDIUM,16.0,80.85,80.079,-0.7710000000000008,3,3
2020,Emilia Romagna Grand Prix,NOR,2,53,MEDIUM,SOFT,40.0,78.379,79.417,1.0379999999999967,3,3
2020,Emilia Romagna Grand Prix,OCO,1,13,MEDIUM,HARD,13.0,80.965,80.204,-0.7610000000000099,3,3
2020,Emilia Romagna Grand Prix,PER,1,27,MEDIUM,HARD,27.0,78.849,78.838,-0.01100000000000989,3,3
2020,Emilia Romagna Grand Prix,PER,2,51,HARD,SOFT,24.0,78.326,79.379,1.0530000000000115,3,3
2020,Emilia Romagna Grand Prix,RAI,1,48,MEDIUM,SOFT,48.0,79.01,79.646,0.6359999999999957,3,3
2020,Emilia Romagna Grand Prix,RIC,1,14,SOFT,HARD,17.0,81.007,80.389,-0.6180000000000092,3,3
2020,Emilia Romagna Grand Prix,RUS,1,11,MEDIUM,HARD,11.0,81.084,80.345,-0.7390000000000043,3,3
2020,Emilia Romagna Grand Prix,SAI,1,17,SOFT,MEDIUM,20.0,80.43,79.791,-0.63900000000001,3,3
2020,Emilia Romagna Grand Prix,SAI,2,51,MEDIUM,SOFT,34.0,78.392,79.215,0.8230000000000075,3,3
2020,Emilia Romagna Grand Prix,STR,2,29,HARD,MEDIUM,28.0,79.952,79.007,-0.9449999999999932,3,3
2020,Emilia Romagna Grand Prix,STR,3,52,MEDIUM,SOFT,24.0,78.865,81.187,2.3220000000000027,3,3
2020,Emilia Romagna Grand Prix,VER,1,18,MEDIUM,HARD,21.0,79.151,78.804,-0.3469999999999942,3,3
2020,Emilia Romagna Grand Prix,VET,1,39,MEDIUM,HARD,39.0,78.997,78.877,-0.12000000000000455,3,3
2020,Emilia Romagna Grand Prix,VET,2,51,HARD,SOFT,12.0,78.37,80.881,2.5109999999999957,3,3
2020,Hungarian Grand Prix,ALB,2,34,MEDIUM,HARD,31.0,82.669,80.61,-2.0589999999999975,3,3
2020,Hungarian Grand Prix,BOT,2,33,MEDIUM,MEDIUM,31.0,82.241,80.128,-2.1129999999999995,3,3
2020,Hungarian Grand Prix,BOT,3,49,MEDIUM,HARD,19.0,80.542,78.039,-2.503,3,3
2020,Hungarian Grand Prix,GIO,1,4,INTERMEDIATE,SOFT,4.0,99.11000000000001,85.172,-13.938000000000017,2,3
2020,Hungarian Grand Prix,GIO,2,20,SOFT,MEDIUM,16.0,86.712,81.963,-4.749000000000009,3,3
2020,Hungarian Grand Prix,GIO,3,40,MEDIUM,HARD,20.0,82.94,80.262,-2.6779999999999973,3,3
2020,Hungarian Grand Prix,GRO,1,34,MEDIUM,HARD,34.0,85.15,81.37,-3.780000000000001,3,3
2020,Hungarian Grand Prix,HAM,2,37,MEDIUM,MEDIUM,34.0,81.693,80.092,-1.600999999999999,3,3
2020,Hungarian Grand Prix,HAM,3,66,MEDIUM,SOFT,32.0,78.71,77.497,-1.2129999999999939,3,3
2020,Hungarian Grand Prix,KVY,2,18,SOFT,HARD,17.0,85.555,84.132,-1.4230000000000018,3,3
2020,Hungarian Grand Prix,LAT,3,31,MEDIUM,MEDIUM,27.0,88.003,84.269,-3.7339999999999947,3,3
2020,Hungarian Grand Prix,LAT,4,39,MEDIUM,SOFT,11.0,83.565,82.342,-1.222999999999999,3,3
2020,Hungarian Grand Prix,LAT,5,52,SOFT,HARD,16.0,84.834,84.331,-0.5030000000000001,3,3
2020,Hungarian Grand Prix,LEC,2,20,SOFT,HARD,21.0,85.893,81.469,-4.424000000000007,3,3
2020,Hungarian Grand Prix,MAG,1,35,MEDIUM,HARD,35.0,83.162,82.922,-0.2400000000000091,3,3
2020,Hungarian Grand Prix,NOR,1,4,INTERMEDIATE,MEDIUM,4.0,97.853,85.483,-12.36999999999999,2,3
2020,Hungarian Grand Prix,NOR,2,35,MEDIUM,HARD,31.0,82.949,80.224,-2.7249999999999943,3,3
2020,Hungarian Grand Prix,OCO,1,4,INTERMEDIATE,MEDIUM,4.0,95.88050000000001,86.014,-9.866500000000016,2,3
2020,Hungarian Grand Prix,OCO,2,31,MEDIUM,HARD,27.0,82.75,82.394,-0.35599999999999454,3,3
2020,Hungarian Grand Prix,PER,2,35,MEDIUM,HARD,37.0,82.479,81.282,-1.1970000000000027,3,3
2020,Hungarian Grand Prix,RAI,2,33,MEDIUM,HARD,30.0,83.431,82.241,-1.1899999999999977,3,3
2020,Hungarian Grand Prix,RIC,1,4,INTERMEDIATE,MEDIUM,4.0,96.2145,85.192,-11.022500000000008,2,3
2020,Hungarian Grand Prix,RIC,2,43,MEDIUM,MEDIUM,42.0,81.566,79.727,-1.8389999999999986,3,3
2020,Hungarian Grand Prix,RUS,1,4,INTERMEDIATE,SOFT,4.0,98.2305,85.588,-12.642500000000013,2,3
2020,Hungarian Grand Prix,RUS,2,19,SOFT,MEDIUM,15.0,86.089,82.493,-3.5960000000000036,3,3
2020,Hungarian Grand Prix,RUS,3,50,MEDIUM,MEDIUM,31.0,81.458,80.238,-1.2199999999999989,3,3
2020,Hungarian Grand Prix,SAI,2,40,MEDIUM,HARD,37.0,81.865,80.233,-1.6319999999999908,3,3
2020,Hungarian Grand Prix,STR,2,35,MEDIUM,MEDIUM,35.0,83.151,81.144,-2.006999999999991,3,3
2020,Hungarian Grand Prix,STR,3,52,MEDIUM,HARD,22.0,81.207,80.012,-1.1949999999999932,3,3
2020,Hungarian Grand Prix,VER,1,4,INTERMEDIATE,MEDIUM,4.0,93.8965,83.206,-10.6905,2,3
2020,Hungarian Grand Prix,VER,2,36,MEDIUM,HARD,32.0,82.736,80.265,-2.4710000000000036,3,3
2020,Hungarian Grand Prix,VET,2,29,MEDIUM,HARD,26.0,83.042,80.786,-2.2560000000000002,3,3
2020,Italian Grand Prix,ALB,1,22,SOFT,HARD,25.0,86.167,87.314,1.1469999999999914,3,3
2020,Italian Grand Prix,ALB,2,26,MEDIUM,HARD,4.0,86.167,87.314,1.1469999999999914,3,3
2020,Italian Grand Prix,BOT,1,22,SOFT,MEDIUM,25.0,85.789,87.662,1.8730000000000047,3,3
2020,Italian Grand Prix,BOT,2,26,MEDIUM,MEDIUM,4.0,85.789,86.085,0.29599999999999227,3,3
2020,Italian Grand Prix,GAS,1,19,SOFT,HARD,22.0,86.35,86.016,-0.333999999999989,3,3
2020,Italian Grand Prix,GAS,2,26,HARD,MEDIUM,7.0,86.35,84.707,-1.6430000000000007,3,3
2020,Italian Grand Prix,GIO,1,20,MEDIUM,HARD,20.0,86.623,85.496,-1.1270000000000095,3,3
2020,Italian Grand Prix,GIO,2,26,HARD,SOFT,6.0,86.623,85.338,-1.2850000000000108,3,3
2020,Italian Grand Prix,GIO,3,30,SOFT,SOFT,4.0,86.623,85.252,-1.3710000000000093,3,3
2020,Italian Grand Prix,GRO,1,22,MEDIUM,HARD,22.0,86.764,86.862,0.09799999999999898,3,3
2020,Italian Grand Prix,GRO,2,26,HARD,HARD,4.0,86.764,86.862,0.09799999999999898,3,3
2020,Italian Grand Prix,HAM,1,20,SOFT,MEDIUM,23.0,84.795,83.504,-1.2909999999999968,3,3
2020,Italian Grand Prix,HAM,2,26,MEDIUM,HARD,6.0,84.768,83.464,-1.304000000000002,3,3
2020,Italian Grand Prix,HAM,3,28,HARD,HARD,2.0,84.768,83.464,-1.304000000000002,3,3
2020,Italian Grand Prix,KVY,1,22,HARD,MEDIUM,22.0,86.424,84.816,-1.608000000000004,3,3
2020,Italian Grand Prix,KVY,2,26,MEDIUM,MEDIUM,4.0,86.424,84.816,-1.608000000000004,3,3
2020,Italian Grand Prix,LAT,1,16,MEDIUM,HARD,16.0,86.551,89.279,2.7279999999999944,3,3
2020,Italian Grand Prix,LAT,2,26,HARD,MEDIUM,10.0,86.52,87.61,1.0900000000000034,3,3
2020,Italian Grand Prix,NOR,1,22,SOFT,MEDIUM,25.0,85.724,87.636,1.911999999999992,3,3
2020,Italian Grand Prix,NOR,2,26,MEDIUM,MEDIUM,4.0,85.796,85.769,-0.027000000000001023,3,3
2020,Italian Grand Prix,OCO,1,22,SOFT,SOFT,22.0,86.062,86.462,0.4000000000000057,3,3
2020,Italian Grand Prix,OCO,2,26,MEDIUM,SOFT,4.0,86.062,86.462,0.4000000000000057,3,3
2020,Italian Grand Prix,PER,1,22,SOFT,MEDIUM,25.0,85.596,86.391,0.7950000000000017,3,3
2020,Italian Grand Prix,PER,2,26,MEDIUM,MEDIUM,4.0,85.596,86.391,0.7950000000000017,3,3
2020,Italian Grand Prix,RAI,1,18,MEDIUM,HARD,18.0,86.341,87.134,0.7930000000000064,3,3
2020,Italian Grand Prix,RAI,2,26,HARD,SOFT,8.0,86.492,84.955,-1.5370000000000061,3,3
2020,Italian Grand Prix,RIC,1,22,SOFT,MEDIUM,25.0,85.644,87.928,2.283999999999992,3,3
2020,Italian Grand Prix,RIC,2,26,MEDIUM,MEDIUM,4.0,85.682,86.084,0.402000000000001,3,3
2020,Italian Grand Prix,RUS,1,22,MEDIUM,MEDIUM,22.0,86.498,87.271,0.7729999999999961,3,3
2020,Italian Grand Prix,RUS,2,26,HARD,MEDIUM,4.0,86.498,87.271,0.7729999999999961,3,3
2020,Italian Grand Prix,SAI,1,22,SOFT,MEDIUM,25.0,85.646,87.151,1.5049999999999955,3,3
2020,Italian Grand Prix,SAI,2,26,MEDIUM,MEDIUM,4.0,85.797,85.111,-0.6859999999999928,3,3
2020,Italian Grand Prix,STR,1,26,SOFT,MEDIUM,29.0,85.782,85.171,-0.61099999999999,3,3
2020,Italian Grand Prix,VER,1,22,SOFT,MEDIUM,25.0,85.955,88.033,2.078000000000003,3,3
2020,Italian Grand Prix,VER,2,26,MEDIUM,MEDIUM,4.0,86.285,108.02950000000001,21.744500000000016,3,2
2020,Portuguese Grand Prix,ALB,1,19,SOFT,MEDIUM,24.0,83.679,81.935,-1.7439999999999998,3,3
2020,Portuguese Grand Prix,ALB,2,46,MEDIUM,SOFT,32.0,81.799,81.286,-0.5130000000000052,3,3
2020,Portuguese Grand Prix,BOT,1,41,MEDIUM,HARD,44.0,81.406,81.556,0.14999999999999147,3,3
2020,Portuguese Grand Prix,GAS,1,28,SOFT,MEDIUM,32.0,82.873,82.512,-0.3610000000000042,3,3
2020,Portuguese Grand Prix,GIO,1,28,MEDIUM,HARD,28.0,83.519,82.769,-0.75,3,3
2020,Portuguese Grand Prix,GRO,1,26,MEDIUM,HARD,26.0,83.253,82.877,-0.3760000000000048,3,3
2020,Portuguese Grand Prix,HAM,1,40,MEDIUM,HARD,45.0,80.77,80.654,-0.11599999999999966,3,3
2020,Portuguese Grand Prix,KVY,1,25,MEDIUM,HARD,25.0,83.239,83.664,0.42499999999999716,3,3
2020,Portuguese Grand Prix,KVY,2,55,HARD,SOFT,31.0,82.76,81.229,-1.531000000000006,3,3
2020,Portuguese Grand Prix,LAT,1,24,MEDIUM,HARD,24.0,83.804,83.955,0.15099999999999625,3,3
2020,Portuguese Grand Prix,LEC,1,34,MEDIUM,HARD,39.0,82.075,81.596,-0.4789999999999992,3,3
2020,Portuguese Grand Prix,MAG,1,31,HARD,MEDIUM,31.0,84.385,83.837,-0.5480000000000018,3,3
2020,Portuguese Grand Prix,NOR,1,18,SOFT,HARD,22.0,83.665,83.664,-0.0010000000000047748,3,3
2020,Portuguese Grand Prix,NOR,2,43,HARD,MEDIUM,25.0,82.306,81.352,-0.9539999999999935,3,3
2020,Portuguese Grand Prix,OCO,1,53,MEDIUM,SOFT,53.0,81.93,81.217,-0.7130000000000081,3,3
2020,Portuguese Grand Prix,PER,2,45,MEDIUM,SOFT,44.0,81.509,80.861,-0.6479999999999961,3,3
2020,Portuguese Grand Prix,RAI,1,11,SOFT,MEDIUM,11.0,85.108,82.67,-2.4380000000000024,3,3
2020,Portuguese Grand Prix,RIC,1,14,SOFT,MEDIUM,19.0,84.672,82.909,-1.762999999999991,3,3
2020,Portuguese Grand Prix,RUS,1,36,MEDIUM,HARD,36.0,83.006,82.392,-0.6140000000000043,3,3
2020,Portuguese Grand Prix,SAI,1,26,SOFT,MEDIUM,31.0,83.313,81.944,-1.3689999999999998,3,3
2020,Portuguese Grand Prix,STR,1,18,MEDIUM,HARD,18.0,83.44,83.993,0.5529999999999973,3,3
2020,Portuguese Grand Prix,STR,2,34,HARD,SOFT,16.0,82.947,82.359,-0.5880000000000081,3,3
2020,Portuguese Grand Prix,VER,1,23,SOFT,MEDIUM,27.0,82.522,82.09,-0.43200000000000216,3,3
2020,Portuguese Grand Prix,VET,1,27,MEDIUM,HARD,31.0,82.849,82.051,-0.7980000000000018,3,3
2020,Russian Grand Prix,ALB,2,27,HARD,MEDIUM,26.0,101.549,99.262,-2.287000000000006,3,3
2020,Russian Grand Prix,BOT,1,26,MEDIUM,HARD,29.0,99.403,98.264,-1.13900000000001,3,3
2020,Russian Grand Prix,GAS,1,18,SOFT,HARD,21.0,102.222,101.557,-0.664999999999992,3,3
2020,Russian Grand Prix,GAS,2,42,HARD,MEDIUM,24.0,99.275,101.314,2.0389999999999873,3,3
2020,Russian Grand Prix,GIO,1,16,MEDIUM,HARD,16.0,102.876,101.592,-1.284000000000006,3,3
2020,Russian Grand Prix,GRO,1,17,MEDIUM,HARD,17.0,102.473,101.21,-1.2630000000000052,3,3
2020,Russian Grand Prix,GRO,2,42,HARD,MEDIUM,25.0,101.391,99.891,-1.5,3,3
2020,Russian Grand Prix,HAM,1,16,SOFT,HARD,19.0,99.773,100.13,0.3569999999999993,3,3
2020,Russian Grand Prix,KVY,1,30,HARD,MEDIUM,30.0,100.978,99.602,-1.3759999999999906,3,3
2020,Russian Grand Prix,LAT,1,17,MEDIUM,HARD,17.0,103.041,101.56,-1.4809999999999945,3,3
2020,Russian Grand Prix,LEC,1,28,MEDIUM,HARD,28.0,100.558,99.742,-0.8160000000000025,3,3
2020,Russian Grand Prix,MAG,1,19,MEDIUM,HARD,19.0,102.079,100.839,-1.2399999999999949,3,3
2020,Russian Grand Prix,NOR,2,47,HARD,MEDIUM,46.0,101.753,97.819,-3.9339999999999975,3,3
2020,Russian Grand Prix,OCO,1,18,SOFT,HARD,21.0,101.422,101.56,0.13800000000000523,3,3
2020,Russian Grand Prix,PER,1,20,SOFT,HARD,23.0,100.859,99.755,-1.1039999999999992,3,3
2020,Russian Grand Prix,RAI,1,35,HARD,MEDIUM,35.0,101.86,99.546,-2.313999999999993,3,3
2020,Russian Grand Prix,RIC,1,15,SOFT,HARD,18.0,101.77,101.271,-0.4989999999999952,3,3
2020,Russian Grand Prix,RUS,2,14,HARD,MEDIUM,13.0,105.342,101.875,-3.4669999999999987,3,3
2020,Russian Grand Prix,VER,1,25,MEDIUM,HARD,28.0,100.266,99.287,-0.9789999999999992,3,3
2020,Russian Grand Prix,VET,1,30,MEDIUM,HARD,30.0,103.088,100.062,-3.0259999999999962,3,3
2020,Sakhir Grand Prix,AIT,1,31,MEDIUM,HARD,31.0,59.8,58.218,-1.5819999999999936,3,3
2020,Sakhir Grand Prix,AIT,2,54,HARD,MEDIUM,23.0,58.667,57.454,-1.213000000000001,3,3
2020,Sakhir Grand Prix,AIT,3,59,MEDIUM,SOFT,5.0,57.454,58.283,0.8290000000000006,3,3
2020,Sakhir Grand Prix,ALB,1,47,MEDIUM,HARD,47.0,58.591,57.488,-1.1030000000000015,3,3
2020,Sakhir Grand Prix,ALB,2,62,HARD,SOFT,15.0,57.475,57.792,0.31700000000000017,3,3
2020,Sakhir Grand Prix,BOT,1,49,MEDIUM,HARD,53.0,58.29,56.705,-1.5850000000000009,3,3
2020,Sakhir Grand Prix,BOT,2,62,HARD,HARD,13.0,56.613,58.159,1.5459999999999994,3,3
2020,Sakhir Grand Prix,FIT,1,31,SOFT,MEDIUM,31.0,59.978,58.33,-1.6480000000000032,3,3
2020,Sakhir Grand Prix,FIT,2,53,MEDIUM,SOFT,22.0,59.125,57.747,-1.3780000000000001,3,3
2020,Sakhir Grand Prix,FIT,3,63,SOFT,SOFT,14.0,57.747,58.874,1.1270000000000024,3,3
2020,Sakhir Grand Prix,GAS,1,28,SOFT,MEDIUM,31.0,59.153,57.954,-1.198999999999998,3,3
2020,Sakhir Grand Prix,GAS,2,51,MEDIUM,HARD,29.0,58.425,57.46,-0.9649999999999963,3,3
2020,Sakhir Grand Prix,GIO,1,26,MEDIUM,HARD,26.0,59.59,58.418,-1.1720000000000041,3,3
2020,Sakhir Grand Prix,GIO,2,54,HARD,MEDIUM,28.0,58.893,57.131,-1.7620000000000005,3,3
2020,Sakhir Grand Prix,KVY,1,27,SOFT,MEDIUM,30.0,59.106,57.803,-1.3030000000000044,3,3
2020,Sakhir Grand Prix,KVY,2,53,MEDIUM,HARD,28.0,58.414,57.381,-1.0330000000000013,3,3
2020,Sakhir Grand Prix,LAT,1,27,SOFT,MEDIUM,27.0,59.577,58.523,-1.053999999999995,3,3
2020,Sakhir Grand Prix,MAG,1,26,SOFT,MEDIUM,26.0,59.666,58.394,-1.2719999999999985,3,3
2020,Sakhir Grand Prix,MAG,2,54,MEDIUM,SOFT,28.0,59.572,57.749,-1.8230000000000004,3,3
2020,Sakhir Grand Prix,NOR,1,20,SOFT,MEDIUM,20.0,59.291,58.8,-0.49099999999999966,3,3
2020,Sakhir Grand Prix,NOR,2,54,MEDIUM,MEDIUM,34.0,59.017,57.791,-1.2260000000000062,3,3
2020,Sakhir Grand Prix,OCO,1,41,MEDIUM,HARD,41.0,58.693,57.49,-1.2029999999999959,3,3
2020,Sakhir Grand Prix,PER,2,47,MEDIUM,HARD,46.0,58.305,57.052,-1.2530000000000001,3,3
2020,Sakhir Grand Prix,RAI,1,23,MEDIUM,HARD,23.0,59.888,58.73,-1.1580000000000013,3,3
2020,Sakhir Grand Prix,RAI,2,54,HARD,MEDIUM,31.0,58.876,57.382,-1.4939999999999998,3,3
2020,Sakhir Grand Prix,RAI,3,62,MEDIUM,SOFT,8.0,57.812,58.621,0.8090000000000046,3,3
2020,Sakhir Grand Prix,RIC,1,29,SOFT,MEDIUM,32.0,58.765,57.908,-0.8569999999999993,3,3
2020,Sakhir Grand Prix,RIC,2,55,MEDIUM,HARD,26.0,58.034,57.166,-0.8680000000000021,3,3
2020,Sakhir Grand Prix,RUS,1,45,MEDIUM,HARD,49.0,58.165,56.731,-1.4339999999999975,3,3
2020,Sakhir Grand Prix,RUS,2,62,HARD,MEDIUM,17.0,56.975,57.533,0.5579999999999998,3,3
2020,Sakhir Grand Prix,RUS,3,63,MEDIUM,MEDIUM,4.0,56.975,57.533,0.5579999999999998,3,3
2020,Sakhir Grand Prix,RUS,4,78,MEDIUM,SOFT,21.0,56.442,56.542,0.10000000000000142,3,3
2020,Sakhir Grand Prix,SAI,1,28,SOFT,MEDIUM,31.0,58.635,58.196,-0.43900000000000006,3,3
2020,Sakhir Grand Prix,SAI,2,55,MEDIUM,MEDIUM,27.0,58.174,57.28,-0.8939999999999984,3,3
2020,Sakhir Grand Prix,STR,1,42,SOFT,MEDIUM,45.0,58.643,57.464,-1.179000000000002,3,3
2020,Sakhir Grand Prix,VET,1,31,MEDIUM,HARD,33.0,59.343,58.126,-1.2170000000000059,3,3
2020,Sakhir Grand Prix,VET,2,54,HARD,SOFT,23.0,58.409,57.065,-1.3440000000000012,3,3
2020,Sakhir Grand Prix,VET,3,63,SOFT,SOFT,9.0,57.141,58.203,1.0620000000000047,3,3
2020,Spanish Grand Prix,ALB,1,17,SOFT,HARD,20.0,85.469,85.605,0.1360000000000099,3,3
2020,Spanish Grand Prix,ALB,2,39,HARD,MEDIUM,22.0,84.201,83.007,-1.1939999999999884,3,3
2020,Spanish Grand Prix,BOT,1,23,SOFT,MEDIUM,26.0,84.337,82.991,-1.3460000000000036,3,3
2020,Spanish Grand Prix,BOT,2,48,MEDIUM,SOFT,25.0,83.068,81.885,-1.1829999999999927,3,3
2020,Spanish Grand Prix,GAS,1,21,SOFT,MEDIUM,24.0,85.539,85.181,-0.3580000000000041,3,3
2020,Spanish Grand Prix,GAS,2,42,MEDIUM,MEDIUM,21.0,84.041,83.544,-0.4969999999999999,3,3
2020,Spanish Grand Prix,GIO,1,21,MEDIUM,MEDIUM,21.0,86.496,83.946,-2.549999999999997,3,3
2020,Spanish Grand Prix,GIO,2,45,MEDIUM,SOFT,24.0,85.121,82.46,-2.6610000000000014,3,3
2020,Spanish Grand Prix,GRO,1,32,MEDIUM,SOFT,33.0,87.232,83.569,-3.6629999999999967,3,3
2020,Spanish Grand Prix,HAM,1,23,SOFT,MEDIUM,26.0,83.41,83.67,0.2600000000000051,3,3
2020,Spanish Grand Prix,HAM,2,50,MEDIUM,MEDIUM,27.0,82.149,80.892,-1.257000000000005,3,3
2020,Spanish Grand Prix,KVY,1,21,SOFT,MEDIUM,21.0,85.74,83.987,-1.7530000000000001,3,3
2020,Spanish Grand Prix,KVY,2,45,MEDIUM,MEDIUM,24.0,84.37,82.476,-1.8940000000000055,3,3
2020,Spanish Grand Prix,LAT,1,28,MEDIUM,MEDIUM,28.0,87.954,83.461,-4.492999999999995,3,3
2020,Spanish Grand Prix,LAT,2,49,MEDIUM,SOFT,21.0,83.794,82.937,-0.8569999999999993,3,3
2020,Spanish Grand Prix,LEC,1,29,SOFT,MEDIUM,32.0,85.712,85.198,-0.51400000000001,3,3
2020,Spanish Grand Prix,MAG,1,28,SOFT,MEDIUM,31.0,85.596,84.319,-1.277000000000001,3,3
2020,Spanish Grand Prix,NOR,1,21,SOFT,SOFT,24.0,85.011,84.992,-0.018999999999991246,3,3
2020,Spanish Grand Prix,NOR,2,44,SOFT,MEDIUM,26.0,84.031,83.404,-0.6270000000000095,3,3
2020,Spanish Grand Prix,OCO,1,34,MEDIUM,SOFT,34.0,85.348,84.746,-0.6020000000000039,3,3
2020,Spanish Grand Prix,PER,1,29,SOFT,MEDIUM,32.0,86.186,84.669,-1.5170000000000101,3,3
2020,Spanish Grand Prix,RAI,1,20,MEDIUM,MEDIUM,20.0,86.17,83.929,-2.2409999999999997,3,3
2020,Spanish Grand Prix,RAI,2,44,MEDIUM,SOFT,27.0,85.342,82.191,-3.1509999999999962,3,3
2020,Spanish Grand Prix,RIC,1,35,MEDIUM,SOFT,35.0,85.299,85.005,-0.29400000000001114,3,3
2020,Spanish Grand Prix,RUS,1,19,SOFT,MEDIUM,19.0,85.839,83.916,-1.9230000000000018,3,3
2020,Spanish Grand Prix,RUS,2,35,MEDIUM,MEDIUM,16.0,84.893,83.157,-1.7360000000000042,3,3
2020,Spanish Grand Prix,SAI,1,22,SOFT,SOFT,25.0,85.468,85.591,0.12299999999999045,3,3
2020,Spanish Grand Prix,SAI,2,41,SOFT,MEDIUM,22.0,84.381,83.323,-1.058000000000007,3,3
2020,Spanish Grand Prix,STR,1,27,SOFT,MEDIUM,30.0,86.104,84.486,-1.617999999999995,3,3
2020,Spanish Grand Prix,STR,2,42,MEDIUM,SOFT,15.0,84.413,83.162,-1.2509999999999906,3,3
2020,Spanish Grand Prix,VER,1,21,SOFT,MEDIUM,24.0,84.089,83.582,-0.507000000000005,3,3
2020,Spanish Grand Prix,VER,2,41,MEDIUM,MEDIUM,20.0,83.775,82.221,-1.554000000000002,3,3
2020,Spanish Grand Prix,VET,1,29,MEDIUM,SOFT,29.0,85.811,84.197,-1.6140000000000043,3,3
2020,Styrian Grand Prix,ALB,1,35,SOFT,MEDIUM,35.0,68.893,68.193,-0.7000000000000028,3,3
2020,Styrian Grand Prix,BOT,1,34,SOFT,MEDIUM,34.0,68.754,67.998,-0.7560000000000002,3,3
2020,Styrian Grand Prix,GAS,1,24,SOFT,HARD,24.0,70.562,69.744,-0.8179999999999978,3,3
2020,Styrian Grand Prix,GAS,2,49,HARD,SOFT,25.0,69.601,68.565,-1.0360000000000014,3,3
2020,Styrian Grand Prix,GIO,1,39,MEDIUM,SOFT,39.0,70.233,68.935,-1.2980000000000018,3,3
2020,Styrian Grand Prix,GRO,1,37,SOFT,MEDIUM,37.0,69.943,68.478,-1.4650000000000034,3,3
2020,Styrian Grand Prix,HAM,1,27,SOFT,MEDIUM,27.0,68.482,68.071,-0.41100000000000136,3,3
2020,Styrian Grand Prix,KVY,1,36,MEDIUM,HARD,36.0,69.809,69.345,-0.46399999999999864,3,3
2020,Styrian Grand Prix,LAT,1,32,MEDIUM,SOFT,32.0,70.475,69.775,-0.6999999999999886,3,3
2020,Styrian Grand Prix,MAG,1,31,SOFT,MEDIUM,31.0,69.792,68.996,-0.7960000000000065,3,3
2020,Styrian Grand Prix,NOR,1,39,SOFT,MEDIUM,39.0,69.337,68.087,-1.25,3,3
2020,Styrian Grand Prix,PER,1,38,SOFT,MEDIUM,38.0,68.662,68.047,-0.6150000000000091,3,3
2020,Styrian Grand Prix,RAI,1,44,MEDIUM,SOFT,44.0,69.42,69.026,-0.39400000000000546,3,3
2020,Styrian Grand Prix,RIC,1,37,MEDIUM,SOFT,37.0,68.795,68.379,-0.4159999999999968,3,3
2020,Styrian Grand Prix,RUS,1,34,SOFT,MEDIUM,34.0,71.191,68.844,-2.3470000000000084,3,3
2020,Styrian Grand Prix,SAI,1,32,SOFT,MEDIUM,32.0,69.472,68.957,-0.5150000000000006,3,3
2020,Styrian Grand Prix,SAI,2,66,MEDIUM,SOFT,34.0,68.136,67.455,-0.6809999999999974,3,3
2020,Styrian Grand Prix,STR,1,33,SOFT,MEDIUM,33.0,69.216,68.879,-0.3369999999999891,3,3
2020,Styrian Grand Prix,VER,1,24,SOFT,MEDIUM,24.0,68.831,68.376,-0.4549999999999983,3,3
2020,Styrian Grand Prix,VER,2,68,MEDIUM,SOFT,44.0,68.501,66.372,-2.129000000000005,3,2
2020,Turkish Grand Prix,ALB,1,12,WET,INTERMEDIATE,12.0,110.44,103.35,-7.090000000000003,3,3
2020,Turkish Grand Prix,ALB,2,34,INTERMEDIATE,INTERMEDIATE,22.0,103.293,102.423,-0.8700000000000045,3,3
2020,Turkish Grand Prix,BOT,1,7,WET,INTERMEDIATE,7.0,118.218,110.923,-7.295000000000002,3,3
2020,Turkish Grand Prix,BOT,2,46,INTERMEDIATE,INTERMEDIATE,42.0,100.673,101.793,1.1200000000000045,3,3
2020,Turkish Grand Prix,GAS,1,10,WET,INTERMEDIATE,14.0,116.14,109.076,-7.064000000000007,3,3
2020,Turkish Grand Prix,GAS,2,33,INTERMEDIATE,INTERMEDIATE,23.0,103.968,103.508,-0.46000000000000796,3,3
2020,Turkish Grand Prix,GIO,1,8,WET,INTERMEDIATE,19.0,117.201,112.3905,-4.8104999999999905,3,2
2020,Turkish Grand Prix,GRO,1,8,WET,INTERMEDIATE,9.0,118.713,111.162,-7.550999999999988,3,3
2020,Turkish Grand Prix,GRO,2,36,INTERMEDIATE,INTERMEDIATE,28.0,104.128,105.123,0.9950000000000045,3,3
2020,Turkish Grand Prix,HAM,1,8,WET,INTERMEDIATE,8.0,113.283,109.209,-4.073999999999998,3,3
2020,Turkish Grand Prix,KVY,1,8,WET,INTERMEDIATE,9.0,117.199,112.051,-5.147999999999996,3,3
2020,Turkish Grand Prix,LAT,1,8,INTERMEDIATE,INTERMEDIATE,8.0,123.251,115.835,-7.416000000000011,3,3
2020,Turkish Grand Prix,LEC,1,6,WET,INTERMEDIATE,8.0,119.889,110.429,-9.459999999999994,3,3
2020,Turkish Grand Prix,LEC,2,30,INTERMEDIATE,INTERMEDIATE,24.0,103.496,100.962,-2.533999999999992,3,3
2020,Turkish Grand Prix,MAG,1,8,WET,INTERMEDIATE,10.0,115.193,109.969,-5.224000000000004,3,3
2020,Turkish Grand Prix,MAG,2,34,INTERMEDIATE,INTERMEDIATE,26.0,102.989,102.92,-0.06900000000000261,3,3
2020,Turkish Grand Prix,NOR,1,9,WET,INTERMEDIATE,10.0,116.555,108.431,-8.12400000000001,3,3
2020,Turkish Grand Prix,NOR,2,36,INTERMEDIATE,INTERMEDIATE,27.0,101.427,100.329,-1.0980000000000132,3,3
2020,Turkish Grand Prix,OCO,2,10,WET,INTERMEDIATE,19.0,115.056,106.99,-8.066000000000003,3,3
2020,Turkish Grand Prix,PER,1,10,WET,INTERMEDIATE,11.0,113.194,105.323,-7.871000000000009,3,3
2020,Turkish Grand Prix,RAI,1,8,WET,INTERMEDIATE,17.0,116.634,112.178,-4.456000000000003,3,3
2020,Turkish Grand Prix,RAI,2,30,INTERMEDIATE,INTERMEDIATE,22.0,105.468,103.68,-1.7879999999999967,3,3
2020,Turkish Grand Prix,RAI,3,50,INTERMEDIATE,INTERMEDIATE,23.0,107.432,101.503,-5.929000000000002,3,3
2020,Turkish Grand Prix,RIC,1,10,WET,INTERMEDIATE,21.0,112.799,106.657,-6.14200000000001,3,3
2020,Turkish Grand Prix,RIC,2,32,INTERMEDIATE,INTERMEDIATE,22.0,104.575,103.969,-0.6060000000000088,3,3
2020,Turkish Grand Prix,RUS,1,32,INTERMEDIATE,INTERMEDIATE,32.0,104.622,103.942,-0.6800000000000068,3,3
2020,Turkish Grand Prix,RUS,2,42,INTERMEDIATE,INTERMEDIATE,10.0,107.757,103.467,-4.290000000000006,3,3
2020,Turkish Grand Prix,SAI,1,10,WET,INTERMEDIATE,16.0,112.726,106.712,-6.013999999999996,3,3
2020,Turkish Grand Prix,SAI,2,33,INTERMEDIATE,INTERMEDIATE,23.0,104.048,101.574,-2.4740000000000038,3,3
2020,Turkish Grand Prix,STR,1,9,WET,INTERMEDIATE,11.0,114.053,106.571,-7.481999999999999,3,3
2020,Turkish Grand Prix,STR,2,36,INTERMEDIATE,INTERMEDIATE,27.0,103.96,106.463,2.503,3,3
2020,Turkish Grand Prix,VER,1,11,WET,INTERMEDIATE,25.0,111.091,105.189,-5.902000000000001,3,3
2020,Turkish Grand Prix,VER,2,18,INTERMEDIATE,INTERMEDIATE,7.0,105.353,102.093,-3.259999999999991,3,3
2020,Turkish Grand Prix,VER,3,43,INTERMEDIATE,INTERMEDIATE,33.0,102.293,100.797,-1.4960000000000093,3,3
2020,Turkish Grand Prix,VET,1,8,WET,INTERMEDIATE,10.0,113.284,109.439,-3.845000000000013,3,3
2020,Turkish Grand Prix,VET,2,33,INTERMEDIATE,INTERMEDIATE,25.0,103.835,102.949,-0.8859999999999957,3,3
2020,Tuscan Grand Prix,ALB,3,32,SOFT,MEDIUM,26.0,84.459,82.314,-2.1450000000000102,3,3
2020,Tuscan Grand Prix,ALB,4,43,MEDIUM,SOFT,11.0,82.154,81.037,-1.1169999999999902,3,3
2020,Tuscan Grand Prix,ALB,5,45,SOFT,SOFT,5.0,82.154,81.037,-1.1169999999999902,3,3
2020,Tuscan Grand Prix,BOT,3,31,MEDIUM,HARD,23.0,84.521,81.874,-2.6470000000000056,3,3
2020,Tuscan Grand Prix,BOT,4,43,HARD,SOFT,12.0,82.147,81.001,-1.1460000000000008,3,3
2020,Tuscan Grand Prix,BOT,5,45,MEDIUM,SOFT,2.0,82.147,81.001,-1.1460000000000008,3,3
2020,Tuscan Grand Prix,GRO,3,28,SOFT,HARD,20.0,86.063,84.652,-1.4110000000000014,3,3
2020,Tuscan Grand Prix,GRO,4,42,HARD,SOFT,15.0,84.951,83.268,-1.6829999999999927,3,3
2020,Tuscan Grand Prix,GRO,5,44,SOFT,SOFT,5.0,84.951,83.268,-1.6829999999999927,3,3
2020,Tuscan Grand Prix,HAM,3,32,MEDIUM,HARD,24.0,83.074,82.261,-0.8130000000000024,3,3
2020,Tuscan Grand Prix,HAM,4,44,HARD,SOFT,12.0,82.354,80.153,-2.2009999999999934,3,3
2020,Tuscan Grand Prix,HAM,5,45,MEDIUM,SOFT,1.0,82.354,80.153,-2.2009999999999934,3,3
2020,Tuscan Grand Prix,KVY,3,29,SOFT,MEDIUM,21.0,85.205,83.047,-2.1580000000000013,3,3
2020,Tuscan Grand Prix,KVY,4,43,MEDIUM,SOFT,22.0,83.405,82.451,-0.9540000000000077,3,3
2020,Tuscan Grand Prix,KVY,5,45,SOFT,SOFT,4.0,83.405,82.451,-0.9540000000000077,3,3
2020,Tuscan Grand Prix,LEC,3,21,SOFT,HARD,16.0,85.738,84.285,-1.453000000000003,3,3
2020,Tuscan Grand Prix,LEC,4,37,HARD,MEDIUM,16.0,83.862,82.695,-1.1670000000000016,3,3
2020,Tuscan Grand Prix,LEC,5,45,MEDIUM,SOFT,8.0,82.827,82.942,0.11499999999999488,3,3
2020,Tuscan Grand Prix,NOR,3,29,SOFT,MEDIUM,24.0,84.868,83.202,-1.6659999999999968,3,3
2020,Tuscan Grand Prix,NOR,4,43,MEDIUM,SOFT,14.0,82.698,82.581,-0.11699999999999022,3,3
2020,Tuscan Grand Prix,NOR,5,45,SOFT,SOFT,5.0,82.698,82.581,-0.11699999999999022,3,3
2020,Tuscan Grand Prix,PER,3,28,SOFT,MEDIUM,23.0,85.305,83.15,-2.155000000000001,3,3
2020,Tuscan Grand Prix,PER,4,43,MEDIUM,SOFT,15.0,82.67,81.827,-0.8430000000000035,3,3
2020,Tuscan Grand Prix,PER,5,45,SOFT,SOFT,5.0,82.67,81.827,-0.8430000000000035,3,3
2020,Tuscan Grand Prix,RAI,4,27,MEDIUM,HARD,26.0,85.561,84.055,-1.5060000000000002,3,3
2020,Tuscan Grand Prix,RAI,5,42,HARD,SOFT,15.0,84.353,82.83,-1.5229999999999961,3,3
2020,Tuscan Grand Prix,RAI,6,44,SOFT,SOFT,2.0,84.353,82.83,-1.5229999999999961,3,3
2020,Tuscan Grand Prix,RIC,3,27,SOFT,MEDIUM,21.0,84.049,83.555,-0.4939999999999998,3,3
2020,Tuscan Grand Prix,RIC,4,43,MEDIUM,SOFT,16.0,82.483,81.53,-0.953000000000003,3,3
2020,Tuscan Grand Prix,RIC,5,45,SOFT,SOFT,13.0,82.483,81.53,-0.953000000000003,3,3
2020,Tuscan Grand Prix,RUS,3,29,MEDIUM,HARD,21.0,85.895,84.114,-1.7809999999999917,3,3
2020,Tuscan Grand Prix,RUS,4,43,HARD,SOFT,14.0,84.215,83.823,-0.3920000000000101,3,3
2020,Tuscan Grand Prix,RUS,5,45,SOFT,SOFT,2.0,84.215,83.823,-0.3920000000000101,3,3
2020,Tuscan Grand Prix,STR,3,30,SOFT,MEDIUM,24.0,84.301,83.153,-1.1479999999999961,3,3
2020,Tuscan Grand Prix,VET,4,28,SOFT,HARD,23.0,85.756,84.076,-1.6800000000000068,3,3
2020,Tuscan Grand Prix,VET,5,43,HARD,SOFT,15.0,84.271,83.368,-0.9030000000000058,3,3
2020,Tuscan Grand Prix,VET,6,45,SOFT,SOFT,5.0,84.271,83.368,-0.9030000000000058,3,3
2021,Abu Dhabi Grand Prix,ALO,1,36,HARD,MEDIUM,37.0,89.13,89.256,0.12600000000000477,3,3
2021,Abu Dhabi Grand Prix,BOT,1,30,MEDIUM,HARD,35.0,89.131,88.776,-0.355000000000004,3,3
2021,Abu Dhabi Grand Prix,GAS,1,36,HARD,MEDIUM,36.0,89.076,89.017,-0.0589999999999975,3,3
2021,Abu Dhabi Grand Prix,GIO,1,17,MEDIUM,HARD,17.0,90.55,90.001,-0.5489999999999924,3,3
2021,Abu Dhabi Grand Prix,HAM,1,14,MEDIUM,HARD,17.0,88.258,87.833,-0.42499999999999716,3,3
2021,Abu Dhabi Grand Prix,LAT,1,28,MEDIUM,HARD,28.0,91.067,89.393,-1.6739999999999924,3,3
2021,Abu Dhabi Grand Prix,LEC,1,15,SOFT,HARD,18.0,90.381,89.408,-0.972999999999999,3,3
2021,Abu Dhabi Grand Prix,LEC,2,35,HARD,MEDIUM,20.0,89.148,88.725,-0.4230000000000018,3,3
2021,Abu Dhabi Grand Prix,MSC,1,10,SOFT,HARD,10.0,91.755,90.231,-1.524000000000001,3,3
2021,Abu Dhabi Grand Prix,NOR,1,17,SOFT,HARD,20.0,90.348,89.907,-0.4410000000000025,3,3
2021,Abu Dhabi Grand Prix,NOR,2,48,HARD,MEDIUM,31.0,88.008,86.847,-1.1610000000000014,3,3
2021,Abu Dhabi Grand Prix,OCO,1,15,SOFT,HARD,18.0,90.861,90.024,-0.8370000000000033,3,3
2021,Abu Dhabi Grand Prix,PER,1,21,SOFT,HARD,24.0,91.034,88.513,-2.521000000000001,3,3
2021,Abu Dhabi Grand Prix,PER,2,36,HARD,HARD,15.0,87.423,86.643,-0.7800000000000011,3,3
2021,Abu Dhabi Grand Prix,RAI,1,21,MEDIUM,HARD,21.0,90.68,90.5025,-0.1775000000000091,3,2
2021,Abu Dhabi Grand Prix,RIC,1,18,SOFT,HARD,21.0,90.828,89.33,-1.4980000000000047,3,3
2021,Abu Dhabi Grand Prix,SAI,1,19,SOFT,HARD,22.0,89.591,89.752,0.16100000000000136,3,3
2021,Abu Dhabi Grand Prix,STR,1,21,MEDIUM,HARD,21.0,90.369,89.839,-0.5300000000000011,3,3
2021,Abu Dhabi Grand Prix,TSU,1,23,MEDIUM,HARD,27.0,89.698,89.623,-0.07499999999998863,3,3
2021,Abu Dhabi Grand Prix,VER,1,13,SOFT,HARD,16.0,89.137,88.502,-0.6350000000000051,3,3
2021,Abu Dhabi Grand Prix,VER,2,36,HARD,HARD,23.0,87.761,86.321,-1.4399999999999977,3,3
2021,Abu Dhabi Grand Prix,VET,1,23,MEDIUM,HARD,23.0,90.563,90.202,-0.3610000000000042,3,3
2021,Austrian Grand Prix,ALO,1,32,MEDIUM,HARD,32.0,70.624,69.231,-1.3930000000000007,3,3
2021,Austrian Grand Prix,BOT,1,30,MEDIUM,HARD,33.0,69.726,68.73,-0.9959999999999951,3,3
2021,Austrian Grand Prix,GAS,1,13,SOFT,HARD,16.0,71.155,70.946,-0.20900000000000318,3,3
2021,Austrian Grand Prix,GAS,2,45,HARD,HARD,32.0,69.615,68.738,-0.8769999999999953,3,3
2021,Austrian Grand Prix,GIO,2,29,HARD,HARD,28.0,70.586,69.724,-0.8619999999999948,3,3
2021,Austrian Grand Prix,HAM,1,31,MEDIUM,HARD,34.0,69.776,69.194,-0.5819999999999936,3,3
2021,Austrian Grand Prix,HAM,2,53,HARD,HARD,22.0,69.043,68.272,-0.7710000000000008,3,3
2021,Austrian Grand Prix,LAT,1,33,MEDIUM,HARD,33.0,70.87,69.993,-0.8770000000000095,3,3
2021,Austrian Grand Prix,LEC,1,34,MEDIUM,HARD,37.0,70.24,68.817,-1.4230000000000018,3,3
2021,Austrian Grand Prix,MAZ,1,27,MEDIUM,HARD,27.0,71.804,70.901,-0.9030000000000058,3,3
2021,Austrian Grand Prix,MAZ,2,45,HARD,HARD,18.0,70.923,69.796,-1.1269999999999953,3,3
2021,Austrian Grand Prix,MSC,1,34,MEDIUM,HARD,34.0,70.954,70.038,-0.9159999999999968,3,3
2021,Austrian Grand Prix,NOR,1,30,MEDIUM,HARD,33.0,70.085,69.066,-1.0189999999999912,3,3
2021,Austrian Grand Prix,PER,1,32,MEDIUM,HARD,35.0,70.023,68.917,-1.1059999999999945,3,3
2021,Austrian Grand Prix,RAI,1,37,HARD,MEDIUM,37.0,70.162,70.466,0.30399999999998784,3,3
2021,Austrian Grand Prix,RIC,1,29,MEDIUM,HARD,29.0,70.046,69.46,-0.5860000000000127,3,3
2021,Austrian Grand Prix,RUS,1,30,MEDIUM,HARD,33.0,70.519,69.446,-1.0730000000000075,3,3
2021,Austrian Grand Prix,SAI,1,48,HARD,MEDIUM,48.0,69.835,69.115,-0.7199999999999989,3,3
2021,Austrian Grand Prix,STR,1,14,SOFT,HARD,17.0,71.408,70.664,-0.7439999999999998,3,3
2021,Austrian Grand Prix,STR,2,46,HARD,HARD,32.0,70.262,68.896,-1.3659999999999997,3,3
2021,Austrian Grand Prix,TSU,1,12,SOFT,HARD,15.0,71.44,71.14,-0.29999999999999716,3,3
2021,Austrian Grand Prix,TSU,2,51,HARD,HARD,39.0,69.599,68.677,-0.921999999999997,3,3
2021,Austrian Grand Prix,VER,1,32,MEDIUM,HARD,35.0,69.515,68.728,-0.7870000000000061,3,3
2021,Austrian Grand Prix,VER,2,60,HARD,HARD,28.0,67.992,68.172,0.1799999999999926,3,3
2021,Austrian Grand Prix,VET,1,17,SOFT,HARD,20.0,70.882,70.098,-0.784000000000006,3,3
2021,Austrian Grand Prix,VET,2,49,HARD,HARD,32.0,69.679,68.689,-0.9900000000000091,3,3
2021,Azerbaijan Grand Prix,ALO,1,7,SOFT,HARD,10.0,108.662,109.303,0.6409999999999911,3,3
2021,Azerbaijan Grand Prix,ALO,2,34,HARD,SOFT,27.0,107.235,109.079,1.843999999999994,3,3
2021,Azerbaijan Grand Prix,ALO,3,47,SOFT,SOFT,15.0,106.73,125.3625,18.632499999999993,3,2
2021,Azerbaijan Grand Prix,ALO,4,48,SOFT,SOFT,16.0,106.73,125.3625,18.632499999999993,3,2
2021,Azerbaijan Grand Prix,BOT,1,11,SOFT,HARD,15.0,108.326,107.352,-0.9739999999999895,3,3
2021,Azerbaijan Grand Prix,BOT,2,47,HARD,SOFT,36.0,106.196,119.738,13.542000000000002,3,2
2021,Azerbaijan Grand Prix,BOT,3,48,SOFT,SOFT,5.0,106.196,119.738,13.542000000000002,3,2
2021,Azerbaijan Grand Prix,GAS,1,11,SOFT,HARD,16.0,107.396,107.362,-0.034000000000006025,3,3
2021,Azerbaijan Grand Prix,GIO,2,34,HARD,HARD,32.0,107.362,109.507,2.1450000000000102,3,3
2021,Azerbaijan Grand Prix,GIO,3,47,HARD,SOFT,13.0,106.683,123.607,16.923999999999992,3,2
2021,Azerbaijan Grand Prix,GIO,4,48,HARD,SOFT,14.0,106.683,123.607,16.923999999999992,3,2
2021,Azerbaijan Grand Prix,HAM,1,11,SOFT,HARD,15.0,107.399,106.67,-0.7289999999999992,3,3
2021,Azerbaijan Grand Prix,LAT,1,9,MEDIUM,HARD,9.0,109.322,108.547,-0.7750000000000057,3,3
2021,Azerbaijan Grand Prix,LAT,2,48,HARD,SOFT,39.0,107.077,112.1215,5.044499999999999,3,2
2021,Azerbaijan Grand Prix,LEC,1,9,SOFT,HARD,12.0,108.611,108.105,-0.5060000000000002,3,3
2021,Azerbaijan Grand Prix,MAZ,1,9,SOFT,HARD,9.0,110.664,109.607,-1.0570000000000022,3,3
2021,Azerbaijan Grand Prix,MAZ,2,34,HARD,SOFT,25.0,108.639,108.315,-0.32399999999999807,3,3
2021,Azerbaijan Grand Prix,MAZ,3,44,SOFT,SOFT,12.0,108.846,112.5455,3.6995000000000005,3,2
2021,Azerbaijan Grand Prix,MAZ,4,46,SOFT,SOFT,7.0,108.846,112.5455,3.6995000000000005,3,2
2021,Azerbaijan Grand Prix,MAZ,5,47,SOFT,SOFT,8.0,108.846,112.5455,3.6995000000000005,3,2
2021,Azerbaijan Grand Prix,MAZ,6,48,SOFT,SOFT,9.0,108.846,112.5455,3.6995000000000005,3,2
2021,Azerbaijan Grand Prix,MSC,1,8,SOFT,HARD,8.0,109.824,108.415,-1.4089999999999918,3,3
2021,Azerbaijan Grand Prix,MSC,2,34,HARD,SOFT,26.0,108.489,108.709,0.21999999999999886,3,3
2021,Azerbaijan Grand Prix,MSC,3,44,SOFT,SOFT,12.0,107.89,112.849,4.959000000000003,3,3
2021,Azerbaijan Grand Prix,MSC,4,47,SOFT,SOFT,5.0,108.923,112.855,3.932000000000002,3,2
2021,Azerbaijan Grand Prix,MSC,5,48,SOFT,SOFT,6.0,108.923,112.855,3.932000000000002,3,2
2021,Azerbaijan Grand Prix,NOR,1,7,SOFT,HARD,10.0,108.772,107.474,-1.2980000000000018,3,3
2021,Azerbaijan Grand Prix,NOR,2,47,HARD,SOFT,40.0,106.085,127.27699999999999,21.191999999999993,3,2
2021,Azerbaijan Grand Prix,NOR,3,48,HARD,SOFT,41.0,106.085,127.27699999999999,21.191999999999993,3,2
2021,Azerbaijan Grand Prix,PER,1,13,SOFT,HARD,16.0,106.881,106.122,-0.7590000000000003,3,3
2021,Azerbaijan Grand Prix,RAI,1,13,MEDIUM,HARD,13.0,109.285,108.235,-1.0499999999999972,3,3
2021,Azerbaijan Grand Prix,RAI,2,47,HARD,SOFT,34.0,106.959,124.4855,17.5265,3,2
2021,Azerbaijan Grand Prix,RAI,3,48,HARD,SOFT,35.0,106.959,124.4855,17.5265,3,2
2021,Azerbaijan Grand Prix,RIC,1,11,SOFT,HARD,11.0,108.407,107.58,-0.8269999999999982,3,3
2021,Azerbaijan Grand Prix,RIC,2,47,HARD,SOFT,36.0,106.053,128.0395,21.986500000000007,3,2
2021,Azerbaijan Grand Prix,RIC,3,48,HARD,SOFT,37.0,106.053,128.0395,21.986500000000007,3,2
2021,Azerbaijan Grand Prix,RUS,2,34,HARD,HARD,33.0,107.466,109.524,2.058000000000007,3,3
2021,Azerbaijan Grand Prix,SAI,1,10,SOFT,HARD,13.0,107.762,107.216,-0.5460000000000065,3,3
2021,Azerbaijan Grand Prix,TSU,1,9,SOFT,HARD,15.0,108.695,107.482,-1.2129999999999939,3,3
2021,Azerbaijan Grand Prix,VER,1,12,SOFT,HARD,13.0,107.295,106.192,-1.1030000000000086,3,3
2021,Azerbaijan Grand Prix,VET,1,18,SOFT,HARD,18.0,106.609,106.593,-0.015999999999991132,3,3
2021,Bahrain Grand Prix,ALO,1,11,SOFT,MEDIUM,14.0,98.006,97.143,-0.8629999999999995,3,3
2021,Bahrain Grand Prix,BOT,1,16,MEDIUM,HARD,19.0,96.583,94.774,-1.8089999999999975,3,3
2021,Bahrain Grand Prix,BOT,2,30,HARD,HARD,14.0,95.469,94.472,-0.9969999999999999,3,3
2021,Bahrain Grand Prix,GAS,2,19,HARD,MEDIUM,15.0,98.415,96.475,-1.940000000000012,3,3
2021,Bahrain Grand Prix,GAS,3,39,MEDIUM,HARD,23.0,96.891,94.349,-2.5420000000000016,3,3
2021,Bahrain Grand Prix,GIO,1,12,MEDIUM,HARD,12.0,97.846,97.458,-0.38800000000000523,3,3
2021,Bahrain Grand Prix,GIO,2,30,HARD,MEDIUM,18.0,96.987,96.088,-0.8990000000000009,3,3
2021,Bahrain Grand Prix,HAM,1,13,MEDIUM,HARD,16.0,96.143,95.099,-1.043999999999997,3,3
2021,Bahrain Grand Prix,HAM,2,28,HARD,HARD,15.0,95.622,94.729,-0.8930000000000007,3,3
2021,Bahrain Grand Prix,LAT,1,14,SOFT,MEDIUM,14.0,98.526,97.508,-1.0180000000000007,3,3
2021,Bahrain Grand Prix,LAT,2,32,MEDIUM,MEDIUM,18.0,99.096,97.437,-1.659000000000006,3,3
2021,Bahrain Grand Prix,LEC,1,12,SOFT,MEDIUM,15.0,97.729,95.955,-1.774000000000001,3,3
2021,Bahrain Grand Prix,LEC,2,32,MEDIUM,HARD,20.0,97.096,95.096,-2.0,3,3
2021,Bahrain Grand Prix,MSC,1,14,MEDIUM,MEDIUM,14.0,99.685,97.627,-2.058000000000007,3,3
2021,Bahrain Grand Prix,MSC,2,33,MEDIUM,HARD,19.0,98.641,96.722,-1.9190000000000111,3,3
2021,Bahrain Grand Prix,NOR,1,12,SOFT,MEDIUM,15.0,97.36,95.679,-1.6809999999999974,3,3
2021,Bahrain Grand Prix,NOR,2,33,MEDIUM,HARD,21.0,96.515,94.647,-1.867999999999995,3,3
2021,Bahrain Grand Prix,OCO,1,13,SOFT,MEDIUM,13.0,98.201,97.03,-1.1709999999999923,3,3
2021,Bahrain Grand Prix,OCO,2,31,MEDIUM,HARD,18.0,97.408,95.848,-1.5600000000000023,3,3
2021,Bahrain Grand Prix,PER,2,19,MEDIUM,HARD,20.0,97.062,95.721,-1.340999999999994,3,3
2021,Bahrain Grand Prix,PER,3,38,HARD,MEDIUM,19.0,95.987,94.265,-1.7219999999999942,3,3
2021,Bahrain Grand Prix,RAI,1,13,MEDIUM,HARD,13.0,97.783,97.169,-0.6140000000000043,3,3
2021,Bahrain Grand Prix,RAI,2,29,HARD,MEDIUM,16.0,96.531,96.786,0.25499999999999545,3,3
2021,Bahrain Grand Prix,RIC,1,13,SOFT,MEDIUM,16.0,97.782,96.542,-1.2399999999999949,3,3
2021,Bahrain Grand Prix,RIC,2,32,MEDIUM,HARD,19.0,96.811,95.429,-1.382000000000005,3,3
2021,Bahrain Grand Prix,RUS,1,13,SOFT,MEDIUM,13.0,98.471,96.811,-1.6599999999999966,3,3
2021,Bahrain Grand Prix,RUS,2,36,MEDIUM,MEDIUM,23.0,97.695,95.096,-2.5989999999999895,3,3
2021,Bahrain Grand Prix,SAI,1,15,SOFT,MEDIUM,18.0,97.66,96.364,-1.2959999999999923,3,3
2021,Bahrain Grand Prix,SAI,2,37,MEDIUM,HARD,22.0,96.635,94.661,-1.9740000000000038,3,3
2021,Bahrain Grand Prix,STR,1,12,SOFT,MEDIUM,15.0,97.614,97.065,-0.5490000000000066,3,3
2021,Bahrain Grand Prix,STR,2,28,MEDIUM,HARD,16.0,96.914,95.279,-1.6350000000000051,3,3
2021,Bahrain Grand Prix,TSU,1,15,MEDIUM,HARD,18.0,97.923,96.147,-1.7759999999999962,3,3
2021,Bahrain Grand Prix,TSU,2,33,HARD,HARD,18.0,96.663,95.488,-1.1749999999999972,3,3
2021,Bahrain Grand Prix,VER,1,17,MEDIUM,MEDIUM,20.0,96.924,94.829,-2.095000000000013,3,3
2021,Bahrain Grand Prix,VER,2,39,MEDIUM,HARD,22.0,95.721,93.231,-2.490000000000009,3,3
2021,Bahrain Grand Prix,VET,1,24,MEDIUM,HARD,24.0,99.996,96.045,-3.9509999999999934,3,3
2021,British Grand Prix,ALO,2,24,MEDIUM,HARD,23.0,93.179,93.077,-0.10200000000000387,3,3
2021,British Grand Prix,BOT,2,22,MEDIUM,HARD,20.0,92.488,91.52,-0.9680000000000035,3,3
2021,British Grand Prix,GAS,2,28,MEDIUM,HARD,28.0,92.784,92.836,0.0519999999999925,3,3
2021,British Grand Prix,GAS,3,46,HARD,SOFT,18.0,92.402,90.995,-1.4069999999999965,3,3
2021,British Grand Prix,GIO,2,23,MEDIUM,HARD,21.0,93.622,93.247,-0.375,3,3
2021,British Grand Prix,HAM,2,27,MEDIUM,HARD,25.0,92.115,91.113,-1.0019999999999953,3,3
2021,British Grand Prix,LAT,2,19,MEDIUM,HARD,17.0,94.48,93.515,-0.9650000000000034,3,3
2021,British Grand Prix,LEC,2,29,MEDIUM,HARD,27.0,91.993,91.552,-0.4409999999999883,3,3
2021,British Grand Prix,MAZ,2,25,MEDIUM,HARD,26.0,95.634,94.423,-1.2109999999999985,3,3
2021,British Grand Prix,MSC,2,24,MEDIUM,HARD,23.0,95.452,95.266,-0.18599999999999284,3,3
2021,British Grand Prix,NOR,2,21,MEDIUM,HARD,21.0,92.52,92.83,0.3100000000000023,3,3
2021,British Grand Prix,OCO,2,19,MEDIUM,HARD,17.0,94.037,93.186,-0.8509999999999991,3,3
2021,British Grand Prix,PER,2,18,HARD,MEDIUM,18.0,94.353,92.609,-1.7439999999999998,3,3
2021,British Grand Prix,PER,3,38,MEDIUM,MEDIUM,20.0,93.376,91.953,-1.4230000000000018,3,3
2021,British Grand Prix,PER,4,48,MEDIUM,SOFT,10.0,92.224,89.9505,-2.2734999999999985,3,2
2021,British Grand Prix,RAI,2,18,MEDIUM,HARD,16.0,94.264,93.943,-0.32099999999999795,3,3
2021,British Grand Prix,RIC,2,20,MEDIUM,HARD,20.0,93.603,92.67,-0.9329999999999927,3,3
2021,British Grand Prix,RUS,2,18,MEDIUM,HARD,16.0,94.282,93.563,-0.7189999999999941,3,3
2021,British Grand Prix,SAI,2,28,MEDIUM,HARD,26.0,92.254,91.706,-0.5480000000000018,3,3
2021,British Grand Prix,STR,2,23,MEDIUM,HARD,23.0,93.337,93.106,-0.23100000000000875,3,3
2021,British Grand Prix,TSU,2,30,MEDIUM,HARD,30.0,92.671,93.398,0.7269999999999897,3,3
2021,British Grand Prix,VET,2,18,MEDIUM,HARD,21.0,94.615,93.436,-1.1789999999999878,3,3
2021,Dutch Grand Prix,ALO,1,33,SOFT,MEDIUM,36.0,77.04,77.118,0.07799999999998875,3,3
2021,Dutch Grand Prix,BOT,1,31,SOFT,MEDIUM,35.0,76.043,74.142,-1.9010000000000105,3,3
2021,Dutch Grand Prix,BOT,2,67,MEDIUM,SOFT,36.0,74.826,73.881,-0.9449999999999932,3,3
2021,Dutch Grand Prix,GAS,1,24,SOFT,MEDIUM,27.0,76.47,75.45,-1.019999999999996,3,3
2021,Dutch Grand Prix,GIO,1,27,SOFT,MEDIUM,30.0,77.06,77.305,0.24500000000000455,3,3
2021,Dutch Grand Prix,GIO,2,33,MEDIUM,HARD,6.0,77.072,75.833,-1.2390000000000043,3,3
2021,Dutch Grand Prix,HAM,1,20,SOFT,MEDIUM,24.0,75.476,74.234,-1.2420000000000044,3,3
2021,Dutch Grand Prix,HAM,2,39,MEDIUM,MEDIUM,19.0,74.721,73.428,-1.2930000000000064,3,3
2021,Dutch Grand Prix,KUB,1,40,MEDIUM,HARD,40.0,78.601,75.867,-2.7339999999999947,3,3
2021,Dutch Grand Prix,LAT,1,23,MEDIUM,HARD,23.0,77.472,76.41,-1.0619999999999976,3,3
2021,Dutch Grand Prix,LEC,1,34,SOFT,HARD,37.0,77.418,75.342,-2.0760000000000076,3,3
2021,Dutch Grand Prix,MAZ,1,33,MEDIUM,HARD,33.0,78.753,76.145,-2.608000000000004,3,3
2021,Dutch Grand Prix,MSC,1,4,SOFT,HARD,4.0,80.4085,79.237,-1.1715000000000089,2,3
2021,Dutch Grand Prix,MSC,2,30,HARD,MEDIUM,26.0,77.82,76.469,-1.350999999999999,3,3
2021,Dutch Grand Prix,NOR,1,42,MEDIUM,HARD,42.0,76.313,74.6,-1.713000000000008,3,3
2021,Dutch Grand Prix,OCO,1,31,SOFT,MEDIUM,34.0,76.668,76.557,-0.1110000000000042,3,3
2021,Dutch Grand Prix,PER,1,8,HARD,MEDIUM,8.0,78.371,74.728,-3.6430000000000007,3,3
2021,Dutch Grand Prix,PER,2,47,MEDIUM,SOFT,39.0,77.933,73.534,-4.399000000000001,3,3
2021,Dutch Grand Prix,RIC,1,30,SOFT,HARD,33.0,77.128,76.854,-0.2740000000000009,3,3
2021,Dutch Grand Prix,RUS,1,27,MEDIUM,HARD,27.0,77.094,76.599,-0.49499999999999034,3,3
2021,Dutch Grand Prix,SAI,1,31,SOFT,HARD,34.0,77.053,75.94,-1.1129999999999995,3,3
2021,Dutch Grand Prix,STR,1,27,SOFT,HARD,27.0,77.252,76.082,-1.1700000000000017,3,3
2021,Dutch Grand Prix,TSU,1,31,SOFT,MEDIUM,31.0,77.154,76.612,-0.5420000000000016,3,3
2021,Dutch Grand Prix,VER,1,21,SOFT,MEDIUM,24.0,75.632,74.257,-1.375,3,3
2021,Dutch Grand Prix,VER,2,40,MEDIUM,HARD,19.0,74.029,73.524,-0.5049999999999955,3,3
2021,Dutch Grand Prix,VET,1,10,SOFT,HARD,10.0,78.106,76.404,-1.7019999999999982,3,3
2021,Dutch Grand Prix,VET,2,44,HARD,MEDIUM,34.0,77.094,75.206,-1.887999999999991,3,3
2021,Emilia Romagna Grand Prix,ALO,1,28,INTERMEDIATE,MEDIUM,28.0,89.98,83.814,-6.166000000000011,3,3
2021,Emilia Romagna Grand Prix,ALO,2,32,MEDIUM,MEDIUM,4.0,89.98,83.814,-6.166000000000011,3,3
2021,Emilia Romagna Grand Prix,ALO,3,33,MEDIUM,MEDIUM,4.0,89.98,83.814,-6.166000000000011,3,3
2021,Emilia Romagna Grand Prix,GAS,1,14,WET,INTERMEDIATE,14.0,98.77,89.982,-8.787999999999997,3,3
2021,Emilia Romagna Grand Prix,GAS,2,26,INTERMEDIATE,MEDIUM,12.0,90.053,88.31,-1.742999999999995,3,3
2021,Emilia Romagna Grand Prix,GAS,3,32,MEDIUM,MEDIUM,6.0,88.31,83.867,-4.442999999999998,3,3
2021,Emilia Romagna Grand Prix,GAS,4,33,MEDIUM,MEDIUM,6.0,88.31,83.867,-4.442999999999998,3,3
2021,Emilia Romagna Grand Prix,GIO,1,27,INTERMEDIATE,MEDIUM,27.0,90.155,85.859,-4.2960000000000065,3,3
2021,Emilia Romagna Grand Prix,GIO,2,32,MEDIUM,MEDIUM,5.0,85.859,83.368,-2.4909999999999997,3,3
2021,Emilia Romagna Grand Prix,GIO,3,33,MEDIUM,MEDIUM,5.0,85.859,83.368,-2.4909999999999997,3,3
2021,Emilia Romagna Grand Prix,GIO,4,40,MEDIUM,MEDIUM,13.0,81.999,80.392,-1.6069999999999993,3,3
2021,Emilia Romagna Grand Prix,HAM,1,28,INTERMEDIATE,MEDIUM,28.0,87.073,83.218,-3.8549999999999898,3,3
2021,Emilia Romagna Grand Prix,HAM,2,31,MEDIUM,MEDIUM,7.0,86.959,83.218,-3.7409999999999997,3,3
2021,Emilia Romagna Grand Prix,HAM,3,32,MEDIUM,MEDIUM,1.0,86.959,83.218,-3.7409999999999997,3,3
2021,Emilia Romagna Grand Prix,HAM,4,33,MEDIUM,MEDIUM,1.0,86.959,83.218,-3.7409999999999997,3,3
2021,Emilia Romagna Grand Prix,LEC,1,28,INTERMEDIATE,MEDIUM,28.0,88.054,84.395,-3.659000000000006,3,3
2021,Emilia Romagna Grand Prix,LEC,2,33,MEDIUM,MEDIUM,5.0,84.395,81.509,-2.8859999999999957,3,3
2021,Emilia Romagna Grand Prix,MAZ,1,12,WET,INTERMEDIATE,12.0,101.711,97.178,-4.533000000000001,3,3
2021,Emilia Romagna Grand Prix,MAZ,2,23,INTERMEDIATE,SOFT,11.0,92.301,88.129,-4.171999999999997,3,3
2021,Emilia Romagna Grand Prix,MAZ,3,31,SOFT,MEDIUM,11.0,86.363,89.624,3.2609999999999957,3,3
2021,Emilia Romagna Grand Prix,MAZ,4,32,MEDIUM,MEDIUM,1.0,86.363,89.624,3.2609999999999957,3,3
2021,Emilia Romagna Grand Prix,MSC,2,21,INTERMEDIATE,SOFT,16.0,91.33,92.818,1.4879999999999995,3,3
2021,Emilia Romagna Grand Prix,MSC,3,31,SOFT,MEDIUM,13.0,90.596,84.263,-6.332999999999998,3,3
2021,Emilia Romagna Grand Prix,MSC,4,32,MEDIUM,MEDIUM,1.0,90.596,84.263,-6.332999999999998,3,3
2021,Emilia Romagna Grand Prix,NOR,1,28,INTERMEDIATE,MEDIUM,28.0,89.051,83.618,-5.433000000000007,3,3
2021,Emilia Romagna Grand Prix,NOR,2,33,MEDIUM,SOFT,5.0,88.315,81.8,-6.515000000000001,3,3
2021,Emilia Romagna Grand Prix,OCO,2,27,INTERMEDIATE,MEDIUM,26.0,89.646,87.488,-2.1580000000000013,3,3
2021,Emilia Romagna Grand Prix,OCO,3,31,MEDIUM,MEDIUM,4.0,87.488,84.183,-3.3049999999999926,3,3
2021,Emilia Romagna Grand Prix,OCO,4,32,SOFT,MEDIUM,3.0,87.488,84.183,-3.3049999999999926,3,3
2021,Emilia Romagna Grand Prix,OCO,5,33,MEDIUM,MEDIUM,5.0,87.488,84.183,-3.3049999999999926,3,3
2021,Emilia Romagna Grand Prix,PER,1,28,INTERMEDIATE,MEDIUM,28.0,89.147,84.005,-5.14200000000001,3,3
2021,Emilia Romagna Grand Prix,PER,2,33,MEDIUM,SOFT,5.0,87.715,81.538,-6.177000000000007,3,3
2021,Emilia Romagna Grand Prix,RAI,1,26,INTERMEDIATE,MEDIUM,26.0,89.269,87.169,-2.1000000000000085,3,3
2021,Emilia Romagna Grand Prix,RAI,2,32,MEDIUM,MEDIUM,6.0,87.169,83.404,-3.7650000000000006,3,3
2021,Emilia Romagna Grand Prix,RAI,3,33,MEDIUM,MEDIUM,6.0,87.169,83.404,-3.7650000000000006,3,3
2021,Emilia Romagna Grand Prix,RIC,1,27,INTERMEDIATE,MEDIUM,27.0,90.023,85.815,-4.207999999999998,3,3
2021,Emilia Romagna Grand Prix,RIC,2,33,MEDIUM,SOFT,6.0,85.815,82.229,-3.5859999999999985,3,3
2021,Emilia Romagna Grand Prix,RUS,1,26,INTERMEDIATE,MEDIUM,26.0,89.059,88.105,-0.9539999999999935,3,3
2021,Emilia Romagna Grand Prix,SAI,1,27,INTERMEDIATE,MEDIUM,27.0,88.225,85.28,-2.944999999999993,3,3
2021,Emilia Romagna Grand Prix,SAI,2,33,MEDIUM,MEDIUM,6.0,85.28,81.63,-3.6500000000000057,3,3
2021,Emilia Romagna Grand Prix,STR,1,27,INTERMEDIATE,MEDIUM,27.0,90.38,88.089,-2.290999999999997,3,3
2021,Emilia Romagna Grand Prix,STR,2,32,MEDIUM,MEDIUM,5.0,89.322,82.708,-6.614000000000004,3,3
2021,Emilia Romagna Grand Prix,STR,3,33,MEDIUM,MEDIUM,5.0,89.322,82.708,-6.614000000000004,3,3
2021,Emilia Romagna Grand Prix,TSU,1,25,INTERMEDIATE,MEDIUM,25.0,90.709,86.004,-4.704999999999998,3,3
2021,Emilia Romagna Grand Prix,TSU,2,32,MEDIUM,SOFT,7.0,83.424,82.135,-1.2890000000000015,3,3
2021,Emilia Romagna Grand Prix,TSU,3,33,SOFT,SOFT,1.0,83.424,82.135,-1.2890000000000015,3,3
2021,Emilia Romagna Grand Prix,VER,1,27,INTERMEDIATE,MEDIUM,27.0,88.967,84.169,-4.798000000000002,3,3
2021,Emilia Romagna Grand Prix,VER,2,33,MEDIUM,MEDIUM,6.0,84.169,81.006,-3.1629999999999967,3,3
2021,Emilia Romagna Grand Prix,VET,2,20,INTERMEDIATE,MEDIUM,17.0,89.953,87.106,-2.8470000000000084,3,3
2021,Emilia Romagna Grand Prix,VET,3,22,MEDIUM,MEDIUM,2.0,89.953,87.106,-2.8470000000000084,3,3
2021,Emilia Romagna Grand Prix,VET,4,32,MEDIUM,SOFT,12.0,83.756,84.296,0.5400000000000063,3,3
2021,Emilia Romagna Grand Prix,VET,5,33,SOFT,SOFT,1.0,83.756,84.296,0.5400000000000063,3,3
2021,French Grand Prix,ALO,1,18,MEDIUM,HARD,21.0,101.443,99.372,-2.070999999999998,3,3
2021,French Grand Prix,BOT,1,17,MEDIUM,HARD,20.0,99.406,97.488,-1.9180000000000064,3,3
2021,French Grand Prix,GAS,1,17,MEDIUM,HARD,22.0,101.219,99.434,-1.7849999999999966,3,3
2021,French Grand Prix,GIO,1,28,HARD,MEDIUM,28.0,101.701,99.571,-2.1299999999999955,3,3
2021,French Grand Prix,HAM,1,19,MEDIUM,HARD,22.0,99.035,97.551,-1.4839999999999947,3,3
2021,French Grand Prix,LAT,1,18,MEDIUM,HARD,18.0,101.602,99.754,-1.847999999999999,3,3
2021,French Grand Prix,LEC,1,14,MEDIUM,HARD,17.0,101.217,99.286,-1.9309999999999974,3,3
2021,French Grand Prix,LEC,2,38,HARD,MEDIUM,24.0,99.526,97.898,-1.6280000000000001,3,3
2021,French Grand Prix,MAZ,1,31,HARD,MEDIUM,31.0,101.792,99.574,-2.2180000000000035,3,3
2021,French Grand Prix,MSC,1,15,MEDIUM,HARD,15.0,102.548,100.071,-2.477000000000004,3,3
2021,French Grand Prix,NOR,1,24,MEDIUM,HARD,29.0,100.319,98.66,-1.659000000000006,3,3
2021,French Grand Prix,OCO,1,28,HARD,MEDIUM,28.0,102.701,98.995,-3.705999999999989,3,3
2021,French Grand Prix,PER,1,24,MEDIUM,HARD,27.0,99.31,97.404,-1.906000000000006,3,3
2021,French Grand Prix,RAI,1,33,HARD,MEDIUM,33.0,101.473,98.441,-3.0319999999999965,3,3
2021,French Grand Prix,RIC,1,16,MEDIUM,HARD,21.0,100.757,99.309,-1.4480000000000075,3,3
2021,French Grand Prix,RUS,1,17,MEDIUM,HARD,17.0,101.684,99.862,-1.8220000000000027,3,3
2021,French Grand Prix,SAI,1,17,MEDIUM,HARD,20.0,101.293,99.593,-1.7000000000000028,3,3
2021,French Grand Prix,STR,1,34,HARD,SOFT,34.0,100.103,99.132,-0.9709999999999894,3,3
2021,French Grand Prix,TSU,1,15,MEDIUM,HARD,15.0,101.491,99.686,-1.8049999999999926,3,3
2021,French Grand Prix,VER,1,18,MEDIUM,HARD,21.0,99.246,97.516,-1.7299999999999898,3,3
2021,French Grand Prix,VER,2,32,HARD,MEDIUM,14.0,97.844,96.579,-1.2650000000000006,3,3
2021,French Grand Prix,VET,1,37,HARD,MEDIUM,37.0,99.509,98.488,-1.0210000000000008,3,3
2021,Hungarian Grand Prix,ALO,3,39,MEDIUM,HARD,36.0,82.824,80.928,-1.8960000000000008,3,3
2021,Hungarian Grand Prix,GAS,3,30,MEDIUM,HARD,27.0,83.162,82.356,-0.8060000000000116,3,3
2021,Hungarian Grand Prix,GIO,4,11,MEDIUM,MEDIUM,9.0,85.892,84.297,-1.5949999999999989,3,3
2021,Hungarian Grand Prix,GIO,5,33,MEDIUM,HARD,31.0,84.045,83.349,-0.695999999999998,3,3
2021,Hungarian Grand Prix,HAM,3,19,MEDIUM,HARD,18.0,83.432,81.531,-1.9009999999999962,3,3
2021,Hungarian Grand Prix,HAM,4,47,HARD,MEDIUM,28.0,81.954,79.028,-2.9259999999999877,3,3
2021,Hungarian Grand Prix,LAT,3,23,MEDIUM,HARD,20.0,84.676,83.496,-1.1800000000000068,3,3
2021,Hungarian Grand Prix,MSC,3,34,MEDIUM,HARD,31.0,84.728,82.983,-1.7449999999999903,3,3
2021,Hungarian Grand Prix,OCO,3,37,MEDIUM,HARD,34.0,82.893,81.839,-1.054000000000002,3,3
2021,Hungarian Grand Prix,RAI,3,15,MEDIUM,HARD,12.0,85.169,83.243,-1.926000000000002,3,3
2021,Hungarian Grand Prix,RAI,4,53,HARD,SOFT,38.0,83.492,81.766,-1.725999999999999,3,3
2021,Hungarian Grand Prix,RIC,3,20,MEDIUM,HARD,17.0,84.471,83.778,-0.6929999999999978,3,3
2021,Hungarian Grand Prix,RUS,3,21,MEDIUM,HARD,18.0,84.87,83.67,-1.2000000000000028,3,3
2021,Hungarian Grand Prix,SAI,3,32,MEDIUM,HARD,29.0,82.444,81.884,-0.5600000000000023,3,3
2021,Hungarian Grand Prix,TSU,3,22,MEDIUM,HARD,19.0,84.677,83.137,-1.5400000000000063,3,3
2021,Hungarian Grand Prix,VER,4,20,MEDIUM,HARD,17.0,84.271,83.739,-0.5319999999999965,3,3
2021,Hungarian Grand Prix,VER,5,40,HARD,MEDIUM,20.0,83.151,81.014,-2.1370000000000005,3,3
2021,Hungarian Grand Prix,VET,3,36,MEDIUM,HARD,33.0,83.056,81.875,-1.1809999999999974,3,3
2021,Italian Grand Prix,ALO,1,25,MEDIUM,HARD,25.0,87.838,87.49,-0.347999999999999,3,3
2021,Italian Grand Prix,BOT,1,26,HARD,MEDIUM,26.0,86.638,86.669,0.0309999999999917,3,3
2021,Italian Grand Prix,GIO,2,25,HARD,MEDIUM,24.0,87.347,88.89,1.5430000000000064,3,3
2021,Italian Grand Prix,KUB,1,26,HARD,MEDIUM,26.0,87.965,88.843,0.8780000000000001,3,3
2021,Italian Grand Prix,LAT,1,23,MEDIUM,HARD,23.0,87.858,88.688,0.8299999999999983,3,3
2021,Italian Grand Prix,LEC,1,26,MEDIUM,HARD,26.0,87.225,87.935,0.710000000000008,3,3
2021,Italian Grand Prix,MAZ,1,24,MEDIUM,HARD,24.0,89.328,89.951,0.6229999999999905,3,3
2021,Italian Grand Prix,MAZ,2,28,SOFT,HARD,7.0,89.328,89.951,0.6229999999999905,3,3
2021,Italian Grand Prix,MSC,1,23,MEDIUM,HARD,23.0,89.146,87.332,-1.8140000000000072,3,3
2021,Italian Grand Prix,NOR,1,24,MEDIUM,HARD,24.0,87.151,86.394,-0.7569999999999908,3,3
2021,Italian Grand Prix,OCO,1,26,MEDIUM,HARD,26.0,87.603,87.567,-0.036000000000001364,3,3
2021,Italian Grand Prix,PER,1,26,MEDIUM,HARD,26.0,87.257,86.151,-1.1060000000000088,3,3
2021,Italian Grand Prix,RIC,1,22,MEDIUM,HARD,22.0,87.061,86.037,-1.024000000000001,3,3
2021,Italian Grand Prix,RUS,1,26,MEDIUM,HARD,26.0,87.495,87.613,0.117999999999995,3,3
2021,Italian Grand Prix,SAI,1,26,MEDIUM,HARD,26.0,87.458,87.967,0.5090000000000003,3,3
2021,Italian Grand Prix,STR,1,25,MEDIUM,HARD,27.0,87.615,87.748,0.13300000000000978,3,3
2021,Italian Grand Prix,VET,1,22,MEDIUM,HARD,24.0,87.761,88.916,1.1550000000000011,3,3
2021,Italian Grand Prix,VET,2,26,HARD,MEDIUM,6.0,87.761,88.916,1.1550000000000011,3,3
2021,Mexico City Grand Prix,ALO,1,39,MEDIUM,HARD,39.0,82.147,81.093,-1.054000000000002,3,3
2021,Mexico City Grand Prix,BOT,2,40,HARD,MEDIUM,39.0,81.87,80.199,-1.6710000000000065,3,3
2021,Mexico City Grand Prix,BOT,3,63,MEDIUM,SOFT,23.0,82.889,79.829,-3.0600000000000023,3,3
2021,Mexico City Grand Prix,GAS,1,31,MEDIUM,HARD,34.0,82.243,80.916,-1.3269999999999982,3,3
2021,Mexico City Grand Prix,GIO,1,16,MEDIUM,HARD,20.0,83.226,83.541,0.3149999999999977,3,3
2021,Mexico City Grand Prix,HAM,1,29,MEDIUM,HARD,32.0,81.595,80.218,-1.3769999999999953,3,3
2021,Mexico City Grand Prix,LAT,1,11,MEDIUM,HARD,11.0,85.663,83.775,-1.887999999999991,3,3
2021,Mexico City Grand Prix,LAT,2,49,HARD,MEDIUM,38.0,85.266,81.645,-3.6210000000000093,3,3
2021,Mexico City Grand Prix,LEC,1,30,MEDIUM,HARD,35.0,81.903,81.116,-0.7870000000000061,3,3
2021,Mexico City Grand Prix,MAZ,1,13,MEDIUM,HARD,13.0,86.125,83.95,-2.174999999999997,3,3
2021,Mexico City Grand Prix,MAZ,2,58,HARD,MEDIUM,45.0,85.761,82.079,-3.682000000000002,3,3
2021,Mexico City Grand Prix,NOR,1,44,MEDIUM,HARD,47.0,81.92,81.003,-0.9170000000000016,3,3
2021,Mexico City Grand Prix,OCO,1,14,SOFT,HARD,14.0,83.94,82.776,-1.1640000000000015,3,3
2021,Mexico City Grand Prix,PER,1,40,MEDIUM,HARD,43.0,81.541,79.712,-1.8289999999999935,3,3
2021,Mexico City Grand Prix,RAI,1,32,MEDIUM,HARD,35.0,82.752,81.782,-0.9699999999999989,3,3
2021,Mexico City Grand Prix,RIC,2,38,HARD,MEDIUM,37.0,82.328,81.537,-0.7909999999999968,3,3
2021,Mexico City Grand Prix,RUS,1,15,MEDIUM,HARD,15.0,83.826,82.739,-1.086999999999989,3,3
2021,Mexico City Grand Prix,SAI,1,42,MEDIUM,HARD,47.0,81.887,80.983,-0.9039999999999964,3,3
2021,Mexico City Grand Prix,STR,1,12,MEDIUM,HARD,14.0,85.146,82.626,-2.519999999999996,3,3
2021,Mexico City Grand Prix,STR,2,34,HARD,MEDIUM,22.0,82.839,81.448,-1.3910000000000053,3,3
2021,Mexico City Grand Prix,VER,1,33,MEDIUM,HARD,36.0,81.328,80.266,-1.0619999999999976,3,3
2021,Mexico City Grand Prix,VET,1,33,MEDIUM,HARD,36.0,82.333,81.525,-0.8079999999999927,3,3
2021,Monaco Grand Prix,ALO,1,45,MEDIUM,SOFT,45.0,77.602,76.757,-0.8449999999999989,3,3
2021,Monaco Grand Prix,GAS,1,30,SOFT,HARD,36.0,76.723,76.459,-0.2639999999999958,3,3
2021,Monaco Grand Prix,GIO,1,33,SOFT,HARD,38.0,78.673,76.866,-1.8070000000000022,3,3
2021,Monaco Grand Prix,HAM,1,29,SOFT,HARD,33.0,76.622,78.966,2.343999999999994,3,3
2021,Monaco Grand Prix,HAM,2,67,HARD,SOFT,38.0,75.404,73.382,-2.0219999999999914,3,3
2021,Monaco Grand Prix,LAT,1,43,MEDIUM,HARD,43.0,79.063,76.007,-3.0559999999999974,3,3
2021,Monaco Grand Prix,MAZ,1,34,SOFT,HARD,34.0,79.23,77.976,-1.2540000000000049,3,3
2021,Monaco Grand Prix,MSC,1,37,SOFT,HARD,37.0,78.665,77.591,-1.0740000000000123,3,3
2021,Monaco Grand Prix,NOR,1,30,SOFT,HARD,35.0,77.02,75.03,-1.9899999999999949,3,3
2021,Monaco Grand Prix,OCO,1,37,SOFT,MEDIUM,37.0,76.154,75.55,-0.6039999999999992,3,3
2021,Monaco Grand Prix,PER,1,35,SOFT,HARD,40.0,74.67,76.007,1.3370000000000033,3,3
2021,Monaco Grand Prix,RAI,1,43,MEDIUM,HARD,43.0,76.815,77.657,0.8419999999999987,3,3
2021,Monaco Grand Prix,RIC,1,36,MEDIUM,HARD,36.0,77.9,75.457,-2.443000000000012,3,3
2021,Monaco Grand Prix,RUS,1,31,MEDIUM,HARD,31.0,78.97,76.392,-2.578000000000003,3,3
2021,Monaco Grand Prix,SAI,1,32,SOFT,HARD,38.0,76.485,74.699,-1.7860000000000014,3,3
2021,Monaco Grand Prix,STR,1,58,HARD,SOFT,58.0,75.806,76.586,0.7800000000000011,3,3
2021,Monaco Grand Prix,TSU,1,64,HARD,SOFT,64.0,76.161,74.077,-2.084000000000003,3,3
2021,Monaco Grand Prix,VER,1,34,SOFT,HARD,39.0,75.827,75.861,0.034000000000006025,3,3
2021,Monaco Grand Prix,VET,1,31,SOFT,HARD,36.0,76.298,75.416,-0.882000000000005,3,3
2021,Portuguese Grand Prix,ALO,3,40,MEDIUM,HARD,40.0,82.827,83.459,0.632000000000005,3,3
2021,Portuguese Grand Prix,BOT,3,36,MEDIUM,HARD,40.0,82.087,82.052,-0.03499999999999659,3,3
2021,Portuguese Grand Prix,BOT,4,63,HARD,SOFT,28.0,81.084,80.34549999999999,-0.7385000000000161,3,2
2021,Portuguese Grand Prix,GAS,3,24,SOFT,MEDIUM,28.0,83.715,82.999,-0.7160000000000082,3,3
2021,Portuguese Grand Prix,GIO,3,22,MEDIUM,HARD,22.0,83.921,83.513,-0.40800000000000125,3,3
2021,Portuguese Grand Prix,HAM,3,37,MEDIUM,HARD,41.0,82.068,81.831,-0.23699999999999477,3,3
2021,Portuguese Grand Prix,LAT,3,24,MEDIUM,HARD,24.0,85.287,85.623,0.3359999999999985,3,3
2021,Portuguese Grand Prix,LEC,3,25,MEDIUM,HARD,30.0,83.453,82.888,-0.5649999999999977,3,3
2021,Portuguese Grand Prix,MAZ,3,31,MEDIUM,HARD,31.0,85.133,84.885,-0.24799999999999045,3,3
2021,Portuguese Grand Prix,MAZ,4,43,HARD,SOFT,12.0,86.143,84.14,-2.003,3,3
2021,Portuguese Grand Prix,MSC,3,32,MEDIUM,HARD,32.0,83.977,84.113,0.13599999999999568,3,3
2021,Portuguese Grand Prix,NOR,3,22,SOFT,MEDIUM,26.0,83.63,83.222,-0.40800000000000125,3,3
2021,Portuguese Grand Prix,OCO,3,22,SOFT,HARD,25.0,83.883,83.371,-0.5120000000000005,3,3
2021,Portuguese Grand Prix,PER,3,51,MEDIUM,SOFT,57.0,82.692,81.343,-1.3489999999999895,3,3
2021,Portuguese Grand Prix,RIC,3,41,MEDIUM,HARD,41.0,82.828,82.811,-0.016999999999995907,3,3
2021,Portuguese Grand Prix,RUS,3,28,MEDIUM,HARD,28.0,86.045,85.571,-0.47400000000000375,3,3
2021,Portuguese Grand Prix,SAI,3,21,SOFT,MEDIUM,26.0,83.645,83.651,0.006000000000000227,3,3
2021,Portuguese Grand Prix,STR,3,39,SOFT,MEDIUM,39.0,83.414,82.83,-0.5840000000000032,3,3
2021,Portuguese Grand Prix,TSU,3,21,MEDIUM,HARD,21.0,84.098,83.832,-0.26600000000000534,3,3
2021,Portuguese Grand Prix,VER,3,35,MEDIUM,HARD,40.0,82.341,81.68,-0.6609999999999872,3,3
2021,Portuguese Grand Prix,VET,3,22,SOFT,MEDIUM,25.0,84.167,83.735,-0.43200000000000216,3,3
2021,Qatar Grand Prix,ALO,1,23,SOFT,HARD,26.0,88.246,88.539,0.29300000000000637,3,3
2021,Qatar Grand Prix,BOT,1,33,MEDIUM,HARD,36.0,87.945,88.39,0.4450000000000074,3,3
2021,Qatar Grand Prix,GAS,1,13,SOFT,MEDIUM,16.0,91.054,89.818,-1.2360000000000042,3,3
2021,Qatar Grand Prix,GAS,2,35,MEDIUM,MEDIUM,25.0,89.235,87.289,-1.945999999999998,3,3
2021,Qatar Grand Prix,GIO,1,15,SOFT,MEDIUM,15.0,91.654,89.242,-2.411999999999992,3,3
2021,Qatar Grand Prix,GIO,2,32,MEDIUM,MEDIUM,17.0,90.637,88.646,-1.9909999999999997,3,3
2021,Qatar Grand Prix,HAM,1,18,MEDIUM,HARD,21.0,87.625,87.495,-0.12999999999999545,3,3
2021,Qatar Grand Prix,HAM,2,42,HARD,MEDIUM,24.0,86.72,86.043,-0.6769999999999925,3,3
2021,Qatar Grand Prix,LAT,1,18,SOFT,HARD,18.0,91.849,89.579,-2.2700000000000102,3,3
2021,Qatar Grand Prix,LEC,1,27,MEDIUM,HARD,27.0,90.142,88.232,-1.9099999999999966,3,3
2021,Qatar Grand Prix,MAZ,1,31,MEDIUM,SOFT,31.0,91.858,90.202,-1.656000000000006,3,3
2021,Qatar Grand Prix,MSC,1,22,SOFT,MEDIUM,25.0,91.042,89.797,-1.2450000000000045,3,3
2021,Qatar Grand Prix,NOR,1,25,SOFT,HARD,28.0,89.759,89.342,-0.4170000000000016,3,3
2021,Qatar Grand Prix,NOR,2,49,HARD,MEDIUM,24.0,87.47,85.785,-1.6850000000000023,3,3
2021,Qatar Grand Prix,OCO,1,24,SOFT,HARD,27.0,89.782,88.811,-0.9709999999999894,3,3
2021,Qatar Grand Prix,PER,1,19,MEDIUM,HARD,19.0,88.963,88.183,-0.7799999999999869,3,3
2021,Qatar Grand Prix,PER,2,41,HARD,MEDIUM,22.0,87.66,86.882,-0.7779999999999916,3,3
2021,Qatar Grand Prix,RAI,1,10,SOFT,MEDIUM,10.0,91.909,90.333,-1.5760000000000076,3,3
2021,Qatar Grand Prix,RAI,2,30,MEDIUM,HARD,20.0,89.695,88.953,-0.7419999999999902,3,3
2021,Qatar Grand Prix,RIC,1,26,MEDIUM,HARD,26.0,91.474,90.95,-0.5240000000000009,3,3
2021,Qatar Grand Prix,RUS,1,17,SOFT,HARD,17.0,91.88,89.451,-2.429000000000002,3,3
2021,Qatar Grand Prix,RUS,2,49,HARD,SOFT,32.0,88.623,86.409,-2.2139999999999986,3,3
2021,Qatar Grand Prix,SAI,1,27,MEDIUM,HARD,30.0,89.409,88.984,-0.42500000000001137,3,3
2021,Qatar Grand Prix,STR,1,23,MEDIUM,HARD,23.0,89.869,88.602,-1.266999999999996,3,3
2021,Qatar Grand Prix,TSU,1,9,SOFT,MEDIUM,12.0,92.082,90.104,-1.9779999999999944,3,3
2021,Qatar Grand Prix,TSU,2,34,MEDIUM,HARD,25.0,89.008,88.858,-0.14999999999999147,3,3
2021,Qatar Grand Prix,VER,1,17,MEDIUM,HARD,20.0,88.336,87.75,-0.5859999999999985,3,3
2021,Qatar Grand Prix,VER,2,41,HARD,MEDIUM,24.0,87.038,86.494,-0.5439999999999969,3,3
2021,Qatar Grand Prix,VET,1,26,SOFT,MEDIUM,29.0,90.272,88.931,-1.3410000000000082,3,3
2021,Russian Grand Prix,ALO,1,36,HARD,MEDIUM,36.0,100.304,100.494,0.18999999999999773,3,3
2021,Russian Grand Prix,ALO,2,50,MEDIUM,INTERMEDIATE,14.0,112.063,111.8325,-0.23050000000000637,3,2
2021,Russian Grand Prix,BOT,1,28,HARD,MEDIUM,28.0,101.932,98.931,-3.0010000000000048,3,3
2021,Russian Grand Prix,BOT,2,47,MEDIUM,INTERMEDIATE,19.0,101.185,111.609,10.423999999999992,3,3
2021,Russian Grand Prix,GAS,1,33,HARD,MEDIUM,33.0,101.611,98.949,-2.662000000000006,3,3
2021,Russian Grand Prix,GIO,1,36,HARD,MEDIUM,36.0,101.056,99.116,-1.9399999999999977,3,3
2021,Russian Grand Prix,HAM,1,26,MEDIUM,HARD,26.0,100.051,98.844,-1.2070000000000078,3,3
2021,Russian Grand Prix,HAM,2,49,HARD,INTERMEDIATE,23.0,102.612,112.659,10.047000000000011,3,3
2021,Russian Grand Prix,LAT,1,13,MEDIUM,HARD,13.0,104.119,101.383,-2.736000000000004,3,3
2021,Russian Grand Prix,LEC,1,35,HARD,MEDIUM,35.0,100.582,100.696,0.11400000000000432,3,3
2021,Russian Grand Prix,MAZ,1,14,MEDIUM,HARD,14.0,104.678,102.559,-2.1189999999999998,3,3
2021,Russian Grand Prix,MAZ,2,46,HARD,INTERMEDIATE,32.0,107.431,124.949,17.518,3,3
2021,Russian Grand Prix,MSC,1,20,MEDIUM,HARD,20.0,103.197,100.333,-2.8640000000000043,3,3
2021,Russian Grand Prix,NOR,1,28,MEDIUM,HARD,28.0,101.057,98.788,-2.2690000000000055,3,3
2021,Russian Grand Prix,OCO,1,15,MEDIUM,HARD,15.0,102.278,100.879,-1.399000000000001,3,3
2021,Russian Grand Prix,PER,1,36,HARD,MEDIUM,36.0,99.625,99.631,0.006000000000000227,3,3
2021,Russian Grand Prix,PER,2,50,MEDIUM,INTERMEDIATE,14.0,114.125,114.0005,-0.12449999999999761,3,2
2021,Russian Grand Prix,RAI,1,15,MEDIUM,HARD,15.0,102.295,101.204,-1.0910000000000082,3,3
2021,Russian Grand Prix,RAI,2,47,HARD,INTERMEDIATE,32.0,101.08,115.617,14.537000000000006,3,3
2021,Russian Grand Prix,RIC,1,22,MEDIUM,HARD,22.0,101.715,99.596,-2.1189999999999998,3,3
2021,Russian Grand Prix,RIC,2,48,HARD,INTERMEDIATE,26.0,100.681,113.443,12.762,3,3
2021,Russian Grand Prix,RUS,1,13,MEDIUM,HARD,13.0,102.26,101.377,-0.8830000000000098,3,3
2021,Russian Grand Prix,RUS,2,47,HARD,INTERMEDIATE,34.0,101.102,117.84,16.738,3,3
2021,Russian Grand Prix,SAI,1,14,MEDIUM,HARD,14.0,102.81,100.86,-1.9500000000000028,3,3
2021,Russian Grand Prix,SAI,2,48,HARD,INTERMEDIATE,34.0,100.703,113.632,12.929000000000002,3,3
2021,Russian Grand Prix,STR,1,12,MEDIUM,HARD,12.0,102.223,101.058,-1.164999999999992,3,3
2021,Russian Grand Prix,STR,2,48,HARD,INTERMEDIATE,36.0,102.16,114.079,11.918999999999997,3,3
2021,Russian Grand Prix,TSU,1,13,MEDIUM,HARD,13.0,104.388,101.946,-2.4420000000000073,3,3
2021,Russian Grand Prix,TSU,2,47,HARD,INTERMEDIATE,34.0,101.536,119.01050000000001,17.474500000000006,3,2
2021,Russian Grand Prix,TSU,3,49,SOFT,INTERMEDIATE,2.0,101.536,119.01050000000001,17.474500000000006,3,2
2021,Russian Grand Prix,VER,1,26,HARD,MEDIUM,26.0,101.112,98.91,-2.201999999999998,3,3
2021,Russian Grand Prix,VER,2,48,MEDIUM,INTERMEDIATE,22.0,100.497,112.546,12.049000000000007,3,3
2021,Russian Grand Prix,VET,1,26,MEDIUM,HARD,26.0,101.419,99.99,-1.429000000000002,3,3
2021,Saudi Arabian Grand Prix,ALO,1,10,MEDIUM,HARD,10.0,96.974,97.425,0.4509999999999934,3,3
2021,Saudi Arabian Grand Prix,ALO,2,13,HARD,HARD,3.0,96.974,97.425,0.4509999999999934,3,3
2021,Saudi Arabian Grand Prix,ALO,3,15,HARD,HARD,5.0,96.974,97.425,0.4509999999999934,3,3
2021,Saudi Arabian Grand Prix,ALO,4,44,HARD,SOFT,34.0,94.246,93.4,-0.8459999999999894,3,3
2021,Saudi Arabian Grand Prix,BOT,1,10,MEDIUM,MEDIUM,17.0,93.655,94.794,1.1389999999999958,3,3
2021,Saudi Arabian Grand Prix,BOT,2,13,HARD,MEDIUM,3.0,93.655,94.794,1.1389999999999958,3,3
2021,Saudi Arabian Grand Prix,BOT,3,15,HARD,MEDIUM,5.0,93.655,94.794,1.1389999999999958,3,3
2021,Saudi Arabian Grand Prix,GAS,1,13,MEDIUM,HARD,20.0,95.806,95.689,-0.11700000000000443,3,3
2021,Saudi Arabian Grand Prix,GAS,2,15,HARD,HARD,2.0,95.806,95.689,-0.11700000000000443,3,3
2021,Saudi Arabian Grand Prix,GIO,1,13,MEDIUM,HARD,19.0,95.673,95.474,-0.19899999999999807,3,3
2021,Saudi Arabian Grand Prix,GIO,2,15,HARD,HARD,2.0,95.673,95.474,-0.19899999999999807,3,3
2021,Saudi Arabian Grand Prix,HAM,1,10,MEDIUM,HARD,19.0,93.214,92.974,-0.23999999999999488,3,3
2021,Saudi Arabian Grand Prix,HAM,2,13,HARD,HARD,3.0,93.214,92.974,-0.23999999999999488,3,3
2021,Saudi Arabian Grand Prix,HAM,3,15,HARD,HARD,5.0,93.214,92.974,-0.23999999999999488,3,3
2021,Saudi Arabian Grand Prix,LAT,1,10,MEDIUM,HARD,10.0,96.466,97.314,0.847999999999999,3,3
2021,Saudi Arabian Grand Prix,LAT,2,13,HARD,HARD,3.0,96.466,97.314,0.847999999999999,3,3
2021,Saudi Arabian Grand Prix,LAT,3,15,MEDIUM,HARD,2.0,96.466,97.314,0.847999999999999,3,3
2021,Saudi Arabian Grand Prix,LEC,1,10,MEDIUM,HARD,15.0,93.976,96.483,2.507000000000005,3,3
2021,Saudi Arabian Grand Prix,LEC,2,13,HARD,HARD,3.0,93.976,96.483,2.507000000000005,3,3
2021,Saudi Arabian Grand Prix,LEC,3,15,HARD,HARD,5.0,93.976,96.483,2.507000000000005,3,3
2021,Saudi Arabian Grand Prix,NOR,1,10,SOFT,HARD,14.0,95.547,97.185,1.6380000000000052,3,3
2021,Saudi Arabian Grand Prix,NOR,2,13,HARD,HARD,3.0,95.547,97.185,1.6380000000000052,3,3
2021,Saudi Arabian Grand Prix,NOR,3,15,HARD,HARD,5.0,95.547,97.185,1.6380000000000052,3,3
2021,Saudi Arabian Grand Prix,OCO,1,13,MEDIUM,HARD,20.0,95.277,93.886,-1.3910000000000053,3,3
2021,Saudi Arabian Grand Prix,OCO,2,15,HARD,HARD,2.0,95.277,93.886,-1.3910000000000053,3,3
2021,Saudi Arabian Grand Prix,RAI,1,13,MEDIUM,HARD,13.0,96.009,97.081,1.0720000000000027,3,3
2021,Saudi Arabian Grand Prix,RAI,2,15,HARD,HARD,2.0,96.009,97.081,1.0720000000000027,3,3
2021,Saudi Arabian Grand Prix,RAI,3,26,HARD,MEDIUM,13.0,94.936,93.559,-1.3770000000000095,3,3
2021,Saudi Arabian Grand Prix,RIC,1,13,HARD,MEDIUM,13.0,95.081,93.987,-1.0940000000000083,3,3
2021,Saudi Arabian Grand Prix,RIC,2,15,MEDIUM,MEDIUM,2.0,95.081,93.987,-1.0940000000000083,3,3
2021,Saudi Arabian Grand Prix,SAI,1,13,HARD,MEDIUM,13.0,95.355,96.253,0.8979999999999961,3,3
2021,Saudi Arabian Grand Prix,SAI,2,15,MEDIUM,MEDIUM,5.0,95.355,96.253,0.8979999999999961,3,3
2021,Saudi Arabian Grand Prix,STR,1,9,MEDIUM,MEDIUM,9.0,95.825,97.049,1.2240000000000038,3,3
2021,Saudi Arabian Grand Prix,STR,2,13,HARD,MEDIUM,5.0,95.825,97.049,1.2240000000000038,3,3
2021,Saudi Arabian Grand Prix,STR,3,15,HARD,MEDIUM,7.0,95.825,97.049,1.2240000000000038,3,3
2021,Saudi Arabian Grand Prix,TSU,1,13,MEDIUM,MEDIUM,20.0,95.72,96.474,0.7540000000000049,3,3
2021,Saudi Arabian Grand Prix,TSU,2,15,HARD,MEDIUM,2.0,95.72,96.474,0.7540000000000049,3,3
2021,Saudi Arabian Grand Prix,TSU,3,23,MEDIUM,HARD,10.0,94.592,93.208,-1.3840000000000003,3,3
2021,Saudi Arabian Grand Prix,VER,1,13,MEDIUM,MEDIUM,17.0,93.6,92.764,-0.8359999999999985,3,3
2021,Saudi Arabian Grand Prix,VER,2,15,HARD,MEDIUM,2.0,93.6,92.764,-0.8359999999999985,3,3
2021,Saudi Arabian Grand Prix,VET,1,13,HARD,MEDIUM,14.0,95.685,95.872,0.1869999999999976,3,3
2021,Saudi Arabian Grand Prix,VET,2,15,MEDIUM,MEDIUM,2.0,95.685,95.872,0.1869999999999976,3,3
2021,São Paulo Grand Prix,ALO,1,7,MEDIUM,MEDIUM,7.0,76.308,78.426,2.117999999999995,3,3
2021,São Paulo Grand Prix,ALO,2,8,MEDIUM,MEDIUM,8.0,76.308,78.426,2.117999999999995,3,3
2021,São Paulo Grand Prix,ALO,3,34,MEDIUM,HARD,34.0,75.701,74.556,-1.144999999999996,3,3
2021,São Paulo Grand Prix,BOT,1,7,MEDIUM,MEDIUM,7.0,74.954,75.0,0.04600000000000648,3,3
2021,São Paulo Grand Prix,BOT,2,8,MEDIUM,MEDIUM,8.0,74.954,75.0,0.04600000000000648,3,3
2021,São Paulo Grand Prix,BOT,3,30,MEDIUM,HARD,30.0,75.242,73.085,-2.1570000000000107,3,3
2021,São Paulo Grand Prix,BOT,4,41,HARD,HARD,11.0,73.584,72.966,-0.6180000000000092,3,3
2021,São Paulo Grand Prix,GAS,1,7,MEDIUM,MEDIUM,7.0,75.989,76.279,0.28999999999999204,3,3
2021,São Paulo Grand Prix,GAS,2,8,MEDIUM,MEDIUM,8.0,75.989,76.279,0.28999999999999204,3,3
2021,São Paulo Grand Prix,GAS,3,25,MEDIUM,HARD,25.0,75.824,75.349,-0.4749999999999943,3,3
2021,São Paulo Grand Prix,GAS,4,51,HARD,HARD,26.0,74.832,73.848,-0.9839999999999947,3,3
2021,São Paulo Grand Prix,GIO,1,7,MEDIUM,MEDIUM,7.0,77.165,78.214,1.0489999999999924,3,3
2021,São Paulo Grand Prix,GIO,2,8,MEDIUM,MEDIUM,8.0,77.165,78.214,1.0489999999999924,3,3
2021,São Paulo Grand Prix,GIO,3,29,MEDIUM,HARD,29.0,76.473,74.83,-1.6430000000000007,3,3
2021,São Paulo Grand Prix,GIO,4,42,HARD,MEDIUM,13.0,76.815,74.377,-2.4380000000000024,3,3
2021,São Paulo Grand Prix,HAM,1,7,MEDIUM,MEDIUM,7.0,74.254,74.607,0.35299999999999443,3,3
2021,São Paulo Grand Prix,HAM,2,8,MEDIUM,MEDIUM,8.0,74.254,74.607,0.35299999999999443,3,3
2021,São Paulo Grand Prix,HAM,3,26,MEDIUM,HARD,26.0,74.976,73.225,-1.7510000000000048,3,3
2021,São Paulo Grand Prix,HAM,4,43,HARD,HARD,17.0,73.577,72.135,-1.441999999999993,3,3
2021,São Paulo Grand Prix,LAT,1,7,MEDIUM,MEDIUM,7.0,77.665,78.857,1.191999999999993,3,3
2021,São Paulo Grand Prix,LAT,2,8,MEDIUM,MEDIUM,8.0,77.665,78.857,1.191999999999993,3,3
2021,São Paulo Grand Prix,LAT,3,13,MEDIUM,HARD,13.0,78.857,75.784,-3.0729999999999933,3,3
2021,São Paulo Grand Prix,LAT,4,39,HARD,HARD,26.0,76.294,76.349,0.05500000000000682,3,3
2021,São Paulo Grand Prix,LEC,1,7,MEDIUM,MEDIUM,7.0,75.764,75.741,-0.022999999999996135,3,3
2021,São Paulo Grand Prix,LEC,2,8,MEDIUM,MEDIUM,8.0,75.764,75.741,-0.022999999999996135,3,3
2021,São Paulo Grand Prix,LEC,3,27,MEDIUM,MEDIUM,27.0,75.592,74.688,-0.9039999999999964,3,3
2021,São Paulo Grand Prix,LEC,4,52,MEDIUM,HARD,25.0,74.815,73.002,-1.8130000000000024,3,3
2021,São Paulo Grand Prix,MAZ,1,7,MEDIUM,MEDIUM,7.0,77.402,78.825,1.4230000000000018,3,3
2021,São Paulo Grand Prix,MAZ,2,8,MEDIUM,MEDIUM,8.0,77.402,78.825,1.4230000000000018,3,3
2021,São Paulo Grand Prix,MAZ,3,34,MEDIUM,HARD,34.0,78.097,75.104,-2.992999999999995,3,3
2021,São Paulo Grand Prix,MSC,1,7,MEDIUM,MEDIUM,7.0,77.762,75.273,-2.4890000000000043,3,3
2021,São Paulo Grand Prix,MSC,2,8,MEDIUM,MEDIUM,8.0,77.762,75.273,-2.4890000000000043,3,3
2021,São Paulo Grand Prix,MSC,3,11,MEDIUM,HARD,11.0,77.762,75.273,-2.4890000000000043,3,3
2021,São Paulo Grand Prix,MSC,4,29,HARD,MEDIUM,18.0,76.488,76.779,0.2909999999999968,3,3
2021,São Paulo Grand Prix,MSC,5,61,MEDIUM,MEDIUM,32.0,76.606,74.061,-2.5449999999999875,3,3
2021,São Paulo Grand Prix,NOR,2,6,HARD,HARD,5.0,75.581,77.957,2.3759999999999906,2,3
2021,São Paulo Grand Prix,NOR,3,7,HARD,HARD,6.0,75.581,77.957,2.3759999999999906,2,3
2021,São Paulo Grand Prix,NOR,4,8,HARD,HARD,7.0,75.581,77.957,2.3759999999999906,2,3
2021,São Paulo Grand Prix,NOR,5,37,HARD,HARD,36.0,75.713,74.581,-1.1319999999999908,3,3
2021,São Paulo Grand Prix,OCO,1,7,MEDIUM,MEDIUM,7.0,76.09,77.542,1.4519999999999982,3,3
2021,São Paulo Grand Prix,OCO,2,8,MEDIUM,MEDIUM,8.0,76.09,77.542,1.4519999999999982,3,3
2021,São Paulo Grand Prix,OCO,3,30,MEDIUM,HARD,30.0,76.381,75.031,-1.3499999999999943,3,3
2021,São Paulo Grand Prix,PER,1,7,MEDIUM,MEDIUM,7.0,74.626,74.621,-0.005000000000009663,3,3
2021,São Paulo Grand Prix,PER,2,8,MEDIUM,MEDIUM,8.0,74.626,74.621,-0.005000000000009663,3,3
2021,São Paulo Grand Prix,PER,3,28,MEDIUM,HARD,28.0,75.272,73.566,-1.706000000000003,3,3
2021,São Paulo Grand Prix,PER,4,42,HARD,HARD,14.0,73.582,72.838,-0.7439999999999998,3,3
2021,São Paulo Grand Prix,RAI,1,7,MEDIUM,MEDIUM,7.0,76.81,78.551,1.7409999999999997,3,3
2021,São Paulo Grand Prix,RAI,2,8,MEDIUM,MEDIUM,8.0,76.81,78.551,1.7409999999999997,3,3
2021,São Paulo Grand Prix,RAI,3,28,MEDIUM,HARD,28.0,76.34,74.782,-1.558000000000007,3,3
2021,São Paulo Grand Prix,RAI,4,52,HARD,MEDIUM,24.0,74.701,72.958,-1.742999999999995,3,3
2021,São Paulo Grand Prix,RIC,1,7,MEDIUM,MEDIUM,7.0,75.987,76.755,0.7680000000000007,3,3
2021,São Paulo Grand Prix,RIC,2,8,MEDIUM,MEDIUM,8.0,75.987,76.755,0.7680000000000007,3,3
2021,São Paulo Grand Prix,RIC,3,30,MEDIUM,HARD,30.0,75.831,75.137,-0.6940000000000026,3,3
2021,São Paulo Grand Prix,RUS,1,6,MEDIUM,HARD,6.0,78.293,79.218,0.9249999999999972,3,3
2021,São Paulo Grand Prix,RUS,2,7,HARD,HARD,1.0,78.293,79.218,0.9249999999999972,3,3
2021,São Paulo Grand Prix,RUS,3,8,HARD,HARD,2.0,78.293,79.218,0.9249999999999972,3,3
2021,São Paulo Grand Prix,RUS,4,41,HARD,HARD,35.0,76.71,75.111,-1.5989999999999895,3,3
2021,São Paulo Grand Prix,SAI,1,7,MEDIUM,MEDIUM,7.0,75.747,76.074,0.3269999999999982,3,3
2021,São Paulo Grand Prix,SAI,2,8,MEDIUM,MEDIUM,8.0,75.747,76.074,0.3269999999999982,3,3
2021,São Paulo Grand Prix,SAI,3,26,MEDIUM,MEDIUM,26.0,75.561,75.285,-0.27600000000001046,3,3
2021,São Paulo Grand Prix,SAI,4,53,MEDIUM,HARD,27.0,74.862,73.094,-1.7680000000000007,3,3
2021,São Paulo Grand Prix,STR,1,7,MEDIUM,MEDIUM,9.0,76.897,77.542,0.644999999999996,3,3
2021,São Paulo Grand Prix,STR,2,8,MEDIUM,MEDIUM,10.0,76.897,77.542,0.644999999999996,3,3
2021,São Paulo Grand Prix,STR,3,22,MEDIUM,HARD,24.0,76.892,75.382,-1.509999999999991,3,3
2021,São Paulo Grand Prix,TSU,1,4,SOFT,HARD,4.0,77.0415,78.422,1.3804999999999978,2,3
2021,São Paulo Grand Prix,TSU,2,6,HARD,HARD,2.0,77.0415,78.422,1.3804999999999978,2,3
2021,São Paulo Grand Prix,TSU,3,7,HARD,HARD,3.0,77.0415,78.422,1.3804999999999978,2,3
2021,São Paulo Grand Prix,TSU,4,8,HARD,HARD,4.0,77.0415,78.422,1.3804999999999978,2,3
2021,São Paulo Grand Prix,TSU,5,39,HARD,HARD,35.0,77.653,75.127,-2.5260000000000105,3,3
2021,São Paulo Grand Prix,VER,1,7,MEDIUM,MEDIUM,7.0,74.66,74.577,-0.08299999999999841,3,3
2021,São Paulo Grand Prix,VER,2,8,MEDIUM,MEDIUM,8.0,74.66,74.577,-0.08299999999999841,3,3
2021,São Paulo Grand Prix,VER,3,27,MEDIUM,HARD,27.0,74.911,73.155,-1.7560000000000002,3,3
2021,São Paulo Grand Prix,VER,4,40,HARD,HARD,13.0,73.693,72.963,-0.730000000000004,3,3
2021,São Paulo Grand Prix,VET,1,7,MEDIUM,MEDIUM,9.0,75.979,76.388,0.409000000000006,3,3
2021,São Paulo Grand Prix,VET,2,8,MEDIUM,MEDIUM,10.0,75.979,76.388,0.409000000000006,3,3
2021,São Paulo Grand Prix,VET,3,28,MEDIUM,HARD,30.0,76.446,75.083,-1.3629999999999995,3,3
2021,São Paulo Grand Prix,VET,4,55,HARD,MEDIUM,29.0,74.817,74.024,-0.7929999999999922,3,3
2021,Spanish Grand Prix,ALO,1,21,SOFT,MEDIUM,24.0,85.331,83.886,-1.4450000000000074,3,3
2021,Spanish Grand Prix,ALO,2,61,MEDIUM,SOFT,40.0,85.706,81.355,-4.350999999999999,3,3
2021,Spanish Grand Prix,BOT,1,23,SOFT,MEDIUM,26.0,83.84,82.408,-1.4320000000000022,3,3
2021,Spanish Grand Prix,BOT,2,53,MEDIUM,SOFT,30.0,82.9,80.242,-2.6580000000000013,3,3
2021,Spanish Grand Prix,GAS,1,18,SOFT,MEDIUM,18.0,85.45,83.081,-2.3689999999999998,3,3
2021,Spanish Grand Prix,GAS,2,47,MEDIUM,SOFT,29.0,84.14,81.496,-2.6440000000000055,3,3
2021,Spanish Grand Prix,GIO,1,8,SOFT,MEDIUM,8.0,85.437,84.854,-0.5829999999999984,3,3
2021,Spanish Grand Prix,GIO,2,39,MEDIUM,SOFT,34.0,85.72,83.004,-2.715999999999994,3,3
2021,Spanish Grand Prix,HAM,1,28,SOFT,MEDIUM,32.0,83.284,81.276,-2.0080000000000098,3,3
2021,Spanish Grand Prix,HAM,2,42,MEDIUM,MEDIUM,14.0,81.778,80.73,-1.0480000000000018,3,3
2021,Spanish Grand Prix,LAT,1,9,SOFT,MEDIUM,9.0,86.276,87.48,1.2040000000000077,3,3
2021,Spanish Grand Prix,LAT,2,27,MEDIUM,MEDIUM,18.0,85.192,84.058,-1.1339999999999861,3,3
2021,Spanish Grand Prix,LAT,3,50,MEDIUM,SOFT,23.0,86.946,83.127,-3.8190000000000026,3,3
2021,Spanish Grand Prix,LEC,1,28,SOFT,MEDIUM,31.0,84.519,82.799,-1.7199999999999989,3,3
2021,Spanish Grand Prix,LEC,2,58,MEDIUM,SOFT,30.0,82.956,81.056,-1.9000000000000057,3,3
2021,Spanish Grand Prix,MAZ,1,22,SOFT,MEDIUM,22.0,86.627,84.806,-1.820999999999998,3,3
2021,Spanish Grand Prix,MAZ,2,42,MEDIUM,MEDIUM,20.0,85.457,84.392,-1.0649999999999977,3,3
2021,Spanish Grand Prix,MSC,1,23,SOFT,MEDIUM,23.0,86.076,84.419,-1.6569999999999965,3,3
2021,Spanish Grand Prix,MSC,2,50,MEDIUM,MEDIUM,27.0,84.728,82.752,-1.975999999999999,3,3
2021,Spanish Grand Prix,NOR,1,23,SOFT,MEDIUM,26.0,84.783,84.395,-0.38800000000000523,3,3
2021,Spanish Grand Prix,NOR,2,51,MEDIUM,SOFT,28.0,84.764,83.303,-1.4609999999999985,3,3
2021,Spanish Grand Prix,OCO,1,23,SOFT,MEDIUM,26.0,85.167,84.122,-1.0450000000000017,3,3
2021,Spanish Grand Prix,PER,1,27,SOFT,MEDIUM,30.0,84.527,82.141,-2.3859999999999957,3,3
2021,Spanish Grand Prix,PER,2,57,MEDIUM,SOFT,30.0,82.69,81.668,-1.0219999999999914,3,3
2021,Spanish Grand Prix,RAI,1,37,MEDIUM,SOFT,37.0,85.867,83.444,-2.423000000000002,3,3
2021,Spanish Grand Prix,RIC,1,25,SOFT,MEDIUM,28.0,84.547,83.316,-1.2309999999999945,3,3
2021,Spanish Grand Prix,RIC,2,46,MEDIUM,SOFT,21.0,83.303,82.58,-0.722999999999999,3,3
2021,Spanish Grand Prix,RUS,1,9,SOFT,MEDIUM,9.0,86.158,86.442,0.2839999999999918,3,3
2021,Spanish Grand Prix,RUS,2,28,MEDIUM,MEDIUM,19.0,84.705,83.631,-1.073999999999998,3,3
2021,Spanish Grand Prix,SAI,1,22,SOFT,MEDIUM,25.0,84.977,83.991,-0.9860000000000042,3,3
2021,Spanish Grand Prix,SAI,2,46,MEDIUM,SOFT,24.0,83.173,82.095,-1.078000000000003,3,3
2021,Spanish Grand Prix,STR,1,22,SOFT,MEDIUM,22.0,85.119,84.23,-0.8889999999999958,3,3
2021,Spanish Grand Prix,STR,2,39,MEDIUM,SOFT,17.0,84.606,83.239,-1.3669999999999902,3,3
2021,Spanish Grand Prix,VER,1,24,SOFT,MEDIUM,27.0,83.513,82.171,-1.3419999999999987,3,3
2021,Spanish Grand Prix,VER,2,60,MEDIUM,SOFT,36.0,82.546,79.619,-2.9270000000000067,3,3
2021,Spanish Grand Prix,VET,1,21,SOFT,MEDIUM,21.0,85.545,83.523,-2.0220000000000056,3,3
2021,Spanish Grand Prix,VET,2,38,MEDIUM,SOFT,17.0,84.335,83.264,-1.070999999999998,3,3
2021,Styrian Grand Prix,ALO,1,27,SOFT,HARD,30.0,71.373,70.309,-1.0640000000000072,3,3
2021,Styrian Grand Prix,BOT,1,27,MEDIUM,HARD,30.0,70.27,69.237,-1.0330000000000013,3,3
2021,Styrian Grand Prix,GIO,1,23,MEDIUM,HARD,23.0,71.669,70.451,-1.2180000000000035,3,3
2021,Styrian Grand Prix,HAM,1,28,MEDIUM,HARD,32.0,70.234,69.145,-1.0889999999999986,3,3
2021,Styrian Grand Prix,LAT,2,25,SOFT,HARD,24.0,71.773,74.562,2.7890000000000015,3,3
2021,Styrian Grand Prix,LEC,2,37,HARD,MEDIUM,36.0,70.985,69.263,-1.7219999999999942,3,3
2021,Styrian Grand Prix,MAZ,1,21,MEDIUM,HARD,21.0,72.659,72.036,-0.6230000000000047,3,3
2021,Styrian Grand Prix,MSC,1,33,MEDIUM,HARD,33.0,72.703,70.394,-2.3089999999999975,3,3
2021,Styrian Grand Prix,NOR,1,31,SOFT,HARD,34.0,71.068,70.016,-1.0519999999999925,3,3
2021,Styrian Grand Prix,OCO,1,36,MEDIUM,HARD,36.0,71.096,69.756,-1.3400000000000034,3,3
2021,Styrian Grand Prix,PER,1,26,SOFT,HARD,29.0,70.598,69.619,-0.9789999999999992,3,3
2021,Styrian Grand Prix,PER,2,54,HARD,MEDIUM,28.0,69.441,68.049,-1.391999999999996,3,3
2021,Styrian Grand Prix,RAI,1,36,HARD,MEDIUM,36.0,70.851,69.826,-1.0250000000000057,3,3
2021,Styrian Grand Prix,RIC,1,41,MEDIUM,HARD,41.0,70.456,69.721,-0.7349999999999994,3,3
2021,Styrian Grand Prix,RUS,1,25,MEDIUM,HARD,25.0,71.204,70.596,-0.6079999999999899,3,3
2021,Styrian Grand Prix,RUS,2,26,HARD,HARD,1.0,71.204,70.596,-0.6079999999999899,3,3
2021,Styrian Grand Prix,SAI,1,41,MEDIUM,HARD,41.0,70.109,69.583,-0.5259999999999962,3,3
2021,Styrian Grand Prix,STR,1,28,SOFT,HARD,31.0,71.505,70.188,-1.316999999999993,3,3
2021,Styrian Grand Prix,TSU,1,26,SOFT,HARD,29.0,71.442,70.478,-0.9639999999999986,3,3
2021,Styrian Grand Prix,VER,1,29,MEDIUM,HARD,34.0,69.852,69.041,-0.811000000000007,3,3
2021,Styrian Grand Prix,VET,1,27,MEDIUM,HARD,27.0,71.542,70.233,-1.3089999999999975,3,3
2021,Turkish Grand Prix,ALO,1,30,INTERMEDIATE,INTERMEDIATE,30.0,95.945,95.346,-0.5989999999999895,3,3
2021,Turkish Grand Prix,BOT,1,37,INTERMEDIATE,INTERMEDIATE,37.0,94.019,93.949,-0.07000000000000739,3,3
2021,Turkish Grand Prix,GAS,1,39,INTERMEDIATE,INTERMEDIATE,39.0,94.406,94.003,-0.4030000000000058,3,3
2021,Turkish Grand Prix,GIO,1,40,INTERMEDIATE,INTERMEDIATE,40.0,95.684,95.218,-0.465999999999994,3,3
2021,Turkish Grand Prix,HAM,1,50,INTERMEDIATE,INTERMEDIATE,50.0,94.708,95.223,0.5150000000000006,3,3
2021,Turkish Grand Prix,LAT,1,34,INTERMEDIATE,INTERMEDIATE,34.0,96.615,95.662,-0.9529999999999887,3,3
2021,Turkish Grand Prix,LEC,1,47,INTERMEDIATE,INTERMEDIATE,47.0,95.751,94.606,-1.1450000000000102,3,3
2021,Turkish Grand Prix,MAZ,1,35,INTERMEDIATE,INTERMEDIATE,35.0,98.768,96.972,-1.7960000000000065,3,3
2021,Turkish Grand Prix,MSC,1,39,INTERMEDIATE,INTERMEDIATE,39.0,96.272,97.359,1.086999999999989,3,3
2021,Turkish Grand Prix,NOR,1,34,INTERMEDIATE,INTERMEDIATE,34.0,95.185,94.567,-0.6180000000000092,3,3
2021,Turkish Grand Prix,PER,1,37,INTERMEDIATE,INTERMEDIATE,37.0,96.852,94.052,-2.799999999999997,3,3
2021,Turkish Grand Prix,RAI,1,37,INTERMEDIATE,INTERMEDIATE,37.0,97.354,94.947,-2.4069999999999965,3,3
2021,Turkish Grand Prix,RIC,1,21,INTERMEDIATE,INTERMEDIATE,21.0,95.029,94.503,-0.5259999999999962,3,3
2021,Turkish Grand Prix,RUS,1,35,INTERMEDIATE,INTERMEDIATE,35.0,96.78,95.987,-0.7930000000000064,3,3
2021,Turkish Grand Prix,SAI,1,36,INTERMEDIATE,INTERMEDIATE,36.0,95.358,95.133,-0.22500000000000853,3,3
2021,Turkish Grand Prix,STR,1,39,INTERMEDIATE,INTERMEDIATE,39.0,94.892,96.058,1.166000000000011,3,3
2021,Turkish Grand Prix,TSU,1,35,INTERMEDIATE,INTERMEDIATE,35.0,97.536,95.24,-2.2960000000000065,3,3
2021,Turkish Grand Prix,VER,1,36,INTERMEDIATE,INTERMEDIATE,36.0,94.513,94.933,0.4200000000000017,3,3
2021,Turkish Grand Prix,VET,1,36,INTERMEDIATE,INTERMEDIATE,36.0,95.745,94.645,-1.1000000000000085,3,3
2021,Turkish Grand Prix,VET,2,37,MEDIUM,INTERMEDIATE,5.0,95.745,94.645,-1.1000000000000085,3,3
2021,United States Grand Prix,ALO,1,7,MEDIUM,HARD,7.0,104.428,103.148,-1.2800000000000011,3,3
2021,United States Grand Prix,ALO,2,28,HARD,HARD,21.0,103.025,101.352,-1.6730000000000018,3,3
2021,United States Grand Prix,ALO,3,39,HARD,MEDIUM,11.0,101.575,100.499,-1.0760000000000076,3,3
2021,United States Grand Prix,BOT,1,15,MEDIUM,HARD,18.0,103.002,102.018,-0.9839999999999947,3,3
2021,United States Grand Prix,BOT,2,34,HARD,HARD,19.0,100.703,100.216,-0.487000000000009,3,3
2021,United States Grand Prix,GAS,1,10,MEDIUM,HARD,13.0,104.368,103.4985,-0.869499999999988,3,2
2021,United States Grand Prix,GIO,1,8,MEDIUM,MEDIUM,8.0,104.263,103.189,-1.0740000000000123,3,3
2021,United States Grand Prix,GIO,2,26,MEDIUM,HARD,21.0,103.908,101.632,-2.2759999999999962,3,3
2021,United States Grand Prix,HAM,1,13,MEDIUM,HARD,16.0,101.822,100.808,-1.0139999999999958,3,3
2021,United States Grand Prix,HAM,2,37,HARD,HARD,24.0,101.373,99.668,-1.7049999999999983,3,3
2021,United States Grand Prix,LAT,1,5,MEDIUM,HARD,5.0,106.217,103.442,-2.7750000000000057,3,3
2021,United States Grand Prix,LAT,2,25,HARD,HARD,20.0,104.598,102.76,-1.8379999999999939,3,3
2021,United States Grand Prix,LEC,1,12,MEDIUM,HARD,15.0,102.274,101.629,-0.644999999999996,3,3
2021,United States Grand Prix,LEC,2,32,HARD,HARD,20.0,102.246,100.184,-2.0619999999999976,3,3
2021,United States Grand Prix,MAZ,2,24,HARD,MEDIUM,23.0,107.405,104.214,-3.1910000000000025,3,3
2021,United States Grand Prix,MAZ,3,37,MEDIUM,MEDIUM,13.0,103.844,103.013,-0.8309999999999889,3,3
2021,United States Grand Prix,MSC,1,11,MEDIUM,HARD,11.0,105.36,103.865,-1.4950000000000045,3,3
2021,United States Grand Prix,MSC,2,34,HARD,MEDIUM,23.0,104.319,101.811,-2.5079999999999956,3,3
2021,United States Grand Prix,NOR,1,10,MEDIUM,HARD,13.0,103.888,102.419,-1.4690000000000083,3,3
2021,United States Grand Prix,NOR,2,30,HARD,HARD,20.0,102.317,101.184,-1.1329999999999956,3,3
2021,United States Grand Prix,OCO,2,25,HARD,MEDIUM,22.0,104.43,102.427,-2.003,3,3
2021,United States Grand Prix,PER,1,12,MEDIUM,MEDIUM,15.0,102.181,100.889,-1.2920000000000016,3,3
2021,United States Grand Prix,PER,2,30,MEDIUM,HARD,21.0,101.622,100.025,-1.5969999999999942,3,3
2021,United States Grand Prix,RAI,1,12,MEDIUM,MEDIUM,12.0,103.134,103.463,0.3289999999999935,3,3
2021,United States Grand Prix,RAI,2,31,MEDIUM,HARD,19.0,102.658,102.012,-0.6460000000000008,3,3
2021,United States Grand Prix,RIC,1,11,MEDIUM,HARD,14.0,103.137,102.067,-1.0700000000000074,3,3
2021,United States Grand Prix,RIC,2,30,HARD,HARD,19.0,101.671,101.318,-0.35300000000000864,3,3
2021,United States Grand Prix,RUS,1,9,MEDIUM,HARD,9.0,104.608,103.064,-1.5440000000000111,3,3
2021,United States Grand Prix,RUS,2,31,HARD,HARD,22.0,104.184,101.877,-2.307000000000002,3,3
2021,United States Grand Prix,SAI,1,11,SOFT,HARD,14.0,102.9,101.943,-0.9570000000000078,3,3
2021,United States Grand Prix,SAI,2,29,HARD,HARD,18.0,102.356,101.407,-0.9489999999999981,3,3
2021,United States Grand Prix,STR,1,18,MEDIUM,MEDIUM,18.0,104.27,102.419,-1.850999999999999,3,3
2021,United States Grand Prix,STR,2,34,MEDIUM,HARD,16.0,102.684,101.478,-1.206000000000003,3,3
2021,United States Grand Prix,TSU,1,9,SOFT,HARD,12.0,104.277,102.855,-1.421999999999997,3,3
2021,United States Grand Prix,TSU,2,32,HARD,HARD,23.0,103.395,102.024,-1.3709999999999951,3,3
2021,United States Grand Prix,VER,1,10,MEDIUM,HARD,13.0,101.741,100.411,-1.3299999999999983,3,3
2021,United States Grand Prix,VER,2,29,HARD,HARD,19.0,101.215,100.355,-0.8599999999999994,3,3
2021,United States Grand Prix,VET,1,17,MEDIUM,MEDIUM,19.0,103.938,102.789,-1.149000000000001,3,3
2021,United States Grand Prix,VET,2,38,MEDIUM,HARD,23.0,102.456,101.121,-1.335000000000008,3,3
2022,Abu Dhabi Grand Prix,ALB,1,12,MEDIUM,HARD,12.0,92.55,91.43,-1.1199999999999903,3,3
2022,Abu Dhabi Grand Prix,ALB,2,35,HARD,MEDIUM,23.0,91.509,90.023,-1.4860000000000042,3,3
2022,Abu Dhabi Grand Prix,ALO,1,19,MEDIUM,HARD,19.0,92.541,91.273,-1.2680000000000007,3,3
2022,Abu Dhabi Grand Prix,BOT,1,30,HARD,MEDIUM,30.0,93.206,91.442,-1.76400000000001,3,3
2022,Abu Dhabi Grand Prix,GAS,1,14,SOFT,HARD,14.0,93.119,91.3,-1.8190000000000026,3,3
2022,Abu Dhabi Grand Prix,HAM,1,18,MEDIUM,HARD,18.0,92.069,90.664,-1.4050000000000011,3,3
2022,Abu Dhabi Grand Prix,LAT,1,15,MEDIUM,HARD,15.0,93.518,91.937,-1.581000000000003,3,3
2022,Abu Dhabi Grand Prix,LAT,2,38,HARD,MEDIUM,23.0,92.304,90.763,-1.5409999999999968,3,3
2022,Abu Dhabi Grand Prix,LEC,1,21,MEDIUM,HARD,21.0,91.74,90.465,-1.2749999999999915,3,3
2022,Abu Dhabi Grand Prix,MAG,1,28,HARD,MEDIUM,28.0,93.847,91.487,-2.3599999999999994,3,3
2022,Abu Dhabi Grand Prix,MSC,1,14,MEDIUM,HARD,14.0,92.787,91.364,-1.4230000000000018,3,3
2022,Abu Dhabi Grand Prix,MSC,2,34,HARD,MEDIUM,20.0,92.046,91.088,-0.9580000000000126,3,3
2022,Abu Dhabi Grand Prix,NOR,1,15,MEDIUM,HARD,15.0,92.514,90.832,-1.6820000000000022,3,3
2022,Abu Dhabi Grand Prix,NOR,2,42,HARD,MEDIUM,27.0,91.223,88.688,-2.5349999999999966,3,3
2022,Abu Dhabi Grand Prix,OCO,1,14,MEDIUM,HARD,14.0,92.745,91.46,-1.2850000000000108,3,3
2022,Abu Dhabi Grand Prix,OCO,2,41,HARD,HARD,27.0,90.992,89.369,-1.6230000000000047,3,3
2022,Abu Dhabi Grand Prix,PER,1,15,MEDIUM,HARD,15.0,91.407,90.185,-1.2219999999999942,3,3
2022,Abu Dhabi Grand Prix,PER,2,33,HARD,HARD,18.0,90.142,89.199,-0.9429999999999978,3,3
2022,Abu Dhabi Grand Prix,RIC,1,19,MEDIUM,HARD,19.0,93.191,91.105,-2.0859999999999985,3,3
2022,Abu Dhabi Grand Prix,RUS,1,15,MEDIUM,HARD,15.0,91.719,90.575,-1.1439999999999912,3,3
2022,Abu Dhabi Grand Prix,RUS,2,39,HARD,MEDIUM,24.0,90.395,89.042,-1.3529999999999944,3,3
2022,Abu Dhabi Grand Prix,SAI,1,17,MEDIUM,HARD,17.0,91.515,90.658,-0.8569999999999993,3,3
2022,Abu Dhabi Grand Prix,SAI,2,39,HARD,HARD,22.0,90.333,89.318,-1.0150000000000006,3,3
2022,Abu Dhabi Grand Prix,STR,1,13,MEDIUM,HARD,13.0,92.67,91.086,-1.5840000000000032,3,3
2022,Abu Dhabi Grand Prix,STR,2,40,HARD,MEDIUM,28.0,91.033,89.857,-1.176000000000002,3,3
2022,Abu Dhabi Grand Prix,TSU,1,14,MEDIUM,HARD,14.0,92.647,91.362,-1.2850000000000108,3,3
2022,Abu Dhabi Grand Prix,TSU,2,38,HARD,SOFT,24.0,91.272,89.762,-1.5100000000000051,3,3
2022,Abu Dhabi Grand Prix,VER,1,20,MEDIUM,HARD,20.0,91.598,90.671,-0.9269999999999925,3,3
2022,Abu Dhabi Grand Prix,VET,1,25,MEDIUM,HARD,25.0,93.281,90.884,-2.3970000000000056,3,3
2022,Abu Dhabi Grand Prix,ZHO,1,15,MEDIUM,HARD,15.0,92.99,91.124,-1.8659999999999997,3,3
2022,Abu Dhabi Grand Prix,ZHO,2,44,HARD,SOFT,29.0,91.843,90.925,-0.9180000000000064,3,3
2022,Australian Grand Prix,ALO,1,39,HARD,MEDIUM,39.0,84.3,83.771,-0.5289999999999964,3,3
2022,Australian Grand Prix,ALO,2,53,MEDIUM,MEDIUM,14.0,85.328,81.322,-4.006,3,3
2022,Australian Grand Prix,BOT,1,22,MEDIUM,HARD,22.0,86.061,86.979,0.9179999999999922,3,3
2022,Australian Grand Prix,GAS,1,21,MEDIUM,HARD,21.0,85.79,86.828,1.0379999999999967,3,3
2022,Australian Grand Prix,HAM,1,22,MEDIUM,HARD,22.0,84.408,85.042,0.6340000000000003,3,3
2022,Australian Grand Prix,LAT,1,13,MEDIUM,HARD,13.0,87.274,85.446,-1.828000000000003,3,3
2022,Australian Grand Prix,LAT,2,23,HARD,HARD,11.0,85.375,86.491,1.1159999999999997,3,3
2022,Australian Grand Prix,LEC,1,22,MEDIUM,HARD,22.0,84.061,83.532,-0.5290000000000106,3,3
2022,Australian Grand Prix,MAG,1,39,HARD,MEDIUM,39.0,84.304,83.334,-0.9699999999999989,3,3
2022,Australian Grand Prix,MSC,1,14,MEDIUM,HARD,16.0,86.67,84.518,-2.152000000000001,3,3
2022,Australian Grand Prix,NOR,1,20,MEDIUM,HARD,20.0,85.317,85.828,0.5110000000000099,3,3
2022,Australian Grand Prix,OCO,1,17,MEDIUM,HARD,17.0,85.835,84.507,-1.3279999999999887,3,3
2022,Australian Grand Prix,PER,1,20,MEDIUM,HARD,20.0,85.267,84.832,-0.4350000000000023,3,3
2022,Australian Grand Prix,RIC,1,21,MEDIUM,HARD,21.0,85.364,85.881,0.5169999999999959,3,3
2022,Australian Grand Prix,RUS,1,23,MEDIUM,HARD,23.0,84.669,84.52,-0.1490000000000009,3,3
2022,Australian Grand Prix,STR,3,23,HARD,HARD,19.0,85.95,85.721,-0.2289999999999992,3,3
2022,Australian Grand Prix,TSU,1,18,MEDIUM,HARD,18.0,86.298,84.979,-1.3190000000000026,3,3
2022,Australian Grand Prix,VER,1,18,MEDIUM,HARD,18.0,84.556,83.129,-1.4269999999999925,3,3
2022,Australian Grand Prix,ZHO,1,21,MEDIUM,HARD,21.0,86.45,85.919,-0.5310000000000059,3,3
2022,Austrian Grand Prix,ALB,1,11,MEDIUM,HARD,11.0,71.89,71.134,-0.7560000000000002,3,3
2022,Austrian Grand Prix,ALB,2,41,HARD,UNKNOWN,30.0,72.196,70.395,-1.801000000000002,3,3
2022,Austrian Grand Prix,ALO,1,27,HARD,HARD,27.0,72.446,70.731,-1.7150000000000034,3,3
2022,Austrian Grand Prix,ALO,2,57,HARD,MEDIUM,30.0,70.583,68.665,-1.9179999999999922,3,3
2022,Austrian Grand Prix,ALO,3,58,MEDIUM,MEDIUM,,70.583,68.665,-1.9179999999999922,3,3
2022,Austrian Grand Prix,BOT,1,6,MEDIUM,HARD,6.0,72.055,70.706,-1.3490000000000038,3,3
2022,Austrian Grand Prix,BOT,2,39,HARD,UNKNOWN,33.0,72.175,70.394,-1.7809999999999917,3,3
2022,Austrian Grand Prix,GAS,1,12,MEDIUM,HARD,12.0,71.981,71.117,-0.8639999999999901,3,3
2022,Austrian Grand Prix,GAS,2,40,HARD,UNKNOWN,28.0,72.357,70.656,-1.7009999999999934,3,3
2022,Austrian Grand Prix,HAM,1,28,MEDIUM,HARD,28.0,71.138,70.19,-0.9480000000000075,3,3
2022,Austrian Grand Prix,HAM,2,51,HARD,MEDIUM,23.0,70.498,70.381,-0.11700000000000443,3,3
2022,Austrian Grand Prix,LAT,1,12,MEDIUM,HARD,12.0,72.228,71.153,-1.0749999999999886,3,3
2022,Austrian Grand Prix,LAT,2,35,HARD,UNKNOWN,23.0,72.983,72.282,-0.7010000000000076,3,3
2022,Austrian Grand Prix,LEC,1,26,MEDIUM,HARD,26.0,71.343,69.479,-1.8640000000000043,3,3
2022,Austrian Grand Prix,LEC,2,49,HARD,HARD,23.0,70.584,69.071,-1.5130000000000052,3,3
2022,Austrian Grand Prix,LEC,3,58,HARD,MEDIUM,,68.843,67.814,-1.0290000000000106,3,3
2022,Austrian Grand Prix,MAG,1,15,MEDIUM,HARD,15.0,72.172,70.654,-1.5180000000000007,3,3
2022,Austrian Grand Prix,MAG,2,41,HARD,UNKNOWN,26.0,71.829,70.682,-1.1469999999999914,3,3
2022,Austrian Grand Prix,MSC,1,16,MEDIUM,HARD,16.0,71.693,70.681,-1.0120000000000005,3,3
2022,Austrian Grand Prix,MSC,2,43,HARD,UNKNOWN,27.0,71.786,72.181,0.394999999999996,3,3
2022,Austrian Grand Prix,NOR,1,14,MEDIUM,HARD,14.0,71.698,70.689,-1.0090000000000003,3,3
2022,Austrian Grand Prix,NOR,2,43,HARD,UNKNOWN,29.0,71.844,70.409,-1.434999999999988,3,3
2022,Austrian Grand Prix,OCO,1,16,MEDIUM,HARD,16.0,71.779,70.774,-1.0049999999999955,3,3
2022,Austrian Grand Prix,OCO,2,44,HARD,UNKNOWN,28.0,71.541,70.417,-1.1239999999999952,3,3
2022,Austrian Grand Prix,RIC,1,12,MEDIUM,HARD,12.0,71.947,71.216,-0.7310000000000088,3,3
2022,Austrian Grand Prix,RIC,2,44,HARD,UNKNOWN,32.0,72.092,70.281,-1.8109999999999928,3,3
2022,Austrian Grand Prix,RUS,1,11,MEDIUM,HARD,11.0,71.507,70.238,-1.2690000000000055,3,3
2022,Austrian Grand Prix,RUS,2,40,HARD,UNKNOWN,29.0,71.477,70.406,-1.070999999999998,3,3
2022,Austrian Grand Prix,SAI,1,27,MEDIUM,HARD,27.0,71.266,69.579,-1.6870000000000118,3,3
2022,Austrian Grand Prix,SAI,2,50,HARD,UNKNOWN,23.0,70.025,69.03,-0.9950000000000045,3,3
2022,Austrian Grand Prix,STR,1,29,MEDIUM,HARD,31.0,72.218,71.269,-0.9489999999999981,3,3
2022,Austrian Grand Prix,STR,2,48,HARD,MEDIUM,20.0,72.478,70.373,-2.1049999999999898,3,3
2022,Austrian Grand Prix,TSU,1,26,HARD,MEDIUM,26.0,72.449,71.034,-1.414999999999992,3,3
2022,Austrian Grand Prix,TSU,2,46,MEDIUM,HARD,20.0,71.597,70.659,-0.9379999999999882,3,3
2022,Austrian Grand Prix,VER,1,13,MEDIUM,HARD,13.0,70.918,70.361,-0.5570000000000022,3,3
2022,Austrian Grand Prix,VER,2,36,HARD,HARD,23.0,71.19,69.636,-1.554000000000002,3,3
2022,Austrian Grand Prix,VER,3,58,HARD,MEDIUM,22.0,69.843,67.804,-2.0390000000000015,3,3
2022,Austrian Grand Prix,VET,1,20,HARD,MEDIUM,21.0,72.123,71.118,-1.0050000000000097,3,3
2022,Austrian Grand Prix,VET,2,44,MEDIUM,UNKNOWN,26.0,71.749,70.549,-1.1999999999999886,3,3
2022,Austrian Grand Prix,ZHO,1,24,HARD,HARD,24.0,72.539,70.994,-1.5450000000000017,3,3
2022,Austrian Grand Prix,ZHO,2,46,HARD,MEDIUM,22.0,71.556,69.96,-1.5960000000000036,3,3
2022,Azerbaijan Grand Prix,ALB,1,9,MEDIUM,HARD,9.0,111.926,110.002,-1.9240000000000066,3,3
2022,Azerbaijan Grand Prix,ALB,2,29,HARD,HARD,20.0,110.913,108.553,-2.3599999999999994,3,3
2022,Azerbaijan Grand Prix,ALO,1,18,MEDIUM,HARD,18.0,111.171,110.017,-1.1540000000000106,3,3
2022,Azerbaijan Grand Prix,BOT,1,33,HARD,MEDIUM,33.0,111.521,109.557,-1.9639999999999986,3,3
2022,Azerbaijan Grand Prix,GAS,1,9,MEDIUM,HARD,9.0,110.23,110.128,-0.10200000000000387,3,3
2022,Azerbaijan Grand Prix,HAM,1,9,MEDIUM,HARD,9.0,110.958,110.358,-0.5999999999999943,3,3
2022,Azerbaijan Grand Prix,HAM,2,33,HARD,HARD,24.0,108.615,107.665,-0.9499999999999886,3,3
2022,Azerbaijan Grand Prix,LAT,2,17,MEDIUM,HARD,17.0,112.513,110.715,-1.7980000000000018,3,3
2022,Azerbaijan Grand Prix,LEC,1,9,MEDIUM,HARD,9.0,108.768,108.26,-0.5079999999999956,3,3
2022,Azerbaijan Grand Prix,MAG,1,9,MEDIUM,HARD,11.0,111.111,109.317,-1.7940000000000111,3,3
2022,Azerbaijan Grand Prix,MSC,1,9,HARD,MEDIUM,9.0,111.896,109.664,-2.2319999999999993,3,3
2022,Azerbaijan Grand Prix,MSC,2,23,MEDIUM,HARD,16.0,112.013,110.53,-1.483000000000004,3,3
2022,Azerbaijan Grand Prix,NOR,1,20,MEDIUM,HARD,20.0,111.33,110.628,-0.7019999999999982,3,3
2022,Azerbaijan Grand Prix,OCO,1,33,HARD,MEDIUM,33.0,110.532,108.607,-1.9249999999999972,3,3
2022,Azerbaijan Grand Prix,PER,1,16,MEDIUM,HARD,16.0,109.685,107.522,-2.1629999999999967,3,3
2022,Azerbaijan Grand Prix,PER,2,33,HARD,HARD,17.0,108.188,107.777,-0.41100000000000136,3,3
2022,Azerbaijan Grand Prix,RIC,1,33,HARD,MEDIUM,33.0,109.97,108.587,-1.3829999999999956,3,3
2022,Azerbaijan Grand Prix,RUS,1,9,MEDIUM,HARD,9.0,109.623,109.569,-0.054000000000002046,3,3
2022,Azerbaijan Grand Prix,RUS,2,33,HARD,HARD,24.0,108.862,108.1,-0.7620000000000005,3,3
2022,Azerbaijan Grand Prix,STR,1,30,HARD,MEDIUM,31.0,110.569,108.309,-2.260000000000005,3,3
2022,Azerbaijan Grand Prix,TSU,1,9,MEDIUM,HARD,9.0,110.473,110.19,-0.28300000000000125,3,3
2022,Azerbaijan Grand Prix,TSU,2,38,HARD,SOFT,29.0,109.429,107.57,-1.8590000000000089,3,3
2022,Azerbaijan Grand Prix,VER,1,18,MEDIUM,HARD,18.0,109.131,107.366,-1.7650000000000006,3,3
2022,Azerbaijan Grand Prix,VER,2,33,HARD,HARD,15.0,107.522,106.523,-0.9990000000000094,3,3
2022,Azerbaijan Grand Prix,VET,1,9,MEDIUM,HARD,10.0,110.703,110.464,-0.23900000000000432,3,3
2022,Azerbaijan Grand Prix,ZHO,1,9,MEDIUM,HARD,9.0,110.952,109.045,-1.9069999999999965,3,3
2022,Bahrain Grand Prix,ALB,1,13,SOFT,MEDIUM,13.0,102.588,100.164,-2.4239999999999924,3,3
2022,Bahrain Grand Prix,ALB,2,35,MEDIUM,MEDIUM,22.0,101.203,99.127,-2.0760000000000076,3,3
2022,Bahrain Grand Prix,ALB,3,46,MEDIUM,SOFT,13.0,99.285,97.717,-1.5679999999999978,3,3
2022,Bahrain Grand Prix,ALO,1,11,SOFT,MEDIUM,14.0,101.873,99.704,-2.169000000000011,3,3
2022,Bahrain Grand Prix,ALO,2,25,MEDIUM,HARD,14.0,100.496,98.68,-1.8159999999999883,3,3
2022,Bahrain Grand Prix,ALO,3,42,HARD,SOFT,17.0,100.034,97.538,-2.4960000000000093,3,3
2022,Bahrain Grand Prix,BOT,1,14,SOFT,MEDIUM,17.0,101.075,100.103,-0.9720000000000084,3,3
2022,Bahrain Grand Prix,BOT,2,36,MEDIUM,MEDIUM,22.0,99.739,97.067,-2.6720000000000113,3,3
2022,Bahrain Grand Prix,BOT,3,45,MEDIUM,SOFT,9.0,98.386,97.06,-1.3259999999999934,3,3
2022,Bahrain Grand Prix,GAS,1,14,SOFT,MEDIUM,17.0,101.256,98.868,-2.3880000000000052,3,3
2022,Bahrain Grand Prix,GAS,2,32,MEDIUM,HARD,18.0,99.8,97.54,-2.259999999999991,3,3
2022,Bahrain Grand Prix,HAM,1,11,SOFT,HARD,13.0,100.274,99.309,-0.9650000000000034,3,3
2022,Bahrain Grand Prix,HAM,2,27,HARD,MEDIUM,17.0,99.255,97.506,-1.7489999999999952,3,3
2022,Bahrain Grand Prix,HAM,3,44,MEDIUM,SOFT,17.0,98.205,96.36,-1.8449999999999989,3,3
2022,Bahrain Grand Prix,HUL,1,19,SOFT,SOFT,19.0,103.615,99.22,-4.394999999999996,3,3
2022,Bahrain Grand Prix,HUL,2,37,SOFT,MEDIUM,18.0,100.815,98.751,-2.063999999999993,3,3
2022,Bahrain Grand Prix,HUL,3,44,MEDIUM,SOFT,7.0,99.671,98.452,-1.2190000000000083,3,3
2022,Bahrain Grand Prix,LAT,1,14,SOFT,SOFT,14.0,103.36,99.655,-3.7049999999999983,3,3
2022,Bahrain Grand Prix,LAT,2,32,SOFT,MEDIUM,18.0,102.106,99.455,-2.6509999999999962,3,3
2022,Bahrain Grand Prix,LAT,3,45,MEDIUM,SOFT,13.0,99.937,98.452,-1.4849999999999994,3,3
2022,Bahrain Grand Prix,LEC,1,15,SOFT,SOFT,15.0,99.279,97.52,-1.7590000000000003,3,3
2022,Bahrain Grand Prix,LEC,2,31,SOFT,MEDIUM,19.0,99.051,96.501,-2.549999999999997,3,3
2022,Bahrain Grand Prix,LEC,3,46,MEDIUM,SOFT,15.0,97.413,95.027,-2.3859999999999957,3,3
2022,Bahrain Grand Prix,MAG,1,14,SOFT,SOFT,14.0,101.283,98.216,-3.0670000000000073,3,3
2022,Bahrain Grand Prix,MAG,2,34,SOFT,MEDIUM,23.0,100.522,97.636,-2.88600000000001,3,3
2022,Bahrain Grand Prix,MAG,3,46,MEDIUM,SOFT,12.0,98.178,96.86,-1.3179999999999978,3,3
2022,Bahrain Grand Prix,MSC,1,12,SOFT,MEDIUM,12.0,102.809,99.109,-3.700000000000003,3,3
2022,Bahrain Grand Prix,MSC,2,35,MEDIUM,SOFT,23.0,101.178,97.176,-4.001999999999995,3,3
2022,Bahrain Grand Prix,NOR,1,24,MEDIUM,HARD,24.0,102.186,99.175,-3.01100000000001,3,3
2022,Bahrain Grand Prix,NOR,2,41,HARD,SOFT,17.0,99.679,97.204,-2.4750000000000085,3,3
2022,Bahrain Grand Prix,NOR,3,45,SOFT,SOFT,4.0,99.677,97.208,-2.4690000000000083,3,3
2022,Bahrain Grand Prix,OCO,1,14,SOFT,MEDIUM,14.0,101.094,100.025,-1.0689999999999884,3,3
2022,Bahrain Grand Prix,OCO,2,30,MEDIUM,HARD,16.0,99.789,98.155,-1.6340000000000003,3,3
2022,Bahrain Grand Prix,OCO,3,43,HARD,SOFT,13.0,98.641,97.367,-1.274000000000001,3,3
2022,Bahrain Grand Prix,PER,1,15,SOFT,MEDIUM,18.0,99.992,96.852,-3.1400000000000006,3,3
2022,Bahrain Grand Prix,PER,2,33,MEDIUM,SOFT,18.0,99.222,96.511,-2.7109999999999985,3,3
2022,Bahrain Grand Prix,PER,3,43,SOFT,SOFT,13.0,97.255,96.113,-1.141999999999996,3,3
2022,Bahrain Grand Prix,RIC,1,17,MEDIUM,SOFT,17.0,102.543,99.374,-3.169000000000011,3,3
2022,Bahrain Grand Prix,RIC,2,33,SOFT,HARD,16.0,100.647,98.988,-1.659000000000006,3,3
2022,Bahrain Grand Prix,RIC,3,44,HARD,SOFT,11.0,99.421,97.654,-1.7670000000000101,3,3
2022,Bahrain Grand Prix,RUS,1,15,SOFT,HARD,18.0,100.409,98.114,-2.2950000000000017,3,3
2022,Bahrain Grand Prix,RUS,2,33,HARD,MEDIUM,19.0,99.454,97.527,-1.9269999999999925,3,3
2022,Bahrain Grand Prix,RUS,3,45,MEDIUM,SOFT,12.0,98.297,96.529,-1.7680000000000007,3,3
2022,Bahrain Grand Prix,SAI,1,14,SOFT,SOFT,17.0,100.097,97.477,-2.6199999999999903,3,3
2022,Bahrain Grand Prix,SAI,2,33,SOFT,MEDIUM,19.0,99.105,96.6,-2.5050000000000097,3,3
2022,Bahrain Grand Prix,SAI,3,44,MEDIUM,SOFT,11.0,97.26,95.88,-1.3800000000000097,3,3
2022,Bahrain Grand Prix,STR,1,18,SOFT,SOFT,18.0,101.875,98.94,-2.9350000000000023,3,3
2022,Bahrain Grand Prix,STR,2,38,SOFT,MEDIUM,20.0,100.484,98.127,-2.3569999999999993,3,3
2022,Bahrain Grand Prix,STR,3,45,MEDIUM,SOFT,7.0,98.363,97.622,-0.7409999999999997,3,3
2022,Bahrain Grand Prix,TSU,1,15,SOFT,MEDIUM,15.0,101.337,99.011,-2.3260000000000076,3,3
2022,Bahrain Grand Prix,TSU,2,29,MEDIUM,SOFT,14.0,99.952,98.722,-1.230000000000004,3,3
2022,Bahrain Grand Prix,TSU,3,44,SOFT,SOFT,15.0,98.772,97.475,-1.2970000000000113,3,3
2022,Bahrain Grand Prix,VER,1,14,SOFT,SOFT,17.0,99.479,97.587,-1.891999999999996,3,3
2022,Bahrain Grand Prix,VER,2,30,SOFT,MEDIUM,16.0,98.823,96.384,-2.438999999999993,3,3
2022,Bahrain Grand Prix,VER,3,43,MEDIUM,SOFT,13.0,97.308,95.462,-1.8460000000000036,3,3
2022,Bahrain Grand Prix,ZHO,1,15,SOFT,MEDIUM,15.0,101.281,98.63,-2.6510000000000105,3,3
2022,Bahrain Grand Prix,ZHO,2,37,MEDIUM,MEDIUM,22.0,99.954,96.742,-3.211999999999989,3,3
2022,Bahrain Grand Prix,ZHO,3,45,MEDIUM,SOFT,8.0,97.667,98.278,0.6110000000000042,3,3
2022,Belgian Grand Prix,ALB,1,10,MEDIUM,HARD,10.0,114.705,115.027,0.32200000000000273,3,3
2022,Belgian Grand Prix,ALB,2,26,HARD,MEDIUM,16.0,116.102,114.027,-2.075000000000003,3,3
2022,Belgian Grand Prix,ALO,1,11,MEDIUM,MEDIUM,11.0,115.356,115.183,-0.1729999999999876,3,3
2022,Belgian Grand Prix,ALO,2,25,MEDIUM,HARD,14.0,115.169,113.34,-1.8289999999999935,3,3
2022,Belgian Grand Prix,GAS,1,10,MEDIUM,HARD,10.0,115.716,114.546,-1.1699999999999875,3,3
2022,Belgian Grand Prix,GAS,2,22,HARD,SOFT,12.0,115.471,113.468,-2.003,3,3
2022,Belgian Grand Prix,LAT,2,15,MEDIUM,HARD,13.0,117.194,114.924,-2.269999999999996,3,3
2022,Belgian Grand Prix,LAT,3,34,HARD,SOFT,19.0,116.002,112.358,-3.6439999999999912,3,3
2022,Belgian Grand Prix,LEC,2,25,MEDIUM,MEDIUM,22.0,115.001,112.51,-2.4909999999999997,3,3
2022,Belgian Grand Prix,MAG,1,11,MEDIUM,HARD,11.0,117.228,114.5,-2.7279999999999944,3,3
2022,Belgian Grand Prix,MAG,2,27,HARD,MEDIUM,16.0,115.919,113.636,-2.2830000000000013,3,3
2022,Belgian Grand Prix,MSC,1,14,MEDIUM,HARD,14.0,117.216,114.167,-3.0489999999999924,3,3
2022,Belgian Grand Prix,MSC,2,30,HARD,MEDIUM,16.0,116.333,112.922,-3.4110000000000014,3,3
2022,Belgian Grand Prix,NOR,1,13,MEDIUM,HARD,13.0,116.133,113.921,-2.211999999999989,3,3
2022,Belgian Grand Prix,NOR,2,29,HARD,MEDIUM,16.0,115.731,112.418,-3.312999999999988,3,3
2022,Belgian Grand Prix,OCO,1,12,MEDIUM,HARD,12.0,116.218,114.927,-1.2909999999999968,3,3
2022,Belgian Grand Prix,OCO,2,32,HARD,MEDIUM,20.0,114.483,111.91,-2.5730000000000075,3,3
2022,Belgian Grand Prix,PER,1,14,MEDIUM,MEDIUM,14.0,115.163,111.689,-3.4740000000000038,3,3
2022,Belgian Grand Prix,PER,2,27,MEDIUM,HARD,13.0,113.474,111.225,-2.2490000000000094,3,3
2022,Belgian Grand Prix,RIC,1,12,MEDIUM,HARD,12.0,115.868,115.509,-0.35899999999999466,3,3
2022,Belgian Grand Prix,RIC,2,32,HARD,MEDIUM,20.0,115.07,113.528,-1.5419999999999874,3,3
2022,Belgian Grand Prix,RUS,1,13,MEDIUM,MEDIUM,13.0,114.835,113.07,-1.7650000000000006,3,3
2022,Belgian Grand Prix,RUS,2,29,MEDIUM,HARD,16.0,113.864,111.098,-2.7660000000000053,3,3
2022,Belgian Grand Prix,SAI,1,11,SOFT,MEDIUM,13.0,114.625,113.107,-1.5180000000000007,3,3
2022,Belgian Grand Prix,SAI,2,25,MEDIUM,HARD,14.0,114.259,112.398,-1.8610000000000042,3,3
2022,Belgian Grand Prix,STR,1,15,MEDIUM,MEDIUM,16.0,116.688,114.071,-2.6170000000000044,3,3
2022,Belgian Grand Prix,STR,2,26,MEDIUM,HARD,12.0,116.232,113.008,-3.2240000000000038,3,3
2022,Belgian Grand Prix,TSU,1,18,HARD,MEDIUM,18.0,115.621,114.179,-1.441999999999993,3,3
2022,Belgian Grand Prix,TSU,2,30,MEDIUM,SOFT,12.0,113.944,112.593,-1.350999999999999,3,3
2022,Belgian Grand Prix,VER,1,15,SOFT,MEDIUM,15.0,113.728,111.048,-2.6799999999999926,3,3
2022,Belgian Grand Prix,VER,2,30,MEDIUM,MEDIUM,15.0,112.762,111.034,-1.7279999999999944,3,3
2022,Belgian Grand Prix,VET,1,14,MEDIUM,HARD,15.0,115.82,114.183,-1.6369999999999862,3,3
2022,Belgian Grand Prix,VET,2,33,HARD,MEDIUM,19.0,114.658,112.825,-1.8329999999999984,3,3
2022,Belgian Grand Prix,ZHO,1,14,MEDIUM,MEDIUM,14.0,115.991,112.917,-3.073999999999998,3,3
2022,Belgian Grand Prix,ZHO,2,28,MEDIUM,SOFT,14.0,116.283,112.375,-3.9080000000000013,3,3
2022,British Grand Prix,ALO,2,33,MEDIUM,HARD,32.0,93.848,92.529,-1.3190000000000026,3,3
2022,British Grand Prix,ALO,3,39,HARD,SOFT,6.0,92.529,92.142,-0.38700000000000045,3,3
2022,British Grand Prix,GAS,2,16,SOFT,HARD,15.0,95.543,94.738,-0.8050000000000068,3,3
2022,British Grand Prix,HAM,2,33,MEDIUM,HARD,32.0,92.541,91.711,-0.8299999999999983,3,3
2022,British Grand Prix,HAM,3,39,HARD,SOFT,6.0,91.521,92.062,0.5409999999999968,3,3
2022,British Grand Prix,LAT,2,19,SOFT,MEDIUM,18.0,95.442,94.227,-1.2149999999999892,3,3
2022,British Grand Prix,LAT,3,39,MEDIUM,SOFT,20.0,94.71,93.79,-0.9199999999999875,3,3
2022,British Grand Prix,LEC,2,25,MEDIUM,HARD,24.0,93.055,92.06,-0.9950000000000045,3,3
2022,British Grand Prix,MAG,2,22,MEDIUM,MEDIUM,23.0,94.995,94.198,-0.7970000000000113,3,3
2022,British Grand Prix,MSC,2,19,MEDIUM,HARD,18.0,95.425,94.469,-0.9560000000000031,3,3
2022,British Grand Prix,MSC,3,39,HARD,SOFT,20.0,93.796,93.351,-0.4450000000000074,3,3
2022,British Grand Prix,NOR,2,34,MEDIUM,HARD,34.0,93.788,92.425,-1.3629999999999995,3,3
2022,British Grand Prix,NOR,3,40,HARD,SOFT,6.0,92.425,92.168,-0.2569999999999908,3,3
2022,British Grand Prix,OCO,2,22,SOFT,HARD,21.0,95.036,94.287,-0.7489999999999952,3,3
2022,British Grand Prix,PER,2,5,MEDIUM,MEDIUM,4.0,122.4,93.435,-28.965000000000003,2,3
2022,British Grand Prix,PER,3,39,MEDIUM,SOFT,35.0,92.401,92.091,-0.3100000000000023,3,3
2022,British Grand Prix,RIC,2,20,MEDIUM,HARD,20.0,95.289,94.581,-0.7079999999999984,3,3
2022,British Grand Prix,RIC,3,32,HARD,SOFT,12.0,94.418,92.978,-1.440000000000012,3,3
2022,British Grand Prix,RIC,4,38,SOFT,SOFT,6.0,93.122,93.967,0.8449999999999989,3,3
2022,British Grand Prix,SAI,2,20,MEDIUM,HARD,19.0,93.166,92.771,-0.394999999999996,3,3
2022,British Grand Prix,SAI,3,39,HARD,SOFT,19.0,92.169,90.886,-1.2830000000000013,3,3
2022,British Grand Prix,STR,2,15,MEDIUM,HARD,16.0,95.466,94.833,-0.6329999999999956,3,3
2022,British Grand Prix,STR,3,40,HARD,MEDIUM,26.0,93.748,93.775,0.027000000000001023,3,3
2022,British Grand Prix,TSU,2,18,SOFT,HARD,17.0,96.092,95.713,-0.3790000000000049,3,3
2022,British Grand Prix,TSU,3,38,HARD,SOFT,21.0,94.75,94.488,-0.26200000000000045,3,3
2022,British Grand Prix,VER,2,12,MEDIUM,MEDIUM,11.0,93.606,94.806,1.2000000000000028,3,3
2022,British Grand Prix,VER,3,23,MEDIUM,HARD,11.0,94.87,94.67,-0.20000000000000284,3,3
2022,British Grand Prix,VER,4,39,HARD,SOFT,16.0,94.068,92.516,-1.5519999999999925,3,3
2022,British Grand Prix,VET,2,6,SOFT,MEDIUM,5.0,97.594,95.155,-2.438999999999993,3,3
2022,British Grand Prix,VET,3,39,MEDIUM,MEDIUM,35.0,93.71,93.679,-0.0309999999999917,3,3
2022,Canadian Grand Prix,ALB,1,18,MEDIUM,HARD,18.0,80.496,79.514,-0.9819999999999993,3,3
2022,Canadian Grand Prix,ALB,2,48,HARD,HARD,30.0,79.196,79.776,0.5799999999999983,3,3
2022,Canadian Grand Prix,ALO,1,28,MEDIUM,HARD,28.0,79.759,78.749,-1.0100000000000051,3,3
2022,Canadian Grand Prix,ALO,2,49,HARD,MEDIUM,21.0,78.44,77.7,-0.7399999999999949,3,3
2022,Canadian Grand Prix,BOT,1,49,HARD,MEDIUM,49.0,78.796,78.145,-0.6510000000000105,3,3
2022,Canadian Grand Prix,GAS,1,5,MEDIUM,HARD,5.0,80.406,78.739,-1.6670000000000016,3,3
2022,Canadian Grand Prix,GAS,2,36,HARD,HARD,31.0,79.559,78.945,-0.6140000000000043,3,3
2022,Canadian Grand Prix,HAM,1,9,MEDIUM,HARD,9.0,78.386,78.187,-0.19899999999999807,3,3
2022,Canadian Grand Prix,HAM,2,44,HARD,HARD,35.0,78.16,76.769,-1.3909999999999911,3,3
2022,Canadian Grand Prix,LAT,1,9,MEDIUM,HARD,9.0,80.483,79.765,-0.7180000000000035,3,3
2022,Canadian Grand Prix,LAT,2,37,HARD,HARD,28.0,80.185,78.779,-1.406000000000006,3,3
2022,Canadian Grand Prix,LEC,1,41,HARD,MEDIUM,41.0,78.434,79.167,0.7330000000000041,3,3
2022,Canadian Grand Prix,MAG,1,7,MEDIUM,HARD,7.0,79.808,78.458,-1.3500000000000085,3,3
2022,Canadian Grand Prix,NOR,1,19,HARD,HARD,19.0,80.241,79.317,-0.9240000000000066,3,3
2022,Canadian Grand Prix,NOR,2,42,HARD,MEDIUM,23.0,79.875,77.968,-1.9069999999999965,3,3
2022,Canadian Grand Prix,OCO,1,19,MEDIUM,HARD,19.0,78.915,78.732,-0.18300000000000693,3,3
2022,Canadian Grand Prix,OCO,2,49,HARD,MEDIUM,30.0,78.644,77.671,-0.972999999999999,3,3
2022,Canadian Grand Prix,RIC,1,19,MEDIUM,HARD,19.0,79.509,79.162,-0.3469999999999942,3,3
2022,Canadian Grand Prix,RIC,2,49,HARD,HARD,30.0,79.314,79.482,0.16800000000000637,3,3
2022,Canadian Grand Prix,RUS,1,19,MEDIUM,HARD,19.0,78.019,78.52,0.5009999999999906,3,3
2022,Canadian Grand Prix,RUS,2,45,HARD,HARD,26.0,77.709,77.284,-0.42499999999999716,3,3
2022,Canadian Grand Prix,SAI,1,20,MEDIUM,HARD,20.0,77.765,77.534,-0.23099999999999454,3,3
2022,Canadian Grand Prix,SAI,2,49,HARD,HARD,29.0,77.508,76.287,-1.2209999999999894,3,3
2022,Canadian Grand Prix,STR,1,47,HARD,MEDIUM,47.0,78.911,79.748,0.8370000000000033,3,3
2022,Canadian Grand Prix,TSU,1,9,MEDIUM,HARD,9.0,79.348,78.608,-0.7399999999999949,3,3
2022,Canadian Grand Prix,VER,1,9,MEDIUM,HARD,9.0,77.828,77.518,-0.3100000000000023,3,3
2022,Canadian Grand Prix,VER,2,43,HARD,HARD,34.0,78.191,76.959,-1.2319999999999993,3,3
2022,Canadian Grand Prix,VET,1,5,MEDIUM,HARD,6.0,80.173,78.691,-1.4819999999999993,3,3
2022,Canadian Grand Prix,VET,2,19,HARD,HARD,14.0,78.859,78.498,-0.36099999999999,3,3
2022,Canadian Grand Prix,ZHO,1,19,MEDIUM,HARD,19.0,79.506,79.1,-0.4060000000000059,3,3
2022,Canadian Grand Prix,ZHO,2,49,HARD,HARD,30.0,79.041,79.061,0.020000000000010232,3,3
2022,Dutch Grand Prix,ALB,1,21,MEDIUM,MEDIUM,21.0,78.194,77.427,-0.7669999999999959,3,3
2022,Dutch Grand Prix,ALB,2,42,MEDIUM,HARD,21.0,77.187,76.318,-0.8689999999999998,3,3
2022,Dutch Grand Prix,ALB,3,55,HARD,SOFT,13.0,75.784,76.534,0.75,3,3
2022,Dutch Grand Prix,ALB,4,56,SOFT,SOFT,1.0,75.784,76.534,0.75,3,3
2022,Dutch Grand Prix,ALO,1,12,SOFT,HARD,12.0,78.057,76.6,-1.4570000000000078,3,3
2022,Dutch Grand Prix,ALO,2,47,HARD,SOFT,35.0,76.984,74.563,-2.4209999999999923,3,3
2022,Dutch Grand Prix,ALO,3,57,SOFT,SOFT,10.0,75.798,75.147,-0.6509999999999962,3,3
2022,Dutch Grand Prix,BOT,1,16,SOFT,SOFT,16.0,78.343,77.256,-1.0870000000000033,3,3
2022,Dutch Grand Prix,BOT,2,34,SOFT,MEDIUM,18.0,77.391,77.041,-0.3500000000000085,3,3
2022,Dutch Grand Prix,GAS,1,11,SOFT,MEDIUM,14.0,78.708,77.327,-1.3810000000000002,3,3
2022,Dutch Grand Prix,GAS,2,32,MEDIUM,HARD,22.0,77.881,76.565,-1.3160000000000025,3,3
2022,Dutch Grand Prix,GAS,3,56,HARD,SOFT,25.0,76.614,76.206,-0.40800000000000125,3,3
2022,Dutch Grand Prix,GAS,4,57,SOFT,SOFT,1.0,76.614,76.206,-0.40800000000000125,3,3
2022,Dutch Grand Prix,HAM,1,29,MEDIUM,HARD,29.0,76.886,75.837,-1.0489999999999924,3,3
2022,Dutch Grand Prix,HAM,2,48,HARD,MEDIUM,19.0,75.321,74.419,-0.902000000000001,3,3
2022,Dutch Grand Prix,HAM,3,57,MEDIUM,MEDIUM,9.0,73.961,74.532,0.570999999999998,3,3
2022,Dutch Grand Prix,LAT,1,13,SOFT,MEDIUM,13.0,79.317,78.194,-1.1229999999999905,3,3
2022,Dutch Grand Prix,LAT,2,26,MEDIUM,HARD,13.0,78.331,77.572,-0.7590000000000003,3,3
2022,Dutch Grand Prix,LAT,3,54,HARD,SOFT,28.0,77.23,78.456,1.225999999999999,3,3
2022,Dutch Grand Prix,LAT,4,55,SOFT,SOFT,1.0,77.23,78.456,1.225999999999999,3,3
2022,Dutch Grand Prix,LEC,1,17,SOFT,MEDIUM,20.0,77.15,76.27,-0.8800000000000097,3,3
2022,Dutch Grand Prix,LEC,2,45,MEDIUM,HARD,28.0,76.374,75.104,-1.269999999999996,3,3
2022,Dutch Grand Prix,LEC,3,56,HARD,SOFT,11.0,75.104,74.42,-0.6839999999999975,3,3
2022,Dutch Grand Prix,LEC,4,57,SOFT,SOFT,4.0,75.104,74.42,-0.6839999999999975,3,3
2022,Dutch Grand Prix,MAG,1,14,MEDIUM,MEDIUM,14.0,78.978,77.406,-1.5719999999999885,3,3
2022,Dutch Grand Prix,MAG,2,34,MEDIUM,HARD,20.0,77.934,76.803,-1.1310000000000002,3,3
2022,Dutch Grand Prix,MAG,3,47,HARD,SOFT,13.0,76.875,75.463,-1.4120000000000061,3,3
2022,Dutch Grand Prix,MAG,4,56,SOFT,SOFT,12.0,75.413,76.772,1.3590000000000089,3,3
2022,Dutch Grand Prix,MSC,1,13,MEDIUM,MEDIUM,13.0,78.058,77.941,-0.11700000000000443,3,3
2022,Dutch Grand Prix,MSC,2,33,MEDIUM,HARD,20.0,78.075,78.554,0.4789999999999992,3,3
2022,Dutch Grand Prix,MSC,3,47,HARD,SOFT,14.0,76.403,75.671,-0.7319999999999993,3,3
2022,Dutch Grand Prix,MSC,4,56,SOFT,SOFT,11.0,75.649,76.36,0.7109999999999985,3,3
2022,Dutch Grand Prix,NOR,1,17,MEDIUM,HARD,17.0,77.595,76.929,-0.6659999999999968,3,3
2022,Dutch Grand Prix,NOR,2,47,HARD,SOFT,30.0,76.841,75.192,-1.649000000000001,3,3
2022,Dutch Grand Prix,NOR,3,57,SOFT,SOFT,13.0,75.541,75.423,-0.117999999999995,3,3
2022,Dutch Grand Prix,OCO,1,18,SOFT,HARD,18.0,78.012,76.977,-1.0349999999999966,3,3
2022,Dutch Grand Prix,OCO,2,56,HARD,SOFT,38.0,76.533,75.705,-0.828000000000003,3,3
2022,Dutch Grand Prix,OCO,3,57,SOFT,SOFT,4.0,76.533,75.705,-0.828000000000003,3,3
2022,Dutch Grand Prix,PER,1,14,SOFT,MEDIUM,19.0,77.521,76.419,-1.1020000000000039,3,3
2022,Dutch Grand Prix,PER,2,40,MEDIUM,HARD,26.0,77.718,75.729,-1.9890000000000043,3,3
2022,Dutch Grand Prix,PER,3,56,HARD,MEDIUM,16.0,75.121,74.841,-0.28000000000000114,3,3
2022,Dutch Grand Prix,PER,4,57,MEDIUM,MEDIUM,1.0,75.121,74.841,-0.28000000000000114,3,3
2022,Dutch Grand Prix,RIC,1,11,SOFT,MEDIUM,11.0,78.491,78.079,-0.41200000000000614,3,3
2022,Dutch Grand Prix,RIC,2,27,MEDIUM,HARD,16.0,77.964,77.033,-0.9309999999999974,3,3
2022,Dutch Grand Prix,RIC,3,47,HARD,SOFT,20.0,77.346,75.771,-1.5750000000000028,3,3
2022,Dutch Grand Prix,RIC,4,55,SOFT,SOFT,8.0,75.658,75.859,0.2009999999999934,3,3
2022,Dutch Grand Prix,RIC,5,56,SOFT,SOFT,1.0,75.658,75.859,0.2009999999999934,3,3
2022,Dutch Grand Prix,RUS,1,31,MEDIUM,HARD,31.0,77.27,75.477,-1.7929999999999922,3,3
2022,Dutch Grand Prix,RUS,2,48,HARD,MEDIUM,17.0,75.156,74.223,-0.9330000000000069,3,3
2022,Dutch Grand Prix,RUS,3,57,MEDIUM,SOFT,9.0,74.082,74.205,0.12300000000000466,3,3
2022,Dutch Grand Prix,SAI,1,14,SOFT,MEDIUM,17.0,77.293,76.462,-0.8310000000000031,3,3
2022,Dutch Grand Prix,SAI,2,43,MEDIUM,HARD,29.0,76.604,76.069,-0.5349999999999966,3,3
2022,Dutch Grand Prix,SAI,3,57,HARD,SOFT,14.0,75.673,74.822,-0.8509999999999991,3,3
2022,Dutch Grand Prix,STR,1,16,SOFT,MEDIUM,16.0,77.676,77.191,-0.48499999999999943,3,3
2022,Dutch Grand Prix,STR,2,38,MEDIUM,HARD,23.0,76.934,75.873,-1.0609999999999928,3,3
2022,Dutch Grand Prix,STR,3,56,HARD,SOFT,19.0,75.818,76.066,0.24800000000000466,3,3
2022,Dutch Grand Prix,STR,4,57,SOFT,SOFT,4.0,75.818,76.066,0.24800000000000466,3,3
2022,Dutch Grand Prix,TSU,1,13,SOFT,MEDIUM,16.0,78.371,77.32,-1.051000000000002,3,3
2022,Dutch Grand Prix,VER,1,18,SOFT,MEDIUM,18.0,76.519,75.996,-0.5230000000000103,3,3
2022,Dutch Grand Prix,VER,2,48,MEDIUM,HARD,30.0,75.756,74.454,-1.3020000000000067,3,3
2022,Dutch Grand Prix,VER,3,56,HARD,SOFT,8.0,74.54,73.682,-0.8580000000000041,3,3
2022,Dutch Grand Prix,VER,4,57,SOFT,SOFT,4.0,74.54,73.682,-0.8580000000000041,3,3
2022,Dutch Grand Prix,VET,1,9,SOFT,MEDIUM,9.0,78.266,77.873,-0.3930000000000007,3,3
2022,Dutch Grand Prix,VET,2,35,MEDIUM,HARD,27.0,77.778,76.995,-0.7830000000000013,3,3
2022,Dutch Grand Prix,VET,3,48,HARD,SOFT,14.0,77.15,75.287,-1.8629999999999995,3,3
2022,Dutch Grand Prix,VET,4,56,SOFT,SOFT,8.0,75.318,76.504,1.186000000000007,3,3
2022,Dutch Grand Prix,ZHO,1,12,SOFT,SOFT,12.0,78.906,77.186,-1.7199999999999989,3,3
2022,Dutch Grand Prix,ZHO,2,37,SOFT,MEDIUM,28.0,77.517,76.711,-0.8059999999999974,3,3
2022,Dutch Grand Prix,ZHO,3,55,MEDIUM,SOFT,18.0,76.953,76.131,-0.8220000000000027,3,3
2022,Dutch Grand Prix,ZHO,4,56,SOFT,SOFT,4.0,76.953,76.131,-0.8220000000000027,3,3
2022,Emilia Romagna Grand Prix,ALB,1,17,INTERMEDIATE,MEDIUM,17.0,95.35,86.732,-8.617999999999995,3,3
2022,Emilia Romagna Grand Prix,BOT,1,18,INTERMEDIATE,MEDIUM,18.0,93.36,85.689,-7.6710000000000065,3,3
2022,Emilia Romagna Grand Prix,GAS,1,17,INTERMEDIATE,MEDIUM,17.0,95.096,88.002,-7.094000000000008,3,3
2022,Emilia Romagna Grand Prix,HAM,1,18,INTERMEDIATE,MEDIUM,18.0,95.527,85.352,-10.174999999999997,3,3
2022,Emilia Romagna Grand Prix,LAT,1,18,INTERMEDIATE,MEDIUM,18.0,95.534,85.943,-9.591000000000008,3,3
2022,Emilia Romagna Grand Prix,LEC,1,19,INTERMEDIATE,MEDIUM,19.0,91.882,84.093,-7.7890000000000015,3,3
2022,Emilia Romagna Grand Prix,LEC,2,49,MEDIUM,SOFT,30.0,80.819,79.206,-1.6129999999999995,3,3
2022,Emilia Romagna Grand Prix,LEC,3,53,SOFT,SOFT,4.0,79.206,79.231,0.024999999999991473,3,3
2022,Emilia Romagna Grand Prix,MAG,1,18,INTERMEDIATE,MEDIUM,18.0,94.203,85.555,-8.647999999999996,3,3
2022,Emilia Romagna Grand Prix,MSC,1,18,INTERMEDIATE,MEDIUM,18.0,94.313,86.57,-7.743000000000009,3,3
2022,Emilia Romagna Grand Prix,MSC,2,52,MEDIUM,SOFT,36.0,81.842,79.472,-2.3700000000000045,3,3
2022,Emilia Romagna Grand Prix,NOR,1,19,INTERMEDIATE,MEDIUM,19.0,91.82,83.88,-7.939999999999998,3,3
2022,Emilia Romagna Grand Prix,OCO,1,18,INTERMEDIATE,MEDIUM,18.0,95.042,85.524,-9.518,3,3
2022,Emilia Romagna Grand Prix,PER,1,18,INTERMEDIATE,MEDIUM,18.0,92.322,85.528,-6.793999999999997,3,3
2022,Emilia Romagna Grand Prix,PER,2,50,MEDIUM,SOFT,32.0,81.269,79.368,-1.9010000000000105,3,3
2022,Emilia Romagna Grand Prix,RIC,2,16,INTERMEDIATE,MEDIUM,16.0,95.818,88.144,-7.673999999999992,3,3
2022,Emilia Romagna Grand Prix,RIC,3,30,MEDIUM,HARD,14.0,83.234,82.894,-0.3399999999999892,3,3
2022,Emilia Romagna Grand Prix,RUS,1,18,INTERMEDIATE,MEDIUM,18.0,93.603,84.705,-8.897999999999996,3,3
2022,Emilia Romagna Grand Prix,STR,1,18,INTERMEDIATE,MEDIUM,18.0,95.529,85.367,-10.161999999999992,3,3
2022,Emilia Romagna Grand Prix,TSU,1,18,INTERMEDIATE,MEDIUM,18.0,95.626,85.339,-10.287000000000006,3,3
2022,Emilia Romagna Grand Prix,VER,1,19,INTERMEDIATE,MEDIUM,19.0,92.072,83.794,-8.278000000000006,3,3
2022,Emilia Romagna Grand Prix,VER,2,51,MEDIUM,SOFT,32.0,80.776,79.309,-1.4669999999999987,3,3
2022,Emilia Romagna Grand Prix,VET,1,17,INTERMEDIATE,MEDIUM,17.0,95.636,87.365,-8.271,3,3
2022,Emilia Romagna Grand Prix,ZHO,1,18,INTERMEDIATE,MEDIUM,18.0,95.375,86.499,-8.876000000000005,3,3
2022,French Grand Prix,ALB,1,18,MEDIUM,HARD,18.0,101.056,100.853,-0.20300000000000296,3,3
2022,French Grand Prix,ALO,1,18,MEDIUM,HARD,18.0,100.167,99.971,-0.19599999999999795,3,3
2022,French Grand Prix,BOT,1,18,HARD,HARD,18.0,101.699,100.795,-0.9039999999999964,3,3
2022,French Grand Prix,BOT,2,36,HARD,MEDIUM,18.0,99.928,98.219,-1.7090000000000032,3,3
2022,French Grand Prix,GAS,1,18,HARD,MEDIUM,18.0,100.823,100.786,-0.03699999999999193,3,3
2022,French Grand Prix,HAM,1,18,MEDIUM,HARD,18.0,99.428,98.431,-0.9969999999999999,3,3
2022,French Grand Prix,LAT,1,19,MEDIUM,HARD,19.0,101.032,100.946,-0.08599999999999852,3,3
2022,French Grand Prix,MAG,1,8,MEDIUM,HARD,8.0,100.336,99.581,-0.7549999999999955,3,3
2022,French Grand Prix,MAG,2,18,HARD,HARD,10.0,100.534,100.42,-0.11400000000000432,3,3
2022,French Grand Prix,MSC,1,9,MEDIUM,HARD,9.0,100.519,99.986,-0.5330000000000013,3,3
2022,French Grand Prix,MSC,2,18,HARD,HARD,9.0,100.962,101.63,0.6679999999999922,3,3
2022,French Grand Prix,NOR,1,18,MEDIUM,HARD,18.0,100.411,99.75,-0.6610000000000014,3,3
2022,French Grand Prix,OCO,1,18,MEDIUM,HARD,18.0,100.527,100.339,-0.1880000000000024,3,3
2022,French Grand Prix,PER,1,18,MEDIUM,HARD,18.0,99.513,98.575,-0.9380000000000024,3,3
2022,French Grand Prix,RIC,1,18,MEDIUM,HARD,18.0,100.747,99.815,-0.9320000000000022,3,3
2022,French Grand Prix,RUS,1,18,MEDIUM,HARD,18.0,99.543,98.344,-1.1990000000000123,3,3
2022,French Grand Prix,SAI,1,18,HARD,MEDIUM,18.0,100.116,98.725,-1.3910000000000053,3,3
2022,French Grand Prix,SAI,2,42,MEDIUM,MEDIUM,24.0,98.703,96.242,-2.4609999999999985,3,3
2022,French Grand Prix,STR,1,18,MEDIUM,HARD,20.0,100.675,100.435,-0.23999999999999488,3,3
2022,French Grand Prix,TSU,1,11,MEDIUM,HARD,11.0,101.117,101.728,0.61099999999999,3,3
2022,French Grand Prix,VER,1,16,MEDIUM,HARD,16.0,99.102,97.774,-1.328000000000003,3,3
2022,French Grand Prix,VET,1,19,MEDIUM,HARD,21.0,100.752,100.675,-0.07699999999999818,3,3
2022,French Grand Prix,ZHO,1,9,MEDIUM,HARD,9.0,100.816,100.408,-0.40800000000000125,3,3
2022,French Grand Prix,ZHO,2,22,HARD,HARD,13.0,100.37,99.449,-0.9210000000000065,3,3
2022,Hungarian Grand Prix,ALB,2,21,MEDIUM,MEDIUM,19.0,87.336,84.805,-2.5309999999999917,3,3
2022,Hungarian Grand Prix,ALB,3,40,MEDIUM,SOFT,19.0,85.095,83.357,-1.7379999999999995,3,3
2022,Hungarian Grand Prix,ALO,1,21,MEDIUM,HARD,21.0,86.041,85.37,-0.6709999999999923,3,3
2022,Hungarian Grand Prix,BOT,1,26,MEDIUM,HARD,26.0,85.649,85.149,-0.5,3,3
2022,Hungarian Grand Prix,GAS,1,16,SOFT,MEDIUM,16.0,86.802,85.036,-1.7660000000000053,3,3
2022,Hungarian Grand Prix,GAS,2,46,MEDIUM,SOFT,30.0,85.029,85.848,0.8190000000000026,3,3
2022,Hungarian Grand Prix,HAM,1,19,MEDIUM,MEDIUM,19.0,84.972,83.482,-1.4899999999999949,3,3
2022,Hungarian Grand Prix,HAM,2,51,MEDIUM,SOFT,32.0,84.766,81.848,-2.9180000000000064,3,3
2022,Hungarian Grand Prix,LAT,1,18,MEDIUM,MEDIUM,18.0,86.801,85.537,-1.2639999999999958,3,3
2022,Hungarian Grand Prix,LAT,2,39,MEDIUM,SOFT,21.0,86.027,84.633,-1.3940000000000055,3,3
2022,Hungarian Grand Prix,LAT,3,56,SOFT,SOFT,17.0,85.643,82.977,-2.665999999999997,3,3
2022,Hungarian Grand Prix,LEC,1,21,MEDIUM,MEDIUM,21.0,83.911,83.447,-0.46399999999999864,3,3
2022,Hungarian Grand Prix,LEC,2,39,MEDIUM,HARD,18.0,83.453,83.462,0.009000000000000341,3,3
2022,Hungarian Grand Prix,LEC,3,54,HARD,SOFT,15.0,84.152,81.988,-2.1640000000000015,3,3
2022,Hungarian Grand Prix,MAG,2,35,HARD,MEDIUM,29.0,85.75,83.854,-1.8960000000000008,3,3
2022,Hungarian Grand Prix,MSC,1,21,MEDIUM,HARD,21.0,86.433,87.033,0.5999999999999943,3,3
2022,Hungarian Grand Prix,MSC,2,41,HARD,MEDIUM,20.0,85.667,83.643,-2.024000000000001,3,3
2022,Hungarian Grand Prix,NOR,1,14,SOFT,MEDIUM,17.0,87.296,83.914,-3.382000000000005,3,3
2022,Hungarian Grand Prix,NOR,2,42,MEDIUM,HARD,28.0,85.304,84.265,-1.0390000000000015,3,3
2022,Hungarian Grand Prix,OCO,1,23,MEDIUM,HARD,23.0,85.746,85.33,-0.4159999999999968,3,3
2022,Hungarian Grand Prix,PER,1,18,SOFT,MEDIUM,18.0,85.322,84.239,-1.0829999999999984,3,3
2022,Hungarian Grand Prix,PER,2,42,MEDIUM,MEDIUM,24.0,85.636,82.555,-3.080999999999989,3,3
2022,Hungarian Grand Prix,RIC,1,15,SOFT,MEDIUM,17.0,86.436,84.529,-1.9070000000000107,3,3
2022,Hungarian Grand Prix,RIC,2,46,MEDIUM,HARD,31.0,85.042,86.411,1.3689999999999998,3,3
2022,Hungarian Grand Prix,RUS,1,16,SOFT,MEDIUM,19.0,84.873,83.466,-1.4070000000000107,3,3
2022,Hungarian Grand Prix,RUS,2,39,MEDIUM,MEDIUM,23.0,84.16,83.931,-0.2289999999999992,3,3
2022,Hungarian Grand Prix,SAI,1,17,MEDIUM,MEDIUM,17.0,84.667,83.589,-1.078000000000003,3,3
2022,Hungarian Grand Prix,SAI,2,47,MEDIUM,SOFT,30.0,84.244,82.389,-1.855000000000004,3,3
2022,Hungarian Grand Prix,STR,1,14,SOFT,MEDIUM,17.0,86.322,85.041,-1.281000000000006,3,3
2022,Hungarian Grand Prix,STR,2,46,MEDIUM,SOFT,33.0,85.159,83.699,-1.460000000000008,3,3
2022,Hungarian Grand Prix,TSU,1,13,SOFT,MEDIUM,13.0,86.629,85.144,-1.4849999999999994,3,3
2022,Hungarian Grand Prix,TSU,2,33,MEDIUM,SOFT,20.0,85.599,84.949,-0.6500000000000057,3,3
2022,Hungarian Grand Prix,TSU,3,51,SOFT,SOFT,18.0,85.585,85.956,0.3710000000000093,3,3
2022,Hungarian Grand Prix,VER,1,16,SOFT,MEDIUM,17.0,84.647,83.471,-1.176000000000002,3,3
2022,Hungarian Grand Prix,VER,2,38,MEDIUM,MEDIUM,22.0,83.777,83.031,-0.7459999999999951,3,3
2022,Hungarian Grand Prix,VET,1,15,SOFT,MEDIUM,15.0,86.083,85.68,-0.4029999999999916,3,3
2022,Hungarian Grand Prix,VET,2,46,MEDIUM,MEDIUM,32.0,85.424,85.179,-0.24500000000000455,3,3
2022,Hungarian Grand Prix,ZHO,1,27,MEDIUM,HARD,27.0,86.084,85.187,-0.8970000000000056,3,3
2022,Hungarian Grand Prix,ZHO,2,51,HARD,SOFT,24.0,87.75,82.869,-4.881,3,3
2022,Italian Grand Prix,BOT,1,35,MEDIUM,SOFT,35.0,87.182,86.123,-1.0589999999999975,3,3
2022,Italian Grand Prix,DEV,1,19,SOFT,MEDIUM,19.0,87.859,86.925,-0.9339999999999975,3,3
2022,Italian Grand Prix,GAS,1,18,MEDIUM,HARD,18.0,87.628,87.447,-0.18099999999999739,3,3
2022,Italian Grand Prix,HAM,1,33,MEDIUM,SOFT,33.0,86.885,85.491,-1.3940000000000055,3,3
2022,Italian Grand Prix,LAT,1,15,MEDIUM,HARD,15.0,87.504,86.831,-0.6730000000000018,3,3
2022,Italian Grand Prix,LEC,1,12,SOFT,MEDIUM,12.0,86.092,85.428,-0.6640000000000015,3,3
2022,Italian Grand Prix,LEC,2,33,MEDIUM,SOFT,21.0,85.769,84.908,-0.8610000000000042,3,3
2022,Italian Grand Prix,MAG,1,24,MEDIUM,HARD,24.0,88.395,87.631,-0.7639999999999958,3,3
2022,Italian Grand Prix,MSC,1,33,MEDIUM,SOFT,33.0,87.424,86.2,-1.2240000000000038,3,3
2022,Italian Grand Prix,NOR,1,35,MEDIUM,SOFT,35.0,87.017,85.167,-1.8499999999999943,3,3
2022,Italian Grand Prix,OCO,1,19,SOFT,HARD,19.0,88.196,87.16,-1.0360000000000014,3,3
2022,Italian Grand Prix,PER,1,7,MEDIUM,HARD,7.0,87.266,86.794,-0.4720000000000084,3,3
2022,Italian Grand Prix,PER,2,42,HARD,SOFT,35.0,85.572,84.457,-1.115000000000009,3,3
2022,Italian Grand Prix,RIC,1,19,MEDIUM,HARD,19.0,87.614,87.37,-0.24399999999999977,3,3
2022,Italian Grand Prix,RUS,1,23,SOFT,HARD,23.0,86.537,85.678,-0.8590000000000089,3,3
2022,Italian Grand Prix,SAI,1,30,MEDIUM,SOFT,30.0,86.897,85.322,-1.5750000000000028,3,3
2022,Italian Grand Prix,STR,1,18,MEDIUM,HARD,19.0,87.915,88.442,0.5269999999999868,3,3
2022,Italian Grand Prix,TSU,1,19,MEDIUM,HARD,19.0,87.5,87.272,-0.22799999999999443,3,3
2022,Italian Grand Prix,VER,1,25,SOFT,MEDIUM,25.0,85.8,85.012,-0.7879999999999967,3,3
2022,Italian Grand Prix,ZHO,1,18,MEDIUM,HARD,18.0,87.774,87.075,-0.6989999999999981,3,3
2022,Japanese Grand Prix,ALO,2,8,WET,INTERMEDIATE,6.0,114.8075,108.497,-6.310500000000005,2,3
2022,Japanese Grand Prix,ALO,3,22,INTERMEDIATE,INTERMEDIATE,14.0,109.038,104.469,-4.569000000000003,3,3
2022,Japanese Grand Prix,GAS,4,19,INTERMEDIATE,INTERMEDIATE,12.0,110.802,105.592,-5.210000000000008,3,3
2022,Japanese Grand Prix,MSC,2,11,WET,INTERMEDIATE,9.0,114.213,107.094,-7.119,3,3
2022,Japanese Grand Prix,RIC,2,8,WET,INTERMEDIATE,6.0,116.875,108.046,-8.828999999999994,2,3
2022,Japanese Grand Prix,STR,3,19,INTERMEDIATE,INTERMEDIATE,12.0,109.852,107.396,-2.456000000000003,3,3
2022,Japanese Grand Prix,TSU,3,20,INTERMEDIATE,INTERMEDIATE,13.0,110.093,107.606,-2.487000000000009,3,3
2022,Japanese Grand Prix,ZHO,2,9,WET,INTERMEDIATE,7.0,114.06,106.748,-7.311999999999998,3,3
2022,Japanese Grand Prix,ZHO,3,18,INTERMEDIATE,INTERMEDIATE,9.0,110.717,106.464,-4.253,3,3
2022,Mexico City Grand Prix,ALB,1,38,MEDIUM,SOFT,38.0,84.765,83.297,-1.4680000000000035,3,3
2022,Mexico City Grand Prix,ALO,1,40,MEDIUM,HARD,40.0,84.342,83.56,-0.7819999999999965,3,3
2022,Mexico City Grand Prix,BOT,1,39,MEDIUM,HARD,39.0,84.41,84.068,-0.34199999999999875,3,3
2022,Mexico City Grand Prix,GAS,1,40,MEDIUM,SOFT,40.0,85.351,82.562,-2.7890000000000015,3,3
2022,Mexico City Grand Prix,HAM,1,29,MEDIUM,HARD,29.0,83.307,82.419,-0.8880000000000052,3,3
2022,Mexico City Grand Prix,LAT,1,23,SOFT,HARD,23.0,86.424,85.057,-1.3670000000000044,3,3
2022,Mexico City Grand Prix,LAT,2,52,HARD,SOFT,29.0,85.21,84.096,-1.11399999999999,3,3
2022,Mexico City Grand Prix,LEC,1,28,SOFT,MEDIUM,30.0,84.998,83.058,-1.9399999999999977,3,3
2022,Mexico City Grand Prix,MAG,1,38,MEDIUM,SOFT,38.0,85.584,85.009,-0.5750000000000028,3,3
2022,Mexico City Grand Prix,MSC,1,24,SOFT,MEDIUM,29.0,86.017,83.897,-2.1199999999999903,3,3
2022,Mexico City Grand Prix,NOR,1,31,MEDIUM,HARD,31.0,84.57,84.075,-0.49499999999999034,3,3
2022,Mexico City Grand Prix,OCO,1,33,MEDIUM,HARD,33.0,84.391,84.007,-0.38400000000000034,3,3
2022,Mexico City Grand Prix,PER,1,23,SOFT,MEDIUM,26.0,83.496,82.251,-1.2449999999999903,3,3
2022,Mexico City Grand Prix,RIC,1,44,MEDIUM,SOFT,44.0,84.601,82.22,-2.3810000000000002,3,3
2022,Mexico City Grand Prix,RUS,1,34,MEDIUM,HARD,34.0,83.269,82.248,-1.0210000000000008,3,3
2022,Mexico City Grand Prix,SAI,1,29,SOFT,MEDIUM,32.0,84.414,83.096,-1.3179999999999978,3,3
2022,Mexico City Grand Prix,STR,1,17,MEDIUM,SOFT,18.0,85.144,84.454,-0.6900000000000119,3,3
2022,Mexico City Grand Prix,STR,2,40,SOFT,SOFT,23.0,85.299,82.805,-2.4939999999999998,3,3
2022,Mexico City Grand Prix,TSU,1,29,SOFT,MEDIUM,29.0,84.789,84.123,-0.6659999999999968,3,3
2022,Mexico City Grand Prix,VER,1,25,SOFT,MEDIUM,28.0,83.655,82.494,-1.1610000000000014,3,3
2022,Mexico City Grand Prix,VET,1,38,SOFT,MEDIUM,38.0,84.971,83.129,-1.8419999999999987,3,3
2022,Mexico City Grand Prix,ZHO,1,45,MEDIUM,SOFT,45.0,85.102,82.665,-2.4369999999999976,3,3
2022,Miami Grand Prix,ALB,1,16,MEDIUM,HARD,16.0,95.72,95.059,-0.6610000000000014,3,3
2022,Miami Grand Prix,ALO,1,15,MEDIUM,HARD,15.0,95.504,95.417,-0.0870000000000033,3,3
2022,Miami Grand Prix,BOT,1,26,MEDIUM,HARD,26.0,94.456,94.002,-0.45400000000000773,3,3
2022,Miami Grand Prix,GAS,1,16,MEDIUM,HARD,16.0,95.458,95.185,-0.27299999999999613,3,3
2022,Miami Grand Prix,HAM,1,22,MEDIUM,HARD,22.0,95.388,93.843,-1.5450000000000017,3,3
2022,Miami Grand Prix,LAT,1,34,HARD,MEDIUM,34.0,95.509,95.407,-0.10200000000000387,3,3
2022,Miami Grand Prix,LEC,1,24,MEDIUM,HARD,24.0,93.579,93.054,-0.5249999999999915,3,3
2022,Miami Grand Prix,MAG,1,12,MEDIUM,HARD,12.0,95.652,95.441,-0.21099999999999852,3,3
2022,Miami Grand Prix,MAG,2,42,HARD,MEDIUM,30.0,93.774,95.665,1.8910000000000053,3,3
2022,Miami Grand Prix,MSC,1,14,MEDIUM,HARD,14.0,95.994,94.988,-1.0060000000000002,3,3
2022,Miami Grand Prix,MSC,2,54,HARD,MEDIUM,40.0,94.849,92.8665,-1.9825000000000017,3,2
2022,Miami Grand Prix,NOR,1,18,MEDIUM,HARD,18.0,95.616,95.046,-0.5699999999999932,3,3
2022,Miami Grand Prix,OCO,1,41,HARD,SOFT,41.0,94.535,94.437,-0.09799999999999898,3,3
2022,Miami Grand Prix,PER,1,27,MEDIUM,HARD,27.0,94.365,93.838,-0.527000000000001,3,3
2022,Miami Grand Prix,PER,2,41,HARD,MEDIUM,14.0,93.65,93.375,-0.2750000000000057,3,3
2022,Miami Grand Prix,RIC,1,30,MEDIUM,HARD,30.0,95.144,95.081,-0.06300000000000239,3,3
2022,Miami Grand Prix,RIC,2,41,HARD,SOFT,11.0,94.125,95.622,1.4969999999999999,3,3
2022,Miami Grand Prix,RUS,1,40,HARD,MEDIUM,40.0,93.749,93.567,-0.18200000000000216,3,3
2022,Miami Grand Prix,SAI,1,27,MEDIUM,HARD,27.0,93.912,93.537,-0.375,3,3
2022,Miami Grand Prix,STR,1,40,HARD,MEDIUM,42.0,94.29,94.599,0.3089999999999975,3,3
2022,Miami Grand Prix,TSU,1,11,MEDIUM,HARD,11.0,97.222,95.801,-1.4209999999999923,3,3
2022,Miami Grand Prix,TSU,2,41,HARD,SOFT,30.0,94.232,94.267,0.03499999999999659,3,3
2022,Miami Grand Prix,VER,1,26,MEDIUM,HARD,26.0,93.286,93.135,-0.15099999999999625,3,3
2022,Miami Grand Prix,VET,1,41,HARD,MEDIUM,43.0,93.944,94.937,0.992999999999995,3,3
2022,Monaco Grand Prix,ALB,1,18,WET,HARD,18.0,96.601,89.367,-7.233999999999995,3,3
2022,Monaco Grand Prix,ALB,2,22,HARD,MEDIUM,,95.705,84.931,-10.774000000000001,3,3
2022,Monaco Grand Prix,ALB,3,29,MEDIUM,MEDIUM,7.0,89.367,84.931,-4.436000000000007,3,3
2022,Monaco Grand Prix,ALO,1,21,WET,HARD,21.0,92.069,86.044,-6.025000000000006,3,3
2022,Monaco Grand Prix,ALO,2,30,HARD,MEDIUM,,86.044,84.805,-1.23899999999999,3,3
2022,Monaco Grand Prix,BOT,1,20,WET,HARD,20.0,94.208,87.4,-6.807999999999993,3,3
2022,Monaco Grand Prix,BOT,2,30,HARD,HARD,,85.597,85.003,-0.5939999999999941,3,3
2022,Monaco Grand Prix,GAS,2,22,INTERMEDIATE,HARD,20.0,92.326,84.537,-7.788999999999987,3,3
2022,Monaco Grand Prix,GAS,3,30,HARD,HARD,,84.537,85.049,0.5120000000000005,3,3
2022,Monaco Grand Prix,HAM,1,15,WET,INTERMEDIATE,15.0,96.138,92.564,-3.5740000000000123,3,3
2022,Monaco Grand Prix,HAM,2,22,INTERMEDIATE,HARD,,91.503,82.826,-8.677000000000007,3,3
2022,Monaco Grand Prix,HAM,3,30,HARD,MEDIUM,8.0,82.826,84.258,1.4320000000000022,3,3
2022,Monaco Grand Prix,LAT,3,19,HARD,HARD,17.0,93.177,93.421,0.24399999999999977,3,3
2022,Monaco Grand Prix,LAT,4,29,MEDIUM,MEDIUM,,92.702,84.087,-8.614999999999995,3,3
2022,Monaco Grand Prix,LEC,1,18,WET,INTERMEDIATE,18.0,92.098,88.156,-3.941999999999993,3,3
2022,Monaco Grand Prix,LEC,2,21,INTERMEDIATE,HARD,,91.49,84.159,-7.330999999999989,3,3
2022,Monaco Grand Prix,LEC,3,30,HARD,HARD,9.0,84.159,83.323,-0.8360000000000127,3,3
2022,Monaco Grand Prix,MSC,2,17,INTERMEDIATE,HARD,13.0,96.271,89.293,-6.977999999999994,3,3
2022,Monaco Grand Prix,NOR,1,17,WET,INTERMEDIATE,17.0,94.3,89.578,-4.721999999999994,3,3
2022,Monaco Grand Prix,NOR,2,22,INTERMEDIATE,HARD,,89.578,82.845,-6.733000000000004,3,3
2022,Monaco Grand Prix,NOR,3,30,HARD,HARD,8.0,82.845,83.845,1.0,3,3
2022,Monaco Grand Prix,NOR,4,51,HARD,MEDIUM,29.0,78.345,76.975,-1.3700000000000045,3,3
2022,Monaco Grand Prix,OCO,1,21,WET,HARD,21.0,92.411,86.053,-6.358000000000004,3,3
2022,Monaco Grand Prix,OCO,2,30,HARD,MEDIUM,,86.053,85.084,-0.9689999999999941,3,3
2022,Monaco Grand Prix,PER,1,16,WET,INTERMEDIATE,16.0,93.245,86.966,-6.279000000000011,3,3
2022,Monaco Grand Prix,PER,2,22,INTERMEDIATE,HARD,,88.792,84.06,-4.731999999999999,3,3
2022,Monaco Grand Prix,PER,3,30,HARD,MEDIUM,8.0,84.06,83.415,-0.644999999999996,3,3
2022,Monaco Grand Prix,RIC,1,19,WET,HARD,19.0,95.422,86.516,-8.905999999999992,3,3
2022,Monaco Grand Prix,RIC,2,30,HARD,HARD,,84.29,84.835,0.5449999999999875,3,3
2022,Monaco Grand Prix,RUS,1,21,WET,HARD,21.0,92.241,83.633,-8.608000000000004,3,3
2022,Monaco Grand Prix,RUS,2,30,HARD,MEDIUM,,83.633,84.302,0.6690000000000111,3,3
2022,Monaco Grand Prix,SAI,1,21,WET,HARD,21.0,91.775,86.153,-5.622,3,3
2022,Monaco Grand Prix,SAI,2,30,HARD,HARD,,86.153,83.776,-2.3770000000000095,3,3
2022,Monaco Grand Prix,STR,3,24,INTERMEDIATE,UNKNOWN,22.0,87.686,84.605,-3.081000000000003,3,3
2022,Monaco Grand Prix,STR,4,29,HARD,UNKNOWN,6.0,87.686,84.605,-3.081000000000003,3,3
2022,Monaco Grand Prix,TSU,1,6,WET,INTERMEDIATE,6.0,105.664,98.476,-7.188000000000002,3,3
2022,Monaco Grand Prix,TSU,2,21,INTERMEDIATE,HARD,15.0,95.461,84.813,-10.647999999999996,3,3
2022,Monaco Grand Prix,TSU,3,29,HARD,MEDIUM,,85.758,84.813,-0.9449999999999932,3,3
2022,Monaco Grand Prix,TSU,4,56,MEDIUM,SOFT,27.0,78.89,76.055,-2.8349999999999937,3,3
2022,Monaco Grand Prix,VER,1,18,WET,INTERMEDIATE,18.0,92.113,84.805,-7.307999999999993,3,3
2022,Monaco Grand Prix,VER,2,22,INTERMEDIATE,HARD,,87.259,84.584,-2.674999999999997,3,3
2022,Monaco Grand Prix,VER,3,30,HARD,MEDIUM,8.0,84.584,83.603,-0.9810000000000088,3,3
2022,Monaco Grand Prix,VET,1,6,WET,INTERMEDIATE,6.0,104.206,97.7,-6.506,3,3
2022,Monaco Grand Prix,VET,2,23,INTERMEDIATE,HARD,17.0,87.225,85.143,-2.0819999999999936,3,3
2022,Monaco Grand Prix,VET,3,30,HARD,HARD,8.0,87.225,85.143,-2.0819999999999936,3,3
2022,Monaco Grand Prix,ZHO,1,19,WET,HARD,19.0,95.725,90.576,-5.149000000000001,3,3
2022,Monaco Grand Prix,ZHO,2,29,HARD,MEDIUM,,88.501,89.024,0.5229999999999961,3,3
2022,Saudi Arabian Grand Prix,ALB,1,13,MEDIUM,HARD,13.0,97.851,97.769,-0.08199999999999363,3,3
2022,Saudi Arabian Grand Prix,ALO,1,16,MEDIUM,HARD,16.0,96.486,96.705,0.2189999999999941,3,3
2022,Saudi Arabian Grand Prix,BOT,1,16,MEDIUM,HARD,16.0,96.398,97.061,0.6630000000000109,3,3
2022,Saudi Arabian Grand Prix,GAS,1,15,MEDIUM,HARD,15.0,97.094,97.267,0.17300000000000182,3,3
2022,Saudi Arabian Grand Prix,HAM,1,40,HARD,MEDIUM,41.0,94.144,93.982,-0.16200000000000614,3,3
2022,Saudi Arabian Grand Prix,HUL,1,37,HARD,MEDIUM,38.0,95.319,94.205,-1.1140000000000043,3,3
2022,Saudi Arabian Grand Prix,LEC,1,16,MEDIUM,HARD,16.0,95.214,94.075,-1.1389999999999958,3,3
2022,Saudi Arabian Grand Prix,MAG,1,37,HARD,MEDIUM,39.0,94.834,93.238,-1.5960000000000036,3,3
2022,Saudi Arabian Grand Prix,NOR,1,16,MEDIUM,HARD,16.0,97.115,97.203,0.08800000000000807,3,3
2022,Saudi Arabian Grand Prix,OCO,1,16,MEDIUM,HARD,16.0,97.257,97.099,-0.15800000000000125,3,3
2022,Saudi Arabian Grand Prix,PER,1,15,MEDIUM,HARD,15.0,95.214,94.659,-0.5549999999999926,3,3
2022,Saudi Arabian Grand Prix,RIC,1,8,MEDIUM,HARD,8.0,97.311,96.035,-1.2760000000000105,3,3
2022,Saudi Arabian Grand Prix,RUS,1,16,MEDIUM,HARD,16.0,95.476,94.801,-0.6749999999999972,3,3
2022,Saudi Arabian Grand Prix,SAI,1,16,MEDIUM,HARD,16.0,95.275,94.295,-0.980000000000004,3,3
2022,Saudi Arabian Grand Prix,STR,1,13,MEDIUM,HARD,14.0,98.365,97.836,-0.5289999999999964,3,3
2022,Saudi Arabian Grand Prix,VER,1,16,MEDIUM,HARD,16.0,95.093,94.167,-0.9260000000000019,3,3
2022,Saudi Arabian Grand Prix,ZHO,1,16,MEDIUM,HARD,16.0,96.659,97.364,0.7049999999999983,3,3
2022,Saudi Arabian Grand Prix,ZHO,2,27,HARD,HARD,11.0,96.31,94.78,-1.5300000000000011,3,3
2022,São Paulo Grand Prix,ALB,2,25,MEDIUM,MEDIUM,21.0,78.635,76.774,-1.8610000000000042,3,3
2022,São Paulo Grand Prix,ALB,3,47,MEDIUM,MEDIUM,22.0,77.639,75.992,-1.6469999999999914,3,3
2022,São Paulo Grand Prix,ALO,1,14,MEDIUM,MEDIUM,14.0,77.859,76.481,-1.3780000000000001,3,3
2022,São Paulo Grand Prix,ALO,2,35,MEDIUM,MEDIUM,21.0,77.063,75.844,-1.2190000000000083,3,3
2022,São Paulo Grand Prix,ALO,3,52,MEDIUM,SOFT,17.0,76.035,74.862,-1.1730000000000018,3,3
2022,São Paulo Grand Prix,BOT,1,24,SOFT,MEDIUM,24.0,77.77,76.131,-1.6389999999999958,3,3
2022,São Paulo Grand Prix,BOT,2,45,MEDIUM,SOFT,21.0,77.103,76.592,-0.5109999999999957,3,3
2022,São Paulo Grand Prix,GAS,1,19,SOFT,MEDIUM,19.0,77.758,77.241,-0.5169999999999959,3,3
2022,São Paulo Grand Prix,GAS,2,35,MEDIUM,SOFT,16.0,77.608,76.606,-1.0020000000000095,3,3
2022,São Paulo Grand Prix,GAS,3,52,SOFT,MEDIUM,22.0,76.808,77.986,1.1779999999999973,3,3
2022,São Paulo Grand Prix,HAM,1,29,SOFT,MEDIUM,29.0,76.959,75.605,-1.3539999999999992,3,3
2022,São Paulo Grand Prix,HAM,2,48,MEDIUM,SOFT,19.0,76.016,74.648,-1.3680000000000092,3,3
2022,São Paulo Grand Prix,LAT,1,20,MEDIUM,HARD,20.0,78.639,77.352,-1.286999999999992,3,3
2022,São Paulo Grand Prix,LAT,2,32,HARD,MEDIUM,12.0,78.46,77.286,-1.1739999999999924,3,3
2022,São Paulo Grand Prix,LAT,3,52,MEDIUM,SOFT,20.0,77.762,75.902,-1.8599999999999994,3,3
2022,São Paulo Grand Prix,LEC,2,21,MEDIUM,SOFT,14.0,77.092,76.364,-0.7279999999999944,3,3
2022,São Paulo Grand Prix,LEC,3,44,SOFT,SOFT,23.0,76.773,75.355,-1.4179999999999922,3,3
2022,São Paulo Grand Prix,MSC,1,24,MEDIUM,SOFT,24.0,78.41,76.541,-1.8689999999999998,3,3
2022,São Paulo Grand Prix,MSC,2,46,SOFT,SOFT,22.0,77.223,75.564,-1.659000000000006,3,3
2022,São Paulo Grand Prix,NOR,1,24,SOFT,MEDIUM,24.0,78.147,76.633,-1.51400000000001,3,3
2022,São Paulo Grand Prix,NOR,2,45,MEDIUM,SOFT,21.0,77.761,76.14,-1.6209999999999951,3,3
2022,São Paulo Grand Prix,OCO,1,24,SOFT,MEDIUM,24.0,77.713,76.371,-1.3419999999999987,3,3
2022,São Paulo Grand Prix,OCO,2,47,MEDIUM,SOFT,23.0,77.113,75.761,-1.3520000000000039,3,3
2022,São Paulo Grand Prix,PER,1,23,SOFT,MEDIUM,23.0,76.993,76.113,-0.8799999999999955,3,3
2022,São Paulo Grand Prix,PER,2,47,MEDIUM,MEDIUM,24.0,77.163,75.23,-1.9329999999999927,3,3
2022,São Paulo Grand Prix,RUS,1,24,SOFT,MEDIUM,24.0,76.704,76.093,-0.61099999999999,3,3
2022,São Paulo Grand Prix,RUS,2,49,MEDIUM,SOFT,25.0,76.044,74.333,-1.7109999999999985,3,3
2022,São Paulo Grand Prix,SAI,1,17,MEDIUM,SOFT,17.0,76.814,76.202,-0.6119999999999948,3,3
2022,São Paulo Grand Prix,SAI,2,36,SOFT,MEDIUM,19.0,76.427,75.025,-1.402000000000001,3,3
2022,São Paulo Grand Prix,SAI,3,53,MEDIUM,SOFT,17.0,76.033,75.241,-0.7920000000000016,3,3
2022,São Paulo Grand Prix,STR,1,29,MEDIUM,MEDIUM,30.0,78.126,76.892,-1.2340000000000089,3,3
2022,São Paulo Grand Prix,STR,2,48,MEDIUM,SOFT,20.0,76.964,74.846,-2.117999999999995,3,3
2022,São Paulo Grand Prix,TSU,1,20,MEDIUM,SOFT,20.0,78.517,76.899,-1.617999999999995,3,3
2022,São Paulo Grand Prix,TSU,2,40,SOFT,SOFT,20.0,77.641,76.638,-1.0030000000000001,3,3
2022,São Paulo Grand Prix,TSU,3,54,SOFT,MEDIUM,14.0,76.775,76.867,0.09199999999999875,3,3
2022,São Paulo Grand Prix,VER,2,23,MEDIUM,SOFT,16.0,77.323,76.05,-1.2729999999999961,3,3
2022,São Paulo Grand Prix,VER,3,48,SOFT,SOFT,32.0,76.31,75.054,-1.2560000000000002,3,3
2022,São Paulo Grand Prix,VET,1,26,SOFT,MEDIUM,26.0,77.673,76.988,-0.6850000000000023,3,3
2022,São Paulo Grand Prix,VET,2,45,MEDIUM,MEDIUM,20.0,77.113,76.154,-0.9590000000000032,3,3
2022,São Paulo Grand Prix,ZHO,1,16,SOFT,MEDIUM,16.0,78.142,76.714,-1.4279999999999973,3,3
2022,São Paulo Grand Prix,ZHO,2,37,MEDIUM,SOFT,21.0,77.918,76.131,-1.7870000000000061,3,3
2022,Singapore Grand Prix,BOT,1,33,INTERMEDIATE,SOFT,33.0,119.484,117.085,-2.399000000000001,3,3
2022,Singapore Grand Prix,GAS,1,33,INTERMEDIATE,MEDIUM,36.0,119.033,120.093,1.0600000000000023,3,3
2022,Singapore Grand Prix,HAM,1,34,INTERMEDIATE,MEDIUM,34.0,117.973,116.067,-1.906000000000006,3,3
2022,Singapore Grand Prix,LEC,1,34,INTERMEDIATE,MEDIUM,34.0,116.811,113.302,-3.5090000000000003,3,3
2022,Singapore Grand Prix,MAG,1,7,INTERMEDIATE,INTERMEDIATE,7.0,124.36,122.043,-2.316999999999993,3,3
2022,Singapore Grand Prix,MAG,2,33,INTERMEDIATE,MEDIUM,29.0,118.696,118.852,0.1560000000000059,3,3
2022,Singapore Grand Prix,MSC,1,34,INTERMEDIATE,MEDIUM,34.0,118.777,120.769,1.9920000000000044,3,3
2022,Singapore Grand Prix,MSC,2,41,MEDIUM,SOFT,7.0,119.069,119.502,0.4329999999999927,3,3
2022,Singapore Grand Prix,NOR,1,36,INTERMEDIATE,MEDIUM,36.0,118.746,114.999,-3.747,3,3
2022,Singapore Grand Prix,PER,1,35,INTERMEDIATE,MEDIUM,35.0,116.945,113.693,-3.2519999999999953,3,3
2022,Singapore Grand Prix,RIC,1,36,INTERMEDIATE,SOFT,36.0,119.07,116.357,-2.712999999999994,3,3
2022,Singapore Grand Prix,RUS,1,21,INTERMEDIATE,MEDIUM,21.0,122.244,125.338,3.093999999999994,3,3
2022,Singapore Grand Prix,RUS,2,35,MEDIUM,MEDIUM,14.0,116.177,119.931,3.7539999999999907,3,3
2022,Singapore Grand Prix,RUS,3,41,MEDIUM,SOFT,6.0,116.177,115.808,-0.3689999999999998,3,3
2022,Singapore Grand Prix,RUS,4,51,SOFT,SOFT,10.0,111.603,110.349,-1.2539999999999907,3,3
2022,Singapore Grand Prix,SAI,1,35,INTERMEDIATE,MEDIUM,35.0,118.538,114.98,-3.5579999999999927,3,3
2022,Singapore Grand Prix,STR,1,35,INTERMEDIATE,MEDIUM,35.0,118.974,117.095,-1.8790000000000049,3,3
2022,Singapore Grand Prix,VER,1,35,INTERMEDIATE,SOFT,35.0,119.73,111.37,-8.36,3,3
2022,Singapore Grand Prix,VER,2,40,MEDIUM,SOFT,5.0,119.73,111.37,-8.36,3,3
2022,Singapore Grand Prix,VET,1,34,INTERMEDIATE,MEDIUM,34.0,118.895,117.462,-1.4329999999999927,3,3
2022,Spanish Grand Prix,ALB,1,11,SOFT,MEDIUM,11.0,91.667,89.639,-2.028000000000006,3,3
2022,Spanish Grand Prix,ALB,2,25,MEDIUM,SOFT,14.0,91.595,89.605,-1.9899999999999949,3,3
2022,Spanish Grand Prix,ALB,3,45,SOFT,MEDIUM,20.0,91.363,89.331,-2.0319999999999965,3,3
2022,Spanish Grand Prix,ALB,4,54,MEDIUM,SOFT,9.0,89.561,88.493,-1.068000000000012,3,3
2022,Spanish Grand Prix,ALO,1,10,SOFT,MEDIUM,10.0,89.669,89.343,-0.3259999999999934,3,3
2022,Spanish Grand Prix,ALO,2,31,MEDIUM,SOFT,21.0,89.914,87.898,-2.0160000000000053,3,3
2022,Spanish Grand Prix,ALO,3,53,SOFT,SOFT,22.0,88.164,86.792,-1.3719999999999999,3,3
2022,Spanish Grand Prix,BOT,1,14,SOFT,MEDIUM,17.0,89.267,88.392,-0.875,3,3
2022,Spanish Grand Prix,BOT,2,34,MEDIUM,MEDIUM,20.0,89.25,87.335,-1.9150000000000063,3,3
2022,Spanish Grand Prix,GAS,1,10,SOFT,MEDIUM,10.0,91.338,89.513,-1.8249999999999886,3,3
2022,Spanish Grand Prix,GAS,2,29,MEDIUM,SOFT,19.0,90.82,88.16,-2.6599999999999966,3,3
2022,Spanish Grand Prix,GAS,3,46,SOFT,SOFT,20.0,88.986,87.025,-1.9609999999999985,3,3
2022,Spanish Grand Prix,HAM,2,22,SOFT,MEDIUM,23.0,90.443,87.415,-3.0279999999999916,3,3
2022,Spanish Grand Prix,HAM,3,48,MEDIUM,SOFT,26.0,87.662,85.106,-2.5560000000000116,3,3
2022,Spanish Grand Prix,LAT,1,12,SOFT,MEDIUM,12.0,91.727,89.8,-1.9270000000000067,3,3
2022,Spanish Grand Prix,LAT,2,26,MEDIUM,SOFT,14.0,90.925,89.282,-1.6430000000000007,3,3
2022,Spanish Grand Prix,LAT,3,50,SOFT,SOFT,24.0,89.944,87.614,-2.3299999999999983,3,3
2022,Spanish Grand Prix,LEC,1,21,SOFT,MEDIUM,21.0,88.8,87.196,-1.6039999999999992,3,3
2022,Spanish Grand Prix,MAG,2,29,MEDIUM,HARD,28.0,91.143,87.991,-3.152000000000001,3,3
2022,Spanish Grand Prix,MSC,1,12,SOFT,SOFT,14.0,90.888,89.453,-1.4350000000000023,3,3
2022,Spanish Grand Prix,MSC,2,30,SOFT,MEDIUM,21.0,90.515,87.654,-2.861000000000004,3,3
2022,Spanish Grand Prix,NOR,1,12,SOFT,MEDIUM,12.0,89.857,89.313,-0.5439999999999969,3,3
2022,Spanish Grand Prix,NOR,2,33,MEDIUM,SOFT,21.0,89.309,88.221,-1.0879999999999939,3,3
2022,Spanish Grand Prix,NOR,3,51,SOFT,SOFT,21.0,88.617,85.859,-2.7580000000000098,3,3
2022,Spanish Grand Prix,OCO,1,13,SOFT,MEDIUM,13.0,89.671,88.845,-0.8260000000000076,3,3
2022,Spanish Grand Prix,OCO,2,35,MEDIUM,SOFT,22.0,89.663,87.438,-2.2249999999999943,3,3
2022,Spanish Grand Prix,OCO,3,52,SOFT,SOFT,20.0,88.147,86.174,-1.972999999999999,3,3
2022,Spanish Grand Prix,PER,1,17,SOFT,MEDIUM,20.0,89.234,87.312,-1.921999999999997,3,3
2022,Spanish Grand Prix,PER,2,37,MEDIUM,MEDIUM,20.0,88.288,86.816,-1.4719999999999942,3,3
2022,Spanish Grand Prix,PER,3,53,MEDIUM,SOFT,16.0,87.648,85.567,-2.081000000000003,3,3
2022,Spanish Grand Prix,RIC,1,11,SOFT,SOFT,14.0,91.519,89.366,-2.153000000000006,3,3
2022,Spanish Grand Prix,RIC,2,31,SOFT,MEDIUM,23.0,90.606,88.397,-2.208999999999989,3,3
2022,Spanish Grand Prix,RIC,3,48,MEDIUM,SOFT,17.0,89.152,87.388,-1.7639999999999958,3,3
2022,Spanish Grand Prix,RUS,1,13,SOFT,MEDIUM,16.0,89.42,88.016,-1.4039999999999964,3,3
2022,Spanish Grand Prix,RUS,2,36,MEDIUM,MEDIUM,23.0,89.221,87.082,-2.13900000000001,3,3
2022,Spanish Grand Prix,RUS,3,51,MEDIUM,SOFT,15.0,87.479,85.262,-2.2169999999999987,3,3
2022,Spanish Grand Prix,SAI,1,10,SOFT,MEDIUM,13.0,90.381,87.967,-2.4140000000000015,3,3
2022,Spanish Grand Prix,SAI,2,31,MEDIUM,MEDIUM,21.0,88.827,86.673,-2.1539999999999964,3,3
2022,Spanish Grand Prix,SAI,3,45,MEDIUM,SOFT,14.0,88.058,86.171,-1.8870000000000005,3,3
2022,Spanish Grand Prix,STR,1,14,SOFT,SOFT,17.0,90.736,88.761,-1.9750000000000085,3,3
2022,Spanish Grand Prix,STR,2,27,SOFT,MEDIUM,16.0,89.992,88.99,-1.0020000000000095,3,3
2022,Spanish Grand Prix,STR,3,46,MEDIUM,SOFT,20.0,90.323,88.026,-2.296999999999997,3,3
2022,Spanish Grand Prix,TSU,1,11,SOFT,MEDIUM,11.0,90.644,88.956,-1.6880000000000024,3,3
2022,Spanish Grand Prix,TSU,2,32,MEDIUM,SOFT,21.0,89.742,88.625,-1.1170000000000044,3,3
2022,Spanish Grand Prix,TSU,3,52,SOFT,SOFT,23.0,88.615,87.131,-1.4839999999999947,3,3
2022,Spanish Grand Prix,VER,1,13,SOFT,MEDIUM,16.0,89.192,88.085,-1.1069999999999993,3,3
2022,Spanish Grand Prix,VER,2,28,MEDIUM,SOFT,15.0,88.533,85.974,-2.5589999999999975,3,3
2022,Spanish Grand Prix,VER,3,44,SOFT,MEDIUM,19.0,87.176,85.704,-1.4720000000000084,3,3
2022,Spanish Grand Prix,VET,1,21,SOFT,SOFT,24.0,90.645,88.814,-1.831000000000003,3,3
2022,Spanish Grand Prix,VET,2,42,SOFT,MEDIUM,24.0,89.423,88.152,-1.2710000000000008,3,3
2022,Spanish Grand Prix,ZHO,1,10,SOFT,MEDIUM,10.0,90.865,89.488,-1.3769999999999953,3,3
2022,United States Grand Prix,ALB,1,9,MEDIUM,MEDIUM,9.0,105.143,103.818,-1.3250000000000028,3,3
2022,United States Grand Prix,ALB,2,18,MEDIUM,HARD,9.0,104.384,104.626,0.24200000000000443,3,3
2022,United States Grand Prix,ALO,1,18,HARD,HARD,18.0,104.44,104.982,0.5420000000000016,3,3
2022,United States Grand Prix,ALO,2,22,MEDIUM,HARD,4.0,104.44,104.982,0.5420000000000016,3,3
2022,United States Grand Prix,BOT,1,10,MEDIUM,HARD,10.0,104.607,103.921,-0.6859999999999928,3,3
2022,United States Grand Prix,GAS,1,11,MEDIUM,HARD,11.0,104.23,103.808,-0.42199999999999704,3,3
2022,United States Grand Prix,GAS,2,32,HARD,HARD,22.0,103.439,102.497,-0.9419999999999931,3,3
2022,United States Grand Prix,HAM,1,12,MEDIUM,HARD,12.0,102.719,102.69,-0.028999999999996362,3,3
2022,United States Grand Prix,HAM,2,34,HARD,HARD,22.0,101.358,100.519,-0.8389999999999986,3,3
2022,United States Grand Prix,LAT,1,5,MEDIUM,MEDIUM,5.0,104.579,104.512,-0.06699999999999307,3,3
2022,United States Grand Prix,LAT,2,18,MEDIUM,HARD,13.0,105.021,104.882,-0.1389999999999958,3,3
2022,United States Grand Prix,LEC,1,18,MEDIUM,HARD,18.0,102.671,102.067,-0.6040000000000134,3,3
2022,United States Grand Prix,LEC,2,35,HARD,MEDIUM,17.0,101.641,100.267,-1.3740000000000094,3,3
2022,United States Grand Prix,MAG,1,18,HARD,MEDIUM,18.0,104.747,103.914,-0.8329999999999984,3,3
2022,United States Grand Prix,MSC,1,18,HARD,MEDIUM,18.0,104.669,103.679,-0.9899999999999949,3,3
2022,United States Grand Prix,MSC,2,33,MEDIUM,HARD,15.0,103.184,102.52,-0.6640000000000015,3,3
2022,United States Grand Prix,NOR,1,14,MEDIUM,HARD,14.0,104.614,103.834,-0.7800000000000011,3,3
2022,United States Grand Prix,NOR,2,34,HARD,HARD,20.0,103.076,102.422,-0.6539999999999964,3,3
2022,United States Grand Prix,OCO,1,18,HARD,HARD,18.0,104.509,104.238,-0.2710000000000008,3,3
2022,United States Grand Prix,OCO,2,45,HARD,MEDIUM,27.0,103.306,101.31,-1.9959999999999951,3,3
2022,United States Grand Prix,PER,1,14,MEDIUM,HARD,14.0,103.527,102.391,-1.1359999999999957,3,3
2022,United States Grand Prix,PER,2,38,HARD,MEDIUM,24.0,101.942,100.156,-1.7859999999999872,3,3
2022,United States Grand Prix,RIC,1,10,MEDIUM,HARD,10.0,105.358,104.53,-0.828000000000003,3,3
2022,United States Grand Prix,RIC,2,35,HARD,HARD,25.0,104.534,102.884,-1.6500000000000057,3,3
2022,United States Grand Prix,RUS,1,13,MEDIUM,HARD,13.0,103.313,102.695,-0.6180000000000092,3,3
2022,United States Grand Prix,RUS,2,36,HARD,HARD,23.0,101.987,100.763,-1.2239999999999895,3,3
2022,United States Grand Prix,TSU,1,10,MEDIUM,MEDIUM,10.0,105.218,103.26,-1.9579999999999984,3,3
2022,United States Grand Prix,TSU,2,33,MEDIUM,HARD,23.0,103.209,102.254,-0.9549999999999983,3,3
2022,United States Grand Prix,VER,1,13,MEDIUM,HARD,13.0,102.583,102.424,-0.15899999999999181,3,3
2022,United States Grand Prix,VER,2,35,HARD,MEDIUM,22.0,101.338,100.211,-1.1269999999999953,3,3
2022,United States Grand Prix,VET,1,18,MEDIUM,MEDIUM,19.0,103.746,102.701,-1.0450000000000017,3,3
2022,United States Grand Prix,VET,2,41,MEDIUM,HARD,24.0,101.932,102.073,0.14099999999999113,3,3
2022,United States Grand Prix,ZHO,1,9,MEDIUM,HARD,9.0,104.476,104.152,-0.32399999999999807,3,3
2022,United States Grand Prix,ZHO,2,23,HARD,HARD,14.0,104.03,105.155,1.125,3,3
2023,Abu Dhabi Grand Prix,ALB,1,16,MEDIUM,HARD,17.0,91.729,90.463,-1.2660000000000053,3,3
2023,Abu Dhabi Grand Prix,ALB,2,43,HARD,HARD,27.0,90.331,88.694,-1.6370000000000005,3,3
2023,Abu Dhabi Grand Prix,ALO,1,12,MEDIUM,HARD,12.0,91.18,90.389,-0.791000000000011,3,3
2023,Abu Dhabi Grand Prix,ALO,2,36,HARD,HARD,25.0,89.869,88.8,-1.0690000000000026,3,3
2023,Abu Dhabi Grand Prix,BOT,1,29,HARD,MEDIUM,29.0,92.424,90.623,-1.801000000000002,3,3
2023,Abu Dhabi Grand Prix,GAS,1,17,MEDIUM,HARD,17.0,91.986,90.242,-1.7439999999999998,3,3
2023,Abu Dhabi Grand Prix,GAS,2,32,HARD,HARD,15.0,90.329,89.151,-1.1779999999999973,3,3
2023,Abu Dhabi Grand Prix,HAM,1,15,MEDIUM,HARD,15.0,91.689,90.057,-1.6319999999999908,3,3
2023,Abu Dhabi Grand Prix,HAM,2,35,HARD,HARD,20.0,89.789,89.532,-0.257000000000005,3,3
2023,Abu Dhabi Grand Prix,HUL,1,13,MEDIUM,HARD,13.0,91.583,90.356,-1.2270000000000039,3,3
2023,Abu Dhabi Grand Prix,HUL,2,33,HARD,HARD,20.0,90.667,89.747,-0.9200000000000017,3,3
2023,Abu Dhabi Grand Prix,LEC,1,17,MEDIUM,HARD,17.0,90.618,89.908,-0.7099999999999937,3,3
2023,Abu Dhabi Grand Prix,LEC,2,35,HARD,HARD,18.0,89.693,88.759,-0.9339999999999975,3,3
2023,Abu Dhabi Grand Prix,MAG,1,5,MEDIUM,HARD,5.0,91.711,90.325,-1.3859999999999957,3,3
2023,Abu Dhabi Grand Prix,MAG,2,22,HARD,HARD,17.0,91.95,90.599,-1.350999999999999,3,3
2023,Abu Dhabi Grand Prix,NOR,1,14,MEDIUM,HARD,14.0,91.189,90.044,-1.144999999999996,3,3
2023,Abu Dhabi Grand Prix,NOR,2,33,HARD,HARD,19.0,89.5,89.22,-0.28000000000000114,3,3
2023,Abu Dhabi Grand Prix,OCO,1,15,MEDIUM,HARD,15.0,91.647,90.134,-1.5130000000000052,3,3
2023,Abu Dhabi Grand Prix,PER,1,17,MEDIUM,HARD,17.0,91.225,89.107,-2.117999999999995,3,3
2023,Abu Dhabi Grand Prix,PER,2,42,HARD,HARD,25.0,89.043,87.837,-1.206000000000003,3,3
2023,Abu Dhabi Grand Prix,PIA,1,13,MEDIUM,HARD,13.0,91.304,90.276,-1.0280000000000058,3,3
2023,Abu Dhabi Grand Prix,PIA,2,36,HARD,HARD,23.0,89.841,88.65,-1.1909999999999883,3,3
2023,Abu Dhabi Grand Prix,RIC,1,7,MEDIUM,HARD,7.0,91.284,90.238,-1.0460000000000065,3,3
2023,Abu Dhabi Grand Prix,RIC,2,31,HARD,HARD,24.0,90.697,89.584,-1.1129999999999995,3,3
2023,Abu Dhabi Grand Prix,RUS,1,14,MEDIUM,HARD,14.0,90.856,89.537,-1.3189999999999884,3,3
2023,Abu Dhabi Grand Prix,RUS,2,34,HARD,HARD,20.0,89.593,88.943,-0.6500000000000057,3,3
2023,Abu Dhabi Grand Prix,SAI,1,23,HARD,HARD,23.0,92.071,90.007,-2.063999999999993,3,3
2023,Abu Dhabi Grand Prix,SAR,1,15,MEDIUM,HARD,16.0,91.889,90.404,-1.4849999999999994,3,3
2023,Abu Dhabi Grand Prix,SAR,2,41,HARD,HARD,26.0,91.754,88.645,-3.109000000000009,3,3
2023,Abu Dhabi Grand Prix,STR,1,22,HARD,HARD,23.0,90.655,89.87,-0.7849999999999966,3,3
2023,Abu Dhabi Grand Prix,STR,2,42,HARD,MEDIUM,21.0,90.099,88.177,-1.921999999999997,3,3
2023,Abu Dhabi Grand Prix,TSU,1,22,MEDIUM,HARD,22.0,91.211,90.104,-1.1069999999999993,3,3
2023,Abu Dhabi Grand Prix,VER,1,16,MEDIUM,HARD,16.0,90.561,89.628,-0.9330000000000069,3,3
2023,Abu Dhabi Grand Prix,VER,2,43,HARD,HARD,27.0,89.053,87.902,-1.1509999999999962,3,3
2023,Abu Dhabi Grand Prix,ZHO,1,13,MEDIUM,HARD,13.0,91.845,90.842,-1.0030000000000001,3,3
2023,Abu Dhabi Grand Prix,ZHO,2,37,HARD,MEDIUM,24.0,90.67,89.081,-1.5889999999999986,3,3
2023,Australian Grand Prix,ALO,1,8,MEDIUM,HARD,9.0,83.29,84.644,1.3539999999999992,3,3
2023,Australian Grand Prix,BOT,2,8,HARD,HARD,7.0,84.849,85.889,1.039999999999992,3,3
2023,Australian Grand Prix,DEV,1,8,HARD,MEDIUM,8.0,85.025,85.891,0.8659999999999997,3,3
2023,Australian Grand Prix,DEV,2,45,MEDIUM,SOFT,37.0,84.184,81.693,-2.4909999999999997,3,3
2023,Australian Grand Prix,GAS,1,8,SOFT,HARD,8.0,84.29,84.459,0.16899999999999693,3,3
2023,Australian Grand Prix,HAM,1,8,MEDIUM,HARD,8.0,83.17,84.616,1.445999999999998,3,3
2023,Australian Grand Prix,HUL,1,8,MEDIUM,HARD,8.0,84.295,84.823,0.5279999999999916,3,3
2023,Australian Grand Prix,MAG,1,7,MEDIUM,HARD,7.0,85.054,85.389,0.33499999999999375,3,3
2023,Australian Grand Prix,MAG,2,8,HARD,HARD,1.0,85.054,85.389,0.33499999999999375,3,3
2023,Australian Grand Prix,NOR,1,8,MEDIUM,HARD,8.0,84.732,85.817,1.0849999999999937,3,3
2023,Australian Grand Prix,OCO,2,8,HARD,HARD,7.0,84.974,85.266,0.2920000000000016,3,3
2023,Australian Grand Prix,PER,3,8,HARD,HARD,6.0,84.501,86.003,1.5019999999999953,3,3
2023,Australian Grand Prix,PIA,1,8,MEDIUM,HARD,8.0,84.996,85.221,0.22500000000000853,3,3
2023,Australian Grand Prix,RUS,1,7,MEDIUM,HARD,7.0,83.134,84.617,1.483000000000004,3,3
2023,Australian Grand Prix,RUS,2,8,HARD,HARD,1.0,83.134,84.617,1.483000000000004,3,3
2023,Australian Grand Prix,SAI,1,7,MEDIUM,HARD,7.0,83.217,84.433,1.2160000000000082,3,3
2023,Australian Grand Prix,SAI,2,8,HARD,HARD,1.0,83.217,84.433,1.2160000000000082,3,3
2023,Australian Grand Prix,SAR,3,8,HARD,MEDIUM,7.0,85.136,85.76,0.6240000000000094,3,3
2023,Australian Grand Prix,SAR,4,36,MEDIUM,HARD,28.0,84.377,82.887,-1.4899999999999949,3,3
2023,Australian Grand Prix,STR,1,8,MEDIUM,HARD,9.0,83.937,84.738,0.8010000000000019,3,3
2023,Australian Grand Prix,TSU,1,8,MEDIUM,HARD,8.0,84.62,84.878,0.25799999999999557,3,3
2023,Australian Grand Prix,VER,1,8,MEDIUM,HARD,8.0,83.104,83.46,0.35599999999999454,3,3
2023,Australian Grand Prix,ZHO,2,8,HARD,HARD,7.0,84.856,85.23,0.37400000000000944,3,3
2023,Austrian Grand Prix,ALB,2,14,MEDIUM,HARD,14.0,71.605,71.726,0.12099999999999511,3,3
2023,Austrian Grand Prix,ALB,3,41,HARD,HARD,27.0,71.189,69.848,-1.340999999999994,3,3
2023,Austrian Grand Prix,ALO,2,15,HARD,MEDIUM,15.0,70.925,70.417,-0.5079999999999956,3,3
2023,Austrian Grand Prix,ALO,3,44,MEDIUM,MEDIUM,29.0,70.967,69.25,-1.7169999999999987,3,3
2023,Austrian Grand Prix,BOT,2,21,HARD,MEDIUM,21.0,72.287,70.22,-2.0670000000000073,3,3
2023,Austrian Grand Prix,BOT,3,40,MEDIUM,HARD,19.0,71.345,70.196,-1.149000000000001,3,3
2023,Austrian Grand Prix,DEV,2,12,MEDIUM,HARD,12.0,71.766,71.047,-0.7190000000000083,3,3
2023,Austrian Grand Prix,DEV,3,37,HARD,MEDIUM,25.0,71.596,70.003,-1.5930000000000035,3,3
2023,Austrian Grand Prix,GAS,2,14,MEDIUM,HARD,14.0,71.11,70.588,-0.5220000000000056,3,3
2023,Austrian Grand Prix,GAS,3,44,HARD,MEDIUM,30.0,71.116,69.157,-1.9590000000000032,3,3
2023,Austrian Grand Prix,HAM,2,14,MEDIUM,HARD,14.0,70.972,69.895,-1.0769999999999982,3,3
2023,Austrian Grand Prix,HAM,3,42,HARD,MEDIUM,28.0,70.959,70.105,-0.8539999999999992,3,3
2023,Austrian Grand Prix,LEC,2,15,MEDIUM,MEDIUM,15.0,70.7,69.509,-1.1910000000000025,3,3
2023,Austrian Grand Prix,LEC,3,47,MEDIUM,HARD,32.0,70.475,68.863,-1.6119999999999948,3,3
2023,Austrian Grand Prix,MAG,3,34,HARD,HARD,32.0,72.17,70.367,-1.8029999999999973,3,3
2023,Austrian Grand Prix,NOR,2,14,MEDIUM,HARD,14.0,70.974,70.273,-0.7010000000000076,3,3
2023,Austrian Grand Prix,NOR,3,41,HARD,HARD,27.0,71.175,69.164,-2.0109999999999957,3,3
2023,Austrian Grand Prix,OCO,2,14,MEDIUM,HARD,14.0,71.561,71.263,-0.2980000000000018,3,3
2023,Austrian Grand Prix,OCO,3,40,HARD,HARD,26.0,71.115,70.432,-0.6829999999999927,3,3
2023,Austrian Grand Prix,PER,2,25,MEDIUM,MEDIUM,25.0,70.62,69.388,-1.2319999999999993,3,3
2023,Austrian Grand Prix,PER,3,50,MEDIUM,HARD,25.0,69.425,68.525,-0.8999999999999915,3,3
2023,Austrian Grand Prix,PIA,2,14,MEDIUM,HARD,14.0,71.556,71.492,-0.06399999999999295,3,3
2023,Austrian Grand Prix,PIA,3,22,HARD,HARD,8.0,71.763,70.546,-1.2169999999999987,3,3
2023,Austrian Grand Prix,PIA,4,41,HARD,MEDIUM,19.0,71.067,70.091,-0.9759999999999991,3,3
2023,Austrian Grand Prix,RUS,2,14,MEDIUM,HARD,14.0,71.439,71.146,-0.29299999999999216,3,3
2023,Austrian Grand Prix,RUS,3,41,HARD,MEDIUM,27.0,70.982,69.726,-1.2560000000000002,3,3
2023,Austrian Grand Prix,SAI,2,15,MEDIUM,MEDIUM,15.0,70.662,69.348,-1.3140000000000072,3,3
2023,Austrian Grand Prix,SAI,3,45,MEDIUM,HARD,30.0,70.521,68.943,-1.578000000000003,3,3
2023,Austrian Grand Prix,SAR,2,14,MEDIUM,HARD,14.0,71.875,70.983,-0.8919999999999959,3,3
2023,Austrian Grand Prix,SAR,3,43,HARD,HARD,29.0,71.488,69.791,-1.6970000000000027,3,3
2023,Austrian Grand Prix,STR,2,15,MEDIUM,HARD,15.0,71.065,70.79,-0.2749999999999915,3,3
2023,Austrian Grand Prix,STR,3,36,HARD,HARD,21.0,70.97,69.608,-1.3619999999999948,3,3
2023,Austrian Grand Prix,STR,4,54,HARD,MEDIUM,18.0,69.895,68.529,-1.3659999999999997,3,3
2023,Austrian Grand Prix,TSU,3,23,HARD,HARD,22.0,72.997,70.378,-2.6189999999999998,3,3
2023,Austrian Grand Prix,TSU,4,43,HARD,MEDIUM,20.0,71.321,69.775,-1.5459999999999923,3,3
2023,Austrian Grand Prix,VER,2,24,MEDIUM,HARD,24.0,70.337,69.245,-1.0919999999999987,3,3
2023,Austrian Grand Prix,VER,3,49,HARD,MEDIUM,25.0,69.451,68.235,-1.215999999999994,3,3
2023,Austrian Grand Prix,ZHO,2,8,MEDIUM,HARD,8.0,71.555,70.692,-0.8630000000000138,3,3
2023,Austrian Grand Prix,ZHO,3,38,HARD,HARD,30.0,71.766,69.895,-1.8710000000000093,3,3
2023,Azerbaijan Grand Prix,ALB,1,7,MEDIUM,HARD,7.0,108.689,108.928,0.23900000000000432,3,3
2023,Azerbaijan Grand Prix,ALO,1,11,MEDIUM,HARD,11.0,107.416,106.929,-0.48699999999999477,3,3
2023,Azerbaijan Grand Prix,BOT,1,6,MEDIUM,HARD,6.0,109.019,109.739,0.7199999999999989,3,3
2023,Azerbaijan Grand Prix,BOT,2,12,HARD,HARD,6.0,109.019,109.679,0.6599999999999966,3,3
2023,Azerbaijan Grand Prix,BOT,3,34,HARD,MEDIUM,22.0,108.046,106.722,-1.3240000000000123,3,3
2023,Azerbaijan Grand Prix,GAS,1,5,MEDIUM,HARD,5.0,109.075,107.851,-1.2240000000000038,3,3
2023,Azerbaijan Grand Prix,GAS,2,23,HARD,HARD,18.0,107.873,106.462,-1.4110000000000014,3,3
2023,Azerbaijan Grand Prix,HAM,1,9,MEDIUM,HARD,9.0,107.916,107.259,-0.6569999999999965,3,3
2023,Azerbaijan Grand Prix,LEC,1,11,MEDIUM,HARD,11.0,107.421,106.741,-0.6800000000000068,3,3
2023,Azerbaijan Grand Prix,MAG,1,10,MEDIUM,HARD,10.0,108.972,109.108,0.1360000000000099,3,3
2023,Azerbaijan Grand Prix,NOR,1,9,MEDIUM,HARD,9.0,108.248,108.489,0.24099999999999966,3,3
2023,Azerbaijan Grand Prix,PER,1,11,MEDIUM,HARD,11.0,106.807,105.798,-1.0090000000000003,3,3
2023,Azerbaijan Grand Prix,PIA,1,8,MEDIUM,HARD,8.0,108.485,108.618,0.13299999999999557,3,3
2023,Azerbaijan Grand Prix,RUS,1,11,MEDIUM,HARD,11.0,107.757,108.356,0.5989999999999895,3,3
2023,Azerbaijan Grand Prix,SAI,1,11,MEDIUM,HARD,11.0,107.591,107.279,-0.3119999999999976,3,3
2023,Azerbaijan Grand Prix,SAR,1,8,MEDIUM,HARD,8.0,109.285,109.448,0.1629999999999967,3,3
2023,Azerbaijan Grand Prix,STR,1,11,MEDIUM,HARD,11.0,107.944,107.521,-0.4230000000000018,3,3
2023,Azerbaijan Grand Prix,TSU,1,8,MEDIUM,HARD,8.0,108.26,108.521,0.2609999999999957,3,3
2023,Azerbaijan Grand Prix,VER,1,10,MEDIUM,HARD,10.0,106.944,105.687,-1.257000000000005,3,3
2023,Azerbaijan Grand Prix,ZHO,1,11,MEDIUM,HARD,11.0,109.251,109.022,-0.2289999999999992,3,3
2023,Bahrain Grand Prix,ALB,1,11,SOFT,SOFT,11.0,100.969,98.649,-2.319999999999993,3,3
2023,Bahrain Grand Prix,ALB,2,26,SOFT,HARD,15.0,99.832,97.931,-1.9009999999999962,3,3
2023,Bahrain Grand Prix,ALB,3,40,HARD,SOFT,14.0,98.33,97.211,-1.1189999999999998,3,3
2023,Bahrain Grand Prix,ALO,1,14,SOFT,HARD,17.0,100.934,98.124,-2.8100000000000023,3,3
2023,Bahrain Grand Prix,ALO,2,34,HARD,HARD,20.0,97.871,97.002,-0.8689999999999998,3,3
2023,Bahrain Grand Prix,BOT,1,11,SOFT,HARD,11.0,100.387,98.098,-2.2890000000000015,3,3
2023,Bahrain Grand Prix,BOT,2,29,HARD,HARD,18.0,99.287,97.675,-1.612000000000009,3,3
2023,Bahrain Grand Prix,DEV,1,11,SOFT,HARD,11.0,101.573,98.868,-2.7049999999999983,3,3
2023,Bahrain Grand Prix,DEV,2,27,HARD,HARD,16.0,99.97,97.909,-2.060999999999993,3,3
2023,Bahrain Grand Prix,GAS,1,9,SOFT,HARD,9.0,101.134,98.928,-2.206000000000003,3,3
2023,Bahrain Grand Prix,GAS,2,25,HARD,HARD,16.0,99.485,98.012,-1.472999999999999,3,3
2023,Bahrain Grand Prix,GAS,3,40,HARD,SOFT,15.0,98.133,96.041,-2.0919999999999987,3,3
2023,Bahrain Grand Prix,HAM,1,12,SOFT,HARD,15.0,100.323,98.527,-1.7959999999999923,3,3
2023,Bahrain Grand Prix,HAM,2,30,HARD,HARD,18.0,98.369,97.563,-0.8059999999999974,3,3
2023,Bahrain Grand Prix,HUL,1,11,SOFT,HARD,14.0,101.615,98.972,-2.6430000000000007,3,3
2023,Bahrain Grand Prix,HUL,2,26,HARD,HARD,15.0,99.866,97.398,-2.4680000000000035,3,3
2023,Bahrain Grand Prix,HUL,3,40,HARD,SOFT,14.0,98.191,96.793,-1.3979999999999961,3,3
2023,Bahrain Grand Prix,LEC,1,13,SOFT,HARD,13.0,99.212,98.031,-1.1809999999999974,3,3
2023,Bahrain Grand Prix,LEC,2,33,HARD,HARD,20.0,98.746,97.313,-1.4329999999999927,3,3
2023,Bahrain Grand Prix,MAG,1,15,HARD,HARD,15.0,101.654,98.319,-3.3349999999999937,3,3
2023,Bahrain Grand Prix,MAG,2,29,HARD,SOFT,14.0,99.476,97.644,-1.8319999999999936,3,3
2023,Bahrain Grand Prix,MAG,3,40,SOFT,SOFT,11.0,98.303,96.588,-1.7150000000000034,3,3
2023,Bahrain Grand Prix,NOR,1,10,SOFT,HARD,10.0,100.783,99.314,-1.4690000000000083,3,3
2023,Bahrain Grand Prix,NOR,2,17,HARD,SOFT,7.0,99.243,98.297,-0.945999999999998,3,3
2023,Bahrain Grand Prix,NOR,3,27,SOFT,MEDIUM,13.0,98.447,97.605,-0.8419999999999987,3,3
2023,Bahrain Grand Prix,NOR,4,37,MEDIUM,HARD,10.0,97.987,96.705,-1.2819999999999965,3,3
2023,Bahrain Grand Prix,NOR,5,47,HARD,SOFT,10.0,97.426,96.152,-1.274000000000001,3,3
2023,Bahrain Grand Prix,OCO,1,12,SOFT,HARD,15.0,100.866,98.78,-2.0859999999999985,3,3
2023,Bahrain Grand Prix,OCO,2,15,HARD,HARD,3.0,100.858,98.817,-2.041000000000011,3,3
2023,Bahrain Grand Prix,OCO,3,32,HARD,HARD,20.0,99.757,96.964,-2.7930000000000064,3,3
2023,Bahrain Grand Prix,PER,1,17,SOFT,SOFT,20.0,98.739,97.448,-1.291000000000011,3,3
2023,Bahrain Grand Prix,PER,2,34,SOFT,HARD,19.0,97.869,96.431,-1.4380000000000024,3,3
2023,Bahrain Grand Prix,RUS,1,13,SOFT,HARD,16.0,101.085,97.833,-3.2519999999999953,3,3
2023,Bahrain Grand Prix,RUS,2,31,HARD,HARD,18.0,98.541,97.311,-1.2299999999999898,3,3
2023,Bahrain Grand Prix,SAI,1,13,SOFT,HARD,16.0,100.507,98.161,-2.3460000000000036,3,3
2023,Bahrain Grand Prix,SAI,2,31,HARD,HARD,18.0,98.55,97.475,-1.0750000000000028,3,3
2023,Bahrain Grand Prix,SAR,1,12,SOFT,SOFT,12.0,101.133,98.988,-2.144999999999996,3,3
2023,Bahrain Grand Prix,SAR,2,30,SOFT,HARD,18.0,99.62,97.862,-1.7580000000000098,3,3
2023,Bahrain Grand Prix,SAR,3,40,HARD,SOFT,10.0,97.971,96.801,-1.1700000000000017,3,3
2023,Bahrain Grand Prix,STR,1,15,SOFT,HARD,18.0,101.039,98.127,-2.912000000000006,3,3
2023,Bahrain Grand Prix,STR,2,30,HARD,HARD,15.0,98.723,97.168,-1.5549999999999926,3,3
2023,Bahrain Grand Prix,TSU,1,10,SOFT,HARD,10.0,100.952,99.143,-1.8089999999999975,3,3
2023,Bahrain Grand Prix,TSU,2,26,HARD,HARD,16.0,99.746,97.824,-1.921999999999997,3,3
2023,Bahrain Grand Prix,TSU,3,40,HARD,SOFT,14.0,98.084,97.01,-1.073999999999998,3,3
2023,Bahrain Grand Prix,VER,1,14,SOFT,SOFT,17.0,98.483,97.648,-0.835000000000008,3,3
2023,Bahrain Grand Prix,VER,2,36,SOFT,HARD,22.0,97.839,96.446,-1.3930000000000007,3,3
2023,Bahrain Grand Prix,ZHO,1,12,SOFT,HARD,12.0,101.743,99.229,-2.513999999999996,3,3
2023,Bahrain Grand Prix,ZHO,2,32,HARD,SOFT,20.0,99.382,97.55,-1.8320000000000078,3,3
2023,Belgian Grand Prix,ALB,1,7,SOFT,MEDIUM,7.0,115.004,111.937,-3.0670000000000073,3,3
2023,Belgian Grand Prix,ALB,2,23,MEDIUM,MEDIUM,16.0,116.16,111.563,-4.596999999999994,3,3
2023,Belgian Grand Prix,ALB,3,33,MEDIUM,SOFT,10.0,113.203,110.82,-2.3830000000000098,3,3
2023,Belgian Grand Prix,ALO,1,10,MEDIUM,MEDIUM,10.0,113.456,111.942,-1.51400000000001,3,3
2023,Belgian Grand Prix,ALO,2,29,MEDIUM,SOFT,19.0,112.505,111.756,-0.7489999999999952,3,3
2023,Belgian Grand Prix,BOT,1,6,SOFT,MEDIUM,6.0,115.571,113.499,-2.0720000000000027,3,3
2023,Belgian Grand Prix,BOT,2,24,MEDIUM,MEDIUM,18.0,116.219,111.131,-5.087999999999994,3,3
2023,Belgian Grand Prix,GAS,1,23,SOFT,MEDIUM,23.0,116.854,111.509,-5.344999999999999,3,3
2023,Belgian Grand Prix,HAM,1,12,SOFT,MEDIUM,12.0,113.472,112.126,-1.3459999999999894,3,3
2023,Belgian Grand Prix,HAM,2,27,MEDIUM,SOFT,15.0,112.191,110.923,-1.2680000000000007,3,3
2023,Belgian Grand Prix,HUL,1,12,MEDIUM,SOFT,12.0,114.741,113.91,-0.8310000000000031,3,3
2023,Belgian Grand Prix,HUL,2,24,SOFT,SOFT,12.0,114.691,111.225,-3.466000000000008,3,3
2023,Belgian Grand Prix,LEC,1,13,SOFT,MEDIUM,13.0,113.523,112.064,-1.4590000000000032,3,3
2023,Belgian Grand Prix,LEC,2,28,MEDIUM,SOFT,15.0,111.75,110.903,-0.8469999999999942,3,3
2023,Belgian Grand Prix,MAG,1,5,SOFT,MEDIUM,5.0,115.403,112.645,-2.7580000000000098,3,3
2023,Belgian Grand Prix,MAG,2,25,MEDIUM,MEDIUM,20.0,114.764,111.362,-3.402000000000001,3,3
2023,Belgian Grand Prix,NOR,1,5,MEDIUM,HARD,5.0,114.921,113.209,-1.7120000000000033,3,3
2023,Belgian Grand Prix,NOR,2,17,HARD,SOFT,12.0,115.611,111.745,-3.8659999999999997,3,3
2023,Belgian Grand Prix,OCO,1,6,SOFT,MEDIUM,6.0,114.967,112.486,-2.4809999999999945,3,3
2023,Belgian Grand Prix,OCO,2,25,MEDIUM,SOFT,19.0,115.109,110.774,-4.334999999999994,3,3
2023,Belgian Grand Prix,PER,1,13,SOFT,MEDIUM,13.0,112.72,111.621,-1.0990000000000038,3,3
2023,Belgian Grand Prix,PER,2,29,MEDIUM,SOFT,16.0,112.162,111.184,-0.9780000000000086,3,3
2023,Belgian Grand Prix,RIC,1,5,SOFT,MEDIUM,5.0,115.204,112.975,-2.228999999999999,3,3
2023,Belgian Grand Prix,RIC,2,22,MEDIUM,MEDIUM,17.0,115.672,111.719,-3.953000000000003,3,3
2023,Belgian Grand Prix,RUS,1,22,MEDIUM,SOFT,22.0,116.771,110.843,-5.927999999999997,3,3
2023,Belgian Grand Prix,SAI,1,7,SOFT,MEDIUM,7.0,116.974,115.119,-1.855000000000004,3,3
2023,Belgian Grand Prix,SAR,1,8,SOFT,MEDIUM,8.0,115.729,114.844,-0.8850000000000051,3,3
2023,Belgian Grand Prix,SAR,2,24,MEDIUM,MEDIUM,16.0,115.602,111.329,-4.27300000000001,3,3
2023,Belgian Grand Prix,SAR,3,34,MEDIUM,SOFT,10.0,112.6,110.818,-1.7819999999999965,3,3
2023,Belgian Grand Prix,STR,1,20,MEDIUM,SOFT,20.0,115.513,111.446,-4.067000000000007,3,3
2023,Belgian Grand Prix,TSU,1,9,MEDIUM,MEDIUM,9.0,113.81,113.326,-0.48400000000000887,3,3
2023,Belgian Grand Prix,TSU,2,24,MEDIUM,SOFT,15.0,116.674,111.76,-4.9140000000000015,3,3
2023,Belgian Grand Prix,VER,1,14,SOFT,MEDIUM,14.0,112.714,110.696,-2.0180000000000007,3,3
2023,Belgian Grand Prix,VER,2,30,MEDIUM,SOFT,16.0,111.472,110.586,-0.8859999999999957,3,3
2023,Belgian Grand Prix,ZHO,1,7,SOFT,MEDIUM,7.0,115.867,112.645,-3.2220000000000084,3,3
2023,Belgian Grand Prix,ZHO,2,25,MEDIUM,SOFT,18.0,115.68,111.466,-4.214000000000013,3,3
2023,British Grand Prix,ALB,1,32,MEDIUM,SOFT,32.0,92.869,92.176,-0.6929999999999978,3,3
2023,British Grand Prix,ALO,1,33,MEDIUM,SOFT,34.0,92.727,91.691,-1.0360000000000014,3,3
2023,British Grand Prix,BOT,1,32,HARD,SOFT,32.0,93.367,92.618,-0.7490000000000094,3,3
2023,British Grand Prix,DEV,1,27,SOFT,MEDIUM,27.0,93.663,92.564,-1.0990000000000038,3,3
2023,British Grand Prix,DEV,2,32,MEDIUM,SOFT,5.0,92.564,93.18,0.6160000000000139,3,3
2023,British Grand Prix,GAS,1,31,MEDIUM,SOFT,31.0,93.283,92.823,-0.46000000000000796,3,3
2023,British Grand Prix,HAM,1,33,MEDIUM,SOFT,33.0,92.246,91.279,-0.9669999999999987,3,3
2023,British Grand Prix,HUL,1,7,HARD,MEDIUM,7.0,95.588,93.669,-1.918999999999997,3,3
2023,British Grand Prix,HUL,2,32,MEDIUM,SOFT,25.0,93.133,92.527,-0.6059999999999945,3,3
2023,British Grand Prix,LEC,1,18,MEDIUM,HARD,18.0,93.248,92.87,-0.3780000000000001,3,3
2023,British Grand Prix,LEC,2,32,HARD,MEDIUM,14.0,92.658,92.234,-0.4240000000000066,3,3
2023,British Grand Prix,NOR,1,33,MEDIUM,HARD,33.0,92.609,90.997,-1.6119999999999948,3,3
2023,British Grand Prix,PER,1,28,MEDIUM,SOFT,28.0,92.907,91.532,-1.375,3,3
2023,British Grand Prix,PIA,1,29,MEDIUM,HARD,29.0,93.052,91.646,-1.406000000000006,3,3
2023,British Grand Prix,RUS,1,28,SOFT,MEDIUM,31.0,92.958,91.8,-1.1580000000000013,3,3
2023,British Grand Prix,SAI,1,26,MEDIUM,HARD,26.0,92.77,92.129,-0.6409999999999911,3,3
2023,British Grand Prix,SAR,1,29,MEDIUM,SOFT,29.0,93.553,92.794,-0.7590000000000003,3,3
2023,British Grand Prix,STR,1,31,MEDIUM,SOFT,32.0,93.702,91.707,-1.9950000000000045,3,3
2023,British Grand Prix,TSU,1,14,SOFT,HARD,14.0,94.237,93.058,-1.1789999999999878,3,3
2023,British Grand Prix,TSU,2,32,HARD,SOFT,18.0,93.211,92.932,-0.27899999999999636,3,3
2023,British Grand Prix,VER,1,33,MEDIUM,SOFT,33.0,92.363,90.547,-1.8160000000000025,3,3
2023,British Grand Prix,ZHO,1,24,MEDIUM,HARD,24.0,93.642,92.912,-0.7299999999999898,3,3
2023,British Grand Prix,ZHO,2,33,HARD,SOFT,9.0,93.006,93.188,0.18200000000000216,3,3
2023,British Grand Prix,ZHO,3,36,SOFT,SOFT,3.0,93.006,93.188,0.18200000000000216,3,3
2023,Canadian Grand Prix,ALB,1,12,MEDIUM,HARD,13.0,78.717,79.275,0.5580000000000069,3,3
2023,Canadian Grand Prix,ALO,1,12,MEDIUM,HARD,12.0,77.68,77.073,-0.6070000000000135,3,3
2023,Canadian Grand Prix,ALO,2,41,HARD,HARD,29.0,77.077,76.258,-0.8190000000000026,3,3
2023,Canadian Grand Prix,BOT,1,36,HARD,MEDIUM,36.0,78.167,77.146,-1.0210000000000008,3,3
2023,Canadian Grand Prix,DEV,1,11,MEDIUM,HARD,11.0,79.008,79.434,0.42600000000000193,3,3
2023,Canadian Grand Prix,DEV,2,50,HARD,HARD,39.0,78.583,76.821,-1.7620000000000005,3,3
2023,Canadian Grand Prix,GAS,1,10,SOFT,HARD,10.0,78.674,79.35,0.6759999999999877,3,3
2023,Canadian Grand Prix,GAS,2,33,HARD,HARD,23.0,78.422,77.423,-0.9989999999999952,3,3
2023,Canadian Grand Prix,HAM,1,12,MEDIUM,HARD,12.0,77.616,77.081,-0.5349999999999966,3,3
2023,Canadian Grand Prix,HAM,2,40,HARD,MEDIUM,28.0,77.438,76.281,-1.1569999999999965,3,3
2023,Canadian Grand Prix,HUL,1,11,MEDIUM,HARD,11.0,79.083,79.371,0.2879999999999967,3,3
2023,Canadian Grand Prix,HUL,2,31,HARD,HARD,20.0,78.564,77.692,-0.8719999999999999,3,3
2023,Canadian Grand Prix,LEC,1,39,MEDIUM,HARD,39.0,77.566,76.3,-1.2660000000000053,3,3
2023,Canadian Grand Prix,MAG,1,35,HARD,MEDIUM,35.0,78.895,77.602,-1.2929999999999922,3,3
2023,Canadian Grand Prix,MAG,2,53,MEDIUM,MEDIUM,18.0,77.485,76.852,-0.6329999999999956,3,3
2023,Canadian Grand Prix,NOR,1,12,MEDIUM,HARD,12.0,78.58,78.706,0.12600000000000477,3,3
2023,Canadian Grand Prix,NOR,2,35,HARD,HARD,23.0,78.478,77.462,-1.0159999999999911,3,3
2023,Canadian Grand Prix,OCO,1,12,MEDIUM,HARD,12.0,78.335,78.855,0.5200000000000102,3,3
2023,Canadian Grand Prix,OCO,2,36,HARD,HARD,24.0,78.097,77.173,-0.9239999999999924,3,3
2023,Canadian Grand Prix,PER,1,37,HARD,MEDIUM,37.0,77.967,76.704,-1.2630000000000052,3,3
2023,Canadian Grand Prix,PIA,1,12,MEDIUM,HARD,12.0,78.486,79.24,0.7539999999999907,3,3
2023,Canadian Grand Prix,PIA,2,37,HARD,HARD,25.0,78.493,77.308,-1.184999999999988,3,3
2023,Canadian Grand Prix,RUS,1,12,MEDIUM,HARD,12.0,77.917,79.23,1.3130000000000024,3,3
2023,Canadian Grand Prix,SAI,1,38,MEDIUM,HARD,38.0,77.495,76.722,-0.7730000000000103,3,3
2023,Canadian Grand Prix,STR,1,11,MEDIUM,HARD,11.0,78.766,79.358,0.5919999999999987,3,3
2023,Canadian Grand Prix,STR,2,27,HARD,HARD,16.0,78.478,77.356,-1.1219999999999999,3,3
2023,Canadian Grand Prix,TSU,2,34,HARD,UNKNOWN,33.0,78.732,77.398,-1.3340000000000032,3,3
2023,Canadian Grand Prix,VER,1,12,MEDIUM,HARD,12.0,77.359,76.682,-0.6769999999999925,3,3
2023,Canadian Grand Prix,VER,2,42,HARD,MEDIUM,30.0,77.273,76.204,-1.0690000000000026,3,3
2023,Canadian Grand Prix,ZHO,1,12,MEDIUM,HARD,12.0,78.601,79.316,0.7150000000000034,3,3
2023,Canadian Grand Prix,ZHO,2,32,HARD,HARD,20.0,78.634,78.055,-0.5789999999999935,3,3
2023,Dutch Grand Prix,ALB,1,44,SOFT,MEDIUM,44.0,76.364,75.265,-1.0990000000000038,3,3
2023,Dutch Grand Prix,ALB,2,61,MEDIUM,INTERMEDIATE,17.0,74.613,85.116,10.503,3,3
2023,Dutch Grand Prix,ALB,3,63,INTERMEDIATE,INTERMEDIATE,7.0,74.613,85.116,10.503,3,3
2023,Dutch Grand Prix,ALB,4,64,INTERMEDIATE,INTERMEDIATE,6.0,74.613,85.116,10.503,3,3
2023,Dutch Grand Prix,ALO,2,10,INTERMEDIATE,SOFT,8.0,83.756,77.643,-6.1129999999999995,3,3
2023,Dutch Grand Prix,ALO,3,48,SOFT,SOFT,38.0,75.841,74.153,-1.6879999999999882,3,3
2023,Dutch Grand Prix,ALO,4,61,SOFT,INTERMEDIATE,15.0,74.158,83.132,8.974000000000004,3,3
2023,Dutch Grand Prix,ALO,5,64,INTERMEDIATE,INTERMEDIATE,6.0,74.158,83.132,8.974000000000004,3,3
2023,Dutch Grand Prix,BOT,1,16,SOFT,MEDIUM,16.0,77.867,78.023,0.1559999999999917,3,3
2023,Dutch Grand Prix,BOT,2,47,MEDIUM,SOFT,31.0,76.901,74.793,-2.10799999999999,3,3
2023,Dutch Grand Prix,BOT,3,59,SOFT,INTERMEDIATE,12.0,75.653,85.098,9.444999999999993,3,3
2023,Dutch Grand Prix,BOT,4,63,INTERMEDIATE,INTERMEDIATE,4.0,83.161,87.723,4.561999999999998,3,3
2023,Dutch Grand Prix,BOT,5,64,INTERMEDIATE,INTERMEDIATE,1.0,83.161,87.723,4.561999999999998,3,3
2023,Dutch Grand Prix,GAS,2,11,INTERMEDIATE,SOFT,16.0,85.018,77.151,-7.867000000000004,3,3
2023,Dutch Grand Prix,GAS,3,46,SOFT,SOFT,35.0,75.749,75.248,-0.5009999999999906,3,3
2023,Dutch Grand Prix,GAS,4,60,SOFT,INTERMEDIATE,14.0,75.081,83.577,8.495999999999995,3,3
2023,Dutch Grand Prix,GAS,5,64,INTERMEDIATE,INTERMEDIATE,4.0,75.486,83.577,8.090999999999994,3,3
2023,Dutch Grand Prix,HAM,2,9,INTERMEDIATE,SOFT,6.0,84.326,78.597,-5.728999999999999,3,3
2023,Dutch Grand Prix,HAM,3,45,SOFT,SOFT,36.0,76.5,74.729,-1.7710000000000008,3,3
2023,Dutch Grand Prix,HAM,4,60,SOFT,INTERMEDIATE,15.0,73.963,84.34,10.37700000000001,3,3
2023,Dutch Grand Prix,HAM,5,64,INTERMEDIATE,INTERMEDIATE,10.0,75.67,84.34,8.670000000000002,3,3
2023,Dutch Grand Prix,HUL,1,16,SOFT,MEDIUM,16.0,77.641,78.062,0.42099999999999227,3,3
2023,Dutch Grand Prix,HUL,2,48,MEDIUM,SOFT,32.0,77.034,74.93,-2.103999999999999,3,3
2023,Dutch Grand Prix,HUL,3,60,SOFT,INTERMEDIATE,12.0,75.014,85.084,10.070000000000007,3,3
2023,Dutch Grand Prix,HUL,4,63,INTERMEDIATE,INTERMEDIATE,6.0,75.267,85.084,9.817000000000007,3,3
2023,Dutch Grand Prix,HUL,5,64,INTERMEDIATE,INTERMEDIATE,5.0,75.267,85.084,9.817000000000007,3,3
2023,Dutch Grand Prix,LAW,2,10,INTERMEDIATE,SOFT,14.0,85.898,78.43,-7.467999999999989,3,3
2023,Dutch Grand Prix,LAW,3,17,SOFT,MEDIUM,7.0,78.261,78.354,0.09300000000000352,3,3
2023,Dutch Grand Prix,LAW,4,46,MEDIUM,SOFT,29.0,76.975,75.008,-1.9669999999999987,3,3
2023,Dutch Grand Prix,LAW,5,59,SOFT,INTERMEDIATE,13.0,75.425,87.438,12.013000000000005,3,3
2023,Dutch Grand Prix,LAW,6,63,INTERMEDIATE,INTERMEDIATE,4.0,84.989,86.291,1.3019999999999925,3,3
2023,Dutch Grand Prix,LAW,7,64,INTERMEDIATE,INTERMEDIATE,8.0,84.989,86.291,1.3019999999999925,3,3
2023,Dutch Grand Prix,LEC,2,11,INTERMEDIATE,SOFT,10.0,86.256,77.837,-8.418999999999997,3,3
2023,Dutch Grand Prix,MAG,2,9,INTERMEDIATE,SOFT,8.0,85.666,78.419,-7.247,3,3
2023,Dutch Grand Prix,MAG,3,35,SOFT,MEDIUM,26.0,77.035,76.341,-0.6940000000000026,3,3
2023,Dutch Grand Prix,MAG,4,60,MEDIUM,INTERMEDIATE,25.0,76.521,86.2,9.679000000000002,3,3
2023,Dutch Grand Prix,MAG,5,63,INTERMEDIATE,INTERMEDIATE,3.0,76.56,85.674,9.114000000000004,3,3
2023,Dutch Grand Prix,MAG,6,64,INTERMEDIATE,INTERMEDIATE,4.0,76.56,85.674,9.114000000000004,3,3
2023,Dutch Grand Prix,NOR,2,10,INTERMEDIATE,SOFT,7.0,84.392,76.23,-8.161999999999992,3,3
2023,Dutch Grand Prix,NOR,3,42,SOFT,SOFT,33.0,76.562,75.141,-1.4209999999999923,3,3
2023,Dutch Grand Prix,NOR,4,60,SOFT,INTERMEDIATE,21.0,75.076,84.53,9.454000000000008,3,3
2023,Dutch Grand Prix,NOR,5,63,INTERMEDIATE,INTERMEDIATE,7.0,75.085,84.53,9.445000000000007,3,3
2023,Dutch Grand Prix,NOR,6,64,INTERMEDIATE,INTERMEDIATE,12.0,75.085,84.53,9.445000000000007,3,3
2023,Dutch Grand Prix,OCO,2,10,INTERMEDIATE,SOFT,8.0,84.391,77.221,-7.170000000000002,3,3
2023,Dutch Grand Prix,OCO,3,43,SOFT,SOFT,33.0,76.671,75.534,-1.1370000000000005,3,3
2023,Dutch Grand Prix,OCO,4,61,SOFT,INTERMEDIATE,18.0,75.975,85.058,9.083000000000013,3,3
2023,Dutch Grand Prix,OCO,5,63,WET,INTERMEDIATE,2.0,75.975,85.058,9.083000000000013,3,3
2023,Dutch Grand Prix,OCO,6,64,INTERMEDIATE,INTERMEDIATE,1.0,75.975,85.058,9.083000000000013,3,3
2023,Dutch Grand Prix,PER,2,12,INTERMEDIATE,SOFT,11.0,84.583,76.989,-7.593999999999994,3,3
2023,Dutch Grand Prix,PER,3,45,SOFT,SOFT,33.0,75.776,74.847,-0.929000000000002,3,3
2023,Dutch Grand Prix,PER,4,60,SOFT,INTERMEDIATE,16.0,74.313,83.139,8.825999999999993,3,3
2023,Dutch Grand Prix,PER,5,63,INTERMEDIATE,INTERMEDIATE,9.0,74.313,83.139,8.825999999999993,3,3
2023,Dutch Grand Prix,PER,6,64,INTERMEDIATE,INTERMEDIATE,7.0,74.313,83.139,8.825999999999993,3,3
2023,Dutch Grand Prix,PIA,1,15,SOFT,SOFT,15.0,76.534,77.76,1.225999999999999,3,3
2023,Dutch Grand Prix,PIA,2,46,SOFT,MEDIUM,31.0,76.299,74.685,-1.6140000000000043,3,3
2023,Dutch Grand Prix,PIA,3,60,MEDIUM,INTERMEDIATE,14.0,74.782,85.004,10.222000000000008,3,3
2023,Dutch Grand Prix,PIA,4,63,INTERMEDIATE,INTERMEDIATE,8.0,74.782,85.004,10.222000000000008,3,3
2023,Dutch Grand Prix,PIA,5,64,INTERMEDIATE,INTERMEDIATE,5.0,74.782,85.004,10.222000000000008,3,3
2023,Dutch Grand Prix,RUS,1,4,SOFT,INTERMEDIATE,4.0,107.0355,84.846,-22.189499999999995,2,3
2023,Dutch Grand Prix,RUS,2,10,INTERMEDIATE,SOFT,6.0,84.846,77.104,-7.742000000000004,3,3
2023,Dutch Grand Prix,RUS,3,16,SOFT,HARD,6.0,77.05,77.874,0.8239999999999981,3,3
2023,Dutch Grand Prix,RUS,4,60,HARD,INTERMEDIATE,44.0,75.604,81.963,6.358999999999995,3,3
2023,Dutch Grand Prix,RUS,5,63,INTERMEDIATE,INTERMEDIATE,15.0,76.832,81.206,4.374000000000009,3,3
2023,Dutch Grand Prix,RUS,6,64,INTERMEDIATE,INTERMEDIATE,6.0,76.832,81.206,4.374000000000009,3,3
2023,Dutch Grand Prix,RUS,7,67,INTERMEDIATE,INTERMEDIATE,9.0,76.832,81.206,4.374000000000009,3,3
2023,Dutch Grand Prix,SAI,2,10,INTERMEDIATE,SOFT,8.0,85.061,76.782,-8.27900000000001,3,3
2023,Dutch Grand Prix,SAI,3,41,SOFT,SOFT,31.0,76.076,74.975,-1.100999999999999,3,3
2023,Dutch Grand Prix,SAI,4,60,SOFT,INTERMEDIATE,21.0,75.288,84.482,9.194000000000003,3,3
2023,Dutch Grand Prix,SAI,5,64,INTERMEDIATE,INTERMEDIATE,19.0,75.299,84.482,9.182999999999993,3,3
2023,Dutch Grand Prix,STR,1,4,SOFT,INTERMEDIATE,4.0,111.13550000000001,84.554,-26.581500000000005,2,3
2023,Dutch Grand Prix,STR,2,9,INTERMEDIATE,SOFT,5.0,84.554,78.291,-6.263000000000005,3,3
2023,Dutch Grand Prix,STR,3,16,SOFT,MEDIUM,7.0,78.291,77.939,-0.35200000000000387,3,3
2023,Dutch Grand Prix,STR,4,34,MEDIUM,SOFT,18.0,77.689,75.515,-2.1739999999999924,3,3
2023,Dutch Grand Prix,STR,5,60,SOFT,INTERMEDIATE,26.0,75.978,85.479,9.501000000000005,3,3
2023,Dutch Grand Prix,STR,6,63,INTERMEDIATE,INTERMEDIATE,8.0,76.106,84.778,8.672000000000011,3,3
2023,Dutch Grand Prix,STR,7,64,INTERMEDIATE,INTERMEDIATE,6.0,76.106,84.778,8.672000000000011,3,3
2023,Dutch Grand Prix,TSU,2,10,INTERMEDIATE,SOFT,14.0,85.581,77.809,-7.772000000000006,3,3
2023,Dutch Grand Prix,TSU,3,60,SOFT,INTERMEDIATE,50.0,77.191,86.038,8.846999999999994,3,3
2023,Dutch Grand Prix,TSU,4,63,INTERMEDIATE,INTERMEDIATE,8.0,77.197,86.038,8.840999999999994,3,3
2023,Dutch Grand Prix,TSU,5,64,INTERMEDIATE,INTERMEDIATE,6.0,77.197,86.038,8.840999999999994,3,3
2023,Dutch Grand Prix,VER,2,11,INTERMEDIATE,SOFT,9.0,83.313,77.55,-5.763000000000005,3,3
2023,Dutch Grand Prix,VER,3,49,SOFT,SOFT,38.0,75.51,74.272,-1.2379999999999995,3,3
2023,Dutch Grand Prix,VER,4,61,SOFT,INTERMEDIATE,13.0,73.943,82.867,8.924000000000007,3,3
2023,Dutch Grand Prix,VER,5,63,INTERMEDIATE,INTERMEDIATE,14.0,73.943,82.867,8.924000000000007,3,3
2023,Dutch Grand Prix,VER,6,64,WET,INTERMEDIATE,1.0,73.943,82.867,8.924000000000007,3,3
2023,Dutch Grand Prix,ZHO,2,10,INTERMEDIATE,MEDIUM,9.0,85.204,78.607,-6.596999999999994,3,3
2023,Dutch Grand Prix,ZHO,3,37,MEDIUM,SOFT,27.0,76.959,76.127,-0.8320000000000078,3,3
2023,Hungarian Grand Prix,ALB,1,8,MEDIUM,HARD,8.0,86.085,85.189,-0.8960000000000008,3,3
2023,Hungarian Grand Prix,ALB,2,31,HARD,HARD,26.0,85.592,84.37,-1.2219999999999942,3,3
2023,Hungarian Grand Prix,ALO,1,20,MEDIUM,HARD,23.0,85.137,85.325,0.1880000000000024,3,3
2023,Hungarian Grand Prix,ALO,2,43,HARD,HARD,27.0,84.729,83.384,-1.3449999999999989,3,3
2023,Hungarian Grand Prix,BOT,1,9,MEDIUM,HARD,12.0,85.738,84.648,-1.0900000000000034,3,3
2023,Hungarian Grand Prix,BOT,2,40,HARD,HARD,36.0,85.272,84.104,-1.1680000000000064,3,3
2023,Hungarian Grand Prix,HAM,1,16,MEDIUM,HARD,19.0,85.409,85.538,0.12899999999999068,3,3
2023,Hungarian Grand Prix,HAM,2,49,HARD,MEDIUM,33.0,84.251,82.385,-1.8659999999999997,3,3
2023,Hungarian Grand Prix,HUL,1,16,MEDIUM,HARD,19.0,86.091,85.321,-0.769999999999996,3,3
2023,Hungarian Grand Prix,HUL,2,38,HARD,HARD,25.0,85.808,84.192,-1.6160000000000139,3,3
2023,Hungarian Grand Prix,LEC,1,17,MEDIUM,HARD,20.0,85.644,84.487,-1.1570000000000107,3,3
2023,Hungarian Grand Prix,LEC,2,43,HARD,HARD,26.0,84.654,82.999,-1.6550000000000011,3,3
2023,Hungarian Grand Prix,MAG,1,14,MEDIUM,HARD,14.0,85.983,85.258,-0.7250000000000085,3,3
2023,Hungarian Grand Prix,MAG,2,41,HARD,HARD,30.0,87.353,84.285,-3.067999999999998,3,3
2023,Hungarian Grand Prix,NOR,1,17,MEDIUM,HARD,17.0,85.008,83.543,-1.4649999999999892,3,3
2023,Hungarian Grand Prix,NOR,2,44,HARD,MEDIUM,27.0,84.475,82.518,-1.9569999999999936,3,3
2023,Hungarian Grand Prix,PER,1,24,HARD,MEDIUM,27.0,84.786,83.628,-1.1580000000000013,3,3
2023,Hungarian Grand Prix,PER,2,42,MEDIUM,MEDIUM,24.0,84.461,82.706,-1.7549999999999955,3,3
2023,Hungarian Grand Prix,PIA,1,18,MEDIUM,HARD,20.0,85.013,84.123,-0.8900000000000006,3,3
2023,Hungarian Grand Prix,PIA,2,42,HARD,MEDIUM,24.0,85.165,83.476,-1.6890000000000072,3,3
2023,Hungarian Grand Prix,RIC,1,18,MEDIUM,HARD,21.0,85.398,85.013,-0.3849999999999909,3,3
2023,Hungarian Grand Prix,RIC,2,29,HARD,MEDIUM,14.0,86.086,84.195,-1.8910000000000053,3,3
2023,Hungarian Grand Prix,RUS,1,28,HARD,MEDIUM,28.0,85.798,83.24,-2.558000000000007,3,3
2023,Hungarian Grand Prix,RUS,2,46,MEDIUM,MEDIUM,18.0,83.485,82.338,-1.1470000000000056,3,3
2023,Hungarian Grand Prix,SAI,1,15,SOFT,HARD,15.0,85.552,84.793,-0.7590000000000003,3,3
2023,Hungarian Grand Prix,SAI,2,44,HARD,HARD,29.0,84.851,83.183,-1.6679999999999922,3,3
2023,Hungarian Grand Prix,SAR,1,13,MEDIUM,HARD,13.0,85.699,85.235,-0.46399999999999864,3,3
2023,Hungarian Grand Prix,SAR,2,34,HARD,HARD,24.0,86.21,84.024,-2.185999999999993,3,3
2023,Hungarian Grand Prix,STR,1,9,SOFT,HARD,9.0,85.746,84.831,-0.914999999999992,3,3
2023,Hungarian Grand Prix,STR,2,34,HARD,HARD,30.0,85.371,84.265,-1.1059999999999945,3,3
2023,Hungarian Grand Prix,TSU,1,9,SOFT,HARD,9.0,85.798,84.801,-0.9969999999999999,3,3
2023,Hungarian Grand Prix,TSU,2,44,HARD,MEDIUM,38.0,85.949,84.06,-1.8889999999999958,3,3
2023,Hungarian Grand Prix,VER,1,23,MEDIUM,HARD,26.0,84.065,83.717,-0.347999999999999,3,3
2023,Hungarian Grand Prix,VER,2,51,HARD,MEDIUM,28.0,83.782,82.847,-0.9350000000000023,3,3
2023,Hungarian Grand Prix,ZHO,1,10,MEDIUM,HARD,13.0,85.933,83.87,-2.0630000000000024,3,3
2023,Hungarian Grand Prix,ZHO,2,38,HARD,HARD,33.0,86.023,84.531,-1.4919999999999902,3,3
2023,Italian Grand Prix,ALB,1,15,MEDIUM,HARD,18.0,87.676,87.087,-0.5889999999999986,3,3
2023,Italian Grand Prix,ALO,1,21,MEDIUM,HARD,21.0,87.318,86.899,-0.41899999999999693,3,3
2023,Italian Grand Prix,BOT,1,25,HARD,MEDIUM,28.0,88.116,86.201,-1.9150000000000063,3,3
2023,Italian Grand Prix,GAS,1,10,MEDIUM,HARD,10.0,87.24,87.368,0.1280000000000001,3,3
2023,Italian Grand Prix,GAS,2,31,HARD,MEDIUM,24.0,87.521,86.877,-0.6440000000000055,3,3
2023,Italian Grand Prix,HAM,1,27,HARD,MEDIUM,30.0,87.407,86.34,-1.066999999999993,3,3
2023,Italian Grand Prix,HUL,1,14,MEDIUM,HARD,17.0,88.055,86.99,-1.065000000000012,3,3
2023,Italian Grand Prix,HUL,2,39,HARD,MEDIUM,30.0,88.084,86.234,-1.8500000000000085,3,3
2023,Italian Grand Prix,LAW,1,13,MEDIUM,HARD,16.0,87.648,87.045,-0.6029999999999944,3,3
2023,Italian Grand Prix,LAW,2,33,HARD,MEDIUM,23.0,87.496,86.26,-1.23599999999999,3,3
2023,Italian Grand Prix,LEC,1,20,MEDIUM,HARD,20.0,87.67,85.807,-1.8629999999999995,3,3
2023,Italian Grand Prix,MAG,1,12,HARD,MEDIUM,16.0,88.511,87.848,-0.6629999999999967,3,3
2023,Italian Grand Prix,MAG,2,33,MEDIUM,MEDIUM,21.0,87.486,86.385,-1.100999999999999,3,3
2023,Italian Grand Prix,NOR,1,22,MEDIUM,HARD,22.0,87.716,86.402,-1.313999999999993,3,3
2023,Italian Grand Prix,OCO,1,24,MEDIUM,HARD,24.0,88.884,87.158,-1.725999999999999,3,3
2023,Italian Grand Prix,PER,1,21,MEDIUM,HARD,21.0,86.669,85.759,-0.9099999999999966,3,3
2023,Italian Grand Prix,PIA,1,23,MEDIUM,HARD,23.0,87.587,86.287,-1.2999999999999972,3,3
2023,Italian Grand Prix,PIA,2,41,HARD,MEDIUM,23.0,87.146,85.69,-1.456000000000003,3,3
2023,Italian Grand Prix,RUS,1,19,MEDIUM,HARD,19.0,87.383,86.605,-0.7779999999999916,3,3
2023,Italian Grand Prix,SAI,1,19,MEDIUM,HARD,19.0,87.512,85.793,-1.718999999999994,3,3
2023,Italian Grand Prix,SAR,1,14,MEDIUM,HARD,17.0,87.804,86.906,-0.8979999999999961,3,3
2023,Italian Grand Prix,STR,1,20,MEDIUM,HARD,20.0,88.05,86.968,-1.0819999999999936,3,3
2023,Italian Grand Prix,VER,1,20,MEDIUM,HARD,20.0,86.438,86.159,-0.27899999999999636,3,3
2023,Italian Grand Prix,ZHO,1,11,MEDIUM,HARD,11.0,87.416,87.645,0.2289999999999992,3,3
2023,Italian Grand Prix,ZHO,2,33,HARD,MEDIUM,25.0,87.683,86.7,-0.9830000000000041,3,3
2023,Japanese Grand Prix,ALB,2,13,MEDIUM,SOFT,12.0,101.14,99.549,-1.590999999999994,3,3
2023,Japanese Grand Prix,ALO,1,11,SOFT,HARD,14.0,99.15,98.412,-0.7379999999999995,3,3
2023,Japanese Grand Prix,ALO,2,25,HARD,HARD,14.0,100.041,97.308,-2.73299999999999,3,3
2023,Japanese Grand Prix,GAS,1,18,MEDIUM,HARD,18.0,100.451,98.181,-2.269999999999996,3,3
2023,Japanese Grand Prix,GAS,2,34,HARD,HARD,16.0,98.849,97.0,-1.8490000000000038,3,3
2023,Japanese Grand Prix,HAM,1,16,MEDIUM,HARD,16.0,99.129,97.878,-1.2510000000000048,3,3
2023,Japanese Grand Prix,HAM,2,34,HARD,HARD,18.0,98.605,96.182,-2.423000000000002,3,3
2023,Japanese Grand Prix,HUL,1,8,SOFT,MEDIUM,8.0,100.209,99.849,-0.35999999999999943,3,3
2023,Japanese Grand Prix,HUL,2,21,MEDIUM,HARD,13.0,100.577,98.587,-1.9899999999999949,3,3
2023,Japanese Grand Prix,HUL,3,37,HARD,MEDIUM,16.0,99.028,97.656,-1.3719999999999999,3,3
2023,Japanese Grand Prix,LAW,1,10,SOFT,MEDIUM,10.0,99.949,99.715,-0.23399999999999466,3,3
2023,Japanese Grand Prix,LAW,2,25,MEDIUM,HARD,15.0,100.809,98.832,-1.9770000000000039,3,3
2023,Japanese Grand Prix,LEC,1,17,MEDIUM,MEDIUM,17.0,99.479,98.169,-1.3100000000000023,3,3
2023,Japanese Grand Prix,LEC,2,34,MEDIUM,HARD,17.0,98.703,96.781,-1.921999999999997,3,3
2023,Japanese Grand Prix,MAG,1,12,MEDIUM,HARD,12.0,100.534,99.064,-1.470000000000013,3,3
2023,Japanese Grand Prix,MAG,2,31,HARD,HARD,19.0,100.344,98.277,-2.066999999999993,3,3
2023,Japanese Grand Prix,NOR,1,17,MEDIUM,HARD,17.0,99.156,97.553,-1.6030000000000086,3,3
2023,Japanese Grand Prix,NOR,2,36,HARD,HARD,19.0,97.952,95.972,-1.980000000000004,3,3
2023,Japanese Grand Prix,OCO,2,28,HARD,HARD,27.0,100.552,97.833,-2.7190000000000083,3,3
2023,Japanese Grand Prix,PIA,1,13,MEDIUM,HARD,13.0,99.333,98.44,-0.8930000000000007,3,3
2023,Japanese Grand Prix,PIA,2,35,HARD,HARD,22.0,98.458,96.597,-1.8610000000000042,3,3
2023,Japanese Grand Prix,RUS,1,24,MEDIUM,HARD,24.0,99.559,97.841,-1.7180000000000035,3,3
2023,Japanese Grand Prix,SAI,1,18,MEDIUM,MEDIUM,18.0,99.513,97.987,-1.5260000000000105,3,3
2023,Japanese Grand Prix,SAI,2,38,MEDIUM,HARD,20.0,98.702,96.364,-2.337999999999994,3,3
2023,Japanese Grand Prix,STR,1,14,SOFT,MEDIUM,14.0,100.151,99.112,-1.0390000000000015,3,3
2023,Japanese Grand Prix,TSU,1,9,SOFT,MEDIUM,12.0,99.966,99.473,-0.492999999999995,3,3
2023,Japanese Grand Prix,TSU,2,30,MEDIUM,HARD,21.0,100.578,97.898,-2.680000000000007,3,3
2023,Japanese Grand Prix,VER,1,16,MEDIUM,MEDIUM,16.0,98.651,97.399,-1.2519999999999953,3,3
2023,Japanese Grand Prix,VER,2,37,MEDIUM,HARD,21.0,97.788,95.433,-2.3549999999999898,3,3
2023,Japanese Grand Prix,ZHO,2,10,SOFT,SOFT,9.0,100.915,99.205,-1.710000000000008,3,3
2023,Japanese Grand Prix,ZHO,3,29,SOFT,HARD,19.0,100.423,98.465,-1.9579999999999984,3,3
2023,Las Vegas Grand Prix,ALB,1,16,MEDIUM,HARD,16.0,100.042,99.548,-0.4939999999999998,3,3
2023,Las Vegas Grand Prix,ALO,2,26,HARD,HARD,26.0,99.827,99.645,-0.18200000000000216,3,3
2023,Las Vegas Grand Prix,BOT,2,24,HARD,MEDIUM,23.0,102.145,100.952,-1.1929999999999978,3,3
2023,Las Vegas Grand Prix,GAS,1,17,MEDIUM,HARD,17.0,100.333,99.218,-1.1149999999999949,3,3
2023,Las Vegas Grand Prix,HAM,1,17,HARD,MEDIUM,17.0,99.632,99.124,-0.5080000000000098,3,3
2023,Las Vegas Grand Prix,HAM,2,26,MEDIUM,HARD,9.0,98.382,99.165,0.7830000000000013,3,3
2023,Las Vegas Grand Prix,HUL,1,12,MEDIUM,HARD,12.0,101.668,98.701,-2.967000000000013,3,3
2023,Las Vegas Grand Prix,HUL,2,26,HARD,HARD,14.0,99.27,99.902,0.632000000000005,3,3
2023,Las Vegas Grand Prix,LEC,1,21,MEDIUM,HARD,21.0,98.994,98.118,-0.8760000000000048,3,3
2023,Las Vegas Grand Prix,MAG,1,14,MEDIUM,HARD,14.0,100.803,99.935,-0.867999999999995,3,3
2023,Las Vegas Grand Prix,MAG,2,26,HARD,HARD,12.0,99.577,99.701,0.12399999999999523,3,3
2023,Las Vegas Grand Prix,OCO,1,20,MEDIUM,HARD,20.0,100.279,97.787,-2.4919999999999902,3,3
2023,Las Vegas Grand Prix,PER,2,26,HARD,HARD,25.0,98.317,98.041,-0.27599999999999625,3,3
2023,Las Vegas Grand Prix,PIA,1,16,HARD,HARD,17.0,99.352,98.612,-0.7400000000000091,3,3
2023,Las Vegas Grand Prix,PIA,2,43,HARD,MEDIUM,28.0,97.408,95.585,-1.8230000000000075,3,3
2023,Las Vegas Grand Prix,RIC,1,17,MEDIUM,HARD,17.0,100.871,99.73,-1.1409999999999911,3,3
2023,Las Vegas Grand Prix,RUS,1,15,MEDIUM,HARD,15.0,99.004,99.001,-0.0030000000000001137,3,3
2023,Las Vegas Grand Prix,RUS,2,26,HARD,HARD,11.0,98.383,99.159,0.7760000000000105,3,3
2023,Las Vegas Grand Prix,SAI,2,26,HARD,HARD,23.0,100.22,99.146,-1.073999999999998,3,3
2023,Las Vegas Grand Prix,SAR,1,15,MEDIUM,HARD,15.0,99.693,100.113,0.4200000000000017,3,3
2023,Las Vegas Grand Prix,STR,2,26,HARD,HARD,24.0,99.149,98.802,-0.3469999999999942,3,3
2023,Las Vegas Grand Prix,TSU,1,10,SOFT,MEDIUM,10.0,102.303,100.181,-2.122,3,3
2023,Las Vegas Grand Prix,TSU,2,21,MEDIUM,HARD,11.0,100.825,100.432,-0.3930000000000007,3,3
2023,Las Vegas Grand Prix,VER,1,16,MEDIUM,HARD,16.0,98.942,98.348,-0.5939999999999941,3,3
2023,Las Vegas Grand Prix,VER,2,26,HARD,HARD,10.0,98.482,98.469,-0.01300000000000523,3,3
2023,Las Vegas Grand Prix,ZHO,1,26,HARD,MEDIUM,26.0,100.381,99.59,-0.7909999999999968,3,3
2023,Mexico City Grand Prix,ALB,1,33,HARD,MEDIUM,33.0,85.279,84.067,-1.2120000000000033,3,3
2023,Mexico City Grand Prix,ALB,2,34,MEDIUM,MEDIUM,1.0,85.279,84.067,-1.2120000000000033,3,3
2023,Mexico City Grand Prix,ALO,1,29,MEDIUM,HARD,30.0,85.181,85.575,0.39400000000000546,3,3
2023,Mexico City Grand Prix,ALO,2,34,HARD,HARD,6.0,85.046,85.575,0.5289999999999964,3,3
2023,Mexico City Grand Prix,BOT,1,31,MEDIUM,HARD,31.0,86.01,84.136,-1.8740000000000094,3,3
2023,Mexico City Grand Prix,BOT,2,34,HARD,HARD,3.0,86.01,84.136,-1.8740000000000094,3,3
2023,Mexico City Grand Prix,GAS,1,28,MEDIUM,HARD,28.0,84.978,83.779,-1.198999999999998,3,3
2023,Mexico City Grand Prix,GAS,2,34,HARD,HARD,6.0,83.779,84.247,0.4680000000000035,3,3
2023,Mexico City Grand Prix,HAM,1,24,MEDIUM,HARD,24.0,84.231,83.472,-0.7590000000000003,3,3
2023,Mexico City Grand Prix,HAM,2,34,HARD,MEDIUM,10.0,83.219,82.432,-0.7869999999999919,3,3
2023,Mexico City Grand Prix,HUL,1,23,MEDIUM,HARD,23.0,84.813,84.28,-0.5330000000000013,3,3
2023,Mexico City Grand Prix,HUL,2,34,HARD,MEDIUM,11.0,83.912,84.022,0.10999999999999943,3,3
2023,Mexico City Grand Prix,LEC,1,31,MEDIUM,HARD,31.0,83.86,82.559,-1.301000000000002,3,3
2023,Mexico City Grand Prix,LEC,2,34,HARD,HARD,3.0,83.86,82.559,-1.301000000000002,3,3
2023,Mexico City Grand Prix,MAG,1,23,MEDIUM,HARD,23.0,85.48,83.216,-2.26400000000001,3,3
2023,Mexico City Grand Prix,NOR,1,11,SOFT,HARD,11.0,85.543,83.294,-2.2490000000000094,3,3
2023,Mexico City Grand Prix,NOR,2,33,HARD,MEDIUM,22.0,83.351,84.243,0.8919999999999959,3,3
2023,Mexico City Grand Prix,NOR,3,34,MEDIUM,MEDIUM,1.0,83.351,84.243,0.8919999999999959,3,3
2023,Mexico City Grand Prix,OCO,1,34,HARD,MEDIUM,34.0,85.669,84.421,-1.2479999999999905,3,3
2023,Mexico City Grand Prix,PIA,1,25,MEDIUM,HARD,25.0,84.676,83.519,-1.1569999999999965,3,3
2023,Mexico City Grand Prix,PIA,2,34,HARD,MEDIUM,9.0,83.531,83.8,0.26899999999999125,3,3
2023,Mexico City Grand Prix,RIC,1,27,MEDIUM,HARD,27.0,84.593,83.599,-0.9939999999999998,3,3
2023,Mexico City Grand Prix,RIC,2,34,HARD,HARD,7.0,83.682,82.952,-0.730000000000004,3,3
2023,Mexico City Grand Prix,RUS,1,26,MEDIUM,HARD,26.0,84.329,83.435,-0.8939999999999912,3,3
2023,Mexico City Grand Prix,RUS,2,34,HARD,MEDIUM,8.0,83.435,83.464,0.028999999999996362,3,3
2023,Mexico City Grand Prix,SAI,1,30,MEDIUM,HARD,30.0,84.352,82.785,-1.5670000000000073,3,3
2023,Mexico City Grand Prix,SAI,2,34,HARD,HARD,4.0,84.352,82.938,-1.4140000000000015,3,3
2023,Mexico City Grand Prix,SAR,1,22,MEDIUM,HARD,22.0,85.604,83.579,-2.0250000000000057,3,3
2023,Mexico City Grand Prix,SAR,2,34,HARD,MEDIUM,12.0,84.753,85.762,1.0090000000000003,3,3
2023,Mexico City Grand Prix,STR,1,30,MEDIUM,HARD,31.0,84.834,84.657,-0.1770000000000067,3,3
2023,Mexico City Grand Prix,STR,2,34,HARD,HARD,5.0,84.834,84.657,-0.1770000000000067,3,3
2023,Mexico City Grand Prix,TSU,1,9,MEDIUM,HARD,9.0,84.269,83.0,-1.2690000000000055,3,3
2023,Mexico City Grand Prix,TSU,2,34,HARD,HARD,25.0,84.399,84.175,-0.22400000000000375,3,3
2023,Mexico City Grand Prix,VER,1,19,MEDIUM,HARD,19.0,83.644,82.643,-1.0010000000000048,3,3
2023,Mexico City Grand Prix,VER,2,33,HARD,HARD,14.0,83.204,82.185,-1.0189999999999912,3,3
2023,Mexico City Grand Prix,VER,3,34,HARD,HARD,1.0,83.204,82.185,-1.0189999999999912,3,3
2023,Mexico City Grand Prix,ZHO,1,21,MEDIUM,HARD,21.0,85.438,83.839,-1.5990000000000038,3,3
2023,Mexico City Grand Prix,ZHO,2,34,HARD,HARD,13.0,84.896,86.21,1.313999999999993,3,3
2023,Miami Grand Prix,ALB,1,22,MEDIUM,HARD,22.0,94.015,92.519,-1.4959999999999951,3,3
2023,Miami Grand Prix,ALO,1,24,MEDIUM,HARD,25.0,92.426,92.228,-0.1980000000000075,3,3
2023,Miami Grand Prix,BOT,1,15,MEDIUM,HARD,15.0,93.352,93.326,-0.02600000000001046,3,3
2023,Miami Grand Prix,DEV,1,15,MEDIUM,HARD,15.0,93.861,93.02,-0.8410000000000082,3,3
2023,Miami Grand Prix,GAS,1,15,MEDIUM,HARD,15.0,93.329,92.436,-0.8929999999999865,3,3
2023,Miami Grand Prix,HAM,1,37,HARD,MEDIUM,37.0,92.629,91.694,-0.9350000000000023,3,3
2023,Miami Grand Prix,HUL,1,33,HARD,MEDIUM,33.0,93.011,91.3,-1.7109999999999985,3,3
2023,Miami Grand Prix,LEC,1,17,MEDIUM,HARD,17.0,93.435,93.034,-0.40099999999999625,3,3
2023,Miami Grand Prix,MAG,1,14,MEDIUM,HARD,14.0,93.431,92.418,-1.012999999999991,3,3
2023,Miami Grand Prix,NOR,1,4,SOFT,HARD,4.0,94.7755,93.067,-1.7085000000000008,2,3
2023,Miami Grand Prix,OCO,1,39,HARD,MEDIUM,39.0,92.674,91.754,-0.9200000000000017,3,3
2023,Miami Grand Prix,PER,1,20,MEDIUM,HARD,20.0,92.7,91.533,-1.1670000000000016,3,3
2023,Miami Grand Prix,PIA,1,5,SOFT,HARD,5.0,93.959,93.199,-0.7600000000000051,3,3
2023,Miami Grand Prix,RUS,1,17,MEDIUM,HARD,17.0,92.831,92.7,-0.13100000000000023,3,3
2023,Miami Grand Prix,SAI,1,18,MEDIUM,HARD,18.0,92.963,92.346,-0.6169999999999902,3,3
2023,Miami Grand Prix,STR,1,42,HARD,MEDIUM,43.0,92.247,91.299,-0.9479999999999933,3,3
2023,Miami Grand Prix,TSU,1,36,HARD,MEDIUM,36.0,92.412,91.944,-0.4680000000000035,3,3
2023,Miami Grand Prix,VER,1,45,HARD,MEDIUM,45.0,91.056,90.91,-0.1460000000000008,3,3
2023,Miami Grand Prix,ZHO,1,31,HARD,MEDIUM,31.0,93.167,91.898,-1.2690000000000055,3,3
2023,Monaco Grand Prix,ALB,1,18,MEDIUM,HARD,18.0,80.443,77.131,-3.3119999999999976,3,3
2023,Monaco Grand Prix,ALB,2,52,HARD,INTERMEDIATE,34.0,80.166,104.909,24.74300000000001,3,3
2023,Monaco Grand Prix,ALO,1,54,HARD,INTERMEDIATE,55.0,79.991,100.897,20.906000000000006,3,3
2023,Monaco Grand Prix,ALO,2,55,MEDIUM,INTERMEDIATE,2.0,79.991,100.897,20.906000000000006,3,3
2023,Monaco Grand Prix,BOT,1,51,HARD,INTERMEDIATE,51.0,78.383,98.747,20.364000000000004,3,3
2023,Monaco Grand Prix,DEV,1,53,MEDIUM,INTERMEDIATE,53.0,84.546,106.026,21.47999999999999,3,3
2023,Monaco Grand Prix,GAS,1,47,HARD,MEDIUM,47.0,76.997,75.955,-1.0420000000000016,3,3
2023,Monaco Grand Prix,GAS,2,54,MEDIUM,INTERMEDIATE,7.0,76.711,103.238,26.527,3,3
2023,Monaco Grand Prix,HAM,1,31,MEDIUM,HARD,31.0,77.372,77.159,-0.21299999999999386,3,3
2023,Monaco Grand Prix,HAM,2,54,HARD,INTERMEDIATE,23.0,86.237,103.278,17.04100000000001,3,3
2023,Monaco Grand Prix,HUL,2,54,HARD,INTERMEDIATE,53.0,88.292,102.598,14.305999999999997,3,3
2023,Monaco Grand Prix,HUL,3,59,INTERMEDIATE,WET,5.0,102.598,98.291,-4.307000000000002,3,3
2023,Monaco Grand Prix,LEC,1,44,HARD,MEDIUM,44.0,78.328,76.358,-1.9699999999999989,3,3
2023,Monaco Grand Prix,LEC,2,55,MEDIUM,INTERMEDIATE,11.0,93.259,103.373,10.114000000000004,3,3
2023,Monaco Grand Prix,MAG,1,56,HARD,WET,56.0,98.955,103.755,4.799999999999997,3,3
2023,Monaco Grand Prix,NOR,1,50,MEDIUM,HARD,50.0,78.234,92.162,13.928000000000011,3,3
2023,Monaco Grand Prix,NOR,2,54,HARD,INTERMEDIATE,4.0,88.675,100.421,11.74600000000001,3,3
2023,Monaco Grand Prix,OCO,1,32,MEDIUM,HARD,32.0,77.331,77.095,-0.2360000000000042,3,3
2023,Monaco Grand Prix,OCO,2,54,HARD,INTERMEDIATE,22.0,79.453,102.554,23.101,3,3
2023,Monaco Grand Prix,PER,2,34,HARD,MEDIUM,33.0,80.771,76.706,-4.064999999999998,3,3
2023,Monaco Grand Prix,PER,3,53,MEDIUM,INTERMEDIATE,20.0,85.645,101.082,15.436999999999998,3,3
2023,Monaco Grand Prix,PER,4,57,INTERMEDIATE,WET,4.0,100.446,101.082,0.6359999999999957,3,3
2023,Monaco Grand Prix,PER,5,70,WET,INTERMEDIATE,13.0,95.957,86.82,-9.137,3,3
2023,Monaco Grand Prix,PIA,1,54,HARD,INTERMEDIATE,54.0,89.897,103.482,13.584999999999994,3,3
2023,Monaco Grand Prix,RUS,1,54,HARD,INTERMEDIATE,54.0,84.754,102.155,17.400999999999996,3,3
2023,Monaco Grand Prix,SAI,1,33,HARD,MEDIUM,33.0,77.22,77.565,0.34499999999999886,3,3
2023,Monaco Grand Prix,SAI,2,55,MEDIUM,INTERMEDIATE,22.0,90.068,102.82,12.751999999999995,3,3
2023,Monaco Grand Prix,SAR,1,20,MEDIUM,HARD,20.0,82.328,77.894,-4.4339999999999975,3,3
2023,Monaco Grand Prix,SAR,2,23,HARD,SOFT,3.0,81.41,77.894,-3.515999999999991,3,3
2023,Monaco Grand Prix,SAR,3,52,SOFT,INTERMEDIATE,29.0,83.12,101.078,17.958,3,3
2023,Monaco Grand Prix,TSU,1,53,MEDIUM,INTERMEDIATE,53.0,83.804,102.479,18.674999999999997,3,3
2023,Monaco Grand Prix,VER,1,55,MEDIUM,INTERMEDIATE,55.0,89.919,103.464,13.545000000000002,3,3
2023,Monaco Grand Prix,ZHO,2,52,HARD,INTERMEDIATE,51.0,79.065,101.908,22.843000000000004,3,3
2023,Qatar Grand Prix,ALB,1,18,MEDIUM,MEDIUM,18.0,89.001,90.046,1.0450000000000017,3,3
2023,Qatar Grand Prix,ALB,2,31,MEDIUM,HARD,13.0,88.463,87.93,-0.532999999999987,3,3
2023,Qatar Grand Prix,ALB,3,44,HARD,HARD,13.0,87.245,86.841,-0.4040000000000106,3,3
2023,Qatar Grand Prix,ALO,1,11,MEDIUM,MEDIUM,16.0,89.955,89.892,-0.06300000000000239,3,3
2023,Qatar Grand Prix,ALO,2,26,MEDIUM,HARD,20.0,88.573,87.818,-0.7549999999999955,3,3
2023,Qatar Grand Prix,ALO,3,44,HARD,MEDIUM,18.0,87.181,86.53,-0.6509999999999962,3,3
2023,Qatar Grand Prix,BOT,2,21,MEDIUM,HARD,18.0,90.631,88.526,-2.105000000000004,3,3
2023,Qatar Grand Prix,BOT,3,39,HARD,HARD,18.0,88.482,87.557,-0.9249999999999972,3,3
2023,Qatar Grand Prix,GAS,1,11,MEDIUM,MEDIUM,18.0,90.416,88.973,-1.4429999999999978,3,3
2023,Qatar Grand Prix,GAS,2,26,MEDIUM,HARD,20.0,88.978,87.382,-1.5959999999999894,3,3
2023,Qatar Grand Prix,GAS,3,44,HARD,MEDIUM,18.0,86.766,86.98,0.21399999999999864,3,3
2023,Qatar Grand Prix,HUL,1,13,MEDIUM,HARD,20.0,90.707,88.723,-1.9839999999999947,3,3
2023,Qatar Grand Prix,HUL,2,27,HARD,MEDIUM,14.0,88.898,88.126,-0.7719999999999914,3,3
2023,Qatar Grand Prix,HUL,3,39,MEDIUM,HARD,18.0,88.843,87.745,-1.097999999999999,3,3
2023,Qatar Grand Prix,LAW,2,21,HARD,HARD,18.0,91.279,89.662,-1.6169999999999902,3,3
2023,Qatar Grand Prix,LAW,3,39,HARD,MEDIUM,18.0,88.73,89.784,1.054000000000002,3,3
2023,Qatar Grand Prix,LEC,1,12,MEDIUM,MEDIUM,20.0,89.927,90.016,0.08899999999999864,3,3
2023,Qatar Grand Prix,LEC,2,25,MEDIUM,HARD,20.0,88.63,87.704,-0.9260000000000019,3,3
2023,Qatar Grand Prix,LEC,3,43,HARD,MEDIUM,18.0,86.522,85.97,-0.5520000000000067,3,3
2023,Qatar Grand Prix,MAG,2,21,MEDIUM,HARD,18.0,91.536,88.983,-2.5529999999999973,3,3
2023,Qatar Grand Prix,MAG,3,39,HARD,HARD,18.0,87.963,87.15,-0.8129999999999882,3,3
2023,Qatar Grand Prix,NOR,1,13,MEDIUM,MEDIUM,20.0,89.396,89.171,-0.22499999999999432,3,3
2023,Qatar Grand Prix,NOR,2,27,MEDIUM,MEDIUM,20.0,87.835,86.552,-1.282999999999987,3,3
2023,Qatar Grand Prix,NOR,3,44,MEDIUM,HARD,17.0,86.721,84.881,-1.8400000000000034,3,3
2023,Qatar Grand Prix,OCO,1,10,MEDIUM,MEDIUM,17.0,90.304,89.743,-0.561000000000007,3,3
2023,Qatar Grand Prix,OCO,2,25,MEDIUM,HARD,20.0,88.85,87.977,-0.8729999999999905,3,3
2023,Qatar Grand Prix,OCO,3,43,HARD,MEDIUM,18.0,86.761,86.737,-0.02400000000000091,3,3
2023,Qatar Grand Prix,PER,1,17,HARD,MEDIUM,17.0,88.88,88.481,-0.3990000000000009,3,3
2023,Qatar Grand Prix,PER,2,31,MEDIUM,MEDIUM,20.0,88.127,87.45,-0.6769999999999925,3,3
2023,Qatar Grand Prix,PER,3,43,MEDIUM,MEDIUM,18.0,87.151,87.192,0.04099999999999682,3,3
2023,Qatar Grand Prix,PIA,1,12,MEDIUM,MEDIUM,18.0,89.55,89.008,-0.5420000000000016,3,3
2023,Qatar Grand Prix,PIA,2,25,MEDIUM,MEDIUM,20.0,88.184,87.359,-0.8250000000000028,3,3
2023,Qatar Grand Prix,PIA,3,43,MEDIUM,HARD,18.0,86.876,85.334,-1.5420000000000016,3,3
2023,Qatar Grand Prix,RUS,2,14,MEDIUM,MEDIUM,20.0,89.592,88.961,-0.6310000000000002,3,3
2023,Qatar Grand Prix,RUS,3,32,MEDIUM,HARD,18.0,87.214,86.311,-0.9029999999999916,3,3
2023,Qatar Grand Prix,RUS,4,50,HARD,SOFT,18.0,85.83,86.751,0.9210000000000065,3,3
2023,Qatar Grand Prix,SAR,1,13,MEDIUM,MEDIUM,13.0,91.102,89.055,-2.046999999999997,3,3
2023,Qatar Grand Prix,SAR,2,26,MEDIUM,HARD,13.0,89.37,88.291,-1.0790000000000077,3,3
2023,Qatar Grand Prix,STR,2,21,MEDIUM,HARD,18.0,90.723,88.418,-2.3049999999999926,3,3
2023,Qatar Grand Prix,STR,3,39,HARD,MEDIUM,18.0,88.417,87.155,-1.2620000000000005,3,3
2023,Qatar Grand Prix,TSU,1,9,MEDIUM,MEDIUM,9.0,91.223,90.062,-1.1610000000000014,3,3
2023,Qatar Grand Prix,TSU,2,22,MEDIUM,HARD,13.0,90.139,88.438,-1.7009999999999934,3,3
2023,Qatar Grand Prix,TSU,3,40,HARD,HARD,18.0,88.585,87.432,-1.1529999999999916,3,3
2023,Qatar Grand Prix,VER,1,17,MEDIUM,MEDIUM,20.0,88.712,88.454,-0.2580000000000098,3,3
2023,Qatar Grand Prix,VER,2,34,MEDIUM,HARD,20.0,86.665,86.081,-0.5840000000000032,3,3
2023,Qatar Grand Prix,VER,3,51,HARD,MEDIUM,17.0,86.015,85.223,-0.7920000000000016,3,3
2023,Qatar Grand Prix,ZHO,1,18,MEDIUM,HARD,18.0,89.911,88.876,-1.0349999999999966,3,3
2023,Qatar Grand Prix,ZHO,2,35,HARD,HARD,17.0,88.262,87.511,-0.7510000000000048,3,3
2023,Qatar Grand Prix,ZHO,3,52,HARD,SOFT,17.0,86.649,86.683,0.034000000000006025,3,3
2023,Saudi Arabian Grand Prix,ALB,1,17,MEDIUM,HARD,17.0,96.83,96.964,0.13400000000000034,3,3
2023,Saudi Arabian Grand Prix,ALO,1,18,MEDIUM,HARD,18.0,94.717,94.771,0.054000000000002046,3,3
2023,Saudi Arabian Grand Prix,BOT,1,9,MEDIUM,HARD,9.0,97.674,96.218,-1.456000000000003,3,3
2023,Saudi Arabian Grand Prix,BOT,2,17,HARD,MEDIUM,8.0,96.207,98.366,2.159000000000006,3,3
2023,Saudi Arabian Grand Prix,BOT,3,35,MEDIUM,SOFT,18.0,96.142,94.976,-1.1659999999999968,3,3
2023,Saudi Arabian Grand Prix,DEV,1,17,MEDIUM,HARD,17.0,96.126,97.424,1.2980000000000018,3,3
2023,Saudi Arabian Grand Prix,GAS,1,14,MEDIUM,HARD,14.0,96.128,96.576,0.4479999999999933,3,3
2023,Saudi Arabian Grand Prix,HAM,1,18,HARD,MEDIUM,18.0,95.228,95.182,-0.04599999999999227,3,3
2023,Saudi Arabian Grand Prix,HUL,1,11,MEDIUM,HARD,11.0,96.282,96.004,-0.2779999999999916,3,3
2023,Saudi Arabian Grand Prix,LEC,1,16,SOFT,HARD,16.0,95.071,95.7,0.6290000000000049,3,3
2023,Saudi Arabian Grand Prix,MAG,1,8,MEDIUM,HARD,8.0,97.01,95.805,-1.2049999999999983,3,3
2023,Saudi Arabian Grand Prix,NOR,2,19,HARD,MEDIUM,17.0,96.289,97.7,1.4110000000000014,3,3
2023,Saudi Arabian Grand Prix,OCO,1,16,MEDIUM,HARD,16.0,96.579,96.558,-0.020999999999986585,3,3
2023,Saudi Arabian Grand Prix,PER,1,18,MEDIUM,HARD,18.0,94.19,93.895,-0.2950000000000017,3,3
2023,Saudi Arabian Grand Prix,RUS,1,18,MEDIUM,HARD,18.0,94.946,95.07,0.12399999999999523,3,3
2023,Saudi Arabian Grand Prix,SAI,1,15,MEDIUM,HARD,15.0,95.256,96.313,1.0570000000000022,3,3
2023,Saudi Arabian Grand Prix,SAR,1,18,HARD,MEDIUM,18.0,96.19,97.11,0.9200000000000017,3,3
2023,Saudi Arabian Grand Prix,STR,1,13,MEDIUM,HARD,13.0,95.512,96.3735,0.8615000000000066,3,2
2023,Saudi Arabian Grand Prix,TSU,1,17,MEDIUM,HARD,17.0,95.638,96.197,0.5589999999999975,3,3
2023,Saudi Arabian Grand Prix,VER,1,18,MEDIUM,HARD,18.0,94.443,94.973,0.5300000000000011,3,3
2023,Saudi Arabian Grand Prix,ZHO,1,11,MEDIUM,HARD,11.0,96.451,95.547,-0.9039999999999964,3,3
2023,Saudi Arabian Grand Prix,ZHO,2,18,HARD,MEDIUM,7.0,95.618,96.346,0.7280000000000086,3,3
2023,São Paulo Grand Prix,ALO,3,25,SOFT,MEDIUM,26.0,76.687,76.202,-0.48499999999999943,3,3
2023,São Paulo Grand Prix,ALO,4,47,MEDIUM,SOFT,22.0,75.836,75.582,-0.2540000000000049,3,3
2023,São Paulo Grand Prix,BOT,3,18,SOFT,MEDIUM,16.0,77.431,76.21,-1.2210000000000036,3,3
2023,São Paulo Grand Prix,GAS,3,26,SOFT,MEDIUM,27.0,77.474,75.602,-1.8719999999999999,3,3
2023,São Paulo Grand Prix,GAS,4,46,MEDIUM,SOFT,20.0,76.63,74.703,-1.9269999999999925,3,3
2023,São Paulo Grand Prix,HAM,3,18,SOFT,MEDIUM,19.0,77.252,76.146,-1.1059999999999945,3,3
2023,São Paulo Grand Prix,HAM,4,46,MEDIUM,SOFT,28.0,76.975,75.821,-1.1539999999999964,3,3
2023,São Paulo Grand Prix,HUL,3,21,SOFT,SOFT,22.0,77.581,77.227,-0.3539999999999992,3,3
2023,São Paulo Grand Prix,HUL,4,46,SOFT,SOFT,28.0,76.924,76.892,-0.03200000000001069,3,3
2023,São Paulo Grand Prix,NOR,3,27,SOFT,MEDIUM,25.0,76.315,75.691,-0.6239999999999952,3,3
2023,São Paulo Grand Prix,NOR,4,59,MEDIUM,SOFT,32.0,75.709,73.367,-2.3419999999999987,3,3
2023,São Paulo Grand Prix,OCO,3,14,SOFT,MEDIUM,15.0,77.312,76.385,-0.9269999999999925,3,3
2023,São Paulo Grand Prix,OCO,4,31,MEDIUM,SOFT,17.0,77.23,75.403,-1.8269999999999982,3,3
2023,São Paulo Grand Prix,OCO,5,51,SOFT,SOFT,23.0,76.844,74.52,-2.323999999999998,3,3
2023,São Paulo Grand Prix,PER,3,20,SOFT,MEDIUM,21.0,77.261,76.056,-1.2049999999999983,3,3
2023,São Paulo Grand Prix,PER,4,46,MEDIUM,SOFT,26.0,76.32,75.224,-1.0959999999999894,3,3
2023,São Paulo Grand Prix,PIA,3,24,MEDIUM,SOFT,23.0,77.143,76.27,-0.8730000000000047,3,3
2023,São Paulo Grand Prix,PIA,4,52,SOFT,SOFT,31.0,76.245,75.576,-0.6690000000000111,3,3
2023,São Paulo Grand Prix,RIC,3,26,SOFT,MEDIUM,28.0,76.771,75.648,-1.1230000000000047,3,3
2023,São Paulo Grand Prix,RIC,4,55,MEDIUM,SOFT,29.0,76.087,74.99,-1.0970000000000084,3,3
2023,São Paulo Grand Prix,RUS,3,19,SOFT,MEDIUM,20.0,77.319,76.653,-0.6659999999999968,3,3
2023,São Paulo Grand Prix,RUS,4,45,MEDIUM,SOFT,26.0,77.422,76.373,-1.0489999999999924,3,3
2023,São Paulo Grand Prix,SAI,3,26,SOFT,MEDIUM,28.0,77.139,75.758,-1.3810000000000002,3,3
2023,São Paulo Grand Prix,SAI,4,51,MEDIUM,SOFT,25.0,76.166,75.069,-1.0969999999999942,3,3
2023,São Paulo Grand Prix,SAR,3,17,SOFT,SOFT,15.0,77.587,76.288,-1.2990000000000066,3,3
2023,São Paulo Grand Prix,SAR,4,44,SOFT,SOFT,27.0,77.047,76.051,-0.9959999999999951,3,3
2023,São Paulo Grand Prix,STR,3,22,SOFT,MEDIUM,23.0,77.276,75.772,-1.5039999999999907,3,3
2023,São Paulo Grand Prix,STR,4,52,MEDIUM,SOFT,30.0,76.198,74.729,-1.468999999999994,3,3
2023,São Paulo Grand Prix,TSU,3,26,SOFT,MEDIUM,24.0,77.048,75.716,-1.3320000000000078,3,3
2023,São Paulo Grand Prix,TSU,4,55,MEDIUM,SOFT,29.0,76.053,75.204,-0.8490000000000038,3,3
2023,São Paulo Grand Prix,VER,3,27,SOFT,MEDIUM,28.0,76.397,75.787,-0.6099999999999994,3,3
2023,São Paulo Grand Prix,VER,4,56,MEDIUM,SOFT,29.0,75.388,74.089,-1.2990000000000066,3,3
2023,São Paulo Grand Prix,ZHO,3,15,SOFT,MEDIUM,13.0,77.567,76.639,-0.9279999999999973,3,3
2023,Singapore Grand Prix,ALB,1,20,MEDIUM,HARD,20.0,100.949,103.087,2.1380000000000052,3,3
2023,Singapore Grand Prix,ALB,2,43,HARD,MEDIUM,23.0,100.637,97.992,-2.644999999999996,3,3
2023,Singapore Grand Prix,ALO,1,20,MEDIUM,HARD,20.0,100.346,103.137,2.790999999999997,3,3
2023,Singapore Grand Prix,ALO,2,44,HARD,SOFT,24.0,100.154,99.79,-0.3639999999999901,3,3
2023,Singapore Grand Prix,BOT,1,40,HARD,MEDIUM,40.0,102.282,98.979,-3.3029999999999973,3,3
2023,Singapore Grand Prix,GAS,1,20,MEDIUM,HARD,20.0,100.866,102.407,1.5409999999999968,3,3
2023,Singapore Grand Prix,HAM,1,20,MEDIUM,HARD,20.0,100.364,100.442,0.07799999999998875,3,3
2023,Singapore Grand Prix,HAM,2,44,HARD,MEDIUM,24.0,99.686,96.122,-3.564000000000007,3,3
2023,Singapore Grand Prix,HUL,1,20,MEDIUM,HARD,20.0,100.877,103.044,2.1670000000000016,3,3
2023,Singapore Grand Prix,LAW,1,20,MEDIUM,HARD,20.0,101.119,102.294,1.1749999999999972,3,3
2023,Singapore Grand Prix,LEC,1,20,SOFT,HARD,23.0,99.8,99.892,0.09199999999999875,3,3
2023,Singapore Grand Prix,MAG,1,20,MEDIUM,HARD,20.0,100.993,102.343,1.3500000000000085,3,3
2023,Singapore Grand Prix,MAG,2,43,HARD,SOFT,23.0,101.307,99.787,-1.519999999999996,3,3
2023,Singapore Grand Prix,NOR,1,20,MEDIUM,HARD,20.0,99.88,100.32,0.4399999999999977,3,3
2023,Singapore Grand Prix,OCO,1,20,MEDIUM,HARD,20.0,100.49,103.091,2.600999999999999,3,3
2023,Singapore Grand Prix,PER,1,39,HARD,MEDIUM,39.0,101.489,98.551,-2.9380000000000024,3,3
2023,Singapore Grand Prix,PIA,1,20,MEDIUM,HARD,20.0,100.895,102.238,1.3430000000000035,3,3
2023,Singapore Grand Prix,RUS,1,20,MEDIUM,HARD,20.0,99.996,99.56,-0.43599999999999284,3,3
2023,Singapore Grand Prix,RUS,2,44,HARD,MEDIUM,24.0,99.803,96.419,-3.3840000000000003,3,3
2023,Singapore Grand Prix,SAI,1,20,MEDIUM,HARD,20.0,99.029,99.792,0.7630000000000052,3,3
2023,Singapore Grand Prix,SAR,1,19,MEDIUM,HARD,19.0,101.113,100.3,-0.8130000000000024,3,3
2023,Singapore Grand Prix,SAR,2,43,HARD,MEDIUM,24.0,100.297,98.589,-1.7079999999999984,3,3
2023,Singapore Grand Prix,VER,1,40,HARD,MEDIUM,40.0,100.61,97.713,-2.8970000000000056,3,3
2023,Singapore Grand Prix,ZHO,2,20,HARD,MEDIUM,18.0,100.582,102.749,2.1670000000000016,3,3
2023,Spanish Grand Prix,ALB,1,16,SOFT,HARD,16.0,82.137,80.754,-1.3829999999999956,3,3
2023,Spanish Grand Prix,ALB,2,37,HARD,MEDIUM,21.0,81.159,79.546,-1.6129999999999995,3,3
2023,Spanish Grand Prix,ALO,1,19,SOFT,SOFT,22.0,81.15,80.954,-0.19600000000001216,3,3
2023,Spanish Grand Prix,ALO,2,44,SOFT,HARD,28.0,79.9,78.321,-1.5790000000000077,3,3
2023,Spanish Grand Prix,BOT,1,5,SOFT,HARD,5.0,82.24,80.188,-2.0519999999999925,3,3
2023,Spanish Grand Prix,BOT,2,39,HARD,HARD,34.0,81.948,80.158,-1.789999999999992,3,3
2023,Spanish Grand Prix,DEV,1,9,SOFT,HARD,9.0,82.165,80.705,-1.460000000000008,3,3
2023,Spanish Grand Prix,DEV,2,38,HARD,MEDIUM,29.0,80.77,79.346,-1.4239999999999924,3,3
2023,Spanish Grand Prix,GAS,1,19,SOFT,MEDIUM,22.0,81.543,80.694,-0.8490000000000038,3,3
2023,Spanish Grand Prix,GAS,2,39,MEDIUM,HARD,20.0,80.466,78.577,-1.8889999999999958,3,3
2023,Spanish Grand Prix,HAM,1,24,SOFT,MEDIUM,27.0,80.681,79.186,-1.4949999999999903,3,3
2023,Spanish Grand Prix,HAM,2,50,MEDIUM,SOFT,26.0,78.968,78.564,-0.4040000000000106,3,3
2023,Spanish Grand Prix,HUL,1,8,SOFT,MEDIUM,11.0,82.738,80.101,-2.6370000000000005,3,3
2023,Spanish Grand Prix,HUL,2,26,MEDIUM,HARD,18.0,81.144,78.981,-2.163000000000011,3,3
2023,Spanish Grand Prix,HUL,3,43,HARD,MEDIUM,17.0,80.031,78.912,-1.1189999999999998,3,3
2023,Spanish Grand Prix,LEC,1,16,HARD,SOFT,16.0,81.732,80.553,-1.179000000000002,3,3
2023,Spanish Grand Prix,LEC,2,41,SOFT,HARD,25.0,80.458,78.634,-1.823999999999998,3,3
2023,Spanish Grand Prix,MAG,1,10,SOFT,MEDIUM,10.0,82.354,80.504,-1.8499999999999943,3,3
2023,Spanish Grand Prix,MAG,2,24,MEDIUM,HARD,14.0,81.662,79.264,-2.3980000000000103,3,3
2023,Spanish Grand Prix,MAG,3,42,HARD,MEDIUM,18.0,80.194,78.282,-1.9120000000000061,3,3
2023,Spanish Grand Prix,NOR,2,22,HARD,MEDIUM,21.0,81.589,79.975,-1.6140000000000043,3,3
2023,Spanish Grand Prix,NOR,3,50,MEDIUM,SOFT,28.0,79.863,78.746,-1.1170000000000044,3,3
2023,Spanish Grand Prix,OCO,1,13,SOFT,MEDIUM,16.0,81.696,80.556,-1.1400000000000006,3,3
2023,Spanish Grand Prix,OCO,2,35,MEDIUM,HARD,22.0,80.82,79.368,-1.4519999999999982,3,3
2023,Spanish Grand Prix,PER,1,27,MEDIUM,HARD,27.0,81.062,78.786,-2.2759999999999962,3,3
2023,Spanish Grand Prix,PER,2,50,HARD,SOFT,23.0,79.179,77.122,-2.057000000000002,3,3
2023,Spanish Grand Prix,PIA,1,17,SOFT,HARD,19.0,81.369,80.115,-1.2540000000000049,3,3
2023,Spanish Grand Prix,PIA,2,39,HARD,MEDIUM,22.0,80.607,78.864,-1.742999999999995,3,3
2023,Spanish Grand Prix,RUS,1,25,SOFT,MEDIUM,25.0,80.794,78.878,-1.9159999999999968,3,3
2023,Spanish Grand Prix,RUS,2,45,MEDIUM,SOFT,20.0,79.281,78.057,-1.2240000000000038,3,3
2023,Spanish Grand Prix,SAI,1,15,SOFT,MEDIUM,18.0,80.851,79.981,-0.8700000000000045,3,3
2023,Spanish Grand Prix,SAI,2,41,MEDIUM,HARD,26.0,80.151,79.325,-0.8259999999999934,3,3
2023,Spanish Grand Prix,SAR,1,17,MEDIUM,HARD,17.0,82.913,80.615,-2.298000000000002,3,3
2023,Spanish Grand Prix,SAR,2,36,HARD,HARD,19.0,81.224,79.603,-1.6210000000000093,3,3
2023,Spanish Grand Prix,STR,1,14,SOFT,SOFT,17.0,81.364,80.392,-0.9720000000000084,3,3
2023,Spanish Grand Prix,STR,2,34,SOFT,HARD,23.0,80.558,79.948,-0.6100000000000136,3,3
2023,Spanish Grand Prix,TSU,1,10,SOFT,HARD,10.0,81.268,80.243,-1.0250000000000057,3,3
2023,Spanish Grand Prix,TSU,2,34,HARD,MEDIUM,24.0,80.793,80.12,-0.6730000000000018,3,3
2023,Spanish Grand Prix,VER,1,26,MEDIUM,HARD,26.0,79.973,78.86,-1.1129999999999995,3,3
2023,Spanish Grand Prix,VER,2,52,HARD,SOFT,26.0,79.093,77.473,-1.6200000000000045,3,3
2023,Spanish Grand Prix,ZHO,1,9,SOFT,HARD,9.0,81.514,79.955,-1.5589999999999975,3,3
2023,Spanish Grand Prix,ZHO,2,36,HARD,HARD,27.0,80.446,78.982,-1.4639999999999986,3,3
2023,United States Grand Prix,ALB,1,10,MEDIUM,HARD,13.0,103.814,103.267,-0.546999999999997,3,3
2023,United States Grand Prix,ALB,2,29,HARD,MEDIUM,19.0,103.006,102.105,-0.9009999999999962,3,3
2023,United States Grand Prix,ALO,1,19,MEDIUM,MEDIUM,19.0,103.152,101.49,-1.6620000000000061,3,3
2023,United States Grand Prix,ALO,2,42,MEDIUM,HARD,23.0,101.419,100.443,-0.9759999999999991,3,3
2023,United States Grand Prix,BOT,1,10,MEDIUM,HARD,10.0,103.915,103.094,-0.8210000000000122,3,3
2023,United States Grand Prix,BOT,2,28,HARD,HARD,18.0,103.455,102.332,-1.1230000000000047,3,3
2023,United States Grand Prix,GAS,1,18,MEDIUM,MEDIUM,18.0,103.212,101.948,-1.26400000000001,3,3
2023,United States Grand Prix,GAS,2,37,MEDIUM,HARD,19.0,102.052,101.134,-0.9180000000000064,3,3
2023,United States Grand Prix,HAM,1,20,MEDIUM,HARD,20.0,102.787,101.227,-1.5600000000000023,3,3
2023,United States Grand Prix,HAM,2,38,HARD,MEDIUM,18.0,101.225,99.856,-1.3689999999999998,3,3
2023,United States Grand Prix,HUL,1,19,HARD,MEDIUM,19.0,103.469,102.19,-1.2789999999999964,3,3
2023,United States Grand Prix,HUL,2,34,MEDIUM,MEDIUM,15.0,102.446,101.175,-1.2710000000000008,3,3
2023,United States Grand Prix,LEC,1,23,MEDIUM,HARD,23.0,103.366,102.055,-1.3109999999999928,3,3
2023,United States Grand Prix,MAG,1,10,MEDIUM,HARD,10.0,103.874,103.941,0.06700000000000728,3,3
2023,United States Grand Prix,MAG,2,29,HARD,MEDIUM,19.0,103.862,102.07,-1.7920000000000016,3,3
2023,United States Grand Prix,NOR,1,17,MEDIUM,HARD,17.0,102.792,101.366,-1.426000000000002,3,3
2023,United States Grand Prix,NOR,2,34,HARD,HARD,17.0,102.211,100.684,-1.527000000000001,3,3
2023,United States Grand Prix,PER,1,17,MEDIUM,MEDIUM,17.0,102.992,101.399,-1.5930000000000035,3,3
2023,United States Grand Prix,PER,2,37,MEDIUM,HARD,20.0,101.706,99.881,-1.8250000000000028,3,3
2023,United States Grand Prix,RIC,1,22,MEDIUM,HARD,22.0,104.525,103.547,-0.9780000000000086,3,3
2023,United States Grand Prix,RIC,2,47,HARD,SOFT,25.0,103.49,100.202,-3.2879999999999967,3,3
2023,United States Grand Prix,RUS,1,21,MEDIUM,HARD,21.0,103.038,101.875,-1.1629999999999967,3,3
2023,United States Grand Prix,RUS,2,39,HARD,MEDIUM,18.0,102.071,99.926,-2.144999999999996,3,3
2023,United States Grand Prix,SAI,1,17,MEDIUM,MEDIUM,17.0,103.065,101.197,-1.867999999999995,3,3
2023,United States Grand Prix,SAI,2,35,MEDIUM,HARD,18.0,101.677,100.575,-1.1020000000000039,3,3
2023,United States Grand Prix,SAR,1,11,MEDIUM,HARD,11.0,104.188,103.099,-1.0889999999999986,3,3
2023,United States Grand Prix,SAR,2,32,HARD,MEDIUM,21.0,103.039,101.541,-1.4980000000000047,3,3
2023,United States Grand Prix,STR,1,20,HARD,MEDIUM,20.0,103.581,102.29,-1.2909999999999968,3,3
2023,United States Grand Prix,STR,2,40,MEDIUM,MEDIUM,20.0,101.361,100.544,-0.8170000000000073,3,3
2023,United States Grand Prix,TSU,1,17,MEDIUM,HARD,17.0,103.486,102.014,-1.4720000000000084,3,3
2023,United States Grand Prix,TSU,2,34,HARD,MEDIUM,17.0,102.471,101.71,-0.7610000000000099,3,3
2023,United States Grand Prix,VER,1,16,MEDIUM,MEDIUM,16.0,102.569,100.883,-1.686000000000007,3,3
2023,United States Grand Prix,VER,2,35,MEDIUM,HARD,19.0,101.576,100.439,-1.1370000000000005,3,3
2023,United States Grand Prix,ZHO,1,9,MEDIUM,HARD,9.0,103.606,102.81,-0.7959999999999923,3,3
2023,United States Grand Prix,ZHO,2,27,HARD,HARD,18.0,103.917,102.946,-0.9710000000000036,3,3
2024,Abu Dhabi Grand Prix,ALB,1,12,MEDIUM,HARD,12.0,90.748,89.927,-0.820999999999998,3,3
2024,Abu Dhabi Grand Prix,ALO,1,13,MEDIUM,HARD,14.0,91.088,89.892,-1.195999999999998,3,3
2024,Abu Dhabi Grand Prix,ALO,2,37,HARD,HARD,25.0,90.225,88.735,-1.4899999999999949,3,3
2024,Abu Dhabi Grand Prix,BOT,1,6,MEDIUM,HARD,6.0,90.209,89.838,-0.3710000000000093,2,3
2024,Abu Dhabi Grand Prix,DOO,1,22,MEDIUM,HARD,22.0,90.92,90.173,-0.7469999999999999,3,3
2024,Abu Dhabi Grand Prix,GAS,1,14,MEDIUM,HARD,14.0,90.173,89.986,-0.1869999999999976,3,3
2024,Abu Dhabi Grand Prix,HAM,1,34,HARD,MEDIUM,34.0,89.714,87.803,-1.9110000000000014,3,3
2024,Abu Dhabi Grand Prix,HUL,1,13,MEDIUM,HARD,13.0,90.744,89.786,-0.9579999999999984,3,3
2024,Abu Dhabi Grand Prix,LAW,1,23,MEDIUM,HARD,23.0,90.796,89.611,-1.1850000000000023,3,3
2024,Abu Dhabi Grand Prix,LAW,2,24,HARD,HARD,1.0,90.796,89.611,-1.1850000000000023,3,3
2024,Abu Dhabi Grand Prix,LAW,3,29,HARD,HARD,6.0,89.611,89.434,-0.1770000000000067,3,3
2024,Abu Dhabi Grand Prix,LEC,1,20,MEDIUM,HARD,20.0,89.841,89.802,-0.03899999999998727,3,3
2024,Abu Dhabi Grand Prix,MAG,1,12,MEDIUM,HARD,12.0,91.035,89.899,-1.1359999999999957,3,3
2024,Abu Dhabi Grand Prix,MAG,2,29,HARD,SOFT,17.0,90.514,89.175,-1.3389999999999986,3,3
2024,Abu Dhabi Grand Prix,MAG,3,30,HARD,SOFT,1.0,90.514,89.175,-1.3389999999999986,3,3
2024,Abu Dhabi Grand Prix,NOR,1,26,MEDIUM,HARD,26.0,89.262,88.325,-0.9369999999999976,3,3
2024,Abu Dhabi Grand Prix,PIA,2,32,HARD,HARD,28.0,90.036,88.193,-1.8430000000000035,3,3
2024,Abu Dhabi Grand Prix,RUS,1,26,MEDIUM,HARD,27.0,89.945,88.47,-1.4749999999999943,3,3
2024,Abu Dhabi Grand Prix,SAI,1,25,MEDIUM,HARD,25.0,89.157,88.399,-0.7579999999999956,3,3
2024,Abu Dhabi Grand Prix,STR,1,11,MEDIUM,HARD,12.0,90.467,89.88,-0.5870000000000033,3,3
2024,Abu Dhabi Grand Prix,STR,2,32,HARD,HARD,22.0,90.162,89.398,-0.76400000000001,3,3
2024,Abu Dhabi Grand Prix,TSU,1,22,MEDIUM,HARD,22.0,91.265,89.905,-1.3599999999999994,3,3
2024,Abu Dhabi Grand Prix,VER,1,29,MEDIUM,HARD,29.0,90.268,88.333,-1.9350000000000023,3,3
2024,Abu Dhabi Grand Prix,ZHO,1,12,MEDIUM,HARD,12.0,90.523,90.128,-0.394999999999996,3,3
2024,Abu Dhabi Grand Prix,ZHO,2,39,HARD,HARD,27.0,89.736,88.303,-1.433000000000007,3,3
2024,Australian Grand Prix,ALB,1,6,MEDIUM,HARD,6.0,83.606,83.72,0.11400000000000432,3,3
2024,Australian Grand Prix,ALB,2,27,HARD,HARD,21.0,83.525,82.898,-0.6270000000000095,3,3
2024,Australian Grand Prix,ALO,1,17,HARD,MEDIUM,18.0,83.239,82.831,-0.40800000000000125,3,3
2024,Australian Grand Prix,ALO,2,41,MEDIUM,HARD,25.0,82.714,81.454,-1.2600000000000051,3,3
2024,Australian Grand Prix,BOT,1,8,MEDIUM,HARD,9.0,83.56,83.161,-0.3990000000000009,3,3
2024,Australian Grand Prix,BOT,2,36,HARD,HARD,29.0,83.446,81.646,-1.7999999999999972,3,3
2024,Australian Grand Prix,GAS,1,17,MEDIUM,HARD,17.0,84.104,83.662,-0.44199999999999307,3,3
2024,Australian Grand Prix,GAS,2,41,HARD,HARD,24.0,85.02,82.079,-2.9410000000000025,3,3
2024,Australian Grand Prix,HAM,1,7,SOFT,HARD,7.0,83.436,82.555,-0.8810000000000002,3,3
2024,Australian Grand Prix,HUL,1,17,HARD,MEDIUM,17.0,84.025,82.406,-1.6189999999999998,3,3
2024,Australian Grand Prix,HUL,2,35,MEDIUM,HARD,18.0,82.91,81.896,-1.0139999999999958,3,3
2024,Australian Grand Prix,LEC,1,9,MEDIUM,HARD,9.0,82.684,82.222,-0.4620000000000033,3,3
2024,Australian Grand Prix,LEC,2,34,HARD,HARD,25.0,81.996,80.949,-1.046999999999997,3,3
2024,Australian Grand Prix,MAG,1,7,MEDIUM,HARD,7.0,83.954,83.662,-0.2919999999999874,3,3
2024,Australian Grand Prix,MAG,2,33,HARD,HARD,26.0,83.396,82.261,-1.1350000000000051,3,3
2024,Australian Grand Prix,NOR,1,14,MEDIUM,HARD,14.0,82.936,81.936,-1.0,3,3
2024,Australian Grand Prix,NOR,2,40,HARD,HARD,27.0,81.662,80.652,-1.0100000000000051,3,3
2024,Australian Grand Prix,OCO,1,9,MEDIUM,HARD,9.0,83.198,82.956,-0.24199999999999022,3,3
2024,Australian Grand Prix,OCO,2,16,HARD,HARD,7.0,83.091,82.814,-0.277000000000001,3,3
2024,Australian Grand Prix,OCO,3,42,HARD,HARD,26.0,82.989,81.597,-1.3920000000000101,3,3
2024,Australian Grand Prix,PER,1,14,MEDIUM,HARD,14.0,83.664,81.84,-1.823999999999998,3,3
2024,Australian Grand Prix,PER,2,35,HARD,HARD,21.0,82.566,81.245,-1.320999999999998,3,3
2024,Australian Grand Prix,PIA,1,9,MEDIUM,HARD,9.0,82.877,82.728,-0.1490000000000009,3,3
2024,Australian Grand Prix,PIA,2,39,HARD,HARD,31.0,82.047,81.08,-0.9669999999999987,3,3
2024,Australian Grand Prix,RIC,1,5,SOFT,HARD,5.0,84.095,83.608,-0.48699999999999477,3,3
2024,Australian Grand Prix,RIC,2,29,HARD,HARD,24.0,83.863,82.738,-1.125,3,3
2024,Australian Grand Prix,RUS,1,8,MEDIUM,HARD,8.0,83.119,82.737,-0.382000000000005,3,3
2024,Australian Grand Prix,RUS,2,45,HARD,HARD,37.0,82.111,80.739,-1.3719999999999999,3,3
2024,Australian Grand Prix,SAI,1,16,MEDIUM,HARD,16.0,82.487,81.811,-0.6759999999999877,3,3
2024,Australian Grand Prix,SAI,2,41,HARD,HARD,25.0,81.443,80.73,-0.7129999999999939,3,3
2024,Australian Grand Prix,STR,1,8,MEDIUM,HARD,9.0,83.027,82.883,-0.14400000000000546,3,3
2024,Australian Grand Prix,STR,2,37,HARD,HARD,30.0,83.207,82.1,-1.1069999999999993,3,3
2024,Australian Grand Prix,TSU,1,9,MEDIUM,HARD,9.0,83.381,82.898,-0.4830000000000041,3,3
2024,Australian Grand Prix,TSU,2,36,HARD,HARD,27.0,83.289,82.247,-1.0420000000000016,3,3
2024,Australian Grand Prix,ZHO,1,6,SOFT,HARD,6.0,83.948,83.66,-0.2879999999999967,3,3
2024,Australian Grand Prix,ZHO,2,35,HARD,HARD,30.0,83.17,82.43,-0.7399999999999949,3,3
2024,Austrian Grand Prix,ALB,1,12,MEDIUM,HARD,12.0,71.789,71.342,-0.44700000000000273,3,3
2024,Austrian Grand Prix,ALB,2,39,HARD,HARD,27.0,71.99,70.736,-1.2539999999999907,3,3
2024,Austrian Grand Prix,ALO,1,11,MEDIUM,MEDIUM,14.0,71.608,71.189,-0.41900000000001114,3,3
2024,Austrian Grand Prix,ALO,2,35,MEDIUM,HARD,25.0,72.0,70.871,-1.1290000000000049,3,3
2024,Austrian Grand Prix,BOT,1,19,MEDIUM,HARD,19.0,72.538,71.607,-0.9309999999999974,3,3
2024,Austrian Grand Prix,BOT,2,42,HARD,HARD,23.0,72.135,71.193,-0.9420000000000073,3,3
2024,Austrian Grand Prix,GAS,1,20,MEDIUM,HARD,20.0,72.449,71.075,-1.3739999999999952,3,3
2024,Austrian Grand Prix,GAS,2,42,HARD,MEDIUM,22.0,71.817,69.613,-2.2039999999999935,3,3
2024,Austrian Grand Prix,HAM,1,21,MEDIUM,HARD,21.0,71.868,70.257,-1.61099999999999,3,3
2024,Austrian Grand Prix,HAM,2,53,HARD,MEDIUM,32.0,71.228,70.044,-1.1839999999999975,3,3
2024,Austrian Grand Prix,HUL,1,11,MEDIUM,HARD,11.0,71.692,71.117,-0.5749999999999886,3,3
2024,Austrian Grand Prix,HUL,2,39,HARD,HARD,28.0,71.808,70.745,-1.0630000000000024,3,3
2024,Austrian Grand Prix,LEC,2,16,HARD,MEDIUM,15.0,71.728,71.157,-0.570999999999998,3,3
2024,Austrian Grand Prix,LEC,3,33,MEDIUM,MEDIUM,17.0,70.681,70.008,-0.6730000000000018,3,3
2024,Austrian Grand Prix,LEC,4,51,MEDIUM,MEDIUM,19.0,70.595,69.683,-0.9119999999999919,3,3
2024,Austrian Grand Prix,MAG,1,10,MEDIUM,HARD,10.0,71.593,71.273,-0.3200000000000074,3,3
2024,Austrian Grand Prix,MAG,2,38,HARD,HARD,28.0,71.832,70.755,-1.0769999999999982,3,3
2024,Austrian Grand Prix,NOR,1,23,MEDIUM,HARD,23.0,71.288,69.68,-1.6079999999999899,3,3
2024,Austrian Grand Prix,NOR,2,51,HARD,MEDIUM,28.0,70.546,68.429,-2.1170000000000044,3,3
2024,Austrian Grand Prix,OCO,1,19,MEDIUM,HARD,19.0,72.263,71.198,-1.065000000000012,3,3
2024,Austrian Grand Prix,OCO,2,43,HARD,MEDIUM,24.0,72.323,69.894,-2.428999999999988,3,3
2024,Austrian Grand Prix,PER,1,21,MEDIUM,HARD,21.0,71.944,70.76,-1.1839999999999975,3,3
2024,Austrian Grand Prix,PER,2,51,HARD,MEDIUM,30.0,71.71,70.087,-1.6229999999999905,3,3
2024,Austrian Grand Prix,PIA,1,25,MEDIUM,HARD,25.0,71.335,70.276,-1.0589999999999975,3,3
2024,Austrian Grand Prix,PIA,2,51,HARD,MEDIUM,26.0,70.578,69.014,-1.5640000000000072,3,3
2024,Austrian Grand Prix,RIC,1,10,MEDIUM,HARD,10.0,71.451,71.448,-0.0030000000000001137,3,3
2024,Austrian Grand Prix,RIC,2,37,HARD,HARD,27.0,72.009,70.788,-1.2210000000000036,3,3
2024,Austrian Grand Prix,RUS,1,22,MEDIUM,MEDIUM,22.0,71.569,69.792,-1.777000000000001,3,3
2024,Austrian Grand Prix,RUS,2,46,MEDIUM,HARD,24.0,71.385,69.288,-2.0970000000000084,3,3
2024,Austrian Grand Prix,SAI,1,22,MEDIUM,HARD,22.0,71.807,70.011,-1.7960000000000065,3,3
2024,Austrian Grand Prix,SAI,2,47,HARD,MEDIUM,25.0,71.088,69.412,-1.6759999999999877,3,3
2024,Austrian Grand Prix,SAR,2,20,MEDIUM,HARD,25.0,73.584,71.128,-2.456000000000003,3,3
2024,Austrian Grand Prix,SAR,3,49,HARD,MEDIUM,29.0,71.902,70.667,-1.2349999999999994,3,3
2024,Austrian Grand Prix,STR,1,20,MEDIUM,MEDIUM,21.0,72.581,71.25,-1.331000000000003,3,3
2024,Austrian Grand Prix,STR,2,43,MEDIUM,HARD,23.0,71.896,70.453,-1.4429999999999978,3,3
2024,Austrian Grand Prix,TSU,1,21,MEDIUM,HARD,21.0,72.571,71.463,-1.108000000000004,3,3
2024,Austrian Grand Prix,TSU,2,44,HARD,HARD,23.0,71.859,70.809,-1.0499999999999972,3,3
2024,Austrian Grand Prix,VER,1,23,MEDIUM,HARD,23.0,71.548,69.506,-2.0420000000000016,3,3
2024,Austrian Grand Prix,VER,2,51,HARD,MEDIUM,28.0,70.543,68.789,-1.7540000000000049,3,3
2024,Austrian Grand Prix,VER,3,64,MEDIUM,SOFT,16.0,69.528,68.321,-1.2070000000000078,3,3
2024,Austrian Grand Prix,ZHO,1,28,HARD,MEDIUM,28.0,73.839,70.915,-2.9239999999999924,3,3
2024,Austrian Grand Prix,ZHO,2,51,MEDIUM,HARD,23.0,71.663,70.726,-0.9369999999999976,3,3
2024,Azerbaijan Grand Prix,ALB,1,31,HARD,MEDIUM,31.0,109.115,108.556,-0.5589999999999975,3,3
2024,Azerbaijan Grand Prix,ALO,1,11,MEDIUM,HARD,12.0,109.132,109.286,0.15399999999999636,3,3
2024,Azerbaijan Grand Prix,BEA,1,14,MEDIUM,HARD,14.0,110.119,109.571,-0.5480000000000018,3,3
2024,Azerbaijan Grand Prix,BOT,1,11,MEDIUM,HARD,12.0,111.467,109.999,-1.4680000000000035,3,3
2024,Azerbaijan Grand Prix,COL,1,10,MEDIUM,HARD,10.0,109.403,109.367,-0.036000000000001364,3,3
2024,Azerbaijan Grand Prix,HAM,1,12,MEDIUM,HARD,12.0,109.993,108.754,-1.23899999999999,3,3
2024,Azerbaijan Grand Prix,HUL,1,15,MEDIUM,HARD,15.0,109.797,109.105,-0.6919999999999931,3,3
2024,Azerbaijan Grand Prix,LEC,1,16,MEDIUM,HARD,16.0,108.831,108.358,-0.472999999999999,3,3
2024,Azerbaijan Grand Prix,NOR,1,37,HARD,MEDIUM,37.0,107.534,105.842,-1.6920000000000073,3,3
2024,Azerbaijan Grand Prix,PER,1,13,MEDIUM,HARD,13.0,108.769,108.585,-0.1840000000000117,3,3
2024,Azerbaijan Grand Prix,PIA,1,15,MEDIUM,HARD,15.0,109.194,107.817,-1.3770000000000095,3,3
2024,Azerbaijan Grand Prix,RUS,1,12,MEDIUM,HARD,12.0,109.712,109.067,-0.6450000000000102,3,3
2024,Azerbaijan Grand Prix,SAI,1,17,MEDIUM,HARD,17.0,109.316,107.939,-1.3770000000000095,3,3
2024,Azerbaijan Grand Prix,STR,2,22,HARD,HARD,22.0,110.293,108.895,-1.3980000000000103,3,3
2024,Azerbaijan Grand Prix,VER,1,12,MEDIUM,HARD,12.0,109.448,108.132,-1.3159999999999883,3,3
2024,Azerbaijan Grand Prix,ZHO,1,34,HARD,MEDIUM,35.0,109.357,108.304,-1.0529999999999973,3,3
2024,Bahrain Grand Prix,ALB,1,15,SOFT,HARD,15.0,98.934,97.59,-1.343999999999994,3,3
2024,Bahrain Grand Prix,ALB,2,36,HARD,HARD,21.0,97.767,95.856,-1.9110000000000014,3,3
2024,Bahrain Grand Prix,ALO,1,15,SOFT,HARD,18.0,98.587,97.072,-1.5150000000000006,3,3
2024,Bahrain Grand Prix,ALO,2,41,HARD,HARD,26.0,97.946,94.981,-2.9650000000000034,3,3
2024,Bahrain Grand Prix,BOT,1,12,SOFT,HARD,12.0,99.187,97.287,-1.8999999999999915,3,3
2024,Bahrain Grand Prix,BOT,2,30,HARD,HARD,18.0,98.595,96.763,-1.8319999999999936,3,3
2024,Bahrain Grand Prix,GAS,1,12,SOFT,HARD,12.0,98.929,97.521,-1.4080000000000013,3,3
2024,Bahrain Grand Prix,GAS,2,31,HARD,HARD,19.0,98.615,96.313,-2.3019999999999925,3,3
2024,Bahrain Grand Prix,GAS,3,43,HARD,SOFT,12.0,96.631,95.293,-1.3379999999999939,3,3
2024,Bahrain Grand Prix,HAM,1,12,SOFT,HARD,15.0,98.236,97.178,-1.058000000000007,3,3
2024,Bahrain Grand Prix,HAM,2,33,HARD,HARD,21.0,97.244,95.489,-1.7549999999999955,3,3
2024,Bahrain Grand Prix,HUL,2,20,HARD,HARD,19.0,97.891,96.725,-1.166000000000011,3,3
2024,Bahrain Grand Prix,HUL,3,41,HARD,SOFT,21.0,97.476,95.59,-1.8859999999999957,3,3
2024,Bahrain Grand Prix,LEC,1,11,SOFT,HARD,14.0,97.884,96.756,-1.1280000000000001,3,3
2024,Bahrain Grand Prix,LEC,2,34,HARD,HARD,23.0,96.941,94.783,-2.1580000000000013,3,3
2024,Bahrain Grand Prix,MAG,1,11,SOFT,HARD,11.0,98.861,97.59,-1.2710000000000008,3,3
2024,Bahrain Grand Prix,MAG,2,32,HARD,HARD,21.0,98.0,95.698,-2.3020000000000067,3,3
2024,Bahrain Grand Prix,NOR,1,13,SOFT,HARD,16.0,98.082,96.776,-1.3059999999999974,3,3
2024,Bahrain Grand Prix,NOR,2,33,HARD,HARD,20.0,97.083,95.067,-2.0160000000000053,3,3
2024,Bahrain Grand Prix,OCO,1,10,SOFT,HARD,10.0,99.312,97.537,-1.7749999999999915,3,3
2024,Bahrain Grand Prix,OCO,2,30,HARD,HARD,20.0,98.549,96.704,-1.845000000000013,3,3
2024,Bahrain Grand Prix,PER,1,12,SOFT,HARD,15.0,97.63,95.783,-1.8469999999999942,3,3
2024,Bahrain Grand Prix,PER,2,36,HARD,SOFT,24.0,96.564,94.607,-1.9569999999999936,3,3
2024,Bahrain Grand Prix,PIA,1,12,SOFT,HARD,15.0,98.096,96.796,-1.2999999999999972,3,3
2024,Bahrain Grand Prix,PIA,2,34,HARD,HARD,22.0,97.163,95.005,-2.1580000000000013,3,3
2024,Bahrain Grand Prix,RIC,1,13,SOFT,HARD,16.0,98.893,97.176,-1.7169999999999987,3,3
2024,Bahrain Grand Prix,RIC,2,35,HARD,SOFT,22.0,98.15,95.46,-2.690000000000012,3,3
2024,Bahrain Grand Prix,RUS,1,11,SOFT,HARD,14.0,97.782,97.167,-0.6149999999999949,3,3
2024,Bahrain Grand Prix,RUS,2,31,HARD,HARD,20.0,97.066,95.772,-1.293999999999997,3,3
2024,Bahrain Grand Prix,SAI,1,14,SOFT,HARD,17.0,97.65,96.088,-1.5620000000000118,3,3
2024,Bahrain Grand Prix,SAI,2,35,HARD,HARD,21.0,96.556,95.1,-1.456000000000003,3,3
2024,Bahrain Grand Prix,SAR,1,10,SOFT,HARD,10.0,99.464,100.989,1.5250000000000057,3,3
2024,Bahrain Grand Prix,SAR,2,28,HARD,HARD,18.0,98.288,96.563,-1.7249999999999943,3,3
2024,Bahrain Grand Prix,SAR,3,40,HARD,SOFT,12.0,96.785,95.001,-1.7839999999999918,3,3
2024,Bahrain Grand Prix,STR,1,9,SOFT,HARD,9.0,98.857,97.175,-1.6820000000000022,3,3
2024,Bahrain Grand Prix,STR,2,27,HARD,HARD,18.0,98.133,95.854,-2.2789999999999964,3,3
2024,Bahrain Grand Prix,TSU,1,14,SOFT,HARD,14.0,98.799,97.482,-1.3170000000000073,3,3
2024,Bahrain Grand Prix,TSU,2,34,HARD,HARD,20.0,97.498,97.046,-0.4519999999999982,3,3
2024,Bahrain Grand Prix,VER,1,17,SOFT,HARD,20.0,97.028,95.283,-1.7450000000000045,3,3
2024,Bahrain Grand Prix,VER,2,37,HARD,SOFT,20.0,96.133,95.29,-0.8429999999999893,3,3
2024,Bahrain Grand Prix,ZHO,1,9,SOFT,HARD,9.0,99.517,96.995,-2.5219999999999914,3,3
2024,Bahrain Grand Prix,ZHO,2,28,HARD,HARD,19.0,97.995,96.048,-1.9470000000000027,3,3
2024,Belgian Grand Prix,ALB,1,8,MEDIUM,MEDIUM,8.0,110.906,109.954,-0.9520000000000124,3,3
2024,Belgian Grand Prix,ALB,2,23,MEDIUM,HARD,15.0,110.042,108.587,-1.4549999999999983,3,3
2024,Belgian Grand Prix,ALO,1,13,MEDIUM,MEDIUM,13.0,110.891,109.54,-1.350999999999999,3,3
2024,Belgian Grand Prix,BOT,1,11,MEDIUM,HARD,11.0,111.409,109.881,-1.5280000000000058,3,3
2024,Belgian Grand Prix,BOT,2,35,HARD,MEDIUM,24.0,108.951,107.672,-1.2789999999999964,3,3
2024,Belgian Grand Prix,GAS,1,9,MEDIUM,HARD,9.0,111.149,109.78,-1.3689999999999998,3,3
2024,Belgian Grand Prix,GAS,2,28,HARD,HARD,19.0,109.336,108.153,-1.1829999999999927,3,3
2024,Belgian Grand Prix,HAM,1,11,MEDIUM,HARD,11.0,109.704,108.124,-1.5799999999999983,3,3
2024,Belgian Grand Prix,HAM,2,26,HARD,HARD,15.0,108.028,107.396,-0.632000000000005,3,3
2024,Belgian Grand Prix,HUL,1,7,MEDIUM,HARD,7.0,110.912,109.634,-1.2780000000000058,3,3
2024,Belgian Grand Prix,HUL,2,20,HARD,MEDIUM,13.0,110.966,110.063,-0.9029999999999916,3,3
2024,Belgian Grand Prix,LEC,1,12,MEDIUM,HARD,12.0,109.967,108.021,-1.945999999999998,3,3
2024,Belgian Grand Prix,LEC,2,25,HARD,HARD,13.0,108.444,107.039,-1.4050000000000011,3,3
2024,Belgian Grand Prix,MAG,1,17,MEDIUM,HARD,17.0,110.743,109.957,-0.7860000000000014,3,3
2024,Belgian Grand Prix,NOR,1,15,MEDIUM,HARD,15.0,109.724,108.049,-1.6749999999999972,3,3
2024,Belgian Grand Prix,NOR,2,29,HARD,HARD,14.0,107.537,106.217,-1.3200000000000074,3,3
2024,Belgian Grand Prix,OCO,1,12,MEDIUM,HARD,12.0,111.085,109.476,-1.6089999999999947,3,3
2024,Belgian Grand Prix,OCO,2,30,HARD,HARD,18.0,108.555,107.478,-1.0770000000000124,3,3
2024,Belgian Grand Prix,PER,1,11,MEDIUM,MEDIUM,11.0,110.057,108.394,-1.6629999999999967,3,3
2024,Belgian Grand Prix,PER,2,21,MEDIUM,HARD,10.0,108.695,107.667,-1.0279999999999916,3,3
2024,Belgian Grand Prix,PIA,1,11,MEDIUM,HARD,11.0,110.062,108.07,-1.9920000000000044,3,3
2024,Belgian Grand Prix,PIA,2,30,HARD,HARD,19.0,107.609,106.265,-1.343999999999994,3,3
2024,Belgian Grand Prix,RIC,1,8,SOFT,MEDIUM,8.0,110.96,109.945,-1.0150000000000006,3,3
2024,Belgian Grand Prix,RIC,2,21,MEDIUM,SOFT,13.0,109.973,108.322,-1.6509999999999962,3,3
2024,Belgian Grand Prix,RUS,1,10,MEDIUM,HARD,10.0,110.142,108.702,-1.4399999999999977,3,3
2024,Belgian Grand Prix,SAI,1,20,HARD,MEDIUM,20.0,109.042,107.928,-1.1140000000000043,3,3
2024,Belgian Grand Prix,SAI,2,28,MEDIUM,HARD,8.0,108.234,106.713,-1.5210000000000008,3,3
2024,Belgian Grand Prix,SAR,1,8,MEDIUM,MEDIUM,8.0,111.282,110.202,-1.0799999999999983,3,3
2024,Belgian Grand Prix,SAR,2,24,MEDIUM,HARD,16.0,111.203,108.764,-2.439000000000007,3,3
2024,Belgian Grand Prix,STR,1,12,MEDIUM,MEDIUM,12.0,111.251,109.684,-1.5670000000000073,3,3
2024,Belgian Grand Prix,TSU,1,15,MEDIUM,SOFT,15.0,111.38,109.415,-1.9649999999999892,3,3
2024,Belgian Grand Prix,VER,1,10,MEDIUM,HARD,10.0,110.146,108.403,-1.742999999999995,3,3
2024,Belgian Grand Prix,VER,2,28,HARD,MEDIUM,18.0,107.815,106.363,-1.4519999999999982,3,3
2024,British Grand Prix,ALB,1,27,MEDIUM,INTERMEDIATE,27.0,95.612,103.229,7.617000000000004,3,3
2024,British Grand Prix,ALB,2,38,INTERMEDIATE,MEDIUM,11.0,104.82,90.715,-14.10499999999999,3,3
2024,British Grand Prix,ALO,1,27,MEDIUM,INTERMEDIATE,27.0,95.687,102.796,7.109000000000009,3,3
2024,British Grand Prix,ALO,2,38,INTERMEDIATE,MEDIUM,11.0,102.513,90.594,-11.919000000000011,3,3
2024,British Grand Prix,BOT,1,26,MEDIUM,INTERMEDIATE,26.0,97.35,103.302,5.952000000000012,3,3
2024,British Grand Prix,BOT,2,37,INTERMEDIATE,SOFT,11.0,105.199,93.344,-11.855000000000004,3,3
2024,British Grand Prix,HAM,1,27,MEDIUM,INTERMEDIATE,27.0,94.988,100.467,5.478999999999999,3,3
2024,British Grand Prix,HAM,2,38,INTERMEDIATE,SOFT,11.0,101.924,90.118,-11.806000000000012,3,3
2024,British Grand Prix,HUL,1,26,MEDIUM,INTERMEDIATE,26.0,93.352,102.641,9.289000000000001,3,3
2024,British Grand Prix,HUL,2,39,INTERMEDIATE,SOFT,13.0,100.657,90.701,-9.956000000000003,3,3
2024,British Grand Prix,LEC,1,19,MEDIUM,INTERMEDIATE,19.0,95.28,104.352,9.072000000000003,3,3
2024,British Grand Prix,LEC,2,27,INTERMEDIATE,INTERMEDIATE,8.0,106.593,102.299,-4.293999999999997,3,3
2024,British Grand Prix,LEC,3,37,INTERMEDIATE,SOFT,10.0,102.415,90.878,-11.537000000000006,3,3
2024,British Grand Prix,MAG,1,27,MEDIUM,INTERMEDIATE,27.0,95.15,102.842,7.691999999999993,3,3
2024,British Grand Prix,MAG,2,37,INTERMEDIATE,SOFT,10.0,105.557,92.071,-13.486000000000004,3,3
2024,British Grand Prix,NOR,1,27,MEDIUM,INTERMEDIATE,27.0,94.307,100.717,6.409999999999997,3,3
2024,British Grand Prix,NOR,2,39,INTERMEDIATE,SOFT,12.0,99.786,89.733,-10.052999999999997,3,3
2024,British Grand Prix,OCO,1,19,SOFT,MEDIUM,19.0,98.497,98.005,-0.49200000000000443,3,3
2024,British Grand Prix,OCO,2,21,INTERMEDIATE,MEDIUM,2.0,98.497,98.005,-0.49200000000000443,3,3
2024,British Grand Prix,OCO,3,26,MEDIUM,INTERMEDIATE,5.0,98.005,102.362,4.356999999999999,3,3
2024,British Grand Prix,OCO,4,38,INTERMEDIATE,MEDIUM,12.0,102.235,91.187,-11.048000000000002,3,3
2024,British Grand Prix,PER,1,19,HARD,INTERMEDIATE,19.0,94.829,104.936,10.107000000000014,3,3
2024,British Grand Prix,PER,2,28,INTERMEDIATE,INTERMEDIATE,9.0,107.327,102.676,-4.650999999999996,3,3
2024,British Grand Prix,PER,3,37,INTERMEDIATE,MEDIUM,9.0,103.534,92.722,-10.812000000000012,3,3
2024,British Grand Prix,PER,4,47,MEDIUM,SOFT,10.0,90.518,93.5335,3.015500000000003,3,2
2024,British Grand Prix,PIA,1,28,MEDIUM,INTERMEDIATE,28.0,100.622,102.161,1.5390000000000015,3,3
2024,British Grand Prix,PIA,2,38,INTERMEDIATE,MEDIUM,10.0,102.52,89.581,-12.938999999999993,3,3
2024,British Grand Prix,RIC,1,26,MEDIUM,INTERMEDIATE,26.0,96.483,103.338,6.85499999999999,3,3
2024,British Grand Prix,RIC,2,37,INTERMEDIATE,SOFT,11.0,105.535,92.428,-13.107,3,3
2024,British Grand Prix,RUS,1,27,MEDIUM,INTERMEDIATE,27.0,94.781,101.237,6.455999999999989,3,3
2024,British Grand Prix,SAI,1,26,MEDIUM,INTERMEDIATE,26.0,92.734,102.737,10.003,3,3
2024,British Grand Prix,SAI,2,39,INTERMEDIATE,HARD,13.0,100.432,89.872,-10.560000000000002,3,3
2024,British Grand Prix,SAR,1,27,MEDIUM,INTERMEDIATE,27.0,96.166,102.476,6.310000000000002,3,3
2024,British Grand Prix,SAR,2,38,INTERMEDIATE,SOFT,11.0,103.365,90.875,-12.489999999999995,3,3
2024,British Grand Prix,STR,1,26,MEDIUM,INTERMEDIATE,26.0,94.585,102.992,8.40700000000001,3,3
2024,British Grand Prix,STR,2,39,INTERMEDIATE,MEDIUM,13.0,100.825,90.161,-10.664000000000001,3,3
2024,British Grand Prix,TSU,1,27,MEDIUM,INTERMEDIATE,27.0,95.473,103.355,7.882000000000005,3,3
2024,British Grand Prix,TSU,2,38,INTERMEDIATE,SOFT,11.0,102.726,90.812,-11.914000000000001,3,3
2024,British Grand Prix,VER,1,26,MEDIUM,INTERMEDIATE,26.0,93.02,101.533,8.513000000000005,3,3
2024,British Grand Prix,VER,2,38,INTERMEDIATE,HARD,12.0,101.958,89.604,-12.354,3,3
2024,British Grand Prix,ZHO,1,12,SOFT,MEDIUM,12.0,95.322,92.479,-2.8430000000000035,3,3
2024,British Grand Prix,ZHO,2,19,MEDIUM,INTERMEDIATE,7.0,98.106,110.081,11.975000000000009,3,3
2024,British Grand Prix,ZHO,3,26,INTERMEDIATE,INTERMEDIATE,7.0,108.867,101.993,-6.874000000000009,3,3
2024,British Grand Prix,ZHO,4,37,INTERMEDIATE,SOFT,11.0,102.823,92.696,-10.126999999999995,3,3
2024,Canadian Grand Prix,ALB,1,25,INTERMEDIATE,INTERMEDIATE,25.0,86.715,90.375,3.6599999999999966,3,3
2024,Canadian Grand Prix,ALB,2,44,INTERMEDIATE,MEDIUM,19.0,85.693,83.231,-2.4620000000000033,3,3
2024,Canadian Grand Prix,ALO,1,25,INTERMEDIATE,INTERMEDIATE,25.0,85.977,90.492,4.515000000000001,3,3
2024,Canadian Grand Prix,ALO,2,44,INTERMEDIATE,HARD,19.0,84.768,84.861,0.09300000000000352,3,3
2024,Canadian Grand Prix,BOT,1,42,INTERMEDIATE,MEDIUM,42.0,86.024,85.276,-0.7480000000000047,3,3
2024,Canadian Grand Prix,GAS,1,25,INTERMEDIATE,INTERMEDIATE,25.0,85.165,91.747,6.581999999999994,3,3
2024,Canadian Grand Prix,GAS,2,40,INTERMEDIATE,HARD,15.0,87.411,83.906,-3.5049999999999955,3,3
2024,Canadian Grand Prix,HAM,1,25,INTERMEDIATE,INTERMEDIATE,25.0,86.331,90.533,4.201999999999998,3,3
2024,Canadian Grand Prix,HAM,2,43,INTERMEDIATE,MEDIUM,18.0,84.372,83.763,-0.6089999999999947,3,3
2024,Canadian Grand Prix,HAM,3,54,MEDIUM,HARD,11.0,77.75,77.666,-0.08400000000000318,3,3
2024,Canadian Grand Prix,HUL,1,12,WET,INTERMEDIATE,12.0,94.671,89.141,-5.530000000000001,3,3
2024,Canadian Grand Prix,HUL,2,25,INTERMEDIATE,INTERMEDIATE,13.0,86.395,91.076,4.680999999999997,3,3
2024,Canadian Grand Prix,HUL,3,44,INTERMEDIATE,MEDIUM,19.0,85.838,81.928,-3.9099999999999966,3,3
2024,Canadian Grand Prix,LEC,1,25,INTERMEDIATE,INTERMEDIATE,25.0,87.253,88.269,1.0160000000000053,3,3
2024,Canadian Grand Prix,LEC,2,28,INTERMEDIATE,INTERMEDIATE,3.0,87.253,88.269,1.0160000000000053,3,3
2024,Canadian Grand Prix,LEC,3,31,HARD,INTERMEDIATE,3.0,87.253,88.269,1.0160000000000053,3,3
2024,Canadian Grand Prix,MAG,1,7,WET,INTERMEDIATE,7.0,94.529,91.129,-3.3999999999999915,3,3
2024,Canadian Grand Prix,MAG,2,25,INTERMEDIATE,INTERMEDIATE,18.0,87.198,90.285,3.0870000000000033,3,3
2024,Canadian Grand Prix,MAG,3,41,INTERMEDIATE,MEDIUM,16.0,86.726,84.812,-1.9140000000000015,3,3
2024,Canadian Grand Prix,MAG,4,54,MEDIUM,MEDIUM,13.0,80.587,78.685,-1.902000000000001,3,3
2024,Canadian Grand Prix,NOR,1,26,INTERMEDIATE,INTERMEDIATE,26.0,84.743,90.169,5.426000000000002,3,3
2024,Canadian Grand Prix,NOR,2,47,INTERMEDIATE,MEDIUM,21.0,83.569,79.049,-4.519999999999996,3,3
2024,Canadian Grand Prix,OCO,1,44,INTERMEDIATE,MEDIUM,44.0,85.187,82.874,-2.3130000000000024,3,3
2024,Canadian Grand Prix,PER,1,25,INTERMEDIATE,INTERMEDIATE,25.0,86.418,90.413,3.9949999999999903,3,3
2024,Canadian Grand Prix,PER,2,43,INTERMEDIATE,MEDIUM,18.0,85.681,83.303,-2.378,3,3
2024,Canadian Grand Prix,PIA,1,25,INTERMEDIATE,INTERMEDIATE,25.0,85.85,90.225,4.375,3,3
2024,Canadian Grand Prix,PIA,2,44,INTERMEDIATE,MEDIUM,19.0,84.465,81.898,-2.5670000000000073,3,3
2024,Canadian Grand Prix,RIC,1,26,INTERMEDIATE,INTERMEDIATE,26.0,86.226,91.669,5.442999999999998,3,3
2024,Canadian Grand Prix,RIC,2,43,INTERMEDIATE,MEDIUM,17.0,85.782,83.86,-1.921999999999997,3,3
2024,Canadian Grand Prix,RUS,1,25,INTERMEDIATE,INTERMEDIATE,25.0,86.894,89.841,2.9469999999999885,3,3
2024,Canadian Grand Prix,RUS,2,45,INTERMEDIATE,HARD,20.0,84.325,81.029,-3.2960000000000065,3,3
2024,Canadian Grand Prix,RUS,3,54,HARD,MEDIUM,9.0,78.191,77.103,-1.088000000000008,3,3
2024,Canadian Grand Prix,SAI,1,25,INTERMEDIATE,INTERMEDIATE,25.0,86.839,91.832,4.992999999999995,3,3
2024,Canadian Grand Prix,SAI,2,43,INTERMEDIATE,MEDIUM,18.0,85.875,82.795,-3.0799999999999983,3,3
2024,Canadian Grand Prix,STR,1,25,INTERMEDIATE,INTERMEDIATE,25.0,86.423,90.959,4.536000000000001,3,3
2024,Canadian Grand Prix,STR,2,44,INTERMEDIATE,HARD,19.0,85.612,83.728,-1.8840000000000003,3,3
2024,Canadian Grand Prix,TSU,1,44,INTERMEDIATE,MEDIUM,44.0,84.662,84.457,-0.2050000000000125,3,3
2024,Canadian Grand Prix,VER,1,25,INTERMEDIATE,INTERMEDIATE,25.0,86.591,89.219,2.628,3,3
2024,Canadian Grand Prix,VER,2,45,INTERMEDIATE,MEDIUM,20.0,84.292,80.47,-3.8220000000000027,3,3
2024,Canadian Grand Prix,ZHO,1,24,INTERMEDIATE,INTERMEDIATE,24.0,88.028,91.705,3.6769999999999925,3,3
2024,Canadian Grand Prix,ZHO,2,44,INTERMEDIATE,MEDIUM,20.0,87.246,92.588,5.341999999999999,3,3
2024,Canadian Grand Prix,ZHO,3,52,MEDIUM,MEDIUM,8.0,82.924,80.26,-2.6640000000000015,3,3
2024,Chinese Grand Prix,ALB,1,9,MEDIUM,MEDIUM,9.0,103.361,102.608,-0.7530000000000001,3,3
2024,Chinese Grand Prix,ALB,2,23,MEDIUM,HARD,14.0,103.186,101.269,-1.9170000000000016,3,3
2024,Chinese Grand Prix,ALO,1,11,MEDIUM,HARD,11.0,103.083,100.983,-2.0999999999999943,3,3
2024,Chinese Grand Prix,ALO,2,23,HARD,SOFT,12.0,101.459,99.48,-1.9789999999999992,3,3
2024,Chinese Grand Prix,ALO,3,43,SOFT,MEDIUM,20.0,100.794,99.559,-1.2349999999999994,3,3
2024,Chinese Grand Prix,BOT,1,9,MEDIUM,HARD,9.0,103.151,101.994,-1.1569999999999965,3,3
2024,Chinese Grand Prix,GAS,1,11,MEDIUM,HARD,11.0,103.691,101.679,-2.0120000000000005,3,3
2024,Chinese Grand Prix,GAS,2,23,HARD,HARD,12.0,102.136,101.886,-0.25,3,3
2024,Chinese Grand Prix,GAS,3,38,HARD,MEDIUM,15.0,101.078,99.758,-1.3200000000000074,3,3
2024,Chinese Grand Prix,HAM,1,9,SOFT,MEDIUM,9.0,103.769,101.904,-1.865000000000009,3,3
2024,Chinese Grand Prix,HAM,2,21,MEDIUM,HARD,12.0,102.854,100.857,-1.9969999999999999,3,3
2024,Chinese Grand Prix,HUL,1,8,MEDIUM,HARD,8.0,103.384,101.429,-1.9549999999999983,3,3
2024,Chinese Grand Prix,HUL,2,23,HARD,HARD,15.0,102.465,100.864,-1.600999999999999,3,3
2024,Chinese Grand Prix,LEC,1,21,MEDIUM,HARD,21.0,102.041,99.525,-2.515999999999991,3,3
2024,Chinese Grand Prix,MAG,1,17,HARD,HARD,17.0,103.959,101.312,-2.6470000000000056,3,3
2024,Chinese Grand Prix,MAG,2,27,HARD,MEDIUM,10.0,101.312,102.473,1.1610000000000014,3,3
2024,Chinese Grand Prix,NOR,1,22,MEDIUM,HARD,22.0,102.167,98.957,-3.210000000000008,3,3
2024,Chinese Grand Prix,OCO,1,9,MEDIUM,HARD,9.0,103.549,101.793,-1.7560000000000002,3,3
2024,Chinese Grand Prix,OCO,2,23,HARD,HARD,14.0,102.544,100.972,-1.5720000000000027,3,3
2024,Chinese Grand Prix,PER,1,13,MEDIUM,HARD,13.0,101.84,100.556,-1.284000000000006,3,3
2024,Chinese Grand Prix,PER,2,23,HARD,HARD,10.0,100.313,99.512,-0.8010000000000019,3,3
2024,Chinese Grand Prix,PIA,1,16,MEDIUM,MEDIUM,16.0,102.871,100.478,-2.3930000000000007,3,3
2024,Chinese Grand Prix,PIA,2,24,MEDIUM,HARD,9.0,100.478,100.748,0.27000000000001023,3,3
2024,Chinese Grand Prix,RIC,1,14,MEDIUM,MEDIUM,14.0,103.115,101.077,-2.0379999999999967,3,3
2024,Chinese Grand Prix,RUS,1,11,MEDIUM,MEDIUM,11.0,103.227,101.308,-1.918999999999997,3,3
2024,Chinese Grand Prix,RUS,2,23,MEDIUM,HARD,12.0,101.491,100.476,-1.0150000000000006,3,3
2024,Chinese Grand Prix,SAI,1,17,MEDIUM,HARD,17.0,102.792,100.401,-2.3910000000000053,3,3
2024,Chinese Grand Prix,SAR,1,12,SOFT,MEDIUM,12.0,103.575,101.741,-1.8340000000000032,3,3
2024,Chinese Grand Prix,SAR,2,24,MEDIUM,HARD,12.0,102.59,102.185,-0.40500000000000114,3,3
2024,Chinese Grand Prix,STR,1,9,SOFT,MEDIUM,9.0,103.261,101.472,-1.7890000000000015,3,3
2024,Chinese Grand Prix,STR,2,21,MEDIUM,MEDIUM,12.0,102.334,102.201,-0.13300000000000978,3,3
2024,Chinese Grand Prix,STR,3,26,HARD,MEDIUM,5.0,102.334,102.201,-0.13300000000000978,3,3
2024,Chinese Grand Prix,STR,4,35,MEDIUM,HARD,9.0,102.201,99.449,-2.7519999999999953,3,3
2024,Chinese Grand Prix,TSU,1,8,SOFT,MEDIUM,8.0,103.669,102.171,-1.4979999999999905,3,3
2024,Chinese Grand Prix,VER,1,13,MEDIUM,HARD,13.0,101.401,99.591,-1.8100000000000023,3,3
2024,Chinese Grand Prix,VER,2,23,HARD,HARD,10.0,100.139,98.426,-1.7129999999999939,3,3
2024,Chinese Grand Prix,ZHO,1,8,MEDIUM,HARD,8.0,104.073,101.833,-2.239999999999995,3,3
2024,Chinese Grand Prix,ZHO,2,23,HARD,HARD,15.0,102.887,102.002,-0.8850000000000051,3,3
2024,Chinese Grand Prix,ZHO,3,40,HARD,SOFT,17.0,101.738,99.32,-2.4180000000000064,3,3
2024,Dutch Grand Prix,ALB,1,12,MEDIUM,HARD,12.0,77.427,76.007,-1.4200000000000017,3,3
2024,Dutch Grand Prix,ALB,2,54,HARD,MEDIUM,42.0,76.044,75.897,-0.14699999999999136,3,3
2024,Dutch Grand Prix,ALO,1,31,MEDIUM,HARD,31.0,77.251,75.521,-1.730000000000004,3,3
2024,Dutch Grand Prix,BOT,1,15,SOFT,HARD,15.0,78.003,76.399,-1.6039999999999992,3,3
2024,Dutch Grand Prix,BOT,2,43,HARD,MEDIUM,28.0,77.507,76.152,-1.355000000000004,3,3
2024,Dutch Grand Prix,GAS,1,32,MEDIUM,HARD,32.0,77.752,75.577,-2.174999999999997,3,3
2024,Dutch Grand Prix,HAM,1,23,SOFT,HARD,23.0,77.126,75.75,-1.3760000000000048,3,3
2024,Dutch Grand Prix,HAM,2,48,HARD,SOFT,25.0,75.768,74.047,-1.7210000000000036,3,3
2024,Dutch Grand Prix,HUL,1,14,MEDIUM,HARD,14.0,77.704,76.066,-1.637999999999991,3,3
2024,Dutch Grand Prix,LEC,1,24,MEDIUM,HARD,24.0,76.728,75.756,-0.9719999999999942,3,3
2024,Dutch Grand Prix,MAG,1,40,HARD,MEDIUM,40.0,77.434,75.403,-2.0309999999999917,3,3
2024,Dutch Grand Prix,NOR,1,28,MEDIUM,HARD,28.0,75.744,74.476,-1.2680000000000007,3,3
2024,Dutch Grand Prix,OCO,1,30,MEDIUM,HARD,30.0,77.821,76.104,-1.7169999999999987,3,3
2024,Dutch Grand Prix,PER,1,29,MEDIUM,HARD,29.0,76.505,75.031,-1.4739999999999895,3,3
2024,Dutch Grand Prix,PIA,1,33,MEDIUM,HARD,33.0,76.214,74.308,-1.9059999999999917,3,3
2024,Dutch Grand Prix,RIC,1,29,MEDIUM,HARD,29.0,77.182,76.179,-1.0030000000000001,3,3
2024,Dutch Grand Prix,RUS,1,25,MEDIUM,HARD,25.0,76.755,75.748,-1.0069999999999908,3,3
2024,Dutch Grand Prix,RUS,2,54,HARD,SOFT,29.0,75.344,73.972,-1.3719999999999999,3,3
2024,Dutch Grand Prix,SAI,1,30,MEDIUM,HARD,30.0,76.566,75.228,-1.338000000000008,3,3
2024,Dutch Grand Prix,SAR,1,22,MEDIUM,HARD,22.0,78.02,75.714,-2.3059999999999974,3,3
2024,Dutch Grand Prix,STR,1,30,MEDIUM,HARD,30.0,77.959,75.476,-2.483000000000004,3,3
2024,Dutch Grand Prix,TSU,1,14,SOFT,MEDIUM,14.0,77.627,75.73,-1.8969999999999914,3,3
2024,Dutch Grand Prix,TSU,2,32,MEDIUM,HARD,18.0,76.986,75.59,-1.3960000000000008,3,3
2024,Dutch Grand Prix,VER,1,27,MEDIUM,HARD,27.0,76.517,75.041,-1.475999999999999,3,3
2024,Dutch Grand Prix,ZHO,1,18,MEDIUM,HARD,18.0,78.194,76.726,-1.4680000000000035,3,3
2024,Dutch Grand Prix,ZHO,2,51,HARD,SOFT,33.0,77.238,75.803,-1.4350000000000023,3,3
2024,Emilia Romagna Grand Prix,ALB,1,8,MEDIUM,MEDIUM,8.0,82.472,81.558,-0.9139999999999873,3,3
2024,Emilia Romagna Grand Prix,ALB,2,9,HARD,MEDIUM,1.0,82.472,81.558,-0.9139999999999873,3,3
2024,Emilia Romagna Grand Prix,ALB,3,23,MEDIUM,MEDIUM,14.0,82.27,82.204,-0.0660000000000025,3,3
2024,Emilia Romagna Grand Prix,ALB,4,28,MEDIUM,MEDIUM,19.0,82.204,81.817,-0.38700000000000045,3,3
2024,Emilia Romagna Grand Prix,ALO,1,7,SOFT,HARD,7.0,82.762,81.68,-1.0819999999999936,3,3
2024,Emilia Romagna Grand Prix,ALO,2,40,HARD,MEDIUM,34.0,82.905,80.979,-1.926000000000002,3,3
2024,Emilia Romagna Grand Prix,ALO,3,59,MEDIUM,SOFT,20.0,83.173,81.6965,-1.4765000000000015,3,2
2024,Emilia Romagna Grand Prix,BOT,1,8,MEDIUM,HARD,8.0,82.568,81.529,-1.0390000000000015,3,3
2024,Emilia Romagna Grand Prix,GAS,1,8,SOFT,HARD,8.0,82.439,81.502,-0.9369999999999976,3,3
2024,Emilia Romagna Grand Prix,GAS,2,30,HARD,MEDIUM,22.0,83.109,81.633,-1.475999999999999,3,3
2024,Emilia Romagna Grand Prix,HAM,1,27,MEDIUM,HARD,27.0,81.561,80.593,-0.9680000000000035,3,3
2024,Emilia Romagna Grand Prix,HUL,1,13,MEDIUM,HARD,13.0,82.538,81.918,-0.6199999999999903,3,3
2024,Emilia Romagna Grand Prix,LEC,1,25,MEDIUM,HARD,25.0,81.943,80.502,-1.4410000000000025,3,3
2024,Emilia Romagna Grand Prix,MAG,1,37,MEDIUM,HARD,37.0,83.175,81.485,-1.6899999999999977,3,3
2024,Emilia Romagna Grand Prix,NOR,1,22,MEDIUM,HARD,22.0,81.855,80.899,-0.9560000000000031,3,3
2024,Emilia Romagna Grand Prix,OCO,1,25,MEDIUM,HARD,25.0,83.376,82.056,-1.3200000000000074,3,3
2024,Emilia Romagna Grand Prix,PER,1,37,HARD,MEDIUM,37.0,82.465,80.731,-1.7340000000000089,3,3
2024,Emilia Romagna Grand Prix,PIA,1,23,MEDIUM,HARD,23.0,81.869,80.577,-1.2920000000000016,3,3
2024,Emilia Romagna Grand Prix,RIC,1,11,MEDIUM,HARD,11.0,82.453,82.005,-0.4480000000000075,3,3
2024,Emilia Romagna Grand Prix,RUS,1,21,MEDIUM,HARD,21.0,82.208,80.951,-1.257000000000005,3,3
2024,Emilia Romagna Grand Prix,RUS,2,52,HARD,MEDIUM,31.0,81.158,79.571,-1.5870000000000033,3,3
2024,Emilia Romagna Grand Prix,SAI,1,27,MEDIUM,HARD,27.0,81.588,80.652,-0.9359999999999928,3,3
2024,Emilia Romagna Grand Prix,SAR,1,31,HARD,MEDIUM,31.0,83.436,81.561,-1.875,3,3
2024,Emilia Romagna Grand Prix,STR,1,37,MEDIUM,HARD,38.0,82.55,81.122,-1.4279999999999973,3,3
2024,Emilia Romagna Grand Prix,TSU,1,12,MEDIUM,HARD,12.0,82.447,81.635,-0.8119999999999976,3,3
2024,Emilia Romagna Grand Prix,VER,1,24,MEDIUM,HARD,24.0,81.763,80.709,-1.054000000000002,3,3
2024,Emilia Romagna Grand Prix,ZHO,1,33,HARD,MEDIUM,33.0,83.326,81.317,-2.0090000000000003,3,3
2024,Hungarian Grand Prix,ALB,1,6,SOFT,HARD,6.0,86.179,84.892,-1.2870000000000061,3,3
2024,Hungarian Grand Prix,ALB,2,29,HARD,HARD,23.0,85.857,84.029,-1.828000000000003,3,3
2024,Hungarian Grand Prix,ALO,1,7,SOFT,MEDIUM,9.0,85.978,84.968,-1.009999999999991,3,3
2024,Hungarian Grand Prix,ALO,2,37,MEDIUM,HARD,31.0,84.709,83.791,-0.9180000000000064,3,3
2024,Hungarian Grand Prix,BOT,1,16,MEDIUM,HARD,17.0,85.277,84.916,-0.3610000000000042,3,3
2024,Hungarian Grand Prix,BOT,2,45,HARD,HARD,29.0,85.871,84.845,-1.0259999999999962,3,3
2024,Hungarian Grand Prix,GAS,1,28,HARD,MEDIUM,28.0,85.949,83.446,-2.503,3,3
2024,Hungarian Grand Prix,HAM,1,16,MEDIUM,HARD,16.0,84.7,83.332,-1.3680000000000092,3,3
2024,Hungarian Grand Prix,HAM,2,40,HARD,HARD,24.0,84.801,83.074,-1.7270000000000039,3,3
2024,Hungarian Grand Prix,HUL,2,29,HARD,HARD,27.0,87.011,83.925,-3.0859999999999985,3,3
2024,Hungarian Grand Prix,LEC,1,23,MEDIUM,HARD,23.0,84.513,83.071,-1.4420000000000073,3,3
2024,Hungarian Grand Prix,LEC,2,40,HARD,MEDIUM,17.0,84.452,82.967,-1.4849999999999994,3,3
2024,Hungarian Grand Prix,MAG,1,6,SOFT,HARD,6.0,86.149,84.852,-1.296999999999997,3,3
2024,Hungarian Grand Prix,MAG,2,34,HARD,HARD,28.0,85.57,84.116,-1.4539999999999935,3,3
2024,Hungarian Grand Prix,NOR,1,17,MEDIUM,HARD,17.0,84.334,83.663,-0.6710000000000065,3,3
2024,Hungarian Grand Prix,NOR,2,45,HARD,MEDIUM,29.0,84.063,82.109,-1.9540000000000077,3,3
2024,Hungarian Grand Prix,OCO,1,6,MEDIUM,HARD,6.0,86.303,84.609,-1.6940000000000026,3,3
2024,Hungarian Grand Prix,OCO,2,30,HARD,HARD,24.0,85.795,84.938,-0.8569999999999993,3,3
2024,Hungarian Grand Prix,OCO,3,64,HARD,SOFT,34.0,85.143,82.174,-2.968999999999994,3,3
2024,Hungarian Grand Prix,PER,1,28,HARD,MEDIUM,28.0,85.554,82.822,-2.7319999999999993,3,3
2024,Hungarian Grand Prix,PER,2,47,MEDIUM,MEDIUM,19.0,82.927,81.299,-1.6280000000000001,3,3
2024,Hungarian Grand Prix,PIA,1,18,MEDIUM,HARD,18.0,84.248,83.474,-0.7740000000000009,3,3
2024,Hungarian Grand Prix,PIA,2,47,HARD,MEDIUM,30.0,84.104,81.863,-2.2409999999999997,3,3
2024,Hungarian Grand Prix,RIC,1,7,MEDIUM,HARD,7.0,86.01,84.905,-1.105000000000004,3,3
2024,Hungarian Grand Prix,RIC,2,28,HARD,HARD,21.0,85.689,83.098,-2.590999999999994,3,3
2024,Hungarian Grand Prix,RUS,1,33,HARD,MEDIUM,33.0,85.077,82.83,-2.247,3,3
2024,Hungarian Grand Prix,RUS,2,53,MEDIUM,HARD,20.0,82.711,81.02,-1.6910000000000025,3,3
2024,Hungarian Grand Prix,SAI,1,21,MEDIUM,HARD,21.0,84.787,84.004,-0.7830000000000013,3,3
2024,Hungarian Grand Prix,SAI,2,47,HARD,MEDIUM,26.0,84.093,81.87,-2.222999999999999,3,3
2024,Hungarian Grand Prix,SAR,1,8,MEDIUM,HARD,8.0,86.082,84.735,-1.3469999999999942,3,3
2024,Hungarian Grand Prix,SAR,2,33,HARD,HARD,25.0,85.494,84.315,-1.179000000000002,3,3
2024,Hungarian Grand Prix,SAR,3,63,HARD,SOFT,30.0,85.867,82.189,-3.6780000000000115,3,3
2024,Hungarian Grand Prix,STR,1,14,SOFT,MEDIUM,17.0,84.813,85.007,0.19400000000000261,3,3
2024,Hungarian Grand Prix,STR,2,45,MEDIUM,HARD,32.0,84.594,82.778,-1.8159999999999883,3,3
2024,Hungarian Grand Prix,TSU,1,29,MEDIUM,HARD,29.0,85.787,83.848,-1.9390000000000072,3,3
2024,Hungarian Grand Prix,VER,1,21,MEDIUM,HARD,21.0,84.523,82.782,-1.7409999999999997,3,3
2024,Hungarian Grand Prix,VER,2,49,HARD,MEDIUM,28.0,84.228,81.171,-3.056999999999988,3,3
2024,Hungarian Grand Prix,ZHO,1,7,MEDIUM,HARD,8.0,86.361,84.849,-1.5120000000000005,3,3
2024,Hungarian Grand Prix,ZHO,2,36,HARD,HARD,29.0,87.856,84.258,-3.597999999999999,3,3
2024,Italian Grand Prix,ALB,1,17,MEDIUM,HARD,17.0,86.454,85.074,-1.3799999999999955,3,3
2024,Italian Grand Prix,ALO,1,12,MEDIUM,HARD,13.0,85.832,84.67,-1.161999999999992,3,3
2024,Italian Grand Prix,ALO,2,35,HARD,HARD,24.0,85.099,83.77,-1.3290000000000077,3,3
2024,Italian Grand Prix,BOT,1,33,HARD,MEDIUM,34.0,86.022,85.213,-0.8090000000000117,3,3
2024,Italian Grand Prix,COL,1,16,MEDIUM,HARD,16.0,86.672,84.928,-1.7439999999999998,3,3
2024,Italian Grand Prix,GAS,1,10,MEDIUM,HARD,10.0,86.465,85.07,-1.3950000000000102,3,3
2024,Italian Grand Prix,GAS,2,30,HARD,HARD,20.0,85.823,84.383,-1.4399999999999977,3,3
2024,Italian Grand Prix,HAM,1,15,MEDIUM,HARD,15.0,85.329,84.831,-0.49799999999999045,3,3
2024,Italian Grand Prix,HAM,2,37,HARD,HARD,22.0,83.531,82.968,-0.5630000000000024,3,3
2024,Italian Grand Prix,HUL,1,5,MEDIUM,HARD,5.0,86.541,85.351,-1.1899999999999977,3,3
2024,Italian Grand Prix,HUL,2,32,HARD,HARD,27.0,85.57,83.761,-1.8089999999999975,3,3
2024,Italian Grand Prix,LEC,1,15,MEDIUM,HARD,15.0,85.529,84.203,-1.3259999999999934,3,3
2024,Italian Grand Prix,MAG,1,14,MEDIUM,HARD,14.0,86.145,85.109,-1.0360000000000014,3,3
2024,Italian Grand Prix,NOR,1,14,MEDIUM,HARD,14.0,84.655,84.154,-0.5010000000000048,3,3
2024,Italian Grand Prix,NOR,2,32,HARD,HARD,18.0,83.3,83.114,-0.18599999999999284,3,3
2024,Italian Grand Prix,OCO,1,31,HARD,MEDIUM,31.0,86.025,84.965,-1.0600000000000023,3,3
2024,Italian Grand Prix,PER,1,23,HARD,HARD,23.0,85.864,83.975,-1.88900000000001,3,3
2024,Italian Grand Prix,PER,2,35,HARD,MEDIUM,12.0,83.611,83.707,0.09599999999998943,3,3
2024,Italian Grand Prix,PIA,1,16,MEDIUM,HARD,16.0,85.048,84.028,-1.019999999999996,3,3
2024,Italian Grand Prix,PIA,2,38,HARD,HARD,22.0,83.691,82.264,-1.4270000000000067,3,3
2024,Italian Grand Prix,RIC,1,11,MEDIUM,HARD,11.0,85.815,85.827,0.012000000000000455,3,3
2024,Italian Grand Prix,RUS,1,11,MEDIUM,HARD,11.0,85.216,84.548,-0.6679999999999922,3,3
2024,Italian Grand Prix,RUS,2,33,HARD,HARD,22.0,83.516,83.158,-0.3580000000000041,3,3
2024,Italian Grand Prix,SAI,1,19,MEDIUM,HARD,19.0,85.407,84.499,-0.9080000000000013,3,3
2024,Italian Grand Prix,STR,1,19,HARD,HARD,20.0,86.593,84.721,-1.8719999999999999,3,3
2024,Italian Grand Prix,STR,2,36,HARD,MEDIUM,19.0,84.863,83.702,-1.1610000000000014,3,3
2024,Italian Grand Prix,VER,1,22,HARD,HARD,22.0,85.537,83.618,-1.9190000000000111,3,3
2024,Italian Grand Prix,VER,2,41,HARD,MEDIUM,19.0,83.501,83.045,-0.45600000000000307,3,3
2024,Italian Grand Prix,ZHO,1,15,MEDIUM,HARD,16.0,86.802,85.245,-1.5570000000000022,3,3
2024,Japanese Grand Prix,ALO,2,13,SOFT,MEDIUM,13.0,98.781,97.021,-1.7600000000000051,3,3
2024,Japanese Grand Prix,ALO,3,33,MEDIUM,HARD,20.0,97.635,95.381,-2.254000000000005,3,3
2024,Japanese Grand Prix,BOT,2,6,SOFT,HARD,6.0,99.462,97.406,-2.0559999999999974,3,3
2024,Japanese Grand Prix,BOT,3,22,HARD,HARD,16.0,99.457,96.858,-2.5989999999999895,3,3
2024,Japanese Grand Prix,GAS,2,16,HARD,MEDIUM,15.0,101.773,98.599,-3.1739999999999924,3,3
2024,Japanese Grand Prix,GAS,3,32,MEDIUM,HARD,16.0,99.052,97.656,-1.3960000000000008,3,3
2024,Japanese Grand Prix,HAM,2,23,HARD,HARD,22.0,98.642,95.447,-3.194999999999993,3,3
2024,Japanese Grand Prix,HAM,3,39,HARD,MEDIUM,16.0,96.622,94.082,-2.5400000000000063,3,3
2024,Japanese Grand Prix,HUL,3,33,HARD,HARD,28.0,99.465,95.933,-3.5319999999999965,3,3
2024,Japanese Grand Prix,LEC,2,26,MEDIUM,HARD,25.0,97.918,96.225,-1.693000000000012,3,3
2024,Japanese Grand Prix,MAG,2,22,MEDIUM,HARD,21.0,99.538,97.033,-2.5049999999999955,3,3
2024,Japanese Grand Prix,NOR,2,11,MEDIUM,HARD,11.0,97.963,96.777,-1.1859999999999928,3,3
2024,Japanese Grand Prix,NOR,3,26,HARD,HARD,15.0,97.722,96.243,-1.4789999999999992,3,3
2024,Japanese Grand Prix,OCO,2,19,HARD,HARD,18.0,100.737,97.775,-2.961999999999989,3,3
2024,Japanese Grand Prix,OCO,3,33,HARD,MEDIUM,14.0,98.499,97.126,-1.3729999999999905,3,3
2024,Japanese Grand Prix,PER,2,15,MEDIUM,MEDIUM,15.0,98.156,97.428,-0.7280000000000086,3,3
2024,Japanese Grand Prix,PER,3,33,MEDIUM,HARD,18.0,97.106,94.479,-2.6269999999999953,3,3
2024,Japanese Grand Prix,PIA,2,12,MEDIUM,HARD,12.0,99.011,97.377,-1.6340000000000003,3,3
2024,Japanese Grand Prix,PIA,3,32,HARD,HARD,20.0,97.771,95.128,-2.6430000000000007,3,3
2024,Japanese Grand Prix,RUS,2,22,HARD,HARD,21.0,98.463,95.673,-2.789999999999992,3,3
2024,Japanese Grand Prix,RUS,3,37,HARD,MEDIUM,15.0,96.47,94.537,-1.9329999999999927,3,3
2024,Japanese Grand Prix,SAI,2,15,MEDIUM,MEDIUM,14.0,98.333,96.698,-1.6350000000000051,3,3
2024,Japanese Grand Prix,SAI,3,36,MEDIUM,HARD,22.0,97.106,94.396,-2.7099999999999937,3,3
2024,Japanese Grand Prix,SAR,2,22,HARD,HARD,21.0,99.537,98.43,-1.1069999999999993,3,3
2024,Japanese Grand Prix,SAR,3,34,HARD,MEDIUM,12.0,97.761,96.103,-1.6580000000000013,3,3
2024,Japanese Grand Prix,SAR,4,41,MEDIUM,SOFT,7.0,96.25,95.087,-1.1629999999999967,3,3
2024,Japanese Grand Prix,STR,2,12,SOFT,MEDIUM,11.0,99.052,98.125,-0.9270000000000067,3,3
2024,Japanese Grand Prix,STR,3,22,MEDIUM,HARD,10.0,99.552,96.995,-2.557000000000002,3,3
2024,Japanese Grand Prix,STR,4,34,HARD,SOFT,12.0,98.202,96.284,-1.9179999999999922,3,3
2024,Japanese Grand Prix,TSU,2,7,SOFT,HARD,9.0,99.108,97.496,-1.612000000000009,3,3
2024,Japanese Grand Prix,TSU,3,22,HARD,HARD,15.0,99.562,97.037,-2.5249999999999915,3,3
2024,Japanese Grand Prix,VER,2,16,MEDIUM,MEDIUM,16.0,97.854,96.402,-1.4519999999999982,3,3
2024,Japanese Grand Prix,VER,3,34,MEDIUM,HARD,18.0,96.92,94.97,-1.9500000000000028,3,3
2024,Japanese Grand Prix,ZHO,2,7,SOFT,HARD,6.0,99.991,97.33,-2.6610000000000014,3,2
2024,Las Vegas Grand Prix,ALB,1,9,MEDIUM,HARD,9.0,99.597,99.066,-0.5309999999999917,3,3
2024,Las Vegas Grand Prix,ALO,1,4,SOFT,HARD,4.0,100.3785,99.614,-0.7644999999999982,2,3
2024,Las Vegas Grand Prix,ALO,2,24,HARD,HARD,21.0,99.515,98.422,-1.0930000000000035,3,3
2024,Las Vegas Grand Prix,BOT,1,17,HARD,MEDIUM,17.0,102.256,99.349,-2.9069999999999965,3,3
2024,Las Vegas Grand Prix,BOT,2,35,MEDIUM,HARD,18.0,100.589,97.092,-3.497,3,3
2024,Las Vegas Grand Prix,COL,1,16,HARD,MEDIUM,16.0,102.309,98.805,-3.5039999999999907,3,3
2024,Las Vegas Grand Prix,COL,2,26,MEDIUM,HARD,10.0,97.947,98.219,0.27199999999999136,3,3
2024,Las Vegas Grand Prix,GAS,1,10,MEDIUM,HARD,10.0,101.258,98.621,-2.6370000000000005,3,3
2024,Las Vegas Grand Prix,HAM,1,13,MEDIUM,HARD,13.0,99.078,97.772,-1.3059999999999974,3,3
2024,Las Vegas Grand Prix,HAM,2,27,HARD,HARD,15.0,97.323,96.748,-0.5749999999999886,3,3
2024,Las Vegas Grand Prix,HUL,1,14,MEDIUM,HARD,14.0,100.972,98.54,-2.431999999999988,3,3
2024,Las Vegas Grand Prix,HUL,2,33,HARD,HARD,19.0,98.741,97.73,-1.0109999999999957,3,3
2024,Las Vegas Grand Prix,LAW,1,11,MEDIUM,HARD,11.0,100.967,99.219,-1.7480000000000047,3,3
2024,Las Vegas Grand Prix,LAW,2,38,HARD,HARD,28.0,100.531,97.463,-3.068000000000012,3,3
2024,Las Vegas Grand Prix,LEC,1,9,MEDIUM,HARD,9.0,100.006,99.948,-0.058000000000006935,3,3
2024,Las Vegas Grand Prix,LEC,2,31,HARD,HARD,22.0,98.07,97.081,-0.9889999999999901,3,3
2024,Las Vegas Grand Prix,MAG,1,17,MEDIUM,HARD,17.0,101.962,99.503,-2.459000000000003,3,3
2024,Las Vegas Grand Prix,NOR,1,9,MEDIUM,HARD,9.0,99.716,99.909,0.19300000000001205,3,3
2024,Las Vegas Grand Prix,NOR,2,30,HARD,HARD,21.0,98.892,97.649,-1.242999999999995,3,3
2024,Las Vegas Grand Prix,OCO,1,11,MEDIUM,HARD,11.0,100.852,98.931,-1.9210000000000065,3,3
2024,Las Vegas Grand Prix,OCO,2,12,MEDIUM,HARD,12.0,100.852,98.931,-1.9210000000000065,3,3
2024,Las Vegas Grand Prix,OCO,3,45,HARD,SOFT,33.0,98.799,96.649,-2.1500000000000057,3,3
2024,Las Vegas Grand Prix,PER,1,17,HARD,MEDIUM,17.0,100.939,98.25,-2.688999999999993,3,3
2024,Las Vegas Grand Prix,PER,2,32,MEDIUM,HARD,15.0,98.317,97.112,-1.2049999999999983,3,3
2024,Las Vegas Grand Prix,PIA,1,10,MEDIUM,HARD,10.0,100.351,98.137,-2.2139999999999986,3,3
2024,Las Vegas Grand Prix,PIA,2,25,HARD,HARD,15.0,99.05,97.906,-1.1439999999999912,3,3
2024,Las Vegas Grand Prix,RUS,1,12,MEDIUM,HARD,13.0,98.689,98.296,-0.39299999999998647,3,3
2024,Las Vegas Grand Prix,RUS,2,32,HARD,HARD,21.0,97.556,97.246,-0.3100000000000023,3,3
2024,Las Vegas Grand Prix,SAI,1,10,MEDIUM,HARD,10.0,99.584,99.627,0.042999999999992156,3,3
2024,Las Vegas Grand Prix,SAI,2,28,HARD,HARD,18.0,97.944,97.353,-0.5910000000000082,3,3
2024,Las Vegas Grand Prix,STR,1,9,MEDIUM,HARD,10.0,99.302,99.89,0.5879999999999939,3,3
2024,Las Vegas Grand Prix,STR,2,28,HARD,HARD,20.0,99.488,98.352,-1.1359999999999957,3,3
2024,Las Vegas Grand Prix,TSU,1,10,MEDIUM,HARD,10.0,99.973,98.304,-1.668999999999997,3,3
2024,Las Vegas Grand Prix,TSU,2,29,HARD,HARD,20.0,98.932,98.174,-0.7579999999999956,3,3
2024,Las Vegas Grand Prix,VER,1,11,MEDIUM,HARD,11.0,99.79,98.376,-1.4140000000000015,3,3
2024,Las Vegas Grand Prix,VER,2,27,HARD,HARD,16.0,97.695,97.549,-0.14599999999998658,3,3
2024,Las Vegas Grand Prix,ZHO,1,11,MEDIUM,HARD,12.0,100.819,99.349,-1.4699999999999989,3,3
2024,Las Vegas Grand Prix,ZHO,2,34,HARD,HARD,24.0,99.674,97.553,-2.1210000000000093,3,3
2024,Mexico City Grand Prix,BOT,1,49,HARD,MEDIUM,50.0,83.008,81.442,-1.5660000000000025,3,3
2024,Mexico City Grand Prix,COL,1,47,HARD,MEDIUM,47.0,82.625,80.348,-2.277000000000001,3,3
2024,Mexico City Grand Prix,GAS,1,28,MEDIUM,HARD,28.0,83.969,82.583,-1.3859999999999957,3,3
2024,Mexico City Grand Prix,HAM,1,28,MEDIUM,HARD,28.0,83.203,81.536,-1.6670000000000016,3,3
2024,Mexico City Grand Prix,HUL,1,29,MEDIUM,HARD,29.0,83.881,82.245,-1.6359999999999957,3,3
2024,Mexico City Grand Prix,LAW,1,39,HARD,MEDIUM,39.0,83.154,81.503,-1.6509999999999962,3,3
2024,Mexico City Grand Prix,LAW,2,65,MEDIUM,SOFT,26.0,81.773,81.545,-0.22799999999999443,3,3
2024,Mexico City Grand Prix,LEC,1,31,MEDIUM,HARD,31.0,82.33,80.847,-1.483000000000004,3,3
2024,Mexico City Grand Prix,MAG,1,30,MEDIUM,HARD,30.0,83.847,81.946,-1.9009999999999962,3,3
2024,Mexico City Grand Prix,NOR,1,30,MEDIUM,HARD,30.0,82.676,80.881,-1.7950000000000017,3,3
2024,Mexico City Grand Prix,OCO,1,48,HARD,MEDIUM,48.0,83.089,81.207,-1.882000000000005,3,3
2024,Mexico City Grand Prix,PER,1,20,HARD,MEDIUM,20.0,83.257,81.879,-1.3780000000000001,3,3
2024,Mexico City Grand Prix,PER,2,43,MEDIUM,MEDIUM,23.0,84.347,81.516,-2.830999999999989,3,3
2024,Mexico City Grand Prix,PIA,1,39,MEDIUM,HARD,39.0,82.667,81.367,-1.2999999999999972,3,3
2024,Mexico City Grand Prix,RUS,1,31,MEDIUM,HARD,31.0,82.598,81.708,-0.8900000000000006,3,3
2024,Mexico City Grand Prix,SAI,1,32,MEDIUM,HARD,32.0,81.869,81.079,-0.7900000000000063,3,3
2024,Mexico City Grand Prix,STR,1,26,MEDIUM,HARD,27.0,84.011,82.837,-1.1739999999999924,3,3
2024,Mexico City Grand Prix,VER,1,26,MEDIUM,HARD,26.0,82.455,82.28,-0.17499999999999716,3,3
2024,Mexico City Grand Prix,ZHO,1,43,HARD,MEDIUM,44.0,83.646,82.364,-1.2819999999999965,3,3
2024,Miami Grand Prix,ALB,1,10,MEDIUM,HARD,10.0,94.26,93.929,-0.33100000000000307,3,3
2024,Miami Grand Prix,ALB,2,53,HARD,SOFT,43.0,94.142,91.272,-2.8699999999999903,3,3
2024,Miami Grand Prix,ALO,1,22,HARD,MEDIUM,23.0,94.23,93.462,-0.7680000000000007,3,3
2024,Miami Grand Prix,BOT,1,11,SOFT,HARD,11.0,94.726,93.615,-1.1110000000000042,3,3
2024,Miami Grand Prix,BOT,2,29,HARD,MEDIUM,18.0,93.561,93.009,-0.5520000000000067,3,3
2024,Miami Grand Prix,GAS,1,12,MEDIUM,HARD,12.0,94.731,93.375,-1.3559999999999945,3,3
2024,Miami Grand Prix,HAM,1,26,HARD,MEDIUM,26.0,92.932,92.268,-0.6640000000000015,3,3
2024,Miami Grand Prix,HUL,1,12,MEDIUM,HARD,12.0,94.756,93.304,-1.4519999999999982,3,3
2024,Miami Grand Prix,HUL,2,28,HARD,MEDIUM,16.0,94.099,93.115,-0.9840000000000089,3,3
2024,Miami Grand Prix,LEC,1,19,MEDIUM,HARD,19.0,93.026,92.395,-0.6310000000000002,3,3
2024,Miami Grand Prix,MAG,1,22,HARD,MEDIUM,22.0,94.121,93.181,-0.9399999999999977,3,3
2024,Miami Grand Prix,MAG,2,28,MEDIUM,MEDIUM,6.0,93.379,91.993,-1.38600000000001,3,3
2024,Miami Grand Prix,MAG,3,31,MEDIUM,MEDIUM,3.0,93.379,91.993,-1.38600000000001,3,3
2024,Miami Grand Prix,NOR,1,29,MEDIUM,HARD,29.0,92.162,91.289,-0.8730000000000047,3,3
2024,Miami Grand Prix,OCO,1,22,MEDIUM,HARD,22.0,94.069,93.041,-1.0280000000000058,3,3
2024,Miami Grand Prix,PER,1,17,MEDIUM,HARD,17.0,93.337,93.069,-0.2680000000000007,3,3
2024,Miami Grand Prix,PER,2,28,HARD,MEDIUM,11.0,92.512,92.188,-0.32399999999999807,3,3
2024,Miami Grand Prix,PIA,1,27,MEDIUM,HARD,27.0,92.455,92.143,-0.3119999999999976,3,3
2024,Miami Grand Prix,PIA,2,40,HARD,MEDIUM,13.0,92.035,90.643,-1.391999999999996,3,3
2024,Miami Grand Prix,RIC,1,28,HARD,MEDIUM,28.0,93.435,93.89,0.4549999999999983,3,3
2024,Miami Grand Prix,RUS,1,24,MEDIUM,HARD,27.0,93.713,92.595,-1.117999999999995,3,3
2024,Miami Grand Prix,SAI,1,27,MEDIUM,HARD,27.0,92.573,92.105,-0.4679999999999893,3,3
2024,Miami Grand Prix,SAR,1,11,MEDIUM,HARD,11.0,94.474,93.692,-0.7820000000000107,3,3
2024,Miami Grand Prix,STR,1,11,MEDIUM,HARD,12.0,94.1,93.479,-0.6209999999999951,3,3
2024,Miami Grand Prix,STR,2,28,HARD,MEDIUM,18.0,93.711,93.033,-0.6779999999999973,3,3
2024,Miami Grand Prix,TSU,1,28,MEDIUM,HARD,28.0,93.109,93.232,0.12300000000000466,3,3
2024,Miami Grand Prix,VER,1,23,MEDIUM,HARD,23.0,92.668,92.41,-0.2580000000000098,3,3
2024,Miami Grand Prix,ZHO,1,28,MEDIUM,SOFT,28.0,93.644,93.438,-0.20600000000000307,3,3
2024,Monaco Grand Prix,BOT,2,15,MEDIUM,HARD,14.0,81.328,76.567,-4.76100000000001,3,3
2024,Monaco Grand Prix,HAM,2,51,MEDIUM,HARD,50.0,77.831,76.458,-1.3730000000000047,3,3
2024,Monaco Grand Prix,SAR,2,57,HARD,MEDIUM,57.0,81.474,75.58,-5.8940000000000055,3,3
2024,Monaco Grand Prix,STR,2,42,MEDIUM,HARD,42.0,80.2,78.551,-1.649000000000001,3,3
2024,Monaco Grand Prix,STR,3,48,HARD,SOFT,8.0,78.296,77.35,-0.9460000000000122,3,3
2024,Monaco Grand Prix,VER,2,52,MEDIUM,HARD,51.0,78.477,75.466,-3.01100000000001,3,3
2024,Monaco Grand Prix,ZHO,2,70,HARD,SOFT,69.0,80.484,80.473,-0.01099999999999568,3,3
2024,Qatar Grand Prix,ALB,1,35,MEDIUM,SOFT,35.0,86.572,86.524,-0.04800000000000182,3,3
2024,Qatar Grand Prix,ALB,2,36,SOFT,SOFT,1.0,86.572,86.524,-0.04800000000000182,3,3
2024,Qatar Grand Prix,ALB,3,37,SOFT,SOFT,2.0,86.572,86.524,-0.04800000000000182,3,3
2024,Qatar Grand Prix,ALO,1,35,MEDIUM,MEDIUM,35.0,85.797,85.477,-0.3199999999999932,3,3
2024,Qatar Grand Prix,ALO,2,36,HARD,MEDIUM,1.0,85.797,85.477,-0.3199999999999932,3,3
2024,Qatar Grand Prix,ALO,3,37,MEDIUM,MEDIUM,7.0,85.797,85.477,-0.3199999999999932,3,3
2024,Qatar Grand Prix,BOT,1,24,MEDIUM,HARD,24.0,86.843,87.079,0.23599999999999,3,3
2024,Qatar Grand Prix,BOT,2,35,HARD,MEDIUM,11.0,88.461,86.779,-1.6820000000000022,3,3
2024,Qatar Grand Prix,BOT,3,36,MEDIUM,MEDIUM,9.0,88.461,86.779,-1.6820000000000022,3,3
2024,Qatar Grand Prix,GAS,1,35,MEDIUM,HARD,35.0,85.331,84.238,-1.0930000000000035,3,3
2024,Qatar Grand Prix,GAS,2,36,HARD,HARD,1.0,85.331,84.238,-1.0930000000000035,3,3
2024,Qatar Grand Prix,GAS,3,37,HARD,HARD,2.0,85.331,84.238,-1.0930000000000035,3,3
2024,Qatar Grand Prix,HAM,1,34,MEDIUM,HARD,34.0,85.272,87.093,1.820999999999998,3,3
2024,Qatar Grand Prix,HAM,2,35,HARD,HARD,1.0,85.272,87.093,1.820999999999998,3,3
2024,Qatar Grand Prix,HAM,3,36,HARD,HARD,2.0,85.272,87.093,1.820999999999998,3,3
2024,Qatar Grand Prix,HAM,4,47,HARD,HARD,13.0,85.28,84.806,-0.47400000000000375,3,3
2024,Qatar Grand Prix,LAW,1,35,MEDIUM,SOFT,35.0,86.219,86.207,-0.012000000000000455,3,3
2024,Qatar Grand Prix,LAW,2,36,HARD,SOFT,1.0,86.219,86.207,-0.012000000000000455,3,3
2024,Qatar Grand Prix,LAW,3,37,HARD,SOFT,2.0,86.219,86.207,-0.012000000000000455,3,3
2024,Qatar Grand Prix,LAW,4,40,HARD,SOFT,5.0,86.219,86.207,-0.012000000000000455,3,3
2024,Qatar Grand Prix,LEC,1,35,MEDIUM,HARD,36.0,84.754,84.012,-0.7420000000000044,3,3
2024,Qatar Grand Prix,LEC,2,36,HARD,HARD,1.0,84.754,84.012,-0.7420000000000044,3,3
2024,Qatar Grand Prix,LEC,3,37,HARD,HARD,2.0,84.754,84.012,-0.7420000000000044,3,3
2024,Qatar Grand Prix,MAG,1,27,MEDIUM,HARD,27.0,86.148,85.602,-0.5459999999999923,3,3
2024,Qatar Grand Prix,MAG,2,36,HARD,HARD,9.0,85.877,86.26,0.3830000000000098,3,3
2024,Qatar Grand Prix,MAG,3,37,HARD,HARD,10.0,85.877,86.26,0.3830000000000098,3,3
2024,Qatar Grand Prix,NOR,1,35,MEDIUM,HARD,35.0,84.65,83.473,-1.1770000000000067,3,3
2024,Qatar Grand Prix,NOR,2,36,HARD,HARD,1.0,84.65,83.473,-1.1770000000000067,3,3
2024,Qatar Grand Prix,NOR,3,37,HARD,HARD,2.0,84.65,83.473,-1.1770000000000067,3,3
2024,Qatar Grand Prix,NOR,4,45,HARD,HARD,10.0,84.562,82.822,-1.7399999999999949,3,3
2024,Qatar Grand Prix,PIA,1,34,MEDIUM,HARD,34.0,84.894,84.301,-0.5930000000000035,3,3
2024,Qatar Grand Prix,PIA,2,36,HARD,HARD,2.0,84.894,84.301,-0.5930000000000035,3,3
2024,Qatar Grand Prix,PIA,3,37,HARD,HARD,3.0,84.894,84.301,-0.5930000000000035,3,3
2024,Qatar Grand Prix,RUS,1,23,MEDIUM,HARD,24.0,85.721,85.973,0.25199999999999534,3,3
2024,Qatar Grand Prix,RUS,2,35,HARD,HARD,12.0,85.583,84.644,-0.938999999999993,3,3
2024,Qatar Grand Prix,RUS,3,36,HARD,HARD,1.0,85.583,84.644,-0.938999999999993,3,3
2024,Qatar Grand Prix,RUS,4,37,HARD,HARD,2.0,85.583,84.644,-0.938999999999993,3,3
2024,Qatar Grand Prix,SAI,1,34,MEDIUM,HARD,35.0,84.885,85.236,0.3509999999999991,3,3
2024,Qatar Grand Prix,SAI,2,36,HARD,HARD,2.0,84.885,85.236,0.3509999999999991,3,3
2024,Qatar Grand Prix,SAI,3,37,HARD,HARD,3.0,84.885,85.236,0.3509999999999991,3,3
2024,Qatar Grand Prix,TSU,1,35,MEDIUM,SOFT,35.0,86.456,87.188,0.7319999999999993,3,3
2024,Qatar Grand Prix,TSU,2,36,HARD,SOFT,1.0,86.456,87.188,0.7319999999999993,3,3
2024,Qatar Grand Prix,TSU,3,37,HARD,SOFT,2.0,86.456,87.188,0.7319999999999993,3,3
2024,Qatar Grand Prix,TSU,4,40,HARD,SOFT,5.0,86.456,87.188,0.7319999999999993,3,3
2024,Qatar Grand Prix,VER,1,35,MEDIUM,HARD,35.0,84.427,83.533,-0.8940000000000055,3,3
2024,Qatar Grand Prix,VER,2,36,HARD,HARD,1.0,84.427,83.533,-0.8940000000000055,3,3
2024,Qatar Grand Prix,VER,3,37,HARD,HARD,2.0,84.427,83.533,-0.8940000000000055,3,3
2024,Qatar Grand Prix,ZHO,1,35,MEDIUM,HARD,35.0,85.849,86.299,0.45000000000000284,3,3
2024,Qatar Grand Prix,ZHO,2,36,HARD,HARD,1.0,85.849,86.299,0.45000000000000284,3,3
2024,Qatar Grand Prix,ZHO,3,37,HARD,HARD,2.0,85.849,86.299,0.45000000000000284,3,3
2024,Saudi Arabian Grand Prix,ALB,1,7,MEDIUM,HARD,7.0,95.59,95.441,-0.1490000000000009,3,3
2024,Saudi Arabian Grand Prix,ALO,1,7,MEDIUM,HARD,8.0,94.512,94.735,0.22299999999999898,3,3
2024,Saudi Arabian Grand Prix,BEA,1,7,SOFT,HARD,7.0,95.645,95.645,0.0,3,3
2024,Saudi Arabian Grand Prix,BOT,1,7,SOFT,HARD,7.0,96.244,96.456,0.2120000000000033,3,3
2024,Saudi Arabian Grand Prix,BOT,2,35,HARD,SOFT,28.0,95.721,93.028,-2.692999999999998,3,3
2024,Saudi Arabian Grand Prix,HAM,1,36,MEDIUM,SOFT,36.0,93.693,92.315,-1.3780000000000001,3,3
2024,Saudi Arabian Grand Prix,HUL,1,33,MEDIUM,HARD,33.0,94.182,93.106,-1.0760000000000076,3,3
2024,Saudi Arabian Grand Prix,LEC,1,7,MEDIUM,HARD,7.0,94.382,94.443,0.06099999999999284,3,3
2024,Saudi Arabian Grand Prix,MAG,1,7,MEDIUM,HARD,7.0,95.684,95.229,-0.4549999999999983,3,3
2024,Saudi Arabian Grand Prix,NOR,1,37,MEDIUM,SOFT,37.0,93.571,92.095,-1.475999999999999,3,3
2024,Saudi Arabian Grand Prix,OCO,1,7,MEDIUM,HARD,7.0,96.261,95.969,-0.2920000000000016,3,3
2024,Saudi Arabian Grand Prix,PER,1,7,MEDIUM,HARD,7.0,94.046,93.93,-0.11599999999999966,3,3
2024,Saudi Arabian Grand Prix,PIA,1,7,MEDIUM,HARD,7.0,94.557,94.448,-0.10900000000000887,3,3
2024,Saudi Arabian Grand Prix,RIC,1,7,MEDIUM,HARD,7.0,95.847,96.819,0.9720000000000084,3,3
2024,Saudi Arabian Grand Prix,RUS,1,7,MEDIUM,HARD,7.0,95.06,95.048,-0.012000000000000455,3,3
2024,Saudi Arabian Grand Prix,SAR,1,7,MEDIUM,HARD,7.0,96.204,96.468,0.26400000000001,3,3
2024,Saudi Arabian Grand Prix,TSU,1,7,MEDIUM,HARD,7.0,95.589,95.738,0.1490000000000009,3,3
2024,Saudi Arabian Grand Prix,VER,1,7,MEDIUM,HARD,7.0,93.754,93.61,-0.14400000000000546,3,3
2024,Saudi Arabian Grand Prix,ZHO,1,41,MEDIUM,SOFT,41.0,93.914,92.857,-1.0570000000000022,3,3
2024,São Paulo Grand Prix,ALO,1,27,INTERMEDIATE,INTERMEDIATE,27.0,84.443,99.529,15.085999999999999,3,3
2024,São Paulo Grand Prix,ALO,2,32,INTERMEDIATE,INTERMEDIATE,8.0,86.96,92.61,5.650000000000006,3,3
2024,São Paulo Grand Prix,BEA,1,27,INTERMEDIATE,INTERMEDIATE,27.0,84.737,92.73,7.993000000000009,3,3
2024,São Paulo Grand Prix,BEA,2,32,INTERMEDIATE,INTERMEDIATE,5.0,85.027,91.578,6.551000000000002,3,3
2024,São Paulo Grand Prix,BOT,1,32,INTERMEDIATE,INTERMEDIATE,32.0,87.132,95.37,8.238,3,3
2024,São Paulo Grand Prix,GAS,1,32,INTERMEDIATE,INTERMEDIATE,32.0,85.245,88.741,3.495999999999995,3,3
2024,São Paulo Grand Prix,HAM,1,27,INTERMEDIATE,INTERMEDIATE,27.0,84.983,97.691,12.707999999999998,3,3
2024,São Paulo Grand Prix,HAM,2,32,INTERMEDIATE,INTERMEDIATE,5.0,85.165,91.457,6.291999999999987,3,3
2024,São Paulo Grand Prix,LAW,1,28,INTERMEDIATE,INTERMEDIATE,31.0,84.915,92.634,7.718999999999994,3,3
2024,São Paulo Grand Prix,LAW,2,32,WET,INTERMEDIATE,19.0,84.915,92.634,7.718999999999994,3,3
2024,São Paulo Grand Prix,LEC,1,24,INTERMEDIATE,INTERMEDIATE,26.0,84.309,89.146,4.837000000000003,3,3
2024,São Paulo Grand Prix,LEC,2,32,INTERMEDIATE,INTERMEDIATE,11.0,84.479,87.467,2.9879999999999995,3,3
2024,São Paulo Grand Prix,NOR,1,28,INTERMEDIATE,INTERMEDIATE,31.0,85.114,87.235,2.120999999999995,3,3
2024,São Paulo Grand Prix,NOR,2,32,INTERMEDIATE,INTERMEDIATE,8.0,85.114,87.235,2.120999999999995,3,3
2024,São Paulo Grand Prix,OCO,1,32,INTERMEDIATE,INTERMEDIATE,34.0,85.47,86.913,1.4429999999999978,3,3
2024,São Paulo Grand Prix,PER,1,27,INTERMEDIATE,WET,27.0,86.257,97.821,11.563999999999993,3,3
2024,São Paulo Grand Prix,PER,2,32,WET,INTERMEDIATE,10.0,86.572,92.534,5.962000000000003,3,3
2024,São Paulo Grand Prix,PIA,1,27,INTERMEDIATE,INTERMEDIATE,30.0,84.918,98.248,13.329999999999998,3,3
2024,São Paulo Grand Prix,PIA,2,32,INTERMEDIATE,INTERMEDIATE,9.0,88.032,89.882,1.8500000000000085,3,3
2024,São Paulo Grand Prix,RUS,1,28,INTERMEDIATE,INTERMEDIATE,31.0,85.404,88.677,3.2730000000000103,3,3
2024,São Paulo Grand Prix,RUS,2,32,INTERMEDIATE,INTERMEDIATE,7.0,85.404,88.677,3.2730000000000103,3,3
2024,São Paulo Grand Prix,SAI,1,27,INTERMEDIATE,INTERMEDIATE,27.0,85.684,100.313,14.629000000000005,3,3
2024,São Paulo Grand Prix,SAI,2,32,INTERMEDIATE,INTERMEDIATE,5.0,86.167,91.779,5.611999999999995,3,3
2024,São Paulo Grand Prix,TSU,1,28,INTERMEDIATE,INTERMEDIATE,31.0,84.91,91.883,6.972999999999999,3,3
2024,São Paulo Grand Prix,TSU,2,32,WET,INTERMEDIATE,4.0,84.91,91.883,6.972999999999999,3,3
2024,São Paulo Grand Prix,VER,1,32,INTERMEDIATE,INTERMEDIATE,32.0,85.252,88.006,2.754000000000005,3,3
2024,São Paulo Grand Prix,ZHO,1,27,INTERMEDIATE,INTERMEDIATE,27.0,87.336,95.014,7.677999999999997,3,3
2024,São Paulo Grand Prix,ZHO,2,28,INTERMEDIATE,INTERMEDIATE,1.0,87.336,95.014,7.677999999999997,3,3
2024,São Paulo Grand Prix,ZHO,3,31,WET,INTERMEDIATE,10.0,87.336,95.014,7.677999999999997,3,3
2024,São Paulo Grand Prix,ZHO,4,32,INTERMEDIATE,INTERMEDIATE,1.0,87.336,95.014,7.677999999999997,3,3
2024,Singapore Grand Prix,ALB,1,11,MEDIUM,HARD,11.0,99.767,97.814,-1.953000000000003,3,2
2024,Singapore Grand Prix,ALO,1,25,MEDIUM,HARD,26.0,99.272,98.614,-0.6580000000000013,3,3
2024,Singapore Grand Prix,BOT,1,33,HARD,MEDIUM,33.0,100.933,99.076,-1.8570000000000135,3,3
2024,Singapore Grand Prix,COL,1,29,MEDIUM,HARD,29.0,99.701,97.983,-1.7179999999999893,3,3
2024,Singapore Grand Prix,GAS,1,37,MEDIUM,SOFT,37.0,100.822,97.823,-2.9990000000000094,3,3
2024,Singapore Grand Prix,HAM,1,17,SOFT,HARD,19.0,98.287,98.745,0.4579999999999984,3,3
2024,Singapore Grand Prix,HUL,1,29,MEDIUM,HARD,29.0,99.773,98.385,-1.387999999999991,3,3
2024,Singapore Grand Prix,LEC,1,36,MEDIUM,HARD,36.0,98.494,96.556,-1.9380000000000024,3,3
2024,Singapore Grand Prix,MAG,1,28,HARD,MEDIUM,28.0,100.97,98.206,-2.763999999999996,3,3
2024,Singapore Grand Prix,MAG,2,49,MEDIUM,SOFT,21.0,98.264,98.089,-0.17499999999999716,3,3
2024,Singapore Grand Prix,NOR,1,30,MEDIUM,HARD,30.0,97.603,96.714,-0.8889999999999958,3,3
2024,Singapore Grand Prix,OCO,1,29,MEDIUM,HARD,29.0,100.723,98.512,-2.2109999999999985,3,3
2024,Singapore Grand Prix,PER,1,28,MEDIUM,HARD,28.0,99.784,98.407,-1.3770000000000095,3,3
2024,Singapore Grand Prix,PIA,1,38,MEDIUM,HARD,38.0,98.322,96.265,-2.057000000000002,3,3
2024,Singapore Grand Prix,RIC,1,10,SOFT,MEDIUM,10.0,99.598,98.644,-0.9539999999999935,3,3
2024,Singapore Grand Prix,RIC,2,46,MEDIUM,SOFT,36.0,99.045,97.247,-1.7980000000000018,3,3
2024,Singapore Grand Prix,RIC,3,58,SOFT,SOFT,12.0,97.061,97.018,-0.043000000000006366,3,2
2024,Singapore Grand Prix,RUS,1,27,MEDIUM,HARD,27.0,98.757,97.097,-1.6600000000000108,3,3
2024,Singapore Grand Prix,SAI,1,13,MEDIUM,HARD,13.0,98.947,96.908,-2.0390000000000015,3,3
2024,Singapore Grand Prix,STR,1,26,HARD,MEDIUM,27.0,100.328,99.233,-1.0949999999999989,3,3
2024,Singapore Grand Prix,TSU,1,33,MEDIUM,SOFT,33.0,100.018,98.73,-1.2879999999999967,3,3
2024,Singapore Grand Prix,VER,1,29,MEDIUM,HARD,29.0,98.927,96.824,-2.1030000000000086,3,3
2024,Singapore Grand Prix,ZHO,1,34,HARD,MEDIUM,34.0,101.21,98.329,-2.8810000000000002,3,3
2024,Spanish Grand Prix,ALB,1,18,MEDIUM,SOFT,18.0,83.526,80.288,-3.2379999999999995,3,3
2024,Spanish Grand Prix,ALB,2,43,SOFT,SOFT,25.0,82.155,79.852,-2.3029999999999973,3,3
2024,Spanish Grand Prix,ALO,1,19,SOFT,MEDIUM,19.0,82.546,80.488,-2.058000000000007,3,3
2024,Spanish Grand Prix,ALO,2,45,MEDIUM,HARD,27.0,80.537,78.727,-1.8100000000000023,3,3
2024,Spanish Grand Prix,BOT,1,11,SOFT,SOFT,11.0,82.314,80.017,-2.296999999999997,3,3
2024,Spanish Grand Prix,BOT,2,28,SOFT,HARD,20.0,83.041,80.47,-2.570999999999998,3,3
2024,Spanish Grand Prix,GAS,1,14,SOFT,MEDIUM,17.0,81.638,80.203,-1.4350000000000023,3,3
2024,Spanish Grand Prix,GAS,2,38,MEDIUM,HARD,24.0,81.282,79.64,-1.641999999999996,3,3
2024,Spanish Grand Prix,HAM,1,16,SOFT,MEDIUM,19.0,81.601,79.703,-1.8979999999999961,3,3
2024,Spanish Grand Prix,HAM,2,43,MEDIUM,SOFT,27.0,80.032,78.212,-1.8199999999999932,3,3
2024,Spanish Grand Prix,HUL,1,12,SOFT,MEDIUM,12.0,81.852,80.698,-1.1540000000000106,3,3
2024,Spanish Grand Prix,HUL,2,38,MEDIUM,HARD,26.0,81.04,80.356,-0.6840000000000117,3,3
2024,Spanish Grand Prix,LEC,1,24,SOFT,MEDIUM,24.0,81.497,79.324,-2.173000000000002,3,3
2024,Spanish Grand Prix,LEC,2,47,MEDIUM,SOFT,23.0,80.001,78.179,-1.8220000000000027,3,3
2024,Spanish Grand Prix,MAG,1,10,SOFT,MEDIUM,10.0,82.22,81.224,-0.9959999999999951,3,3
2024,Spanish Grand Prix,MAG,2,29,MEDIUM,HARD,19.0,81.945,79.927,-2.0179999999999865,3,3
2024,Spanish Grand Prix,NOR,1,23,SOFT,MEDIUM,23.0,80.907,79.317,-1.5900000000000034,3,3
2024,Spanish Grand Prix,NOR,2,47,MEDIUM,SOFT,24.0,79.419,77.377,-2.0420000000000016,3,3
2024,Spanish Grand Prix,OCO,1,13,SOFT,MEDIUM,16.0,81.875,80.224,-1.6509999999999962,3,3
2024,Spanish Grand Prix,OCO,2,37,MEDIUM,HARD,24.0,81.479,79.889,-1.5900000000000034,3,3
2024,Spanish Grand Prix,PER,1,13,SOFT,SOFT,16.0,81.734,80.42,-1.313999999999993,3,3
2024,Spanish Grand Prix,PER,2,31,SOFT,MEDIUM,21.0,81.403,79.316,-2.0870000000000033,3,3
2024,Spanish Grand Prix,PER,3,49,MEDIUM,SOFT,18.0,79.811,78.29,-1.5210000000000008,3,3
2024,Spanish Grand Prix,PIA,1,21,SOFT,MEDIUM,24.0,81.727,79.833,-1.8940000000000055,3,3
2024,Spanish Grand Prix,PIA,2,46,MEDIUM,SOFT,25.0,80.15,78.257,-1.8930000000000007,3,3
2024,Spanish Grand Prix,RIC,1,16,SOFT,MEDIUM,16.0,81.974,81.415,-0.5589999999999975,3,3
2024,Spanish Grand Prix,RIC,2,42,MEDIUM,HARD,26.0,82.205,81.034,-1.1709999999999923,3,3
2024,Spanish Grand Prix,RUS,1,15,SOFT,MEDIUM,18.0,81.383,79.539,-1.843999999999994,3,3
2024,Spanish Grand Prix,RUS,2,36,MEDIUM,HARD,21.0,80.204,78.964,-1.2399999999999949,3,3
2024,Spanish Grand Prix,SAI,1,15,SOFT,MEDIUM,15.0,81.62,80.0,-1.6200000000000045,3,3
2024,Spanish Grand Prix,SAI,2,36,MEDIUM,HARD,21.0,80.231,78.86,-1.3709999999999951,3,3
2024,Spanish Grand Prix,SAR,1,14,SOFT,MEDIUM,14.0,82.588,81.077,-1.5109999999999957,3,3
2024,Spanish Grand Prix,SAR,2,34,MEDIUM,HARD,20.0,82.721,80.274,-2.4470000000000027,3,3
2024,Spanish Grand Prix,STR,1,17,SOFT,MEDIUM,17.0,81.918,80.783,-1.1350000000000051,3,3
2024,Spanish Grand Prix,STR,2,37,MEDIUM,HARD,21.0,81.339,80.421,-0.9179999999999922,3,3
2024,Spanish Grand Prix,TSU,1,9,SOFT,MEDIUM,9.0,82.959,81.644,-1.3149999999999977,3,3
2024,Spanish Grand Prix,TSU,2,27,MEDIUM,HARD,18.0,81.791,79.755,-2.0360000000000014,3,3
2024,Spanish Grand Prix,TSU,3,44,HARD,SOFT,17.0,81.475,80.706,-0.7689999999999912,3,3
2024,Spanish Grand Prix,VER,1,17,SOFT,MEDIUM,20.0,81.097,79.966,-1.1310000000000002,3,3
2024,Spanish Grand Prix,VER,2,44,MEDIUM,SOFT,27.0,79.92,77.998,-1.921999999999997,3,3
2024,Spanish Grand Prix,ZHO,1,9,SOFT,MEDIUM,9.0,82.57,80.219,-2.350999999999999,3,3
2024,Spanish Grand Prix,ZHO,2,41,MEDIUM,HARD,32.0,81.386,79.246,-2.1400000000000006,3,3
2024,United States Grand Prix,ALB,2,33,MEDIUM,HARD,30.0,101.635,99.721,-1.9140000000000015,3,3
2024,United States Grand Prix,ALO,1,26,MEDIUM,HARD,26.0,101.766,100.478,-1.288000000000011,3,3
2024,United States Grand Prix,BOT,1,15,MEDIUM,HARD,15.0,102.125,100.801,-1.323999999999998,3,3
2024,United States Grand Prix,COL,1,39,HARD,MEDIUM,39.0,100.11,98.533,-1.5769999999999982,3,3
2024,United States Grand Prix,GAS,1,18,MEDIUM,HARD,18.0,101.499,101.132,-0.3669999999999902,3,3
2024,United States Grand Prix,HUL,1,27,MEDIUM,HARD,27.0,100.329,100.338,0.009000000000000341,3,3
2024,United States Grand Prix,LAW,1,36,HARD,MEDIUM,36.0,100.449,99.035,-1.4140000000000015,3,3
2024,United States Grand Prix,LEC,1,26,MEDIUM,HARD,26.0,99.699,99.034,-0.664999999999992,3,3
2024,United States Grand Prix,MAG,1,17,MEDIUM,HARD,17.0,101.736,100.868,-0.8680000000000092,3,3
2024,United States Grand Prix,MAG,2,38,HARD,MEDIUM,21.0,99.786,98.988,-0.7980000000000018,3,3
2024,United States Grand Prix,NOR,1,31,MEDIUM,HARD,31.0,99.548,98.043,-1.5049999999999955,3,3
2024,United States Grand Prix,OCO,1,31,MEDIUM,HARD,31.0,101.369,100.077,-1.2920000000000016,3,3
2024,United States Grand Prix,OCO,2,51,HARD,SOFT,20.0,99.655,99.993,0.33799999999999386,3,3
2024,United States Grand Prix,PER,1,26,MEDIUM,HARD,26.0,100.564,99.633,-0.9309999999999974,3,3
2024,United States Grand Prix,PIA,1,32,MEDIUM,HARD,32.0,99.661,98.31,-1.350999999999999,3,3
2024,United States Grand Prix,RUS,1,40,HARD,MEDIUM,40.0,99.331,97.826,-1.5050000000000097,3,3
2024,United States Grand Prix,SAI,1,21,MEDIUM,HARD,21.0,99.814,99.113,-0.7009999999999934,3,3
2024,United States Grand Prix,STR,1,27,HARD,MEDIUM,28.0,101.678,100.088,-1.5900000000000034,3,3
2024,United States Grand Prix,TSU,1,18,MEDIUM,HARD,18.0,101.684,101.198,-0.4860000000000042,3,3
2024,United States Grand Prix,VER,1,25,MEDIUM,HARD,25.0,100.318,99.046,-1.2719999999999914,3,3
2024,United States Grand Prix,ZHO,1,13,MEDIUM,MEDIUM,13.0,102.743,101.633,-1.1099999999999994,3,3
2024,United States Grand Prix,ZHO,2,35,MEDIUM,HARD,22.0,101.387,100.161,-1.225999999999999,3,3
2025,Abu Dhabi Grand Prix,ALB,1,8,SOFT,HARD,8.0,90.314,89.46,-0.8539999999999992,3,3
2025,Abu Dhabi Grand Prix,ALB,2,33,HARD,MEDIUM,25.0,90.485,88.439,-2.0460000000000065,3,3
2025,Abu Dhabi Grand Prix,ALO,1,16,MEDIUM,HARD,17.0,89.968,90.107,0.1389999999999958,3,3
2025,Abu Dhabi Grand Prix,ANT,1,32,HARD,MEDIUM,32.0,91.017,88.185,-2.8319999999999936,3,3
2025,Abu Dhabi Grand Prix,BEA,1,14,MEDIUM,HARD,14.0,91.017,89.533,-1.4839999999999947,3,3
2025,Abu Dhabi Grand Prix,BOR,1,15,MEDIUM,HARD,15.0,90.151,90.116,-0.03499999999999659,3,3
2025,Abu Dhabi Grand Prix,COL,1,15,MEDIUM,HARD,15.0,91.463,89.823,-1.6400000000000006,3,3
2025,Abu Dhabi Grand Prix,COL,2,40,HARD,MEDIUM,25.0,90.862,88.075,-2.786999999999992,3,3
2025,Abu Dhabi Grand Prix,GAS,1,13,MEDIUM,HARD,13.0,90.586,89.571,-1.0150000000000006,3,3
2025,Abu Dhabi Grand Prix,GAS,2,40,HARD,MEDIUM,27.0,90.193,88.051,-2.141999999999996,3,3
2025,Abu Dhabi Grand Prix,HAD,1,14,MEDIUM,HARD,14.0,90.94,89.869,-1.070999999999998,3,3
2025,Abu Dhabi Grand Prix,HAM,1,8,SOFT,HARD,8.0,90.539,89.022,-1.516999999999996,3,3
2025,Abu Dhabi Grand Prix,HAM,2,31,HARD,MEDIUM,23.0,89.88,88.794,-1.0859999999999985,3,3
2025,Abu Dhabi Grand Prix,HUL,1,7,SOFT,HARD,7.0,90.515,89.003,-1.5120000000000005,3,3
2025,Abu Dhabi Grand Prix,HUL,2,42,HARD,MEDIUM,35.0,89.96,87.172,-2.7879999999999967,3,3
2025,Abu Dhabi Grand Prix,LAW,1,21,MEDIUM,HARD,21.0,91.815,89.498,-2.316999999999993,3,3
2025,Abu Dhabi Grand Prix,LEC,1,16,MEDIUM,HARD,16.0,89.998,89.529,-0.4690000000000083,3,3
2025,Abu Dhabi Grand Prix,LEC,2,39,HARD,MEDIUM,23.0,88.303,87.269,-1.0339999999999918,3,3
2025,Abu Dhabi Grand Prix,NOR,1,16,MEDIUM,HARD,16.0,89.745,89.681,-0.06400000000000716,3,3
2025,Abu Dhabi Grand Prix,NOR,2,40,HARD,HARD,24.0,87.998,87.829,-0.16900000000001114,3,3
2025,Abu Dhabi Grand Prix,OCO,1,19,MEDIUM,HARD,19.0,90.95,88.755,-2.1950000000000074,3,3
2025,Abu Dhabi Grand Prix,PIA,1,41,HARD,MEDIUM,41.0,89.26,87.369,-1.8910000000000053,3,3
2025,Abu Dhabi Grand Prix,RUS,1,14,MEDIUM,HARD,14.0,90.06,89.857,-0.20300000000000296,3,3
2025,Abu Dhabi Grand Prix,SAI,1,18,MEDIUM,HARD,18.0,91.17,89.22,-1.9500000000000028,3,3
2025,Abu Dhabi Grand Prix,STR,1,42,HARD,MEDIUM,43.0,90.218,88.113,-2.105000000000004,3,3
2025,Abu Dhabi Grand Prix,TSU,1,32,HARD,MEDIUM,32.0,90.772,88.955,-1.8170000000000073,3,3
2025,Abu Dhabi Grand Prix,VER,1,23,MEDIUM,HARD,23.0,89.441,88.327,-1.1140000000000043,3,3
2025,Australian Grand Prix,ALB,4,33,INTERMEDIATE,MEDIUM,31.0,90.053,87.127,-2.926000000000002,3,3
2025,Australian Grand Prix,ALB,5,44,MEDIUM,INTERMEDIATE,11.0,87.127,92.795,5.668000000000006,3,3
2025,Australian Grand Prix,ANT,4,33,INTERMEDIATE,HARD,33.0,89.245,87.505,-1.740000000000009,3,3
2025,Australian Grand Prix,ANT,5,44,HARD,INTERMEDIATE,11.0,87.505,91.398,3.8930000000000007,3,3
2025,Australian Grand Prix,BEA,4,39,INTERMEDIATE,MEDIUM,35.0,91.3,91.057,-0.242999999999995,3,3
2025,Australian Grand Prix,BEA,5,44,MEDIUM,INTERMEDIATE,,91.057,91.366,0.3089999999999975,3,3
2025,Australian Grand Prix,BOR,4,33,INTERMEDIATE,MEDIUM,33.0,90.446,84.481,-5.965000000000003,3,2
2025,Australian Grand Prix,GAS,4,33,INTERMEDIATE,HARD,33.0,89.383,87.942,-1.4410000000000025,3,3
2025,Australian Grand Prix,GAS,5,46,HARD,INTERMEDIATE,13.0,88.332,92.316,3.984000000000009,3,3
2025,Australian Grand Prix,HAM,4,33,INTERMEDIATE,HARD,33.0,90.234,87.508,-2.725999999999999,3,3
2025,Australian Grand Prix,HAM,5,47,HARD,INTERMEDIATE,15.0,93.045,93.039,-0.006000000000000227,3,3
2025,Australian Grand Prix,HUL,4,33,INTERMEDIATE,MEDIUM,33.0,90.109,87.472,-2.6370000000000005,3,3
2025,Australian Grand Prix,HUL,5,44,MEDIUM,INTERMEDIATE,11.0,87.472,91.815,4.3430000000000035,3,3
2025,Australian Grand Prix,LAW,4,33,INTERMEDIATE,MEDIUM,32.0,91.649,84.098,-7.551000000000002,3,3
2025,Australian Grand Prix,LEC,4,34,INTERMEDIATE,HARD,34.0,89.367,86.831,-2.5360000000000014,3,3
2025,Australian Grand Prix,LEC,5,47,HARD,INTERMEDIATE,14.0,96.363,92.731,-3.632000000000005,3,3
2025,Australian Grand Prix,NOR,4,34,INTERMEDIATE,HARD,34.0,87.695,83.797,-3.897999999999996,3,3
2025,Australian Grand Prix,NOR,5,44,HARD,INTERMEDIATE,11.0,83.797,91.567,7.769999999999996,3,3
2025,Australian Grand Prix,OCO,4,39,INTERMEDIATE,MEDIUM,35.0,91.501,88.505,-2.9960000000000093,3,3
2025,Australian Grand Prix,OCO,5,46,MEDIUM,INTERMEDIATE,7.0,93.574,94.582,1.0079999999999956,3,3
2025,Australian Grand Prix,PIA,4,34,INTERMEDIATE,HARD,34.0,88.226,84.583,-3.6430000000000007,3,3
2025,Australian Grand Prix,PIA,5,44,HARD,INTERMEDIATE,11.0,84.583,92.507,7.924000000000007,3,3
2025,Australian Grand Prix,RUS,4,34,INTERMEDIATE,HARD,34.0,89.361,86.239,-3.122,3,3
2025,Australian Grand Prix,RUS,5,44,HARD,INTERMEDIATE,10.0,86.239,91.87,5.631,3,3
2025,Australian Grand Prix,STR,4,33,INTERMEDIATE,HARD,29.0,90.853,87.301,-3.5519999999999925,3,3
2025,Australian Grand Prix,STR,5,44,HARD,INTERMEDIATE,12.0,87.301,92.361,5.060000000000002,3,3
2025,Australian Grand Prix,TSU,4,33,INTERMEDIATE,MEDIUM,33.0,90.184,87.146,-3.0379999999999967,3,3
2025,Australian Grand Prix,TSU,5,47,MEDIUM,INTERMEDIATE,14.0,88.252,94.836,6.584000000000003,3,3
2025,Australian Grand Prix,VER,4,34,INTERMEDIATE,MEDIUM,34.0,88.127,85.317,-2.8100000000000023,3,3
2025,Australian Grand Prix,VER,5,46,MEDIUM,INTERMEDIATE,12.0,86.789,90.859,4.069999999999993,3,3
2025,Austrian Grand Prix,ALO,1,33,MEDIUM,HARD,34.0,72.085,70.727,-1.3579999999999899,3,3
2025,Austrian Grand Prix,BEA,1,11,SOFT,HARD,11.0,71.192,70.913,-0.27899999999999636,3,3
2025,Austrian Grand Prix,BEA,2,39,HARD,MEDIUM,28.0,71.188,69.961,-1.2270000000000039,3,3
2025,Austrian Grand Prix,BOR,1,21,MEDIUM,MEDIUM,21.0,71.567,70.5,-1.066999999999993,3,3
2025,Austrian Grand Prix,BOR,2,49,MEDIUM,HARD,28.0,70.902,69.786,-1.1159999999999997,3,3
2025,Austrian Grand Prix,COL,1,13,SOFT,MEDIUM,13.0,72.022,70.769,-1.2530000000000001,3,3
2025,Austrian Grand Prix,COL,2,39,MEDIUM,HARD,26.0,72.111,69.966,-2.1450000000000102,3,3
2025,Austrian Grand Prix,GAS,1,12,SOFT,HARD,15.0,71.575,70.994,-0.5810000000000031,3,3
2025,Austrian Grand Prix,GAS,2,38,HARD,MEDIUM,26.0,71.629,70.463,-1.166000000000011,3,3
2025,Austrian Grand Prix,HAD,2,28,MEDIUM,HARD,26.0,71.94,70.665,-1.2749999999999915,3,3
2025,Austrian Grand Prix,HAM,1,26,MEDIUM,HARD,26.0,71.377,70.23,-1.1469999999999914,3,3
2025,Austrian Grand Prix,HAM,2,50,HARD,MEDIUM,24.0,70.346,68.979,-1.3670000000000044,3,3
2025,Austrian Grand Prix,HUL,1,12,SOFT,MEDIUM,12.0,71.201,70.735,-0.465999999999994,3,3
2025,Austrian Grand Prix,HUL,2,42,MEDIUM,MEDIUM,30.0,70.906,70.552,-0.3539999999999992,3,3
2025,Austrian Grand Prix,LAW,1,32,MEDIUM,HARD,32.0,71.98,70.671,-1.3089999999999975,3,3
2025,Austrian Grand Prix,LEC,1,25,MEDIUM,HARD,25.0,71.22,70.656,-0.563999999999993,3,3
2025,Austrian Grand Prix,LEC,2,49,HARD,MEDIUM,24.0,69.887,69.422,-0.4650000000000034,3,3
2025,Austrian Grand Prix,NOR,1,20,MEDIUM,HARD,20.0,70.841,69.921,-0.9199999999999875,3,3
2025,Austrian Grand Prix,NOR,2,52,HARD,MEDIUM,32.0,70.221,68.989,-1.2319999999999993,3,3
2025,Austrian Grand Prix,OCO,1,19,MEDIUM,HARD,19.0,71.81,70.326,-1.4840000000000089,3,3
2025,Austrian Grand Prix,OCO,2,50,HARD,HARD,31.0,70.826,69.687,-1.1389999999999958,3,3
2025,Austrian Grand Prix,PIA,1,24,MEDIUM,HARD,24.0,70.938,69.52,-1.4180000000000064,3,3
2025,Austrian Grand Prix,PIA,2,53,HARD,MEDIUM,29.0,70.073,68.558,-1.5149999999999864,3,3
2025,Austrian Grand Prix,RUS,1,18,MEDIUM,MEDIUM,18.0,71.675,71.289,-0.3859999999999957,3,3
2025,Austrian Grand Prix,RUS,2,45,MEDIUM,HARD,27.0,70.703,69.532,-1.1710000000000065,3,3
2025,Austrian Grand Prix,STR,1,26,MEDIUM,HARD,27.0,72.043,70.566,-1.4770000000000039,3,3
2025,Austrian Grand Prix,STR,2,53,HARD,SOFT,28.0,71.151,69.452,-1.698999999999998,3,3
2025,Austrian Grand Prix,TSU,1,18,MEDIUM,HARD,18.0,71.943,70.923,-1.019999999999996,3,3
2025,Austrian Grand Prix,TSU,2,30,HARD,MEDIUM,12.0,71.39,70.209,-1.1809999999999974,3,3
2025,Austrian Grand Prix,TSU,3,60,MEDIUM,SOFT,30.0,70.84,70.252,-0.5880000000000081,3,3
2025,Azerbaijan Grand Prix,ALB,2,15,MEDIUM,HARD,14.0,107.914,106.205,-1.7090000000000032,3,3
2025,Azerbaijan Grand Prix,ALO,1,21,MEDIUM,HARD,24.0,106.794,106.8,0.006000000000000227,3,3
2025,Azerbaijan Grand Prix,ANT,1,18,MEDIUM,HARD,23.0,106.265,105.746,-0.5190000000000055,3,3
2025,Azerbaijan Grand Prix,BEA,1,28,HARD,MEDIUM,28.0,107.138,104.654,-2.484000000000009,3,3
2025,Azerbaijan Grand Prix,BOR,1,26,HARD,MEDIUM,26.0,106.777,106.295,-0.4819999999999993,3,3
2025,Azerbaijan Grand Prix,COL,1,16,MEDIUM,HARD,16.0,107.873,107.096,-0.777000000000001,3,3
2025,Azerbaijan Grand Prix,GAS,1,35,HARD,MEDIUM,35.0,106.719,105.636,-1.0829999999999984,3,3
2025,Azerbaijan Grand Prix,HAD,1,29,MEDIUM,HARD,33.0,106.36,104.94,-1.4200000000000017,3,3
2025,Azerbaijan Grand Prix,HAM,1,36,HARD,MEDIUM,36.0,105.622,104.011,-1.6110000000000042,3,3
2025,Azerbaijan Grand Prix,HUL,1,36,HARD,MEDIUM,36.0,107.369,104.723,-2.646000000000001,3,3
2025,Azerbaijan Grand Prix,LAW,1,20,MEDIUM,HARD,26.0,106.304,105.97,-0.3340000000000032,3,3
2025,Azerbaijan Grand Prix,LEC,1,19,MEDIUM,HARD,22.0,106.025,105.679,-0.34600000000000364,3,3
2025,Azerbaijan Grand Prix,NOR,1,37,MEDIUM,HARD,37.0,105.24,105.047,-0.19299999999999784,3,3
2025,Azerbaijan Grand Prix,RUS,1,39,HARD,MEDIUM,39.0,104.825,104.15,-0.6749999999999972,3,3
2025,Azerbaijan Grand Prix,SAI,1,27,MEDIUM,HARD,32.0,105.823,105.038,-0.7849999999999966,3,3
2025,Azerbaijan Grand Prix,STR,1,37,MEDIUM,HARD,40.0,106.75,105.745,-1.0049999999999955,3,3
2025,Azerbaijan Grand Prix,TSU,1,38,HARD,MEDIUM,38.0,105.137,104.573,-0.5640000000000072,3,3
2025,Azerbaijan Grand Prix,VER,1,40,HARD,MEDIUM,40.0,104.775,103.702,-1.0730000000000075,3,3
2025,Bahrain Grand Prix,ALB,1,16,SOFT,HARD,16.0,100.326,97.673,-2.6529999999999916,3,3
2025,Bahrain Grand Prix,ALB,2,32,HARD,MEDIUM,16.0,99.164,97.871,-1.2930000000000064,3,3
2025,Bahrain Grand Prix,ALO,1,16,MEDIUM,MEDIUM,16.0,100.461,98.139,-2.3220000000000027,3,3
2025,Bahrain Grand Prix,ALO,2,32,MEDIUM,HARD,16.0,98.702,98.391,-0.31099999999999284,3,3
2025,Bahrain Grand Prix,ANT,1,12,SOFT,MEDIUM,15.0,99.646,98.397,-1.2489999999999952,3,3
2025,Bahrain Grand Prix,ANT,2,27,MEDIUM,SOFT,15.0,99.193,96.69,-2.503,3,3
2025,Bahrain Grand Prix,ANT,3,32,SOFT,SOFT,8.0,96.69,97.577,0.8870000000000005,3,3
2025,Bahrain Grand Prix,BEA,1,14,SOFT,HARD,14.0,99.85,98.033,-1.816999999999993,3,3
2025,Bahrain Grand Prix,BEA,2,32,HARD,SOFT,18.0,99.338,98.294,-1.043999999999997,3,3
2025,Bahrain Grand Prix,BOR,1,13,MEDIUM,HARD,13.0,100.312,99.255,-1.0570000000000022,3,3
2025,Bahrain Grand Prix,BOR,2,32,HARD,MEDIUM,19.0,99.88,98.701,-1.179000000000002,3,3
2025,Bahrain Grand Prix,DOO,1,9,SOFT,MEDIUM,9.0,99.457,98.173,-1.2839999999999918,3,3
2025,Bahrain Grand Prix,DOO,2,28,MEDIUM,HARD,19.0,99.422,97.587,-1.8349999999999937,3,3
2025,Bahrain Grand Prix,GAS,1,10,SOFT,MEDIUM,13.0,99.431,97.668,-1.762999999999991,3,3
2025,Bahrain Grand Prix,GAS,2,28,MEDIUM,HARD,18.0,98.752,97.431,-1.320999999999998,3,3
2025,Bahrain Grand Prix,HAD,1,6,SOFT,MEDIUM,6.0,99.669,98.7,-0.9689999999999941,3,3
2025,Bahrain Grand Prix,HAD,2,28,MEDIUM,HARD,22.0,99.588,97.158,-2.4299999999999926,3,3
2025,Bahrain Grand Prix,HAM,1,17,MEDIUM,MEDIUM,17.0,99.276,97.326,-1.9500000000000028,3,3
2025,Bahrain Grand Prix,HAM,2,32,MEDIUM,HARD,15.0,97.517,97.198,-0.3190000000000026,3,3
2025,Bahrain Grand Prix,HUL,1,5,SOFT,MEDIUM,5.0,100.019,99.247,-0.7720000000000056,3,3
2025,Bahrain Grand Prix,HUL,2,27,MEDIUM,MEDIUM,22.0,99.6,97.753,-1.8469999999999942,3,3
2025,Bahrain Grand Prix,LAW,1,14,MEDIUM,HARD,14.0,100.148,98.194,-1.9539999999999935,3,3
2025,Bahrain Grand Prix,LAW,2,32,HARD,SOFT,18.0,99.397,98.358,-1.0390000000000015,3,3
2025,Bahrain Grand Prix,LEC,1,17,MEDIUM,MEDIUM,17.0,98.87,97.206,-1.6640000000000015,3,3
2025,Bahrain Grand Prix,LEC,2,32,MEDIUM,HARD,15.0,97.781,96.198,-1.5830000000000126,3,3
2025,Bahrain Grand Prix,NOR,1,10,SOFT,MEDIUM,13.0,98.97,97.867,-1.1029999999999944,3,3
2025,Bahrain Grand Prix,NOR,2,32,MEDIUM,MEDIUM,22.0,97.927,96.259,-1.6680000000000064,3,3
2025,Bahrain Grand Prix,OCO,1,8,SOFT,MEDIUM,8.0,99.408,97.817,-1.5910000000000082,3,3
2025,Bahrain Grand Prix,OCO,2,27,MEDIUM,HARD,19.0,99.405,97.161,-2.2439999999999998,3,3
2025,Bahrain Grand Prix,PIA,1,14,SOFT,MEDIUM,17.0,98.763,97.733,-1.0300000000000011,3,3
2025,Bahrain Grand Prix,PIA,2,32,MEDIUM,MEDIUM,18.0,97.677,95.375,-2.3020000000000067,3,3
2025,Bahrain Grand Prix,RUS,1,13,SOFT,MEDIUM,16.0,99.098,98.067,-1.031000000000006,3,3
2025,Bahrain Grand Prix,RUS,2,32,MEDIUM,SOFT,19.0,97.777,95.68,-2.096999999999994,3,2
2025,Bahrain Grand Prix,SAI,1,14,SOFT,MEDIUM,17.0,100.25,97.809,-2.4410000000000025,3,3
2025,Bahrain Grand Prix,SAI,2,32,MEDIUM,HARD,18.0,99.28,98.292,-0.9879999999999995,3,3
2025,Bahrain Grand Prix,STR,1,12,SOFT,MEDIUM,12.0,100.47,99.093,-1.3769999999999953,3,3
2025,Bahrain Grand Prix,STR,2,32,MEDIUM,HARD,20.0,99.736,98.606,-1.1300000000000097,3,3
2025,Bahrain Grand Prix,TSU,1,11,SOFT,MEDIUM,14.0,99.686,98.081,-1.605000000000004,3,3
2025,Bahrain Grand Prix,TSU,2,32,MEDIUM,SOFT,21.0,100.477,98.242,-2.2349999999999994,3,3
2025,Bahrain Grand Prix,VER,1,10,SOFT,HARD,13.0,99.385,98.087,-1.2980000000000018,3,3
2025,Bahrain Grand Prix,VER,2,26,HARD,MEDIUM,16.0,98.871,96.694,-2.1769999999999925,3,3
2025,Belgian Grand Prix,ALB,1,12,INTERMEDIATE,MEDIUM,12.0,123.577,108.611,-14.965999999999994,3,3
2025,Belgian Grand Prix,ALO,1,11,INTERMEDIATE,MEDIUM,11.0,125.329,112.275,-13.053999999999988,3,3
2025,Belgian Grand Prix,ALO,2,29,MEDIUM,UNKNOWN,18.0,108.036,106.059,-1.9770000000000039,3,3
2025,Belgian Grand Prix,ANT,1,12,INTERMEDIATE,MEDIUM,12.0,125.433,109.928,-15.50500000000001,3,3
2025,Belgian Grand Prix,ANT,2,30,MEDIUM,UNKNOWN,18.0,107.952,106.738,-1.2139999999999986,3,3
2025,Belgian Grand Prix,BEA,1,12,INTERMEDIATE,MEDIUM,12.0,124.288,110.255,-14.033000000000001,3,3
2025,Belgian Grand Prix,BOR,1,12,INTERMEDIATE,MEDIUM,12.0,124.626,108.832,-15.794000000000011,3,3
2025,Belgian Grand Prix,COL,1,12,INTERMEDIATE,MEDIUM,12.0,125.097,110.201,-14.896,3,3
2025,Belgian Grand Prix,COL,2,28,MEDIUM,UNKNOWN,16.0,108.515,106.44,-2.075000000000003,3,3
2025,Belgian Grand Prix,GAS,1,11,INTERMEDIATE,MEDIUM,11.0,125.517,110.871,-14.646,3,3
2025,Belgian Grand Prix,HAD,1,13,INTERMEDIATE,MEDIUM,13.0,124.304,110.02,-14.284000000000006,3,3
2025,Belgian Grand Prix,HAD,2,20,MEDIUM,HARD,10.0,110.02,108.18,-1.8399999999999892,3,3
2025,Belgian Grand Prix,HAM,1,11,INTERMEDIATE,MEDIUM,11.0,123.457,109.564,-13.893,3,3
2025,Belgian Grand Prix,HUL,1,11,INTERMEDIATE,MEDIUM,11.0,125.89,110.286,-15.604,3,3
2025,Belgian Grand Prix,HUL,2,32,MEDIUM,UNKNOWN,21.0,108.188,105.725,-2.463000000000008,3,3
2025,Belgian Grand Prix,LAW,1,12,INTERMEDIATE,MEDIUM,12.0,124.295,108.668,-15.626999999999995,3,3
2025,Belgian Grand Prix,LEC,1,12,INTERMEDIATE,MEDIUM,12.0,123.71,108.193,-15.516999999999996,3,3
2025,Belgian Grand Prix,NOR,1,13,INTERMEDIATE,HARD,13.0,121.576,107.849,-13.72699999999999,3,3
2025,Belgian Grand Prix,OCO,1,13,INTERMEDIATE,MEDIUM,13.0,125.31,109.369,-15.941000000000003,3,3
2025,Belgian Grand Prix,PIA,1,12,INTERMEDIATE,MEDIUM,12.0,121.466,109.089,-12.376999999999995,3,3
2025,Belgian Grand Prix,RUS,1,12,INTERMEDIATE,MEDIUM,12.0,123.892,108.518,-15.373999999999995,3,3
2025,Belgian Grand Prix,SAI,1,12,INTERMEDIATE,MEDIUM,12.0,125.122,109.141,-15.980999999999995,3,3
2025,Belgian Grand Prix,SAI,2,26,MEDIUM,HARD,14.0,108.692,106.425,-2.266999999999996,3,3
2025,Belgian Grand Prix,STR,1,12,INTERMEDIATE,MEDIUM,12.0,125.288,109.318,-15.969999999999999,3,3
2025,Belgian Grand Prix,TSU,1,13,INTERMEDIATE,MEDIUM,13.0,124.137,109.865,-14.272000000000006,3,3
2025,Belgian Grand Prix,VER,1,12,INTERMEDIATE,MEDIUM,12.0,123.462,108.161,-15.301000000000002,3,3
2025,British Grand Prix,ALB,1,12,INTERMEDIATE,INTERMEDIATE,12.0,109.218,106.294,-2.9240000000000066,3,3
2025,British Grand Prix,ALB,2,42,INTERMEDIATE,MEDIUM,30.0,102.225,94.663,-7.561999999999998,3,3
2025,British Grand Prix,ALO,1,11,INTERMEDIATE,INTERMEDIATE,11.0,107.569,106.209,-1.3599999999999994,3,3
2025,British Grand Prix,ALO,2,37,INTERMEDIATE,MEDIUM,26.0,103.238,102.659,-0.5789999999999935,3,3
2025,British Grand Prix,BEA,1,10,HARD,INTERMEDIATE,10.0,104.011,108.51,4.499000000000009,3,3
2025,British Grand Prix,BEA,2,41,INTERMEDIATE,MEDIUM,31.0,102.278,94.874,-7.404000000000011,3,3
2025,British Grand Prix,GAS,1,11,INTERMEDIATE,INTERMEDIATE,11.0,107.962,105.583,-2.379000000000005,3,3
2025,British Grand Prix,GAS,2,41,INTERMEDIATE,MEDIUM,30.0,102.307,95.699,-6.608000000000004,3,3
2025,British Grand Prix,HAM,1,11,INTERMEDIATE,INTERMEDIATE,11.0,108.049,105.518,-2.531000000000006,3,3
2025,British Grand Prix,HAM,2,41,INTERMEDIATE,SOFT,30.0,100.836,94.874,-5.962000000000003,3,3
2025,British Grand Prix,HUL,2,42,INTERMEDIATE,MEDIUM,33.0,100.101,93.473,-6.628,3,3
2025,British Grand Prix,LEC,1,10,MEDIUM,INTERMEDIATE,10.0,104.73,108.142,3.411999999999992,3,3
2025,British Grand Prix,LEC,2,42,INTERMEDIATE,SOFT,32.0,99.633,93.731,-5.902000000000001,3,3
2025,British Grand Prix,NOR,1,11,INTERMEDIATE,INTERMEDIATE,11.0,105.595,105.339,-0.2560000000000002,3,3
2025,British Grand Prix,NOR,2,44,INTERMEDIATE,MEDIUM,33.0,99.005,90.035,-8.969999999999999,3,3
2025,British Grand Prix,OCO,1,18,INTERMEDIATE,INTERMEDIATE,18.0,110.786,105.993,-4.793000000000006,3,3
2025,British Grand Prix,OCO,2,42,INTERMEDIATE,MEDIUM,24.0,102.031,92.673,-9.358000000000004,3,3
2025,British Grand Prix,PIA,1,11,INTERMEDIATE,INTERMEDIATE,11.0,104.393,104.494,0.10099999999999909,3,3
2025,British Grand Prix,PIA,2,43,INTERMEDIATE,MEDIUM,32.0,99.273,90.817,-8.456000000000003,3,3
2025,British Grand Prix,RUS,1,10,HARD,INTERMEDIATE,10.0,101.503,107.571,6.067999999999998,3,3
2025,British Grand Prix,RUS,2,38,INTERMEDIATE,HARD,28.0,102.502,101.089,-1.4129999999999967,3,3
2025,British Grand Prix,SAI,1,11,INTERMEDIATE,INTERMEDIATE,11.0,107.819,105.893,-1.926000000000002,3,3
2025,British Grand Prix,SAI,2,41,INTERMEDIATE,MEDIUM,30.0,102.692,96.504,-6.187999999999988,3,3
2025,British Grand Prix,STR,2,10,SOFT,INTERMEDIATE,4.0,104.1325,107.154,3.021500000000003,2,3
2025,British Grand Prix,STR,3,41,INTERMEDIATE,SOFT,31.0,102.308,96.611,-5.697000000000003,3,3
2025,British Grand Prix,TSU,1,11,INTERMEDIATE,INTERMEDIATE,11.0,109.0,107.784,-1.215999999999994,3,3
2025,British Grand Prix,TSU,2,41,INTERMEDIATE,MEDIUM,30.0,104.802,98.597,-6.2050000000000125,3,3
2025,British Grand Prix,VER,1,11,INTERMEDIATE,INTERMEDIATE,11.0,106.326,111.018,4.692000000000007,3,3
2025,British Grand Prix,VER,2,41,INTERMEDIATE,MEDIUM,30.0,101.19,93.844,-7.346000000000004,3,3
2025,Canadian Grand Prix,ALB,1,23,MEDIUM,HARD,27.0,79.463,76.667,-2.7959999999999923,3,3
2025,Canadian Grand Prix,ALO,1,15,MEDIUM,HARD,19.0,78.55,77.07,-1.480000000000004,3,3
2025,Canadian Grand Prix,ALO,2,50,HARD,HARD,36.0,76.958,75.176,-1.7819999999999965,3,3
2025,Canadian Grand Prix,ANT,1,14,MEDIUM,HARD,20.0,76.99,76.14,-0.8499999999999943,3,3
2025,Canadian Grand Prix,ANT,2,38,HARD,HARD,25.0,75.445,75.473,0.028000000000005798,3,3
2025,Canadian Grand Prix,BEA,1,18,MEDIUM,HARD,18.0,78.484,76.903,-1.5809999999999889,3,3
2025,Canadian Grand Prix,BOR,1,49,HARD,MEDIUM,49.0,77.082,75.641,-1.4409999999999883,3,3
2025,Canadian Grand Prix,COL,1,14,MEDIUM,HARD,19.0,77.88,77.456,-0.4239999999999924,3,3
2025,Canadian Grand Prix,GAS,1,53,HARD,MEDIUM,53.0,76.504,75.526,-0.9780000000000086,3,3
2025,Canadian Grand Prix,HAD,1,13,MEDIUM,HARD,13.0,78.216,77.439,-0.777000000000001,3,3
2025,Canadian Grand Prix,HAM,1,15,MEDIUM,HARD,15.0,77.339,77.56,0.22100000000000364,3,3
2025,Canadian Grand Prix,HAM,2,45,HARD,HARD,30.0,76.591,75.728,-0.8629999999999995,3,3
2025,Canadian Grand Prix,HUL,1,19,MEDIUM,HARD,19.0,78.208,77.576,-0.632000000000005,3,3
2025,Canadian Grand Prix,LAW,1,38,HARD,MEDIUM,39.0,77.822,77.227,-0.5949999999999989,3,3
2025,Canadian Grand Prix,LEC,1,28,HARD,HARD,28.0,76.492,75.491,-1.0010000000000048,3,3
2025,Canadian Grand Prix,LEC,2,53,HARD,MEDIUM,25.0,75.462,74.579,-0.8830000000000098,3,3
2025,Canadian Grand Prix,NOR,1,29,HARD,MEDIUM,29.0,76.321,75.255,-1.0660000000000025,3,3
2025,Canadian Grand Prix,NOR,2,47,MEDIUM,HARD,18.0,75.608,74.494,-1.1140000000000043,3,3
2025,Canadian Grand Prix,OCO,1,57,HARD,MEDIUM,57.0,76.51,74.596,-1.9140000000000015,3,3
2025,Canadian Grand Prix,PIA,1,16,MEDIUM,HARD,16.0,77.023,75.886,-1.1370000000000005,3,3
2025,Canadian Grand Prix,PIA,2,45,HARD,HARD,29.0,75.653,74.896,-0.757000000000005,3,3
2025,Canadian Grand Prix,RUS,1,13,MEDIUM,HARD,16.0,76.558,75.866,-0.6920000000000073,3,3
2025,Canadian Grand Prix,RUS,2,42,HARD,HARD,30.0,75.701,75.295,-0.4059999999999917,3,3
2025,Canadian Grand Prix,SAI,1,57,HARD,MEDIUM,57.0,76.687,74.783,-1.9039999999999964,3,3
2025,Canadian Grand Prix,STR,1,24,HARD,HARD,25.0,78.552,76.577,-1.9750000000000085,3,3
2025,Canadian Grand Prix,STR,2,51,HARD,MEDIUM,28.0,76.591,75.244,-1.3469999999999942,3,3
2025,Canadian Grand Prix,TSU,1,56,HARD,MEDIUM,56.0,76.861,75.427,-1.4339999999999975,3,3
2025,Canadian Grand Prix,VER,1,12,MEDIUM,HARD,15.0,76.762,76.004,-0.7579999999999956,3,3
2025,Canadian Grand Prix,VER,2,37,HARD,HARD,25.0,76.123,75.291,-0.8320000000000078,3,3
2025,Chinese Grand Prix,ALB,1,20,MEDIUM,HARD,20.0,98.977,97.647,-1.3299999999999983,3,3
2025,Chinese Grand Prix,ANT,1,12,MEDIUM,HARD,12.0,99.213,99.177,-0.03599999999998715,3,3
2025,Chinese Grand Prix,BEA,1,26,HARD,MEDIUM,26.0,98.873,96.976,-1.8970000000000056,3,3
2025,Chinese Grand Prix,BOR,2,26,HARD,HARD,25.0,99.815,96.949,-2.8659999999999997,3,3
2025,Chinese Grand Prix,DOO,1,11,MEDIUM,HARD,11.0,99.384,98.207,-1.1770000000000067,3,3
2025,Chinese Grand Prix,GAS,1,10,MEDIUM,HARD,10.0,99.374,98.231,-1.1430000000000007,3,3
2025,Chinese Grand Prix,HAD,1,12,MEDIUM,HARD,12.0,99.235,98.619,-0.6159999999999997,3,3
2025,Chinese Grand Prix,HAD,2,33,HARD,HARD,21.0,98.049,97.111,-0.9380000000000024,3,3
2025,Chinese Grand Prix,HAM,1,13,MEDIUM,HARD,13.0,98.566,97.695,-0.8710000000000093,3,3
2025,Chinese Grand Prix,HAM,2,37,HARD,HARD,24.0,97.29,95.487,-1.8030000000000115,3,3
2025,Chinese Grand Prix,HUL,1,20,MEDIUM,HARD,20.0,101.542,98.192,-3.3500000000000085,3,3
2025,Chinese Grand Prix,LAW,1,18,HARD,MEDIUM,18.0,100.219,97.825,-2.3939999999999912,3,3
2025,Chinese Grand Prix,LAW,2,30,MEDIUM,HARD,12.0,97.787,96.308,-1.4789999999999992,3,3
2025,Chinese Grand Prix,LEC,1,15,MEDIUM,HARD,15.0,98.514,97.426,-1.0879999999999939,3,3
2025,Chinese Grand Prix,NOR,1,15,MEDIUM,HARD,15.0,98.349,97.477,-0.8719999999999999,3,3
2025,Chinese Grand Prix,OCO,1,11,MEDIUM,HARD,11.0,99.336,98.512,-0.8239999999999981,3,3
2025,Chinese Grand Prix,PIA,1,14,MEDIUM,HARD,14.0,98.113,97.171,-0.9419999999999931,3,3
2025,Chinese Grand Prix,RUS,1,14,MEDIUM,HARD,14.0,98.375,97.85,-0.5250000000000057,3,3
2025,Chinese Grand Prix,SAI,1,17,MEDIUM,HARD,17.0,99.094,98.151,-0.9429999999999978,3,3
2025,Chinese Grand Prix,STR,1,36,HARD,MEDIUM,36.0,97.928,96.567,-1.3610000000000042,3,3
2025,Chinese Grand Prix,TSU,1,11,MEDIUM,HARD,11.0,99.293,98.439,-0.8540000000000134,3,3
2025,Chinese Grand Prix,TSU,2,35,HARD,HARD,24.0,98.095,96.725,-1.3700000000000045,3,3
2025,Chinese Grand Prix,TSU,3,46,HARD,MEDIUM,11.0,96.889,96.008,-0.8810000000000002,3,3
2025,Chinese Grand Prix,VER,1,13,MEDIUM,HARD,13.0,99.064,97.322,-1.7419999999999902,3,3
2025,Dutch Grand Prix,ALB,1,23,MEDIUM,HARD,23.0,76.7,75.777,-0.9230000000000018,3,3
2025,Dutch Grand Prix,ALB,2,53,HARD,SOFT,30.0,75.523,73.995,-1.5279999999999916,3,3
2025,Dutch Grand Prix,ALO,1,18,MEDIUM,HARD,18.0,77.024,75.58,-1.4440000000000026,3,3
2025,Dutch Grand Prix,ALO,2,40,HARD,HARD,22.0,76.2,74.261,-1.9390000000000072,3,3
2025,Dutch Grand Prix,ANT,1,23,MEDIUM,HARD,23.0,76.641,75.413,-1.2280000000000086,3,3
2025,Dutch Grand Prix,ANT,2,51,HARD,SOFT,28.0,75.053,74.221,-0.8319999999999936,3,3
2025,Dutch Grand Prix,ANT,3,53,SOFT,SOFT,2.0,75.053,74.221,-0.8319999999999936,3,3
2025,Dutch Grand Prix,BEA,1,53,HARD,MEDIUM,53.0,76.794,75.189,-1.605000000000004,3,3
2025,Dutch Grand Prix,BOR,1,22,MEDIUM,HARD,22.0,77.509,76.809,-0.7000000000000028,3,3
2025,Dutch Grand Prix,BOR,2,60,HARD,SOFT,38.0,77.651,74.422,-3.228999999999999,3,3
2025,Dutch Grand Prix,COL,1,19,SOFT,HARD,19.0,77.437,76.41,-1.027000000000001,3,3
2025,Dutch Grand Prix,COL,2,53,HARD,MEDIUM,34.0,76.849,76.383,-0.4660000000000082,3,3
2025,Dutch Grand Prix,COL,3,65,MEDIUM,SOFT,12.0,75.751,76.661,0.9099999999999966,3,3
2025,Dutch Grand Prix,GAS,1,23,MEDIUM,HARD,23.0,77.262,76.423,-0.8389999999999986,3,3
2025,Dutch Grand Prix,HAD,1,23,MEDIUM,HARD,23.0,76.57,75.525,-1.0449999999999875,3,3
2025,Dutch Grand Prix,HAD,2,53,HARD,SOFT,30.0,75.073,73.766,-1.306999999999988,3,3
2025,Dutch Grand Prix,HUL,1,19,SOFT,HARD,19.0,77.162,78.01,0.847999999999999,3,3
2025,Dutch Grand Prix,HUL,2,53,HARD,MEDIUM,34.0,76.784,76.416,-0.3680000000000092,3,3
2025,Dutch Grand Prix,LAW,1,23,MEDIUM,SOFT,23.0,76.829,75.871,-0.9579999999999984,3,3
2025,Dutch Grand Prix,LAW,2,27,HARD,SOFT,4.0,76.829,75.871,-0.9579999999999984,3,3
2025,Dutch Grand Prix,LAW,3,52,SOFT,SOFT,28.0,75.958,74.003,-1.9549999999999983,3,3
2025,Dutch Grand Prix,LEC,1,22,MEDIUM,HARD,22.0,76.487,75.675,-0.8119999999999976,3,3
2025,Dutch Grand Prix,NOR,1,23,MEDIUM,HARD,23.0,75.644,74.888,-0.7560000000000002,3,3
2025,Dutch Grand Prix,NOR,2,53,HARD,HARD,30.0,74.372,72.918,-1.4539999999999935,3,3
2025,Dutch Grand Prix,OCO,1,52,HARD,MEDIUM,52.0,76.829,76.3,-0.5289999999999964,3,3
2025,Dutch Grand Prix,PIA,1,23,MEDIUM,HARD,23.0,75.573,74.609,-0.9639999999999986,3,3
2025,Dutch Grand Prix,PIA,2,53,HARD,HARD,30.0,74.635,72.939,-1.6960000000000122,3,3
2025,Dutch Grand Prix,RUS,1,23,MEDIUM,HARD,23.0,76.473,75.425,-1.0480000000000018,3,3
2025,Dutch Grand Prix,RUS,2,53,HARD,SOFT,30.0,75.777,74.062,-1.7150000000000034,3,3
2025,Dutch Grand Prix,SAI,1,23,MEDIUM,SOFT,23.0,76.797,75.095,-1.7019999999999982,3,3
2025,Dutch Grand Prix,SAI,2,27,HARD,SOFT,4.0,76.797,75.095,-1.7019999999999982,3,3
2025,Dutch Grand Prix,SAI,3,51,SOFT,SOFT,27.0,76.213,73.885,-2.3279999999999887,3,3
2025,Dutch Grand Prix,SAI,4,65,SOFT,SOFT,17.0,74.775,75.263,0.48799999999999955,3,3
2025,Dutch Grand Prix,STR,1,8,MEDIUM,HARD,8.0,77.08,75.716,-1.3640000000000043,3,3
2025,Dutch Grand Prix,STR,2,52,HARD,HARD,44.0,76.952,75.242,-1.7099999999999937,3,3
2025,Dutch Grand Prix,TSU,1,19,SOFT,HARD,19.0,77.11,75.346,-1.7639999999999958,3,3
2025,Dutch Grand Prix,TSU,2,53,HARD,SOFT,34.0,76.867,76.047,-0.8200000000000074,3,3
2025,Dutch Grand Prix,VER,1,23,SOFT,MEDIUM,23.0,76.706,75.332,-1.3740000000000094,3,3
2025,Dutch Grand Prix,VER,2,53,MEDIUM,SOFT,30.0,74.932,73.539,-1.3930000000000007,3,3
2025,Emilia Romagna Grand Prix,ALB,1,29,MEDIUM,HARD,29.0,82.456,80.686,-1.769999999999996,3,3
2025,Emilia Romagna Grand Prix,ALB,2,47,HARD,HARD,18.0,80.416,79.649,-0.7669999999999959,3,3
2025,Emilia Romagna Grand Prix,ALO,1,12,MEDIUM,HARD,15.0,82.828,82.334,-0.4939999999999998,3,3
2025,Emilia Romagna Grand Prix,ALO,2,46,HARD,MEDIUM,35.0,81.407,81.135,-0.27199999999999136,3,3
2025,Emilia Romagna Grand Prix,ANT,1,29,HARD,MEDIUM,29.0,82.397,81.661,-0.7360000000000042,3,3
2025,Emilia Romagna Grand Prix,BEA,1,29,HARD,HARD,29.0,81.948,80.124,-1.823999999999998,3,3
2025,Emilia Romagna Grand Prix,BEA,2,31,MEDIUM,HARD,2.0,81.948,80.124,-1.823999999999998,3,3
2025,Emilia Romagna Grand Prix,BOR,1,12,MEDIUM,HARD,12.0,82.601,82.079,-0.5220000000000056,3,3
2025,Emilia Romagna Grand Prix,BOR,2,29,HARD,HARD,17.0,82.748,81.542,-1.206000000000003,3,3
2025,Emilia Romagna Grand Prix,BOR,3,46,HARD,MEDIUM,17.0,81.059,82.203,1.1440000000000055,3,3
2025,Emilia Romagna Grand Prix,COL,1,22,MEDIUM,HARD,22.0,83.061,80.823,-2.2380000000000138,3,3
2025,Emilia Romagna Grand Prix,COL,2,46,HARD,HARD,24.0,83.245,82.104,-1.1410000000000053,3,3
2025,Emilia Romagna Grand Prix,GAS,1,9,MEDIUM,HARD,9.0,81.668,81.321,-0.3470000000000084,3,3
2025,Emilia Romagna Grand Prix,GAS,2,29,HARD,HARD,20.0,82.654,81.137,-1.516999999999996,3,3
2025,Emilia Romagna Grand Prix,HAD,1,29,MEDIUM,HARD,29.0,82.301,80.732,-1.5690000000000026,3,3
2025,Emilia Romagna Grand Prix,HAD,2,46,HARD,HARD,17.0,80.82,80.343,-0.47699999999998965,3,3
2025,Emilia Romagna Grand Prix,HAM,1,29,HARD,MEDIUM,29.0,82.597,80.084,-2.512999999999991,3,3
2025,Emilia Romagna Grand Prix,HAM,2,46,MEDIUM,HARD,17.0,79.816,80.847,1.0309999999999917,3,3
2025,Emilia Romagna Grand Prix,HUL,1,29,HARD,MEDIUM,29.0,82.726,82.363,-0.36299999999999955,3,3
2025,Emilia Romagna Grand Prix,LAW,1,10,MEDIUM,HARD,10.0,82.111,81.703,-0.40800000000000125,3,3
2025,Emilia Romagna Grand Prix,LAW,2,29,HARD,HARD,19.0,82.879,81.159,-1.7199999999999989,3,3
2025,Emilia Romagna Grand Prix,LEC,1,10,MEDIUM,HARD,10.0,81.81,81.056,-0.7540000000000049,3,3
2025,Emilia Romagna Grand Prix,LEC,2,29,HARD,HARD,19.0,81.157,80.01,-1.1469999999999914,3,3
2025,Emilia Romagna Grand Prix,NOR,1,28,MEDIUM,HARD,28.0,81.492,80.04,-1.4519999999999982,3,3
2025,Emilia Romagna Grand Prix,NOR,2,46,HARD,HARD,18.0,79.782,79.218,-0.563999999999993,3,3
2025,Emilia Romagna Grand Prix,PIA,1,13,MEDIUM,HARD,13.0,81.741,80.954,-0.7870000000000061,3,3
2025,Emilia Romagna Grand Prix,PIA,2,30,HARD,HARD,17.0,81.203,79.774,-1.429000000000002,3,3
2025,Emilia Romagna Grand Prix,RUS,1,11,MEDIUM,HARD,14.0,82.495,81.356,-1.13900000000001,3,3
2025,Emilia Romagna Grand Prix,RUS,2,29,HARD,HARD,18.0,81.727,81.258,-0.4690000000000083,3,3
2025,Emilia Romagna Grand Prix,SAI,1,11,MEDIUM,HARD,11.0,82.162,81.564,-0.5980000000000132,3,3
2025,Emilia Romagna Grand Prix,SAI,2,29,HARD,HARD,18.0,82.46,81.182,-1.2779999999999916,3,3
2025,Emilia Romagna Grand Prix,STR,1,14,MEDIUM,HARD,17.0,82.753,81.938,-0.8149999999999977,3,3
2025,Emilia Romagna Grand Prix,STR,2,46,HARD,MEDIUM,33.0,81.883,82.083,0.20000000000000284,3,3
2025,Emilia Romagna Grand Prix,TSU,1,29,HARD,MEDIUM,29.0,82.524,81.646,-0.8780000000000001,3,3
2025,Emilia Romagna Grand Prix,VER,1,29,MEDIUM,HARD,29.0,81.316,80.33,-0.9860000000000042,3,3
2025,Emilia Romagna Grand Prix,VER,2,46,HARD,HARD,17.0,79.79,78.214,-1.5760000000000076,3,3
2025,Hungarian Grand Prix,ALB,1,14,SOFT,MEDIUM,14.0,83.654,81.997,-1.6569999999999965,3,3
2025,Hungarian Grand Prix,ALB,2,38,MEDIUM,HARD,24.0,83.097,81.322,-1.7749999999999915,3,3
2025,Hungarian Grand Prix,ALO,1,39,MEDIUM,HARD,40.0,83.2,82.437,-0.7630000000000052,3,3
2025,Hungarian Grand Prix,ANT,1,21,MEDIUM,HARD,21.0,83.654,81.944,-1.7099999999999937,3,3
2025,Hungarian Grand Prix,BEA,1,30,MEDIUM,HARD,30.0,84.018,82.531,-1.4869999999999948,3,3
2025,Hungarian Grand Prix,BOR,1,40,MEDIUM,HARD,40.0,82.924,81.477,-1.4470000000000027,3,3
2025,Hungarian Grand Prix,COL,1,13,MEDIUM,HARD,13.0,83.566,81.689,-1.8770000000000095,3,3
2025,Hungarian Grand Prix,COL,2,35,HARD,HARD,22.0,83.455,82.096,-1.3589999999999947,3,3
2025,Hungarian Grand Prix,GAS,1,32,HARD,MEDIUM,32.0,84.194,81.693,-2.5010000000000048,3,3
2025,Hungarian Grand Prix,HAD,1,33,MEDIUM,HARD,33.0,83.259,81.481,-1.7780000000000058,3,3
2025,Hungarian Grand Prix,HAM,1,42,HARD,MEDIUM,42.0,82.836,81.135,-1.7009999999999934,3,3
2025,Hungarian Grand Prix,HUL,1,5,SOFT,MEDIUM,5.0,84.5375,81.982,-2.555499999999995,2,3
2025,Hungarian Grand Prix,HUL,2,41,MEDIUM,MEDIUM,36.0,82.715,80.873,-1.8419999999999987,3,3
2025,Hungarian Grand Prix,LAW,1,40,MEDIUM,HARD,40.0,82.723,81.366,-1.3569999999999993,3,3
2025,Hungarian Grand Prix,LEC,1,19,MEDIUM,HARD,19.0,82.316,80.955,-1.3610000000000042,3,3
2025,Hungarian Grand Prix,LEC,2,40,HARD,HARD,21.0,81.629,80.64,-0.9890000000000043,3,3
2025,Hungarian Grand Prix,NOR,1,31,MEDIUM,HARD,31.0,82.153,80.752,-1.4010000000000105,3,3
2025,Hungarian Grand Prix,OCO,1,14,MEDIUM,HARD,14.0,83.57,81.934,-1.6359999999999957,3,3
2025,Hungarian Grand Prix,PIA,1,18,MEDIUM,HARD,18.0,82.075,81.153,-0.921999999999997,3,3
2025,Hungarian Grand Prix,PIA,2,45,HARD,HARD,28.0,81.024,79.718,-1.3059999999999974,3,3
2025,Hungarian Grand Prix,RUS,1,19,MEDIUM,HARD,19.0,82.283,81.243,-1.0400000000000063,3,3
2025,Hungarian Grand Prix,RUS,2,43,HARD,HARD,24.0,81.659,79.611,-2.048000000000002,3,3
2025,Hungarian Grand Prix,SAI,1,15,SOFT,HARD,15.0,83.631,81.99,-1.6410000000000053,3,3
2025,Hungarian Grand Prix,SAI,2,51,HARD,MEDIUM,36.0,82.526,80.267,-2.2590000000000003,3,3
2025,Hungarian Grand Prix,STR,1,36,MEDIUM,HARD,37.0,83.476,81.605,-1.8709999999999951,3,3
2025,Hungarian Grand Prix,TSU,1,20,MEDIUM,SOFT,20.0,83.615,81.42,-2.194999999999993,3,3
2025,Hungarian Grand Prix,TSU,2,37,SOFT,HARD,17.0,83.362,81.417,-1.9449999999999932,3,3
2025,Hungarian Grand Prix,VER,1,17,MEDIUM,HARD,17.0,83.131,81.966,-1.1650000000000063,3,3
2025,Hungarian Grand Prix,VER,2,48,HARD,HARD,31.0,81.933,79.689,-2.244000000000014,3,3
2025,Italian Grand Prix,ALB,1,41,HARD,MEDIUM,41.0,82.658,82.034,-0.6239999999999952,3,3
2025,Italian Grand Prix,ALO,1,20,MEDIUM,HARD,21.0,84.185,83.9175,-0.2674999999999983,3,2
2025,Italian Grand Prix,ANT,1,28,MEDIUM,HARD,28.0,83.515,82.775,-0.7399999999999949,3,3
2025,Italian Grand Prix,BEA,1,18,MEDIUM,HARD,18.0,84.385,84.118,-0.2670000000000101,3,3
2025,Italian Grand Prix,BOR,1,20,MEDIUM,HARD,20.0,84.232,83.884,-0.347999999999999,3,3
2025,Italian Grand Prix,COL,1,33,MEDIUM,HARD,33.0,84.216,83.058,-1.157999999999987,3,3
2025,Italian Grand Prix,GAS,1,49,HARD,SOFT,49.0,82.81,82.25450000000001,-0.555499999999995,3,2
2025,Italian Grand Prix,HAD,1,32,HARD,MEDIUM,33.0,83.431,82.657,-0.7740000000000009,3,3
2025,Italian Grand Prix,HAM,1,38,MEDIUM,HARD,38.0,82.99,82.194,-0.7959999999999923,3,3
2025,Italian Grand Prix,LAW,1,9,SOFT,HARD,9.0,84.725,83.95,-0.7749999999999915,3,3
2025,Italian Grand Prix,LEC,1,33,MEDIUM,HARD,33.0,82.972,82.361,-0.61099999999999,3,3
2025,Italian Grand Prix,NOR,1,46,MEDIUM,SOFT,46.0,82.781,81.123,-1.6580000000000013,3,3
2025,Italian Grand Prix,PIA,1,45,MEDIUM,SOFT,45.0,82.404,81.783,-0.6209999999999951,3,3
2025,Italian Grand Prix,RUS,1,27,MEDIUM,HARD,27.0,83.765,82.601,-1.1640000000000015,3,3
2025,Italian Grand Prix,SAI,1,30,MEDIUM,HARD,30.0,83.857,82.515,-1.3419999999999987,3,3
2025,Italian Grand Prix,STR,1,49,HARD,SOFT,50.0,83.123,82.223,-0.9000000000000057,3,2
2025,Italian Grand Prix,TSU,1,19,MEDIUM,HARD,19.0,84.526,84.099,-0.4269999999999925,3,3
2025,Italian Grand Prix,VER,1,37,MEDIUM,HARD,37.0,82.699,81.402,-1.296999999999997,3,3
2025,Japanese Grand Prix,ALB,1,24,MEDIUM,HARD,24.0,93.861,93.103,-0.7580000000000098,3,3
2025,Japanese Grand Prix,ALO,1,24,MEDIUM,HARD,25.0,94.468,93.018,-1.4500000000000028,3,3
2025,Japanese Grand Prix,ANT,1,31,MEDIUM,HARD,31.0,93.059,91.486,-1.5729999999999933,3,3
2025,Japanese Grand Prix,BEA,1,23,MEDIUM,HARD,23.0,94.061,93.333,-0.7280000000000086,3,3
2025,Japanese Grand Prix,BOR,1,31,HARD,MEDIUM,31.0,93.814,92.947,-0.8669999999999902,3,3
2025,Japanese Grand Prix,DOO,1,15,SOFT,HARD,15.0,94.996,93.799,-1.1969999999999885,3,3
2025,Japanese Grand Prix,GAS,1,24,MEDIUM,HARD,24.0,94.6,92.944,-1.6559999999999917,3,3
2025,Japanese Grand Prix,HAD,1,25,MEDIUM,HARD,25.0,93.691,93.202,-0.4890000000000043,3,3
2025,Japanese Grand Prix,HAM,1,30,HARD,MEDIUM,30.0,93.152,91.803,-1.3490000000000038,3,3
2025,Japanese Grand Prix,HUL,1,22,MEDIUM,HARD,22.0,94.314,93.529,-0.7849999999999966,3,3
2025,Japanese Grand Prix,LAW,1,33,MEDIUM,SOFT,33.0,95.11,92.796,-2.313999999999993,3,3
2025,Japanese Grand Prix,LEC,1,21,MEDIUM,HARD,21.0,93.628,93.124,-0.5040000000000049,3,3
2025,Japanese Grand Prix,NOR,1,21,MEDIUM,HARD,21.0,93.119,92.717,-0.402000000000001,3,3
2025,Japanese Grand Prix,OCO,1,32,HARD,MEDIUM,33.0,94.101,92.84,-1.2609999999999957,3,3
2025,Japanese Grand Prix,PIA,1,20,MEDIUM,HARD,20.0,93.66,93.017,-0.6430000000000007,3,3
2025,Japanese Grand Prix,RUS,1,19,MEDIUM,HARD,19.0,93.86,93.278,-0.5819999999999936,3,3
2025,Japanese Grand Prix,SAI,1,33,MEDIUM,SOFT,33.0,94.65,91.676,-2.9740000000000038,3,3
2025,Japanese Grand Prix,STR,1,9,SOFT,HARD,9.0,95.289,95.153,-0.13599999999999568,3,3
2025,Japanese Grand Prix,STR,2,30,HARD,MEDIUM,22.0,94.126,92.456,-1.6700000000000017,3,3
2025,Japanese Grand Prix,TSU,1,23,MEDIUM,HARD,23.0,94.975,93.036,-1.938999999999993,3,3
2025,Japanese Grand Prix,VER,1,21,MEDIUM,HARD,21.0,93.353,92.506,-0.8469999999999942,3,3
2025,Las Vegas Grand Prix,ALB,1,13,HARD,HARD,13.0,97.353,96.408,-0.9449999999999932,3,3
2025,Las Vegas Grand Prix,ALB,2,14,MEDIUM,HARD,1.0,97.353,96.408,-0.9449999999999932,3,3
2025,Las Vegas Grand Prix,ALO,1,16,MEDIUM,HARD,16.0,97.627,96.92,-0.7069999999999936,3,3
2025,Las Vegas Grand Prix,BEA,1,17,MEDIUM,HARD,17.0,97.414,96.661,-0.7530000000000001,3,3
2025,Las Vegas Grand Prix,COL,1,25,HARD,MEDIUM,25.0,98.061,96.256,-1.8050000000000068,3,3
2025,Las Vegas Grand Prix,HAD,1,20,MEDIUM,HARD,20.0,97.381,96.125,-1.2560000000000002,3,3
2025,Las Vegas Grand Prix,HAM,1,29,HARD,MEDIUM,29.0,95.994,95.699,-0.2950000000000017,3,3
2025,Las Vegas Grand Prix,HUL,1,30,HARD,MEDIUM,30.0,96.316,95.229,-1.0870000000000033,3,3
2025,Las Vegas Grand Prix,LAW,2,28,HARD,HARD,26.0,97.086,95.838,-1.2480000000000047,3,3
2025,Las Vegas Grand Prix,LEC,1,24,MEDIUM,HARD,24.0,96.7,95.404,-1.2960000000000065,3,3
2025,Las Vegas Grand Prix,NOR,1,22,MEDIUM,HARD,22.0,95.769,95.733,-0.036000000000001364,3,3
2025,Las Vegas Grand Prix,OCO,1,27,MEDIUM,HARD,27.0,97.24,95.309,-1.9309999999999974,3,3
2025,Las Vegas Grand Prix,PIA,1,21,MEDIUM,HARD,21.0,96.426,95.921,-0.5049999999999955,3,3
2025,Las Vegas Grand Prix,RUS,1,17,MEDIUM,HARD,17.0,96.273,95.74,-0.5330000000000013,3,3
2025,Las Vegas Grand Prix,SAI,1,22,MEDIUM,HARD,22.0,97.183,95.922,-1.26100000000001,3,3
2025,Las Vegas Grand Prix,TSU,2,27,HARD,MEDIUM,26.0,97.434,95.373,-2.060999999999993,3,3
2025,Las Vegas Grand Prix,VER,1,25,MEDIUM,HARD,25.0,95.807,95.019,-0.7879999999999967,3,3
2025,Mexico City Grand Prix,ALB,1,41,HARD,SOFT,41.0,83.608,80.548,-3.0600000000000023,3,3
2025,Mexico City Grand Prix,ALO,1,20,SOFT,MEDIUM,20.0,84.182,82.066,-2.1159999999999997,3,3
2025,Mexico City Grand Prix,ANT,1,22,SOFT,MEDIUM,25.0,83.421,82.437,-0.9840000000000089,3,3
2025,Mexico City Grand Prix,ANT,2,47,MEDIUM,SOFT,25.0,82.513,81.007,-1.5060000000000002,3,3
2025,Mexico City Grand Prix,BEA,1,24,SOFT,MEDIUM,27.0,83.111,81.914,-1.1970000000000027,3,3
2025,Mexico City Grand Prix,BEA,2,48,MEDIUM,SOFT,24.0,82.292,80.78,-1.5120000000000005,3,3
2025,Mexico City Grand Prix,BOR,1,37,MEDIUM,SOFT,37.0,84.079,81.407,-2.671999999999997,3,3
2025,Mexico City Grand Prix,COL,1,48,HARD,SOFT,48.0,83.983,81.565,-2.4180000000000064,3,3
2025,Mexico City Grand Prix,GAS,1,33,MEDIUM,SOFT,33.0,84.764,83.228,-1.5360000000000014,3,3
2025,Mexico City Grand Prix,HAD,1,34,MEDIUM,SOFT,34.0,84.087,81.905,-2.182000000000002,3,3
2025,Mexico City Grand Prix,HAM,1,23,SOFT,MEDIUM,26.0,83.373,81.961,-1.4120000000000061,3,3
2025,Mexico City Grand Prix,HAM,2,47,MEDIUM,SOFT,24.0,82.35,80.726,-1.6239999999999952,3,3
2025,Mexico City Grand Prix,LEC,1,31,SOFT,MEDIUM,31.0,83.608,82.597,-1.01100000000001,3,3
2025,Mexico City Grand Prix,NOR,1,34,SOFT,MEDIUM,34.0,83.228,81.999,-1.2289999999999992,3,3
2025,Mexico City Grand Prix,OCO,1,27,SOFT,MEDIUM,27.0,83.89,82.425,-1.4650000000000034,3,3
2025,Mexico City Grand Prix,PIA,1,24,SOFT,MEDIUM,27.0,83.502,82.499,-1.0030000000000001,3,3
2025,Mexico City Grand Prix,PIA,2,47,MEDIUM,SOFT,23.0,82.419,80.621,-1.7980000000000018,3,3
2025,Mexico City Grand Prix,RUS,1,25,SOFT,MEDIUM,28.0,83.333,81.516,-1.816999999999993,3,3
2025,Mexico City Grand Prix,RUS,2,48,MEDIUM,SOFT,23.0,82.385,80.377,-2.0080000000000098,3,3
2025,Mexico City Grand Prix,SAI,1,17,MEDIUM,SOFT,17.0,84.097,81.821,-2.2759999999999962,3,3
2025,Mexico City Grand Prix,SAI,2,46,SOFT,SOFT,32.0,82.186,80.851,-1.335000000000008,3,3
2025,Mexico City Grand Prix,SAI,3,56,SOFT,SOFT,13.0,80.984,81.243,0.25900000000000034,3,3
2025,Mexico City Grand Prix,STR,1,26,SOFT,MEDIUM,26.0,83.772,82.22,-1.5520000000000067,3,3
2025,Mexico City Grand Prix,STR,2,43,MEDIUM,SOFT,18.0,82.751,81.545,-1.206000000000003,3,3
2025,Mexico City Grand Prix,TSU,1,36,MEDIUM,SOFT,36.0,85.19,81.885,-3.3049999999999926,3,3
2025,Mexico City Grand Prix,VER,1,37,MEDIUM,SOFT,37.0,83.966,81.425,-2.540999999999997,3,3
2025,Miami Grand Prix,ALB,1,26,MEDIUM,MEDIUM,2.0,92.397,91.203,-1.1940000000000026,3,3
2025,Miami Grand Prix,ALO,1,28,HARD,HARD,6.0,93.205,92.823,-0.382000000000005,3,3
2025,Miami Grand Prix,ANT,1,25,MEDIUM,MEDIUM,1.0,92.5,91.786,-0.7139999999999986,3,3
2025,Miami Grand Prix,BOR,1,19,MEDIUM,HARD,19.0,93.778,92.414,-1.3640000000000043,3,3
2025,Miami Grand Prix,GAS,1,32,HARD,MEDIUM,9.0,92.77,91.372,-1.3979999999999961,3,3
2025,Miami Grand Prix,HAD,1,22,MEDIUM,HARD,22.0,93.29,91.853,-1.4370000000000118,3,3
2025,Miami Grand Prix,HAM,1,28,HARD,HARD,5.0,92.674,91.139,-1.5350000000000108,3,3
2025,Miami Grand Prix,HUL,1,36,HARD,MEDIUM,13.0,92.815,91.365,-1.4500000000000028,3,3
2025,Miami Grand Prix,LAW,1,28,HARD,HARD,5.0,94.112,92.361,-1.7509999999999906,3,3
2025,Miami Grand Prix,LEC,1,29,MEDIUM,MEDIUM,5.0,92.452,91.641,-0.8109999999999928,3,3
2025,Miami Grand Prix,NOR,1,29,MEDIUM,MEDIUM,5.0,91.612,90.375,-1.2369999999999948,3,3
2025,Miami Grand Prix,OCO,1,23,MEDIUM,HARD,23.0,93.479,91.463,-2.0160000000000053,3,3
2025,Miami Grand Prix,PIA,1,29,MEDIUM,MEDIUM,5.0,91.507,90.17,-1.3370000000000033,3,3
2025,Miami Grand Prix,RUS,1,29,HARD,HARD,5.0,92.164,90.826,-1.338000000000008,3,3
2025,Miami Grand Prix,SAI,1,25,MEDIUM,MEDIUM,7.0,92.846,91.546,-1.2999999999999972,3,3
2025,Miami Grand Prix,STR,1,20,MEDIUM,HARD,21.0,93.59,93.004,-0.5859999999999985,3,3
2025,Miami Grand Prix,TSU,1,27,MEDIUM,MEDIUM,3.0,92.634,91.531,-1.1029999999999944,3,3
2025,Miami Grand Prix,VER,1,26,MEDIUM,MEDIUM,2.0,92.523,91.025,-1.4979999999999905,3,3
2025,Monaco Grand Prix,ALB,1,32,MEDIUM,MEDIUM,36.0,76.888,76.381,-0.507000000000005,3,3
2025,Monaco Grand Prix,ALB,2,40,MEDIUM,HARD,16.0,75.529,78.819,3.2900000000000063,3,3
2025,Monaco Grand Prix,ALO,1,16,HARD,HARD,17.0,76.295,77.226,0.9309999999999974,3,3
2025,Monaco Grand Prix,ANT,1,69,HARD,HARD,69.0,75.551,73.651,-1.9000000000000057,3,3
2025,Monaco Grand Prix,ANT,2,71,MEDIUM,HARD,2.0,75.551,73.651,-1.9000000000000057,3,3
2025,Monaco Grand Prix,BEA,2,17,HARD,MEDIUM,16.0,79.194,76.53,-2.6640000000000015,3,3
2025,Monaco Grand Prix,BOR,2,26,HARD,SOFT,25.0,77.286,75.543,-1.742999999999995,3,3
2025,Monaco Grand Prix,BOR,3,35,SOFT,MEDIUM,9.0,79.276,74.97,-4.305999999999997,3,3
2025,Monaco Grand Prix,COL,1,13,HARD,MEDIUM,13.0,79.851,75.509,-4.341999999999999,3,3
2025,Monaco Grand Prix,COL,2,26,MEDIUM,MEDIUM,20.0,77.233,75.914,-1.3190000000000026,3,3
2025,Monaco Grand Prix,HAD,1,14,MEDIUM,SOFT,14.0,77.376,76.372,-1.0040000000000049,3,3
2025,Monaco Grand Prix,HAD,2,19,SOFT,HARD,8.0,76.372,76.357,-0.015000000000000568,3,3
2025,Monaco Grand Prix,HAM,1,18,HARD,HARD,18.0,75.941,75.065,-0.8760000000000048,3,3
2025,Monaco Grand Prix,HAM,2,56,HARD,MEDIUM,39.0,76.217,76.686,0.4690000000000083,3,3
2025,Monaco Grand Prix,HUL,1,12,MEDIUM,HARD,12.0,81.507,76.553,-4.954000000000008,3,3
2025,Monaco Grand Prix,HUL,2,44,HARD,SOFT,32.0,77.929,75.909,-2.019999999999996,3,3
2025,Monaco Grand Prix,LAW,1,31,MEDIUM,SOFT,31.0,76.74,76.425,-0.3149999999999977,3,3
2025,Monaco Grand Prix,LAW,2,40,SOFT,HARD,12.0,75.89,75.958,0.06799999999999784,3,3
2025,Monaco Grand Prix,LEC,1,22,MEDIUM,HARD,22.0,74.821,74.714,-0.10699999999999932,3,3
2025,Monaco Grand Prix,LEC,2,49,HARD,MEDIUM,27.0,74.534,74.421,-0.11299999999999955,3,3
2025,Monaco Grand Prix,NOR,1,19,MEDIUM,HARD,19.0,74.914,75.259,0.34499999999999886,3,3
2025,Monaco Grand Prix,NOR,2,50,HARD,HARD,31.0,75.701,75.848,0.14700000000000557,3,3
2025,Monaco Grand Prix,OCO,1,16,MEDIUM,MEDIUM,16.0,76.577,76.599,0.02200000000000557,3,3
2025,Monaco Grand Prix,OCO,2,28,MEDIUM,HARD,16.0,76.705,75.503,-1.2019999999999982,3,3
2025,Monaco Grand Prix,PIA,1,20,MEDIUM,HARD,20.0,75.049,75.487,0.4379999999999882,3,3
2025,Monaco Grand Prix,PIA,2,48,HARD,HARD,28.0,74.875,74.121,-0.7540000000000049,3,3
2025,Monaco Grand Prix,RUS,1,53,HARD,MEDIUM,53.0,76.023,76.715,0.6920000000000073,3,3
2025,Monaco Grand Prix,RUS,2,62,MEDIUM,MEDIUM,9.0,76.082,73.918,-2.1639999999999873,3,3
2025,Monaco Grand Prix,RUS,3,68,MEDIUM,HARD,15.0,73.918,74.053,0.1349999999999909,3,3
2025,Monaco Grand Prix,SAI,1,48,HARD,MEDIUM,48.0,76.081,74.634,-1.4470000000000027,3,3
2025,Monaco Grand Prix,SAI,2,53,MEDIUM,MEDIUM,5.0,74.634,75.024,0.39000000000000057,3,3
2025,Monaco Grand Prix,STR,1,17,HARD,HARD,18.0,79.347,76.581,-2.765999999999991,3,3
2025,Monaco Grand Prix,STR,2,64,HARD,MEDIUM,48.0,78.751,74.886,-3.865000000000009,3,3
2025,Monaco Grand Prix,TSU,2,73,HARD,MEDIUM,72.0,75.607,75.39949999999999,-0.20750000000001023,3,2
2025,Monaco Grand Prix,VER,1,28,HARD,MEDIUM,28.0,76.288,75.133,-1.1550000000000011,3,3
2025,Qatar Grand Prix,ALB,1,7,HARD,MEDIUM,7.0,88.583,87.841,-0.7420000000000044,3,3
2025,Qatar Grand Prix,ALB,2,32,MEDIUM,MEDIUM,25.0,87.373,85.658,-1.7150000000000034,3,3
2025,Qatar Grand Prix,ALO,1,7,MEDIUM,MEDIUM,7.0,87.867,87.724,-0.14300000000000068,3,3
2025,Qatar Grand Prix,ALO,2,32,MEDIUM,HARD,25.0,85.869,86.043,0.1740000000000066,3,3
2025,Qatar Grand Prix,ANT,1,7,MEDIUM,MEDIUM,7.0,87.48,87.33,-0.15000000000000568,3,3
2025,Qatar Grand Prix,ANT,2,32,MEDIUM,HARD,25.0,86.365,84.755,-1.6099999999999994,3,3
2025,Qatar Grand Prix,BEA,1,7,MEDIUM,MEDIUM,7.0,88.363,87.958,-0.40500000000000114,3,3
2025,Qatar Grand Prix,BEA,2,32,MEDIUM,HARD,25.0,87.04,85.533,-1.507000000000005,3,3
2025,Qatar Grand Prix,BOR,1,7,MEDIUM,MEDIUM,7.0,88.669,88.373,-0.29599999999999227,3,3
2025,Qatar Grand Prix,BOR,2,32,MEDIUM,SOFT,25.0,87.682,85.722,-1.960000000000008,3,3
2025,Qatar Grand Prix,COL,1,7,HARD,MEDIUM,7.0,88.866,88.55,-0.3160000000000025,3,3
2025,Qatar Grand Prix,COL,2,32,MEDIUM,MEDIUM,25.0,87.358,85.831,-1.527000000000001,3,3
2025,Qatar Grand Prix,GAS,1,7,MEDIUM,HARD,7.0,88.26,88.815,0.5549999999999926,3,3
2025,Qatar Grand Prix,GAS,2,32,HARD,MEDIUM,25.0,87.409,85.789,-1.6200000000000045,3,3
2025,Qatar Grand Prix,HAD,1,7,MEDIUM,MEDIUM,7.0,88.01,87.752,-0.2580000000000098,3,3
2025,Qatar Grand Prix,HAD,2,32,MEDIUM,HARD,25.0,86.51,85.772,-0.7379999999999995,3,3
2025,Qatar Grand Prix,HAM,1,7,SOFT,MEDIUM,7.0,88.272,88.182,-0.09000000000000341,3,3
2025,Qatar Grand Prix,HAM,2,32,MEDIUM,MEDIUM,25.0,87.189,85.827,-1.3619999999999948,3,3
2025,Qatar Grand Prix,LAW,1,7,MEDIUM,MEDIUM,7.0,88.424,88.19,-0.23400000000000887,3,3
2025,Qatar Grand Prix,LAW,2,32,MEDIUM,HARD,25.0,87.007,85.593,-1.4140000000000015,3,3
2025,Qatar Grand Prix,LEC,1,7,MEDIUM,MEDIUM,7.0,88.257,87.991,-0.26600000000000534,3,3
2025,Qatar Grand Prix,LEC,2,32,MEDIUM,HARD,25.0,86.99,85.245,-1.7449999999999903,3,3
2025,Qatar Grand Prix,NOR,1,25,MEDIUM,MEDIUM,25.0,85.97,85.167,-0.8029999999999973,3,3
2025,Qatar Grand Prix,NOR,2,44,MEDIUM,HARD,19.0,84.991,83.305,-1.6859999999999928,3,3
2025,Qatar Grand Prix,OCO,1,8,MEDIUM,MEDIUM,8.0,88.403,88.714,0.31099999999999284,3,3
2025,Qatar Grand Prix,OCO,2,9,HARD,MEDIUM,1.0,88.403,88.714,0.31099999999999284,3,3
2025,Qatar Grand Prix,OCO,3,34,MEDIUM,HARD,25.0,87.422,85.544,-1.8780000000000001,3,3
2025,Qatar Grand Prix,PIA,1,24,MEDIUM,MEDIUM,24.0,85.87,84.951,-0.9190000000000111,3,3
2025,Qatar Grand Prix,PIA,2,42,MEDIUM,HARD,18.0,84.777,83.324,-1.453000000000003,3,3
2025,Qatar Grand Prix,RUS,1,7,MEDIUM,MEDIUM,7.0,87.944,87.823,-0.12100000000000932,3,3
2025,Qatar Grand Prix,RUS,2,32,MEDIUM,HARD,25.0,86.855,85.273,-1.5820000000000078,3,3
2025,Qatar Grand Prix,SAI,1,7,MEDIUM,MEDIUM,7.0,87.699,86.928,-0.7710000000000008,3,3
2025,Qatar Grand Prix,SAI,2,32,MEDIUM,HARD,25.0,86.262,85.167,-1.0949999999999989,3,3
2025,Qatar Grand Prix,STR,1,7,MEDIUM,MEDIUM,7.0,88.778,88.45,-0.32800000000000296,3,3
2025,Qatar Grand Prix,STR,2,24,MEDIUM,MEDIUM,17.0,87.689,86.479,-1.2099999999999937,3,3
2025,Qatar Grand Prix,STR,3,49,MEDIUM,SOFT,25.0,85.428,83.795,-1.6329999999999956,3,3
2025,Qatar Grand Prix,TSU,1,7,MEDIUM,MEDIUM,7.0,88.604,88.238,-0.36599999999999966,3,3
2025,Qatar Grand Prix,TSU,2,32,MEDIUM,HARD,25.0,87.293,85.658,-1.6350000000000051,3,3
2025,Qatar Grand Prix,VER,1,7,MEDIUM,MEDIUM,7.0,87.123,86.659,-0.46399999999999864,3,3
2025,Qatar Grand Prix,VER,2,32,MEDIUM,HARD,25.0,85.405,84.779,-0.6260000000000048,3,3
2025,Saudi Arabian Grand Prix,ALB,1,22,MEDIUM,HARD,22.0,95.854,94.623,-1.2309999999999945,3,3
2025,Saudi Arabian Grand Prix,ALO,1,19,MEDIUM,HARD,20.0,95.497,94.676,-0.820999999999998,3,3
2025,Saudi Arabian Grand Prix,ANT,1,19,MEDIUM,HARD,19.0,94.972,93.738,-1.2339999999999947,3,3
2025,Saudi Arabian Grand Prix,BEA,1,18,MEDIUM,HARD,18.0,96.195,94.693,-1.5019999999999953,3,3
2025,Saudi Arabian Grand Prix,DOO,2,32,HARD,HARD,31.0,96.424,93.419,-3.0050000000000097,3,3
2025,Saudi Arabian Grand Prix,HAD,1,34,HARD,MEDIUM,34.0,94.621,93.512,-1.1089999999999947,3,3
2025,Saudi Arabian Grand Prix,HAM,1,23,MEDIUM,HARD,23.0,95.128,93.72,-1.4080000000000013,3,3
2025,Saudi Arabian Grand Prix,HUL,1,33,HARD,MEDIUM,33.0,95.368,94.157,-1.2109999999999985,3,3
2025,Saudi Arabian Grand Prix,LAW,1,20,MEDIUM,HARD,20.0,95.29,95.469,0.17899999999998784,3,3
2025,Saudi Arabian Grand Prix,LEC,1,29,MEDIUM,HARD,29.0,93.393,92.441,-0.9519999999999982,3,3
2025,Saudi Arabian Grand Prix,NOR,1,34,HARD,MEDIUM,34.0,93.017,92.143,-0.8739999999999952,3,3
2025,Saudi Arabian Grand Prix,PIA,1,19,MEDIUM,HARD,19.0,94.16,93.795,-0.3649999999999949,3,3
2025,Saudi Arabian Grand Prix,RUS,1,20,MEDIUM,HARD,20.0,94.58,93.672,-0.9080000000000013,3,3
2025,Saudi Arabian Grand Prix,SAI,1,21,MEDIUM,HARD,21.0,95.33,94.455,-0.875,3,3
2025,Saudi Arabian Grand Prix,STR,1,39,HARD,MEDIUM,40.0,95.327,93.372,-1.9549999999999983,3,3
2025,Saudi Arabian Grand Prix,VER,1,21,MEDIUM,HARD,21.0,93.914,93.419,-0.49500000000000455,3,3
2025,São Paulo Grand Prix,ALB,1,35,MEDIUM,SOFT,41.0,76.412,73.683,-2.728999999999999,3,3
2025,São Paulo Grand Prix,ALB,2,55,SOFT,MEDIUM,22.0,75.021,72.509,-2.5120000000000005,3,3
2025,São Paulo Grand Prix,ALO,1,28,HARD,MEDIUM,28.0,76.335,74.374,-1.9609999999999985,3,3
2025,São Paulo Grand Prix,ALO,2,46,MEDIUM,MEDIUM,24.0,75.213,73.668,-1.5449999999999875,3,3
2025,São Paulo Grand Prix,ANT,1,21,SOFT,MEDIUM,24.0,75.294,74.724,-0.5699999999999932,3,3
2025,São Paulo Grand Prix,ANT,2,47,MEDIUM,MEDIUM,26.0,74.53,73.473,-1.0570000000000022,3,3
2025,São Paulo Grand Prix,BEA,1,17,SOFT,MEDIUM,19.0,75.723,74.213,-1.5100000000000051,3,3
2025,São Paulo Grand Prix,BEA,2,42,MEDIUM,MEDIUM,25.0,74.487,73.91,-0.5769999999999982,3,3
2025,São Paulo Grand Prix,COL,1,29,MEDIUM,SOFT,29.0,76.059,74.429,-1.6299999999999955,3,3
2025,São Paulo Grand Prix,COL,2,43,SOFT,MEDIUM,14.0,74.97,73.363,-1.6069999999999993,3,3
2025,São Paulo Grand Prix,GAS,1,18,SOFT,MEDIUM,21.0,75.955,74.657,-1.2980000000000018,3,3
2025,São Paulo Grand Prix,GAS,2,39,MEDIUM,MEDIUM,21.0,75.054,74.029,-1.0250000000000057,3,3
2025,São Paulo Grand Prix,HAD,1,18,SOFT,MEDIUM,21.0,75.88,74.401,-1.4789999999999992,3,3
2025,São Paulo Grand Prix,HAD,2,37,MEDIUM,MEDIUM,25.0,75.583,74.04,-1.5429999999999922,3,3
2025,São Paulo Grand Prix,HAM,2,14,HARD,MEDIUM,12.0,76.074,74.473,-1.600999999999999,3,3
2025,São Paulo Grand Prix,HAM,3,32,MEDIUM,MEDIUM,18.0,75.58,74.279,-1.301000000000002,3,3
2025,São Paulo Grand Prix,HUL,1,36,MEDIUM,SOFT,36.0,75.618,73.773,-1.8449999999999989,3,3
2025,São Paulo Grand Prix,LAW,1,19,SOFT,MEDIUM,22.0,75.996,74.535,-1.4609999999999985,3,3
2025,São Paulo Grand Prix,NOR,1,30,MEDIUM,SOFT,30.0,74.801,74.217,-0.5840000000000032,3,3
2025,São Paulo Grand Prix,NOR,2,50,SOFT,MEDIUM,23.0,74.386,73.611,-0.7749999999999915,3,3
2025,São Paulo Grand Prix,OCO,2,47,MEDIUM,MEDIUM,39.0,75.097,73.688,-1.4089999999999918,3,3
2025,São Paulo Grand Prix,PIA,1,38,MEDIUM,SOFT,38.0,75.096,73.477,-1.6189999999999998,3,3
2025,São Paulo Grand Prix,PIA,2,51,SOFT,MEDIUM,15.0,73.806,72.97,-0.8359999999999985,3,3
2025,São Paulo Grand Prix,RUS,1,34,MEDIUM,SOFT,38.0,75.348,73.419,-1.929000000000002,3,3
2025,São Paulo Grand Prix,RUS,2,48,SOFT,MEDIUM,15.0,74.396,73.349,-1.046999999999997,3,3
2025,São Paulo Grand Prix,SAI,1,17,SOFT,MEDIUM,17.0,76.123,74.459,-1.6640000000000015,3,3
2025,São Paulo Grand Prix,SAI,2,38,MEDIUM,MEDIUM,21.0,75.461,74.203,-1.2579999999999956,3,3
2025,São Paulo Grand Prix,STR,1,29,HARD,MEDIUM,29.0,76.059,74.394,-1.664999999999992,3,3
2025,São Paulo Grand Prix,STR,2,54,MEDIUM,MEDIUM,31.0,75.244,73.251,-1.992999999999995,3,3
2025,São Paulo Grand Prix,TSU,2,24,MEDIUM,MEDIUM,22.0,76.375,74.039,-2.3359999999999985,3,3
2025,São Paulo Grand Prix,TSU,3,47,MEDIUM,MEDIUM,23.0,75.142,72.847,-2.2950000000000017,3,3
2025,São Paulo Grand Prix,VER,2,34,MEDIUM,MEDIUM,27.0,75.33,73.528,-1.8019999999999925,3,3
2025,São Paulo Grand Prix,VER,3,54,MEDIUM,SOFT,20.0,73.992,72.582,-1.4100000000000108,3,3
2025,Singapore Grand Prix,ALB,1,42,MEDIUM,SOFT,42.0,98.657,96.556,-2.100999999999999,3,3
2025,Singapore Grand Prix,ALO,1,27,SOFT,MEDIUM,30.0,98.231,98.209,-0.02199999999999136,3,3
2025,Singapore Grand Prix,ANT,1,25,MEDIUM,HARD,25.0,96.971,96.339,-0.632000000000005,3,3
2025,Singapore Grand Prix,BEA,1,23,MEDIUM,HARD,23.0,97.986,96.992,-0.9939999999999998,3,3
2025,Singapore Grand Prix,BOR,1,13,MEDIUM,HARD,13.0,98.835,97.152,-1.6829999999999927,3,3
2025,Singapore Grand Prix,COL,1,14,SOFT,MEDIUM,14.0,98.869,97.557,-1.3119999999999976,3,3
2025,Singapore Grand Prix,GAS,1,24,MEDIUM,HARD,24.0,98.586,96.878,-1.7079999999999984,3,3
2025,Singapore Grand Prix,GAS,2,51,HARD,SOFT,27.0,99.614,94.648,-4.966000000000008,3,3
2025,Singapore Grand Prix,HAD,1,20,SOFT,HARD,22.0,98.569,98.352,-0.21699999999999875,3,3
2025,Singapore Grand Prix,HAM,1,24,MEDIUM,HARD,24.0,98.039,96.46,-1.5790000000000077,3,3
2025,Singapore Grand Prix,HAM,2,46,HARD,SOFT,22.0,95.924,94.312,-1.612000000000009,3,3
2025,Singapore Grand Prix,HUL,1,25,MEDIUM,HARD,25.0,98.42,98.522,0.10200000000000387,3,3
2025,Singapore Grand Prix,HUL,2,44,HARD,SOFT,19.0,99.375,95.544,-3.831000000000003,3,3
2025,Singapore Grand Prix,LAW,1,48,MEDIUM,SOFT,48.0,99.352,98.14,-1.2120000000000033,3,3
2025,Singapore Grand Prix,LEC,1,21,MEDIUM,HARD,21.0,97.836,96.378,-1.4579999999999984,3,3
2025,Singapore Grand Prix,NOR,1,26,MEDIUM,HARD,26.0,96.959,95.697,-1.2620000000000005,3,3
2025,Singapore Grand Prix,OCO,1,30,MEDIUM,HARD,30.0,98.565,97.017,-1.5480000000000018,3,3
2025,Singapore Grand Prix,PIA,1,27,MEDIUM,HARD,27.0,96.84,95.535,-1.3050000000000068,3,3
2025,Singapore Grand Prix,RUS,1,25,MEDIUM,HARD,25.0,97.199,95.795,-1.4039999999999964,3,3
2025,Singapore Grand Prix,SAI,1,50,MEDIUM,SOFT,50.0,100.539,95.688,-4.850999999999999,3,3
2025,Singapore Grand Prix,STR,1,38,SOFT,MEDIUM,38.0,99.085,97.792,-1.2929999999999922,3,3
2025,Singapore Grand Prix,TSU,1,13,SOFT,HARD,13.0,99.007,97.038,-1.9690000000000083,3,3
2025,Singapore Grand Prix,VER,1,19,SOFT,HARD,22.0,97.318,96.33,-0.9879999999999995,3,3
2025,Spanish Grand Prix,ALB,1,6,SOFT,SOFT,9.0,82.537,80.543,-1.9939999999999998,3,3
2025,Spanish Grand Prix,ALO,1,15,SOFT,MEDIUM,17.0,82.469,81.025,-1.4439999999999884,3,3
2025,Spanish Grand Prix,ALO,2,42,MEDIUM,SOFT,28.0,81.717,79.703,-2.013999999999996,3,3
2025,Spanish Grand Prix,ALO,3,54,SOFT,SOFT,15.0,80.232,79.886,-0.34600000000000364,3,3
2025,Spanish Grand Prix,ANT,1,21,SOFT,MEDIUM,24.0,82.441,80.894,-1.546999999999997,3,3
2025,Spanish Grand Prix,ANT,2,49,MEDIUM,SOFT,28.0,80.622,78.328,-2.293999999999997,3,3
2025,Spanish Grand Prix,BEA,1,8,SOFT,MEDIUM,8.0,82.177,81.715,-0.4620000000000033,3,3
2025,Spanish Grand Prix,BEA,2,35,MEDIUM,MEDIUM,27.0,81.87,80.856,-1.01400000000001,3,3
2025,Spanish Grand Prix,BEA,3,54,MEDIUM,SOFT,19.0,81.975,80.255,-1.7199999999999989,3,3
2025,Spanish Grand Prix,BOR,1,19,SOFT,MEDIUM,22.0,83.443,81.452,-1.9909999999999997,3,3
2025,Spanish Grand Prix,BOR,2,49,MEDIUM,SOFT,30.0,81.519,79.386,-2.1330000000000098,3,3
2025,Spanish Grand Prix,COL,1,14,SOFT,MEDIUM,14.0,83.044,81.625,-1.418999999999997,3,3
2025,Spanish Grand Prix,COL,2,39,MEDIUM,SOFT,25.0,83.395,80.805,-2.589999999999989,3,3
2025,Spanish Grand Prix,COL,3,54,SOFT,SOFT,15.0,80.08,80.401,0.32099999999999795,3,3
2025,Spanish Grand Prix,GAS,1,10,SOFT,SOFT,12.0,82.16,82.189,0.028999999999996362,3,3
2025,Spanish Grand Prix,GAS,2,31,SOFT,MEDIUM,24.0,82.303,81.279,-1.024000000000001,3,3
2025,Spanish Grand Prix,GAS,3,55,MEDIUM,SOFT,24.0,81.884,78.745,-3.138999999999996,3,3
2025,Spanish Grand Prix,HAD,1,19,SOFT,MEDIUM,22.0,82.553,81.418,-1.134999999999991,3,3
2025,Spanish Grand Prix,HAD,2,48,MEDIUM,SOFT,29.0,80.882,79.702,-1.1800000000000068,3,3
2025,Spanish Grand Prix,HAD,3,55,SOFT,SOFT,10.0,79.611,78.376,-1.2349999999999994,3,3
2025,Spanish Grand Prix,HAM,1,16,SOFT,MEDIUM,19.0,81.869,80.948,-0.9210000000000065,3,3
2025,Spanish Grand Prix,HAM,2,46,MEDIUM,SOFT,30.0,81.029,78.344,-2.6850000000000023,3,3
2025,Spanish Grand Prix,HAM,3,55,SOFT,SOFT,12.0,79.16,77.939,-1.2210000000000036,3,3
2025,Spanish Grand Prix,HUL,1,9,SOFT,MEDIUM,9.0,82.263,81.785,-0.47800000000000864,3,3
2025,Spanish Grand Prix,HUL,2,45,MEDIUM,SOFT,36.0,81.683,80.805,-0.8780000000000001,3,3
2025,Spanish Grand Prix,HUL,3,56,SOFT,SOFT,11.0,79.987,78.282,-1.7049999999999983,3,3
2025,Spanish Grand Prix,LAW,1,18,SOFT,MEDIUM,18.0,81.968,81.344,-0.6240000000000094,3,3
2025,Spanish Grand Prix,LAW,2,44,MEDIUM,SOFT,26.0,81.11,79.86,-1.25,3,3
2025,Spanish Grand Prix,LEC,1,17,SOFT,MEDIUM,18.0,81.481,80.585,-0.8960000000000008,3,3
2025,Spanish Grand Prix,LEC,2,40,MEDIUM,MEDIUM,23.0,80.912,79.354,-1.558000000000007,3,3
2025,Spanish Grand Prix,LEC,3,55,MEDIUM,SOFT,15.0,79.826,77.547,-2.2789999999999964,3,3
2025,Spanish Grand Prix,NOR,1,21,SOFT,MEDIUM,21.0,81.089,79.844,-1.2450000000000045,3,3
2025,Spanish Grand Prix,NOR,2,48,MEDIUM,SOFT,27.0,80.082,78.315,-1.766999999999996,3,3
2025,Spanish Grand Prix,NOR,3,55,SOFT,SOFT,10.0,78.345,76.214,-2.1310000000000002,3,3
2025,Spanish Grand Prix,OCO,1,20,SOFT,MEDIUM,20.0,83.264,80.793,-2.4709999999999894,3,3
2025,Spanish Grand Prix,OCO,2,43,MEDIUM,MEDIUM,23.0,81.688,80.252,-1.436000000000007,3,3
2025,Spanish Grand Prix,PIA,1,22,SOFT,MEDIUM,22.0,81.126,79.913,-1.213000000000008,3,3
2025,Spanish Grand Prix,PIA,2,49,MEDIUM,SOFT,27.0,79.378,78.78,-0.597999999999999,3,3
2025,Spanish Grand Prix,PIA,3,55,SOFT,SOFT,9.0,77.885,75.933,-1.9519999999999982,3,3
2025,Spanish Grand Prix,RUS,1,20,SOFT,MEDIUM,23.0,81.732,79.512,-2.219999999999999,3,3
2025,Spanish Grand Prix,RUS,2,41,MEDIUM,SOFT,21.0,80.524,79.079,-1.4450000000000074,3,3
2025,Spanish Grand Prix,RUS,3,55,SOFT,SOFT,14.0,79.426,77.594,-1.8320000000000078,3,3
2025,Spanish Grand Prix,SAI,1,9,SOFT,SOFT,9.0,82.908,81.101,-1.8070000000000022,3,3
2025,Spanish Grand Prix,SAI,2,34,SOFT,MEDIUM,25.0,82.026,80.961,-1.0649999999999977,3,3
2025,Spanish Grand Prix,SAI,3,55,MEDIUM,SOFT,21.0,80.494,80.53,0.036000000000001364,3,3
2025,Spanish Grand Prix,TSU,1,8,MEDIUM,SOFT,8.0,82.86,80.645,-2.2150000000000034,3,3
2025,Spanish Grand Prix,TSU,2,24,SOFT,SOFT,16.0,82.452,80.381,-2.070999999999998,3,3
2025,Spanish Grand Prix,TSU,3,44,SOFT,SOFT,20.0,82.85,79.498,-3.3519999999999897,3,3
2025,Spanish Grand Prix,TSU,4,54,SOFT,SOFT,10.0,79.954,80.396,0.4420000000000073,3,3
2025,Spanish Grand Prix,VER,1,13,SOFT,SOFT,16.0,81.163,79.63,-1.5330000000000013,3,3
2025,Spanish Grand Prix,VER,2,29,SOFT,MEDIUM,16.0,80.58,78.455,-2.125,3,3
2025,Spanish Grand Prix,VER,3,47,MEDIUM,SOFT,18.0,80.301,77.997,-2.304000000000002,3,3
2025,Spanish Grand Prix,VER,4,55,SOFT,HARD,11.0,78.682,77.608,-1.073999999999998,3,3
2025,United States Grand Prix,ALB,1,7,HARD,MEDIUM,7.0,101.904,99.569,-2.3349999999999937,3,3
2025,United States Grand Prix,ALB,2,36,MEDIUM,SOFT,29.0,100.248,98.55,-1.6980000000000075,3,3
2025,United States Grand Prix,ALO,1,30,MEDIUM,SOFT,31.0,101.143,100.43,-0.7129999999999939,3,3
2025,United States Grand Prix,ANT,1,31,MEDIUM,SOFT,31.0,100.268,99.304,-0.9639999999999986,3,3
2025,United States Grand Prix,BEA,1,30,MEDIUM,SOFT,30.0,101.086,99.554,-1.5319999999999965,3,3
2025,United States Grand Prix,BOR,1,14,SOFT,MEDIUM,14.0,101.337,100.164,-1.1730000000000018,3,3
2025,United States Grand Prix,BOR,2,36,MEDIUM,SOFT,22.0,101.894,98.752,-3.14200000000001,3,3
2025,United States Grand Prix,COL,1,32,MEDIUM,SOFT,32.0,101.156,99.779,-1.3770000000000095,3,3
2025,United States Grand Prix,GAS,1,27,MEDIUM,SOFT,27.0,101.496,99.744,-1.7519999999999953,3,3
2025,United States Grand Prix,HAD,1,28,HARD,SOFT,28.0,101.438,99.984,-1.4540000000000077,3,3
2025,United States Grand Prix,HAM,1,31,MEDIUM,SOFT,31.0,100.291,98.667,-1.6239999999999952,3,3
2025,United States Grand Prix,HUL,1,33,MEDIUM,SOFT,33.0,100.31,99.626,-0.6839999999999975,3,3
2025,United States Grand Prix,LAW,1,30,MEDIUM,SOFT,30.0,101.088,99.848,-1.2399999999999949,3,3
2025,United States Grand Prix,LEC,1,22,SOFT,MEDIUM,25.0,100.055,99.245,-0.8100000000000023,3,3
2025,United States Grand Prix,NOR,1,32,MEDIUM,SOFT,32.0,99.624,98.212,-1.411999999999992,3,3
2025,United States Grand Prix,OCO,1,24,HARD,MEDIUM,24.0,101.428,99.732,-1.695999999999998,3,3
2025,United States Grand Prix,PIA,1,30,MEDIUM,SOFT,30.0,100.76,99.429,-1.331000000000003,3,3
2025,United States Grand Prix,RUS,1,33,MEDIUM,SOFT,33.0,100.631,98.437,-2.1940000000000026,3,3
2025,United States Grand Prix,STR,1,28,SOFT,MEDIUM,28.0,101.404,99.839,-1.5649999999999977,3,3
2025,United States Grand Prix,TSU,1,29,MEDIUM,SOFT,29.0,100.986,99.604,-1.382000000000005,3,3
2025,United States Grand Prix,VER,1,33,MEDIUM,SOFT,33.0,100.054,98.663,-1.3910000000000053,3,3
