RaceYear,RaceName,Driver,Stint,Compound,degradation_slope_seconds_per_lap,intercept,n_laps,min_tyre_life,max_tyre_life
2018,Abu Dhabi Grand Prix,ALO,1,ULTRASOFT,-0.02563934426229511,1.4822213114754084,20,5.0,26.0
2018,Abu Dhabi Grand Prix,ALO,2,SUPERSOFT,-0.08402700854700852,3.7279685470085475,26,2.0,27.0
2018,Abu Dhabi Grand Prix,BOT,1,ULTRASOFT,-0.042823113207547184,0.9962688679245347,9,8.0,18.0
2018,Abu Dhabi Grand Prix,BOT,2,SUPERSOFT,0.05341953698475435,0.4559830604178497,22,2.0,23.0
2018,Abu Dhabi Grand Prix,BOT,3,ULTRASOFT,0.20665054945054948,0.6034703296703287,14,2.0,15.0
2018,Abu Dhabi Grand Prix,ERI,1,SUPERSOFT,-0.07436266373362632,2.3420406959304056,18,5.0,24.0
2018,Abu Dhabi Grand Prix,GAS,1,SUPERSOFT,-0.06421419559833674,3.1486185692257456,22,5.0,28.0
2018,Abu Dhabi Grand Prix,GAS,2,ULTRASOFT,-0.04808529411764703,1.525060294117646,16,2.0,17.0
2018,Abu Dhabi Grand Prix,GRO,2,SUPERSOFT,-0.09183299414122742,5.230212704286166,46,2.0,47.0
2018,Abu Dhabi Grand Prix,HAM,2,SUPERSOFT,-0.06992853839037927,4.064000693802035,47,2.0,48.0
2018,Abu Dhabi Grand Prix,HAR,2,SUPERSOFT,-0.07517338981248453,4.794802160504762,48,3.0,52.0
2018,Abu Dhabi Grand Prix,LEC,2,SUPERSOFT,-0.10362118408880663,5.135146623496757,47,2.0,48.0
2018,Abu Dhabi Grand Prix,MAG,1,SUPERSOFT,-0.1199741872567381,4.721014084385497,34,5.0,40.0
2018,Abu Dhabi Grand Prix,MAG,2,ULTRASOFT,-0.1831853146853147,2.973973193473195,12,2.0,13.0
2018,Abu Dhabi Grand Prix,OCO,1,HYPERSOFT,0.10616865315852184,0.051713349225274284,11,8.0,20.0
2018,Abu Dhabi Grand Prix,OCO,2,SUPERSOFT,-0.1447084615384618,3.863918461538469,25,2.0,26.0
2018,Abu Dhabi Grand Prix,PER,1,ULTRASOFT,-0.08274008810572689,2.166317180616748,19,5.0,25.0
2018,Abu Dhabi Grand Prix,PER,2,SUPERSOFT,-0.059160919540229985,2.241279967159276,28,2.0,29.0
2018,Abu Dhabi Grand Prix,RIC,1,ULTRASOFT,-0.06332036450273877,2.895440817429326,26,9.0,36.0
2018,Abu Dhabi Grand Prix,RIC,2,SUPERSOFT,0.019628571428571464,1.2739809523809567,21,2.0,22.0
2018,Abu Dhabi Grand Prix,SAI,1,ULTRASOFT,-0.150687110084637,5.493714585475072,30,5.0,36.0
2018,Abu Dhabi Grand Prix,SAI,2,SUPERSOFT,-0.049284313725490095,2.2528431372549016,17,2.0,18.0
2018,Abu Dhabi Grand Prix,SIR,1,SUPERSOFT,-0.07078985186822909,3.0596862701746623,28,5.0,34.0
2018,Abu Dhabi Grand Prix,SIR,2,ULTRASOFT,-0.10824561403508778,2.5073567251461975,18,2.0,19.0
2018,Abu Dhabi Grand Prix,STR,1,SUPERSOFT,-0.09270909814117737,4.018253608987545,33,5.0,39.0
2018,Abu Dhabi Grand Prix,STR,2,ULTRASOFT,-0.06751098901098904,1.6763186813186808,13,2.0,14.0
2018,Abu Dhabi Grand Prix,VAN,1,SUPERSOFT,-0.05139372835138934,2.362336612867563,28,5.0,34.0
2018,Abu Dhabi Grand Prix,VAN,2,ULTRASOFT,-0.08885345717234266,2.3586835225318246,18,2.0,19.0
2018,Abu Dhabi Grand Prix,VER,1,HYPERSOFT,-0.16157650951199376,3.3788287841191083,10,8.0,19.0
2018,Abu Dhabi Grand Prix,VER,2,SUPERSOFT,-0.03842271218587005,2.115805595068748,37,2.0,38.0
2018,Abu Dhabi Grand Prix,VET,1,ULTRASOFT,0.01158333333333322,0.5276666666666648,8,8.0,17.0
2018,Abu Dhabi Grand Prix,VET,2,SUPERSOFT,-0.05938421052631585,3.4457863697705786,39,2.0,40.0
2018,Australian Grand Prix,ALO,1,ULTRASOFT,-0.1230441558441556,3.1808562770562783,21,4.0,24.0
2018,Australian Grand Prix,ALO,2,SOFT,-0.079482905982906,2.586471509971516,27,6.0,32.0
2018,Australian Grand Prix,BOT,1,ULTRASOFT,-0.029124060150376146,1.410996992481207,20,7.0,26.0
2018,Australian Grand Prix,BOT,2,SUPERSOFT,-0.06501465201465194,2.51670044770044,27,7.0,33.0
2018,Australian Grand Prix,GAS,1,ULTRASOFT,-0.5071,5.404911111111111,9,4.0,12.0
2018,Australian Grand Prix,GRO,1,ULTRASOFT,-0.07341403508771922,2.497887719298237,19,7.0,25.0
2018,Australian Grand Prix,HAM,1,ULTRASOFT,-0.18178571428571388,3.301906593406587,13,7.0,19.0
2018,Australian Grand Prix,HAM,2,SOFT,-0.0248564822656593,1.5792306311189348,32,2.0,39.0
2018,Australian Grand Prix,HAR,2,SOFT,-0.053615891926390526,2.320100414849474,18,4.0,23.0
2018,Australian Grand Prix,HAR,3,ULTRASOFT,-0.08349162393162397,3.3866936752136736,26,8.0,33.0
2018,Australian Grand Prix,HUL,1,ULTRASOFT,-0.08484210526315773,1.861999999999991,19,7.0,25.0
2018,Australian Grand Prix,HUL,2,SOFT,-0.06709157509157514,2.535811965811963,27,8.0,34.0
2018,Australian Grand Prix,LEC,1,SUPERSOFT,-0.2613250000000005,4.16304166666667,15,4.0,18.0
2018,Australian Grand Prix,LEC,3,ULTRASOFT,-0.06013369963369963,2.0239991859991857,27,5.0,31.0
2018,Australian Grand Prix,MAG,1,ULTRASOFT,-0.051911764705881984,1.5010294117646932,17,7.0,23.0
2018,Australian Grand Prix,OCO,1,ULTRASOFT,-0.09296181630546956,1.9600227038183635,18,4.0,21.0
2018,Australian Grand Prix,OCO,2,SOFT,-0.04494871794871787,2.536982905982909,27,9.0,35.0
2018,Australian Grand Prix,PER,1,ULTRASOFT,-0.04749824561403484,1.1347403508771898,19,4.0,22.0
2018,Australian Grand Prix,PER,2,SOFT,-0.07490109890109907,2.60721937321938,27,8.0,34.0
2018,Australian Grand Prix,RAI,1,ULTRASOFT,-0.1906818181818189,3.4736212121212224,12,8.0,19.0
2018,Australian Grand Prix,RAI,2,SOFT,-0.05612705277948534,2.4525470273118413,33,2.0,40.0
2018,Australian Grand Prix,RIC,1,SUPERSOFT,-0.08168051948051945,3.2348545454545494,21,7.0,27.0
2018,Australian Grand Prix,RIC,2,SOFT,-0.05393467643467644,2.3737218152218214,27,6.0,32.0
2018,Australian Grand Prix,SAI,1,ULTRASOFT,-0.09857352941176482,2.2676029411764684,17,7.0,23.0
2018,Australian Grand Prix,SAI,2,SOFT,-0.05230086029322673,1.8649441415242918,28,2.0,36.0
2018,Australian Grand Prix,STR,1,SUPERSOFT,-0.05926090225563891,1.3236721804511271,20,4.0,23.0
2018,Australian Grand Prix,STR,3,ULTRASOFT,-0.07024725274725278,2.413807895807901,27,3.0,29.0
2018,Australian Grand Prix,VAN,1,ULTRASOFT,-0.06174887218045104,1.703709774436083,20,4.0,23.0
2018,Australian Grand Prix,VAN,2,SUPERSOFT,-0.09481807081807099,3.204954008954014,27,7.0,33.0
2018,Australian Grand Prix,VER,1,SUPERSOFT,-0.09580882352941164,2.3386029411764637,16,7.0,22.0
2018,Australian Grand Prix,VER,2,SOFT,-0.05315897237782505,2.397200309059308,29,2.0,37.0
2018,Australian Grand Prix,VET,1,ULTRASOFT,-0.061750375939849604,1.7673315789473647,20,8.0,27.0
2018,Australian Grand Prix,VET,2,SOFT,-0.01065934065934065,0.8604533984534045,27,6.0,32.0
2018,Austrian Grand Prix,ALO,1,SUPERSOFT,-0.08647552447552395,1.2942575757575747,12,1.0,12.0
2018,Austrian Grand Prix,ALO,2,SOFT,-0.019404840861444624,1.5742601867733927,54,2.0,55.0
2018,Austrian Grand Prix,BOT,1,SUPERSOFT,-0.03570279720279738,0.7495932400932436,12,4.0,15.0
2018,Austrian Grand Prix,ERI,1,SOFT,-0.07269567793438927,2.946922321317196,40,1.0,43.0
2018,Austrian Grand Prix,ERI,2,SUPERSOFT,0.04011086956521728,0.6662949275362389,24,2.0,25.0
2018,Austrian Grand Prix,GAS,1,SUPERSOFT,-0.12203146853146854,1.5256212121212143,12,1.0,12.0
2018,Austrian Grand Prix,GAS,2,SOFT,0.01616325519344391,0.2542916714312916,54,2.0,55.0
2018,Austrian Grand Prix,GRO,1,ULTRASOFT,-0.09328571428571439,1.4420109890109916,13,4.0,16.0
2018,Austrian Grand Prix,GRO,2,SOFT,0.0023213264722698208,0.48073108442920015,54,2.0,55.0
2018,Austrian Grand Prix,HAM,1,SUPERSOFT,-0.0470553526592101,1.3700415430267017,20,4.0,25.0
2018,Austrian Grand Prix,HAM,2,SOFT,-0.006272307692307769,0.7810923076923062,25,2.0,26.0
2018,Austrian Grand Prix,HAM,3,SUPERSOFT,0.07123333333333262,0.20393333333333474,9,2.0,10.0
2018,Austrian Grand Prix,HAR,1,SUPERSOFT,-0.048618131488141106,2.661118850370535,49,1.0,52.0
2018,Austrian Grand Prix,HUL,1,ULTRASOFT,0.048860606060606465,0.4048848484848461,10,4.0,13.0
2018,Austrian Grand Prix,LEC,1,SUPERSOFT,0.029775022956841167,0.3810973370064345,10,2.0,12.0
2018,Austrian Grand Prix,LEC,2,SOFT,-0.006696474175719436,1.0325532177117067,54,2.0,55.0
2018,Austrian Grand Prix,MAG,1,ULTRASOFT,-0.07680014841876927,2.189344103208128,24,4.0,29.0
2018,Austrian Grand Prix,MAG,2,SOFT,-0.012702613240418131,1.115725783972127,41,2.0,42.0
2018,Austrian Grand Prix,OCO,1,SUPERSOFT,-0.10443406593406578,1.2022692307692269,13,1.0,13.0
2018,Austrian Grand Prix,OCO,2,SOFT,-0.004085344006098735,1.016080452321967,54,2.0,55.0
2018,Austrian Grand Prix,PER,1,SUPERSOFT,-0.0842694451907574,2.0788589468027876,23,1.0,25.0
2018,Austrian Grand Prix,PER,2,SOFT,0.008933959970828916,0.7992716149420588,42,2.0,43.0
2018,Austrian Grand Prix,RAI,1,ULTRASOFT,-0.07533516483516538,1.5226593406593523,13,4.0,16.0
2018,Austrian Grand Prix,RAI,2,SOFT,-0.030493506493506475,2.170911688311695,55,2.0,56.0
2018,Austrian Grand Prix,RIC,1,SUPERSOFT,-0.08209340659340625,1.4553186813186731,13,4.0,16.0
2018,Austrian Grand Prix,RIC,2,SOFT,0.02660519480519466,0.11654718614719409,21,2.0,22.0
2018,Austrian Grand Prix,RIC,3,SUPERSOFT,-0.020191208791209177,1.039224175824185,14,7.0,20.0
2018,Austrian Grand Prix,SAI,1,ULTRASOFT,-0.0639685314685314,1.141451048951054,12,4.0,15.0
2018,Austrian Grand Prix,SAI,2,SOFT,0.1303357843137255,-0.3247696078431322,17,2.0,18.0
2018,Austrian Grand Prix,SAI,3,SUPERSOFT,0.01476050420168059,0.5697504201680637,35,2.0,36.0
2018,Austrian Grand Prix,SIR,1,SUPERSOFT,-0.07330713326004629,1.844252900940517,19,1.0,22.0
2018,Austrian Grand Prix,SIR,2,SOFT,0.01741008403361349,0.8157075630252061,34,2.0,35.0
2018,Austrian Grand Prix,SIR,3,ULTRASOFT,0.10282142857142779,-0.04714285714285694,8,2.0,9.0
2018,Austrian Grand Prix,STR,1,ULTRASOFT,-0.13492657342657308,1.4159393939393867,12,1.0,12.0
2018,Austrian Grand Prix,STR,2,SOFT,-0.01778468302214498,1.3579469170646916,48,2.0,49.0
2018,Austrian Grand Prix,VAN,2,SOFT,-0.027521711446091716,2.0579137217446752,35,2.0,38.0
2018,Austrian Grand Prix,VAN,3,SOFT,0.0037954545454546872,0.6169634387351706,23,2.0,24.0
2018,Austrian Grand Prix,VER,1,SUPERSOFT,-0.046406593406593775,0.8456813186813267,13,4.0,16.0
2018,Austrian Grand Prix,VER,2,SOFT,-0.019987373737373706,1.4229974747474816,55,2.0,56.0
2018,Austrian Grand Prix,VET,1,ULTRASOFT,-0.10168131868131876,1.6265824175824182,13,4.0,16.0
2018,Austrian Grand Prix,VET,2,SOFT,-0.025184992784992796,1.8057829725829788,55,2.0,56.0
2018,Azerbaijan Grand Prix,ALO,2,SOFT,-0.16625469824293343,5.879270129870129,34,5.0,38.0
2018,Azerbaijan Grand Prix,BOT,1,SUPERSOFT,-0.13200076394194046,5.335695951107716,34,9.0,42.0
2018,Azerbaijan Grand Prix,ERI,2,SOFT,-0.6546608391608387,9.00935547785547,12,5.0,16.0
2018,Azerbaijan Grand Prix,ERI,3,ULTRASOFT,-0.045055882352941286,1.6159058823529409,16,2.0,17.0
2018,Azerbaijan Grand Prix,GAS,1,ULTRASOFT,-0.6752571428571439,6.3630952380952435,6,5.0,10.0
2018,Azerbaijan Grand Prix,GAS,2,SOFT,-0.0935869230769233,3.1290569230769294,25,2.0,26.0
2018,Azerbaijan Grand Prix,GRO,2,SUPERSOFT,-0.16553521772345306,5.533354316271967,34,4.0,37.0
2018,Azerbaijan Grand Prix,HAM,1,SUPERSOFT,-0.28034705882352906,6.500323529411752,16,10.0,25.0
2018,Azerbaijan Grand Prix,HAM,2,SOFT,-0.07106617647058792,1.4844411764705776,16,2.0,17.0
2018,Azerbaijan Grand Prix,HAR,2,ULTRASOFT,-0.38526821608040246,6.503299832495824,15,5.0,20.0
2018,Azerbaijan Grand Prix,HAR,3,SUPERSOFT,-0.08052499999999993,1.585458333333327,15,2.0,16.0
2018,Azerbaijan Grand Prix,LEC,1,SUPERSOFT,-0.3337223942208464,6.342085655314755,18,5.0,22.0
2018,Azerbaijan Grand Prix,LEC,2,SOFT,-0.002230769230769139,0.34160439560438827,14,2.0,15.0
2018,Azerbaijan Grand Prix,MAG,2,SOFT,-0.19762433352748807,6.77772789999552,32,5.0,37.0
2018,Azerbaijan Grand Prix,PER,2,SOFT,-0.1672035141329258,5.391407333842621,34,4.0,37.0
2018,Azerbaijan Grand Prix,RAI,2,SOFT,-0.1524090145148969,5.021470282658522,34,5.0,38.0
2018,Azerbaijan Grand Prix,RIC,1,SUPERSOFT,-0.2223987903225807,7.952990322580649,31,9.0,39.0
2018,Azerbaijan Grand Prix,SAI,1,ULTRASOFT,-0.6409999999999999,9.396499999999998,8,8.0,16.0
2018,Azerbaijan Grand Prix,SAI,2,SOFT,-0.05444367588932801,1.4395938735177862,23,2.0,24.0
2018,Azerbaijan Grand Prix,STR,1,SUPERSOFT,-0.3057647058823528,5.694529411764703,17,5.0,21.0
2018,Azerbaijan Grand Prix,STR,2,SOFT,-0.0638571428571428,1.0426476190476177,15,2.0,16.0
2018,Azerbaijan Grand Prix,VAN,1,SUPERSOFT,-0.7352909090909089,9.78736363636364,11,5.0,15.0
2018,Azerbaijan Grand Prix,VAN,2,SOFT,0.01942857142857118,0.5042380952381008,6,2.0,7.0
2018,Azerbaijan Grand Prix,VAN,3,ULTRASOFT,0.1357342657342654,0.2746596736596723,12,2.0,13.0
2018,Azerbaijan Grand Prix,VER,1,SUPERSOFT,-0.19410923753665665,6.994988819648092,32,9.0,40.0
2018,Azerbaijan Grand Prix,VET,1,SUPERSOFT,-0.10597608695652182,3.1258253623188486,24,8.0,31.0
2018,Azerbaijan Grand Prix,VET,2,SOFT,-0.05491666666666665,0.8456666666666653,8,2.0,9.0
2018,Bahrain Grand Prix,ALO,1,SOFT,-0.07925000000000033,0.8084642857142913,7,4.0,10.0
2018,Bahrain Grand Prix,ALO,2,MEDIUM,-0.016392292490118743,0.5269258893280662,23,2.0,24.0
2018,Bahrain Grand Prix,ALO,3,SUPERSOFT,0.2968147058823529,-1.0904897058823584,16,2.0,17.0
2018,Bahrain Grand Prix,BOT,1,SUPERSOFT,0.03352087912087977,-0.04353186813187073,14,7.0,20.0
2018,Bahrain Grand Prix,BOT,2,MEDIUM,0.02388198198198205,0.8422666666666704,36,1.0,36.0
2018,Bahrain Grand Prix,ERI,1,SOFT,0.001923715620135063,0.28783809029579566,16,4.0,21.0
2018,Bahrain Grand Prix,ERI,2,MEDIUM,0.040374266862170126,0.857325329912019,32,2.0,33.0
2018,Bahrain Grand Prix,GAS,1,SUPERSOFT,-0.03398870967741854,0.8240967741935442,9,7.0,16.0
2018,Bahrain Grand Prix,GAS,2,SOFT,0.0019215686274512193,0.5806666666666713,17,2.0,18.0
2018,Bahrain Grand Prix,GAS,3,SUPERSOFT,0.006983060417842895,0.15062619988707251,22,5.0,26.0
2018,Bahrain Grand Prix,GRO,1,SUPERSOFT,-0.0076274509803919985,0.6819215686274442,11,4.0,16.0
2018,Bahrain Grand Prix,GRO,2,SOFT,0.03618181818181867,1.0124181818181746,10,2.0,11.0
2018,Bahrain Grand Prix,GRO,3,SUPERSOFT,0.16041758241758208,0.34596703296703196,13,2.0,14.0
2018,Bahrain Grand Prix,GRO,4,SUPERSOFT,0.13203636363636329,0.22556363636364102,10,2.0,11.0
2018,Bahrain Grand Prix,HAM,1,SOFT,0.009294736842105307,0.5919368421052572,20,7.0,26.0
2018,Bahrain Grand Prix,HAM,2,MEDIUM,0.016598887652947657,0.4299839080459765,30,1.0,30.0
2018,Bahrain Grand Prix,HAR,1,SUPERSOFT,0.004793987865416497,0.12478874793160638,13,4.0,18.0
2018,Bahrain Grand Prix,HAR,2,SOFT,0.06729548872180471,-0.018348120300759056,20,2.0,21.0
2018,Bahrain Grand Prix,HAR,3,SUPERSOFT,0.22379120879120898,-1.5588571428571374,13,5.0,17.0
2018,Bahrain Grand Prix,HUL,1,SUPERSOFT,-0.073920168067227,1.1580168067226968,8,7.0,16.0
2018,Bahrain Grand Prix,HUL,2,SOFT,0.024217391304348038,0.7020553359683787,22,2.0,23.0
2018,Bahrain Grand Prix,HUL,3,SUPERSOFT,0.3410563725490193,-2.9539093137254886,17,5.0,21.0
2018,Bahrain Grand Prix,LEC,2,MEDIUM,0.05090960149772672,0.9969713827226556,27,2.0,30.0
2018,Bahrain Grand Prix,LEC,3,SUPERSOFT,0.012468831168831096,0.355850216450211,21,2.0,22.0
2018,Bahrain Grand Prix,MAG,1,SUPERSOFT,-0.2001071428571425,2.54107142857142,7,7.0,13.0
2018,Bahrain Grand Prix,MAG,2,SUPERSOFT,-0.036115384615384355,0.9586282051281978,12,5.0,16.0
2018,Bahrain Grand Prix,MAG,3,SOFT,0.0328394088669951,0.682155665024632,29,2.0,30.0
2018,Bahrain Grand Prix,OCO,1,SUPERSOFT,-0.068428571428571,1.2883571428571434,8,7.0,16.0
2018,Bahrain Grand Prix,OCO,2,MEDIUM,-0.017994840041279665,1.1522235982112163,18,2.0,19.0
2018,Bahrain Grand Prix,OCO,3,SOFT,0.05270676691729313,0.4398721804511233,20,2.0,21.0
2018,Bahrain Grand Prix,PER,2,MEDIUM,0.049668880940214995,1.3143224322943294,20,2.0,22.0
2018,Bahrain Grand Prix,PER,3,SUPERSOFT,0.11933992094861672,-0.40046245059289154,23,2.0,24.0
2018,Bahrain Grand Prix,RAI,1,SUPERSOFT,0.0922362637362638,-0.669225274725272,13,7.0,19.0
2018,Bahrain Grand Prix,RAI,2,SOFT,0.052221978021977554,0.04097802197802185,14,1.0,14.0
2018,Bahrain Grand Prix,SAI,1,SUPERSOFT,-0.005291273584906023,0.23644457547169573,9,7.0,17.0
2018,Bahrain Grand Prix,SAI,2,SUPERSOFT,0.19351190476190416,-0.1612261904761803,8,5.0,12.0
2018,Bahrain Grand Prix,SAI,3,SOFT,0.05286896551724138,-0.38662758620689375,29,12.0,40.0
2018,Bahrain Grand Prix,SIR,1,SOFT,0.06026998689384023,0.5058754914810009,15,4.0,20.0
2018,Bahrain Grand Prix,SIR,2,MEDIUM,0.027717647058823208,1.143307352941181,16,2.0,17.0
2018,Bahrain Grand Prix,SIR,3,SUPERSOFT,0.21906071428571458,-0.6262797619047653,15,2.0,16.0
2018,Bahrain Grand Prix,STR,2,SUPERSOFT,0.08290441176470591,0.14048529411764743,17,2.0,18.0
2018,Bahrain Grand Prix,STR,3,MEDIUM,0.06180230769230791,0.4518899999999915,25,1.0,25.0
2018,Bahrain Grand Prix,VAN,2,SOFT,0.023153571428571974,0.9137309523809518,15,3.0,17.0
2018,Bahrain Grand Prix,VAN,3,MEDIUM,0.03018742368742364,0.4848553113553109,27,2.0,28.0
2018,Bahrain Grand Prix,VET,1,SUPERSOFT,0.10513636363636385,-0.6011515151515177,12,6.0,17.0
2018,Bahrain Grand Prix,VET,2,SOFT,0.032309005361637035,0.10244807965860186,38,1.0,38.0
2018,Belgian Grand Prix,BOT,3,SUPERSOFT,-0.21984130434782637,5.418323913043482,24,3.0,26.0
2018,Belgian Grand Prix,BOT,4,SOFT,0.02079120879120878,0.8417472527472508,14,7.0,20.0
2018,Belgian Grand Prix,ERI,2,SOFT,-0.09522207792207774,2.3062835497835414,21,5.0,25.0
2018,Belgian Grand Prix,ERI,3,SUPERSOFT,-0.04402647058823514,1.076001470588229,16,2.0,17.0
2018,Belgian Grand Prix,GAS,2,SUPERSOFT,-0.09785864661654159,2.3403503759398556,20,5.0,24.0
2018,Belgian Grand Prix,GAS,3,SOFT,0.031786377708978596,0.1860763673890642,18,2.0,19.0
2018,Belgian Grand Prix,GRO,2,SUPERSOFT,-0.10160577915376669,2.3118286893704774,18,8.0,25.0
2018,Belgian Grand Prix,GRO,3,SUPERSOFT,-0.01582631578947387,0.7824315789473703,20,5.0,24.0
2018,Belgian Grand Prix,HAM,2,SUPERSOFT,-0.061167647058823556,1.6169735294117675,16,8.0,23.0
2018,Belgian Grand Prix,HAM,3,SOFT,0.07806437041219659,-0.08798644833427852,22,2.0,23.0
2018,Belgian Grand Prix,HAR,2,SOFT,-0.11235794871794873,3.65422564102564,26,5.0,30.0
2018,Belgian Grand Prix,HAR,3,SUPERSOFT,0.06045454545454522,0.21009090909091127,11,2.0,12.0
2018,Belgian Grand Prix,MAG,2,SUPERSOFT,-0.07215584415584404,2.2912337662337587,21,8.0,28.0
2018,Belgian Grand Prix,MAG,3,SUPERSOFT,-0.01214215686274495,0.39237745098039145,17,5.0,21.0
2018,Belgian Grand Prix,OCO,2,SUPERSOFT,-0.09210000000000029,2.229015789473692,19,8.0,26.0
2018,Belgian Grand Prix,OCO,3,SOFT,-0.025566666666666762,0.9226543859649093,19,2.0,20.0
2018,Belgian Grand Prix,PER,2,SUPERSOFT,-0.07381278195488741,2.1018736842105312,20,8.0,27.0
2018,Belgian Grand Prix,PER,3,SOFT,0.027657378740970195,0.16170863433092578,18,2.0,19.0
2018,Belgian Grand Prix,RIC,2,SOFT,-0.1576276923076925,3.8187876923076907,25,2.0,26.0
2018,Belgian Grand Prix,SAI,2,MEDIUM,-0.15205392156862738,2.8515833333333265,17,5.0,21.0
2018,Belgian Grand Prix,SAI,3,SUPERSOFT,-0.004242857142857392,1.0385428571428592,20,2.0,21.0
2018,Belgian Grand Prix,SIR,2,SOFT,-0.10816666666666644,2.373596491228062,19,5.0,23.0
2018,Belgian Grand Prix,SIR,3,SUPERSOFT,-0.030173374613003283,1.1014871001032007,18,2.0,19.0
2018,Belgian Grand Prix,STR,2,SOFT,-0.13409287925696614,2.809476092191263,18,5.0,22.0
2018,Belgian Grand Prix,STR,3,SUPERSOFT,-0.04759824561403498,1.1410017543859567,19,2.0,20.0
2018,Belgian Grand Prix,VAN,3,MEDIUM,-0.10283893280632413,2.4978320158102796,23,3.0,25.0
2018,Belgian Grand Prix,VAN,4,SUPERSOFT,-0.03754725274725301,1.0181516483516504,14,2.0,15.0
2018,Belgian Grand Prix,VER,1,SUPERSOFT,-0.10310909090909048,2.8802017316017228,21,8.0,28.0
2018,Belgian Grand Prix,VER,2,SOFT,0.03791176470588235,0.14900000000000116,17,2.0,18.0
2018,Belgian Grand Prix,VET,2,SUPERSOFT,-0.0036200980392157383,0.3719803921568635,17,8.0,24.0
2018,Belgian Grand Prix,VET,3,SOFT,0.05656623376623364,-0.10641385281385682,21,2.0,22.0
2018,Brazilian Grand Prix,ALO,1,SOFT,0.05937362637362649,0.17901098901099236,13,2.0,14.0
2018,Brazilian Grand Prix,ALO,2,MEDIUM,-0.01669321953532487,1.211350877192978,37,2.0,38.0
2018,Brazilian Grand Prix,ALO,3,SUPERSOFT,0.17732747252747322,-0.38371208791209416,14,2.0,15.0
2018,Brazilian Grand Prix,BOT,1,SUPERSOFT,0.0023411764705879817,0.48261029411765344,16,5.0,20.0
2018,Brazilian Grand Prix,BOT,2,MEDIUM,-0.050247165991902834,2.4543956140350955,39,2.0,40.0
2018,Brazilian Grand Prix,BOT,3,SOFT,-0.06011818181818173,1.2500999999999958,11,2.0,12.0
2018,Brazilian Grand Prix,ERI,1,SUPERSOFT,0.06359264705882316,0.2862191176470598,16,7.0,22.0
2018,Brazilian Grand Prix,GAS,1,SUPERSOFT,0.012499248120300782,0.3658616541353411,20,6.0,25.0
2018,Brazilian Grand Prix,GAS,2,MEDIUM,0.02716211840888067,0.40598959296946896,47,2.0,48.0
2018,Brazilian Grand Prix,GRO,1,SUPERSOFT,-0.007912347052280418,0.666357434186135,30,5.0,34.0
2018,Brazilian Grand Prix,GRO,2,MEDIUM,-0.01966757850968388,1.1958169383958923,38,2.0,39.0
2018,Brazilian Grand Prix,HAM,1,SUPERSOFT,-0.030590686274509567,0.8427965686274473,17,5.0,21.0
2018,Brazilian Grand Prix,HAM,2,MEDIUM,-0.045855022624434374,2.439085610859725,51,2.0,52.0
2018,Brazilian Grand Prix,HAR,1,MEDIUM,-0.0455447502312673,2.1230230111008273,47,2.0,48.0
2018,Brazilian Grand Prix,HAR,2,SUPERSOFT,0.1413060150375939,-0.30436917293232907,20,2.0,21.0
2018,Brazilian Grand Prix,HUL,1,SOFT,-0.06945484400656829,2.5533883415435197,28,4.0,31.0
2018,Brazilian Grand Prix,LEC,1,SUPERSOFT,-0.02789906417112307,1.3915572638146196,33,7.0,39.0
2018,Brazilian Grand Prix,LEC,2,MEDIUM,-0.021845938375350215,1.4022728291316593,35,2.0,36.0
2018,Brazilian Grand Prix,MAG,1,SOFT,-0.04261133603238858,1.8686842105263146,39,2.0,40.0
2018,Brazilian Grand Prix,MAG,2,SUPERSOFT,-0.01756059113300476,0.9198660098522107,29,2.0,30.0
2018,Brazilian Grand Prix,OCO,1,SOFT,-0.04658452784768565,2.022667031403877,38,2.0,39.0
2018,Brazilian Grand Prix,OCO,2,SUPERSOFT,-0.43502499999999966,5.664624999999996,15,2.0,16.0
2018,Brazilian Grand Prix,OCO,3,SUPERSOFT,0.005370629370629114,0.3320862470862516,12,19.0,30.0
2018,Brazilian Grand Prix,PER,1,SUPERSOFT,-0.035261261261261244,1.5045765765765724,37,2.0,38.0
2018,Brazilian Grand Prix,PER,2,SOFT,0.019422914349277096,0.598121913236933,30,2.0,31.0
2018,Brazilian Grand Prix,RAI,1,SOFT,-0.03906551724137931,1.5231068965517176,29,5.0,33.0
2018,Brazilian Grand Prix,RAI,2,MEDIUM,-0.03814271255060725,1.621048245614029,39,2.0,40.0
2018,Brazilian Grand Prix,RIC,1,SUPERSOFT,-0.043253674727359005,2.1564291133238553,37,5.0,41.0
2018,Brazilian Grand Prix,RIC,2,SOFT,-0.05214758064516135,1.8736056451612875,31,2.0,32.0
2018,Brazilian Grand Prix,SAI,1,SOFT,-0.02538142292490122,0.8579584980237208,23,2.0,24.0
2018,Brazilian Grand Prix,SAI,2,MEDIUM,0.015606493506493473,0.9723887445887506,21,2.0,22.0
2018,Brazilian Grand Prix,SAI,3,SUPERSOFT,0.15878571428571422,0.021142857142861522,21,2.0,22.0
2018,Brazilian Grand Prix,SIR,1,SOFT,-0.007353846153846079,0.8179362637362614,14,2.0,15.0
2018,Brazilian Grand Prix,SIR,2,MEDIUM,0.01788585332536502,0.5654851873986155,52,2.0,53.0
2018,Brazilian Grand Prix,STR,1,SOFT,-0.026721428571428712,0.8348928571428628,15,2.0,16.0
2018,Brazilian Grand Prix,STR,2,MEDIUM,0.0270374961455442,0.3766900400863416,46,2.0,47.0
2018,Brazilian Grand Prix,VAN,1,SOFT,-0.03594564102564102,1.1011733333333382,26,2.0,27.0
2018,Brazilian Grand Prix,VAN,2,MEDIUM,-0.05150261324041805,2.665350174216022,41,2.0,42.0
2018,Brazilian Grand Prix,VER,1,SUPERSOFT,-0.025343248663101486,1.2370870098039153,33,5.0,37.0
2018,Brazilian Grand Prix,VER,2,SOFT,-0.055690476190476096,2.0921476190476143,35,2.0,36.0
2018,Brazilian Grand Prix,VET,1,SOFT,-0.039293076923076875,1.326022307692311,25,5.0,29.0
2018,Brazilian Grand Prix,VET,2,MEDIUM,-0.009106521739130456,0.9530630434782636,24,2.0,25.0
2018,Brazilian Grand Prix,VET,3,SUPERSOFT,-0.06376960784313734,1.6907107843137217,17,5.0,21.0
2018,British Grand Prix,ALO,1,SOFT,-0.09116363636363663,0.9761636363636365,11,1.0,11.0
2018,British Grand Prix,ALO,2,MEDIUM,0.010960784313725503,0.39662745098038654,17,2.0,18.0
2018,British Grand Prix,ALO,3,SOFT,-0.17439090909090876,3.604736363636356,11,12.0,22.0
2018,British Grand Prix,BOT,1,SOFT,0.019340350877193106,0.2749964912280698,19,4.0,22.0
2018,British Grand Prix,BOT,2,MEDIUM,-0.0104586003924133,1.4830461303684381,21,2.0,31.0
2018,British Grand Prix,ERI,1,SOFT,-0.08257312252964427,1.9325454545454506,22,1.0,22.0
2018,British Grand Prix,ERI,2,MEDIUM,0.10199999999999894,0.44033333333334085,6,2.0,7.0
2018,British Grand Prix,GAS,1,SOFT,-0.07962022703818375,1.6076143790849682,18,1.0,18.0
2018,British Grand Prix,GAS,2,MEDIUM,-0.02712727272727302,0.6685272727272743,10,2.0,11.0
2018,British Grand Prix,GAS,3,SOFT,-0.12644545454545433,3.1261090909090816,11,13.0,23.0
2018,British Grand Prix,GRO,1,SOFT,-0.08187739130434779,2.1788495652173934,24,4.0,27.0
2018,British Grand Prix,HAM,1,SOFT,-0.06440612648221355,2.2681067193675926,23,5.0,27.0
2018,British Grand Prix,HAM,2,MEDIUM,-0.025410187667560313,1.0754906166219815,17,2.0,27.0
2018,British Grand Prix,HUL,1,MEDIUM,0.009138286893704889,0.478797385620908,18,1.0,18.0
2018,British Grand Prix,HUL,2,HARD,-0.06605408792520384,2.3210276109011336,21,2.0,32.0
2018,British Grand Prix,LEC,1,SOFT,0.010191176470588292,0.2137941176470555,16,6.0,21.0
2018,British Grand Prix,MAG,1,SOFT,-0.09186956521739127,2.474130434782615,23,4.0,26.0
2018,British Grand Prix,MAG,2,MEDIUM,-0.035056940222897556,1.4663073961499462,16,2.0,27.0
2018,British Grand Prix,OCO,1,SOFT,-0.020953431372548813,0.6644411764705821,17,4.0,20.0
2018,British Grand Prix,OCO,2,MEDIUM,-0.05185239085239084,1.900644112644118,22,2.0,33.0
2018,British Grand Prix,PER,1,SOFT,0.10863636363636431,0.5274545454545446,11,1.0,11.0
2018,British Grand Prix,PER,2,MEDIUM,-0.013433823529411587,0.8458088235294122,17,2.0,18.0
2018,British Grand Prix,PER,3,SOFT,-0.07232727272727325,2.2134363636363794,11,13.0,23.0
2018,British Grand Prix,RAI,1,SOFT,-9.090909090964325e-05,0.344090909090919,11,4.0,14.0
2018,British Grand Prix,RAI,2,MEDIUM,0.03955933952528351,0.5752380460956277,18,2.0,19.0
2018,British Grand Prix,RAI,3,SOFT,-0.08695454545454517,2.218999999999996,11,9.0,19.0
2018,British Grand Prix,RIC,1,SOFT,0.0030323529411767007,0.26212794117646687,16,4.0,19.0
2018,British Grand Prix,RIC,2,MEDIUM,-0.0562242424242424,0.6499575757575797,10,2.0,11.0
2018,British Grand Prix,RIC,3,SOFT,-0.031914624505928836,1.2426553359683798,12,2.0,22.0
2018,British Grand Prix,SAI,1,MEDIUM,-0.006800000000000127,0.6548000000000014,15,1.0,15.0
2018,British Grand Prix,SAI,2,HARD,-0.019021978021977907,0.5819450549450509,13,2.0,14.0
2018,British Grand Prix,SIR,1,SOFT,-0.04680877192982468,1.4039298245614096,19,1.0,19.0
2018,British Grand Prix,SIR,2,MEDIUM,-0.0655418604651163,2.554361627906974,20,2.0,31.0
2018,British Grand Prix,STR,1,MEDIUM,-0.05487301587301596,1.7123730158730228,28,1.0,28.0
2018,British Grand Prix,STR,2,SOFT,-0.18170000000000028,3.7982636363636373,11,12.0,22.0
2018,British Grand Prix,VAN,1,SOFT,-0.10079122807017538,1.996491228070179,19,1.0,19.0
2018,British Grand Prix,VAN,2,MEDIUM,-0.04593333333333285,0.5647111111111135,9,2.0,10.0
2018,British Grand Prix,VAN,3,SOFT,-0.1266867346938778,2.722468367346941,9,9.0,19.0
2018,British Grand Prix,VER,1,SOFT,0.0011428571428572086,0.42429523809523534,15,4.0,18.0
2018,British Grand Prix,VER,2,MEDIUM,-0.02239999999999963,0.6203999999999953,14,2.0,15.0
2018,British Grand Prix,VET,1,SOFT,0.10033333333333354,-0.2825294117647068,17,4.0,20.0
2018,British Grand Prix,VET,2,MEDIUM,0.010190909090908647,0.27093636363636153,11,2.0,12.0
2018,British Grand Prix,VET,3,SOFT,-0.0845909090909093,2.1489090909090955,11,9.0,19.0
2018,Canadian Grand Prix,ALO,1,ULTRASOFT,-0.14840109890109857,2.2917032967032904,13,4.0,16.0
2018,Canadian Grand Prix,ALO,2,SUPERSOFT,-0.002227272727272389,0.5633463203463105,21,2.0,22.0
2018,Canadian Grand Prix,BOT,1,ULTRASOFT,-0.021645161290322516,1.0058387096774217,31,7.0,37.0
2018,Canadian Grand Prix,BOT,2,SUPERSOFT,0.0015504679144384725,0.6817582442067718,33,2.0,34.0
2018,Canadian Grand Prix,ERI,2,SUPERSOFT,-0.048541369047619076,3.192452976190471,64,4.0,67.0
2018,Canadian Grand Prix,GAS,1,HYPERSOFT,-0.12818472652218782,2.435142414860678,18,4.0,21.0
2018,Canadian Grand Prix,GAS,2,SUPERSOFT,-0.018542819499341216,1.3268943346508575,45,2.0,46.0
2018,Canadian Grand Prix,GRO,1,ULTRASOFT,-0.06246118997281785,2.5449716097855557,43,4.0,46.0
2018,Canadian Grand Prix,GRO,2,SUPERSOFT,-0.036069172932330786,1.0088954887218053,20,2.0,21.0
2018,Canadian Grand Prix,HAM,1,ULTRASOFT,-0.09390909090909094,1.6101818181818193,11,7.0,17.0
2018,Canadian Grand Prix,HAM,2,SUPERSOFT,-0.02653596194162226,1.7244597645540953,53,2.0,54.0
2018,Canadian Grand Prix,HUL,1,HYPERSOFT,-0.43922619047619055,6.059499999999996,8,7.0,14.0
2018,Canadian Grand Prix,HUL,2,SUPERSOFT,-0.01611168831168836,1.5143480519480554,55,2.0,56.0
2018,Canadian Grand Prix,LEC,1,ULTRASOFT,-0.14356923076923117,2.3186197802197897,14,4.0,17.0
2018,Canadian Grand Prix,LEC,2,SUPERSOFT,-0.020067346938775613,1.718036734693881,49,2.0,50.0
2018,Canadian Grand Prix,MAG,1,ULTRASOFT,-0.1576666666666664,2.854529411764696,17,4.0,20.0
2018,Canadian Grand Prix,MAG,2,SUPERSOFT,-0.04177039777983347,2.2378747456059247,46,2.0,47.0
2018,Canadian Grand Prix,OCO,1,HYPERSOFT,-0.5147142857142869,5.715285714285724,6,7.0,12.0
2018,Canadian Grand Prix,OCO,2,SUPERSOFT,-0.018647070261861482,1.664903335926014,57,2.0,58.0
2018,Canadian Grand Prix,PER,2,SUPERSOFT,-0.02502807486631021,1.249384135472377,33,2.0,34.0
2018,Canadian Grand Prix,PER,3,SUPERSOFT,-0.03670347826086969,1.0965802898550792,24,2.0,25.0
2018,Canadian Grand Prix,RAI,1,ULTRASOFT,-0.07513003663003656,2.307452584452582,27,7.0,33.0
2018,Canadian Grand Prix,RAI,2,SUPERSOFT,-0.014517069701280107,1.2242062588904639,37,2.0,38.0
2018,Canadian Grand Prix,RIC,1,HYPERSOFT,-0.1549475524475518,2.7934277389277278,12,7.0,18.0
2018,Canadian Grand Prix,RIC,2,SUPERSOFT,-0.03030995475113127,2.0953891402715,52,2.0,53.0
2018,Canadian Grand Prix,SAI,1,HYPERSOFT,-0.3043833333333335,4.153216666666673,9,7.0,15.0
2018,Canadian Grand Prix,SAI,2,SUPERSOFT,-0.013630493615399301,1.2992468458166608,54,2.0,55.0
2018,Canadian Grand Prix,SIR,1,SUPERSOFT,-0.1354051948051948,2.983958441558447,21,4.0,24.0
2018,Canadian Grand Prix,SIR,2,ULTRASOFT,-4.6515679442508716e-05,1.5341940766550464,41,2.0,42.0
2018,Canadian Grand Prix,VAN,2,SUPERSOFT,-0.06212730292962848,3.0451360616128005,43,4.0,46.0
2018,Canadian Grand Prix,VAN,3,HYPERSOFT,0.04702105263157882,0.04792631578947505,19,2.0,20.0
2018,Canadian Grand Prix,VER,1,HYPERSOFT,-0.07007272727272752,1.3443272727272757,11,7.0,17.0
2018,Canadian Grand Prix,VER,2,SUPERSOFT,-0.033235123367198846,1.9889042089985436,53,2.0,54.0
2018,Canadian Grand Prix,VET,1,ULTRASOFT,-0.01809347507331382,0.9315722140762477,32,6.0,37.0
2018,Canadian Grand Prix,VET,2,SUPERSOFT,0.00737976539589446,0.6006666055718471,32,2.0,33.0
2018,Chinese Grand Prix,ALO,1,SOFT,-0.08616433566433578,4.207905594405599,12,35.0,46.0
2018,Chinese Grand Prix,ALO,2,MEDIUM,-0.014550000000000543,0.4438611111111157,9,1.0,9.0
2018,Chinese Grand Prix,BOT,1,SOFT,-0.04369123621590157,2.50461114335457,13,32.0,49.0
2018,Chinese Grand Prix,BOT,2,MEDIUM,0.0034833333333326643,0.19802777777778494,9,1.0,9.0
2018,Chinese Grand Prix,ERI,1,SOFT,-0.17647272727272775,7.866181818181834,11,35.0,45.0
2018,Chinese Grand Prix,ERI,2,MEDIUM,0.03478787878787912,0.10386666666666884,10,1.0,10.0
2018,Chinese Grand Prix,GAS,1,MEDIUM,-0.23017441325356625,9.969437183617101,13,28.0,45.0
2018,Chinese Grand Prix,GAS,2,ULTRASOFT,-0.021321212121212296,0.5746666666666631,10,1.0,10.0
2018,Chinese Grand Prix,GRO,1,ULTRASOFT,-0.09922786069651737,4.874739303482586,11,32.0,47.0
2018,Chinese Grand Prix,GRO,2,ULTRASOFT,0.008600000000000104,0.3655111111111158,9,2.0,10.0
2018,Chinese Grand Prix,HAM,1,SOFT,-0.05979781214635936,3.561824594492622,12,32.0,48.0
2018,Chinese Grand Prix,HAM,2,MEDIUM,0.0013333333333327628,0.4880666666666765,10,1.0,10.0
2018,Chinese Grand Prix,HAR,1,ULTRASOFT,-0.6818719008264459,28.08550413223139,12,28.0,45.0
2018,Chinese Grand Prix,HUL,1,ULTRASOFT,-0.08624519049415287,4.284485099962267,12,32.0,48.0
2018,Chinese Grand Prix,HUL,2,SOFT,-0.08538181818181843,0.9082000000000028,10,1.0,10.0
2018,Chinese Grand Prix,LEC,1,SOFT,-0.06595454545454556,3.0561439393939493,12,28.0,45.0
2018,Chinese Grand Prix,LEC,2,MEDIUM,-0.004090909090908741,0.4177999999999999,10,1.0,10.0
2018,Chinese Grand Prix,MAG,1,SOFT,-0.09903432666918113,4.859062240663894,12,33.0,49.0
2018,Chinese Grand Prix,MAG,2,MEDIUM,-0.11863030303030277,1.1632666666666631,10,1.0,10.0
2018,Chinese Grand Prix,OCO,1,SOFT,-0.14209317238777774,6.7212248208223135,12,29.0,45.0
2018,Chinese Grand Prix,OCO,2,ULTRASOFT,0.0786060606060612,0.009266666666664435,10,1.0,10.0
2018,Chinese Grand Prix,PER,1,ULTRASOFT,-0.14504224820822306,7.425111278762715,12,32.0,48.0
2018,Chinese Grand Prix,PER,2,SOFT,0.18448484848484922,-0.2598666666666739,10,1.0,10.0
2018,Chinese Grand Prix,RAI,1,SOFT,-0.10783488102147393,5.570117237376657,13,32.0,49.0
2018,Chinese Grand Prix,RAI,2,MEDIUM,0.09518333333333402,0.10241666666666142,9,1.0,9.0
2018,Chinese Grand Prix,RIC,1,ULTRASOFT,-0.1336549622751013,6.828988392338928,13,32.0,49.0
2018,Chinese Grand Prix,RIC,2,SOFT,-0.11061666666666675,1.4495277777777824,9,1.0,9.0
2018,Chinese Grand Prix,SAI,1,ULTRASOFT,-0.1016288193134663,4.995379479441706,12,32.0,48.0
2018,Chinese Grand Prix,SAI,2,SOFT,0.04967878787878794,0.041666666666660655,10,1.0,10.0
2018,Chinese Grand Prix,SIR,1,SOFT,-0.11324443606186281,5.246553376084474,12,29.0,45.0
2018,Chinese Grand Prix,SIR,2,SOFT,0.03325454545454507,-0.010254545454537519,10,2.0,11.0
2018,Chinese Grand Prix,STR,1,SOFT,-0.08114104924068083,3.9777770363552616,13,28.0,45.0
2018,Chinese Grand Prix,STR,2,MEDIUM,0.009739393939393357,0.24393333333333736,10,1.0,10.0
2018,Chinese Grand Prix,VAN,1,SOFT,-0.08691946617579421,4.290613437643827,13,28.0,45.0
2018,Chinese Grand Prix,VAN,2,MEDIUM,-0.04129696969696982,0.5937333333333339,10,1.0,10.0
2018,Chinese Grand Prix,VER,1,ULTRASOFT,-0.03725462089777428,3.020965296114662,12,32.0,48.0
2018,Chinese Grand Prix,VER,2,SOFT,0.11250303030303004,-0.10686666666666983,10,1.0,10.0
2018,Chinese Grand Prix,VET,1,SOFT,0.1202357600905319,-3.593769143719355,12,31.0,47.0
2018,Chinese Grand Prix,VET,2,MEDIUM,0.20372121212121222,-0.43186666666666235,10,1.0,10.0
2018,French Grand Prix,ALO,2,SOFT,-0.057972795497185606,2.7183334896810494,40,5.0,44.0
2018,French Grand Prix,BOT,2,SOFT,-0.12152105614973256,4.632639148841358,33,5.0,37.0
2018,French Grand Prix,BOT,3,SUPERSOFT,0.14030544217687144,0.32689727891156706,11,2.0,14.0
2018,French Grand Prix,ERI,1,SUPERSOFT,-0.13002660098522165,3.96691921182266,29,5.0,33.0
2018,French Grand Prix,ERI,2,ULTRASOFT,0.08741655095806762,1.0798283810052762,14,2.0,17.0
2018,French Grand Prix,GRO,1,ULTRASOFT,-0.102676245210728,3.8347892720306516,28,8.0,35.0
2018,French Grand Prix,GRO,2,SUPERSOFT,0.016169230769231144,0.9407758241758274,14,2.0,15.0
2018,French Grand Prix,HAM,1,SUPERSOFT,-0.06750000000000007,2.3420000000000045,27,7.0,33.0
2018,French Grand Prix,HAM,2,SOFT,-0.04599264705882351,1.173867647058823,17,2.0,18.0
2018,French Grand Prix,HAR,1,ULTRASOFT,-0.09933064516129049,3.30809072580646,32,5.0,36.0
2018,French Grand Prix,HAR,2,SUPERSOFT,-0.004138775510204139,1.7172693877551033,11,2.0,14.0
2018,French Grand Prix,HUL,1,SOFT,-0.0866205645161291,2.8757016129032253,31,5.0,35.0
2018,French Grand Prix,HUL,2,ULTRASOFT,-0.011441305942773383,0.6596914893616989,13,5.0,19.0
2018,French Grand Prix,LEC,1,ULTRASOFT,-0.04862692307692324,1.746538461538469,25,8.0,32.0
2018,French Grand Prix,LEC,2,SUPERSOFT,-0.060367167270844006,1.3700248575867395,19,2.0,22.0
2018,French Grand Prix,MAG,1,ULTRASOFT,-0.07956465273856575,2.5258097120270966,22,8.0,29.0
2018,French Grand Prix,MAG,2,SOFT,-0.08799150763824501,2.1964385279906335,22,2.0,25.0
2018,French Grand Prix,PER,1,SOFT,-0.11842913608130999,2.96983342744212,22,5.0,26.0
2018,French Grand Prix,RAI,1,ULTRASOFT,-0.0797701149425287,2.4632717569786573,28,8.0,35.0
2018,French Grand Prix,RAI,2,SUPERSOFT,0.07022709030100324,0.364626755852848,16,2.0,19.0
2018,French Grand Prix,RIC,1,SUPERSOFT,-0.10313608130999431,2.9121987577639756,22,10.0,31.0
2018,French Grand Prix,RIC,2,SOFT,0.09112060129825762,-0.2049275708917033,22,2.0,25.0
2018,French Grand Prix,SAI,1,ULTRASOFT,-0.040557142857143284,1.286200000000014,20,8.0,27.0
2018,French Grand Prix,SAI,2,SOFT,0.01914543686623147,1.0657744825670161,24,2.0,27.0
2018,French Grand Prix,SIR,2,ULTRASOFT,-0.026695833791359716,2.287485104979662,45,5.0,51.0
2018,French Grand Prix,STR,2,SOFT,-0.031805647840531616,2.3087375415282385,43,5.0,47.0
2018,French Grand Prix,VAN,1,SUPERSOFT,-0.09638808250572939,3.441932009167297,34,5.0,38.0
2018,French Grand Prix,VAN,2,ULTRASOFT,0.03094972067039116,0.3463128491620111,9,2.0,12.0
2018,French Grand Prix,VER,1,SUPERSOFT,-0.06635789473684205,1.7447684210526344,19,8.0,26.0
2018,French Grand Prix,VER,2,SOFT,-0.03717000000000006,1.644499999999995,25,2.0,26.0
2018,French Grand Prix,VET,2,SOFT,-0.08633521772345304,3.1708542398777744,34,5.0,38.0
2018,French Grand Prix,VET,3,ULTRASOFT,0.17950912584053832,-0.6989385206532177,10,5.0,16.0
2018,German Grand Prix,ALO,2,MEDIUM,-0.1021090909090906,1.9285090909090885,10,2.0,11.0
2018,German Grand Prix,ALO,4,SOFT,-1.2600689415041786,22.76104944289693,9,5.0,20.0
2018,German Grand Prix,BOT,2,SOFT,0.3047989836250705,-1.7394872953133802,22,2.0,23.0
2018,German Grand Prix,BOT,3,ULTRASOFT,-0.13243030303030282,2.043218181818176,10,6.0,15.0
2018,German Grand Prix,ERI,1,SOFT,-0.1309212121212119,4.947618181818177,10,27.0,36.0
2018,German Grand Prix,ERI,2,ULTRASOFT,-0.09230630797773653,3.6764586270871957,21,2.0,29.0
2018,German Grand Prix,GAS,1,SOFT,0.1352749999999999,-3.4918833333333312,15,27.0,41.0
2018,German Grand Prix,GAS,3,ULTRASOFT,-0.7919881170018277,13.890258226691026,12,2.0,20.0
2018,German Grand Prix,GRO,2,MEDIUM,0.31293873517786575,-3.770853754940721,23,7.0,29.0
2018,German Grand Prix,GRO,4,ULTRASOFT,-0.28048484848484906,3.9882060606060734,10,5.0,14.0
2018,German Grand Prix,HAM,1,SOFT,0.008159340659341176,0.3923516483516338,13,28.0,40.0
2018,German Grand Prix,HAM,2,ULTRASOFT,-0.18616377649325624,4.683210019267823,18,2.0,25.0
2018,German Grand Prix,HAR,2,MEDIUM,0.4262584415584415,-2.3541965367965356,21,2.0,22.0
2018,German Grand Prix,HAR,3,ULTRASOFT,-0.1575212121212119,2.6034727272727274,10,6.0,15.0
2018,German Grand Prix,HUL,2,MEDIUM,0.25092984189723316,-3.3636136363636338,23,10.0,32.0
2018,German Grand Prix,HUL,4,ULTRASOFT,-0.08771515151515191,1.3747090909090967,10,6.0,15.0
2018,German Grand Prix,LEC,2,SOFT,-0.01061428571428555,0.8532809523809468,15,8.0,22.0
2018,German Grand Prix,LEC,4,ULTRASOFT,-0.5560043956043953,14.154457142857131,11,9.0,27.0
2018,German Grand Prix,MAG,2,MEDIUM,0.16733879164313942,-1.481813099943531,22,8.0,29.0
2018,German Grand Prix,MAG,4,ULTRASOFT,-0.144127272727273,1.8827090909090909,10,5.0,14.0
2018,German Grand Prix,OCO,2,SOFT,-0.01918911215182428,2.3929639748430755,33,3.0,42.0
2018,German Grand Prix,PER,2,SOFT,-0.01702516233766224,1.958510146103889,32,6.0,45.0
2018,German Grand Prix,RAI,2,SOFT,0.28558498023715423,-5.00455731225297,23,15.0,37.0
2018,German Grand Prix,RAI,3,ULTRASOFT,-0.1202727272727272,1.6646909090909119,10,5.0,14.0
2018,German Grand Prix,SAI,2,MEDIUM,0.20489666854884256,-2.351406549971763,22,8.0,29.0
2018,German Grand Prix,SAI,4,ULTRASOFT,-0.09415151515151543,1.7529393939393914,10,5.0,14.0
2018,German Grand Prix,SIR,2,MEDIUM,0.3954519480519478,-2.5286614718614664,21,2.0,22.0
2018,German Grand Prix,STR,2,MEDIUM,0.21244415584415582,-0.9683298701298734,21,2.0,22.0
2018,German Grand Prix,VAN,2,MEDIUM,0.3167174185463659,-1.3449085213032574,18,2.0,20.0
2018,German Grand Prix,VAN,3,ULTRASOFT,-0.1351696969696965,2.0951818181818065,10,6.0,15.0
2018,German Grand Prix,VER,2,SOFT,0.048167857142857255,0.16222261904761606,15,2.0,16.0
2018,German Grand Prix,VER,4,ULTRASOFT,-0.9295798206278025,15.611290134529144,11,4.0,20.0
2018,German Grand Prix,VET,2,SOFT,0.22473320158102766,-1.5828241106719432,23,4.0,26.0
2018,Hungarian Grand Prix,ALO,1,SOFT,-0.073653629032258,2.6485411290322562,31,7.0,37.0
2018,Hungarian Grand Prix,ALO,2,MEDIUM,-0.010990936555891118,1.6067408526351061,27,2.0,30.0
2018,Hungarian Grand Prix,BOT,1,ULTRASOFT,-0.014535714285715656,0.5799285714285851,7,7.0,13.0
2018,Hungarian Grand Prix,BOT,2,SOFT,0.029908524050167994,0.5622519950471823,52,2.0,55.0
2018,Hungarian Grand Prix,ERI,2,MEDIUM,-0.011916042003554233,2.0039392938411575,59,2.0,62.0
2018,Hungarian Grand Prix,GAS,1,ULTRASOFT,0.0061986956521738554,0.3161157971014543,24,7.0,30.0
2018,Hungarian Grand Prix,GAS,2,SOFT,-0.04974345183999555,2.0185899041004784,35,2.0,38.0
2018,Hungarian Grand Prix,GRO,1,ULTRASOFT,-0.08746623376623394,2.7693069264069266,21,7.0,27.0
2018,Hungarian Grand Prix,GRO,2,SOFT,-0.05746829409768967,2.5769296275623614,37,2.0,40.0
2018,Hungarian Grand Prix,HAM,1,ULTRASOFT,-0.017424019607842806,0.8699362745098049,17,6.0,22.0
2018,Hungarian Grand Prix,HAM,2,SOFT,-0.03396445552650444,1.8433364493214492,42,2.0,45.0
2018,Hungarian Grand Prix,HAR,1,ULTRASOFT,-0.06489852941176501,1.530841176470599,16,7.0,22.0
2018,Hungarian Grand Prix,HAR,2,MEDIUM,-0.050700420961245364,2.59128840388052,42,2.0,45.0
2018,Hungarian Grand Prix,HUL,1,SOFT,-0.05923214285714281,1.5335166666666704,15,7.0,21.0
2018,Hungarian Grand Prix,HUL,2,MEDIUM,0.0037723076923076035,0.9258276923076938,25,2.0,26.0
2018,Hungarian Grand Prix,HUL,3,ULTRASOFT,-0.06257688338493288,1.9920017199862432,18,2.0,19.0
2018,Hungarian Grand Prix,MAG,1,ULTRASOFT,-0.03443675889328067,1.3762529644268768,23,7.0,29.0
2018,Hungarian Grand Prix,MAG,2,SOFT,-0.01785629497134022,1.876121793568836,35,2.0,38.0
2018,Hungarian Grand Prix,OCO,1,SOFT,-0.027371774193548484,1.3290822580645223,31,7.0,37.0
2018,Hungarian Grand Prix,OCO,2,ULTRASOFT,-0.03173329976502179,1.1765698220879435,27,2.0,30.0
2018,Hungarian Grand Prix,PER,1,ULTRASOFT,-0.12365274725274761,2.4288835164835176,14,7.0,20.0
2018,Hungarian Grand Prix,PER,2,SOFT,-0.027735635812602584,1.6321214168455551,45,2.0,47.0
2018,Hungarian Grand Prix,RAI,1,ULTRASOFT,0.01577142857142836,0.3711714285714265,6,7.0,12.0
2018,Hungarian Grand Prix,RAI,2,SOFT,0.023947487295313506,0.4589745906267573,22,2.0,23.0
2018,Hungarian Grand Prix,RAI,3,SOFT,0.010619613189778759,0.9777308070727788,29,2.0,32.0
2018,Hungarian Grand Prix,RIC,1,SOFT,-0.03257117117117107,1.9322159159159098,36,7.0,42.0
2018,Hungarian Grand Prix,RIC,2,ULTRASOFT,0.11819945276497704,0.23018188364054998,23,2.0,26.0
2018,Hungarian Grand Prix,SAI,1,SOFT,-0.08028186274509812,1.9559338235294097,17,7.0,23.0
2018,Hungarian Grand Prix,SAI,2,MEDIUM,-0.038328949893705014,2.1851598780559818,41,2.0,44.0
2018,Hungarian Grand Prix,SIR,1,SOFT,-0.04992687747035578,1.6803359683794497,23,7.0,29.0
2018,Hungarian Grand Prix,SIR,2,MEDIUM,-0.0013667244945112567,1.5570550526132365,34,2.0,37.0
2018,Hungarian Grand Prix,STR,1,MEDIUM,-0.017447165991902793,1.2904981106612632,39,7.0,45.0
2018,Hungarian Grand Prix,STR,2,ULTRASOFT,0.06160165118679053,0.8310904712762336,18,4.0,21.0
2018,Hungarian Grand Prix,VAN,1,SOFT,-0.07493310117302047,2.665838526392961,32,7.0,38.0
2018,Hungarian Grand Prix,VAN,2,MEDIUM,0.07258333333333239,0.6991666666666729,8,2.0,9.0
2018,Hungarian Grand Prix,VET,1,SOFT,-0.007511693548387048,0.8996120967741955,31,7.0,37.0
2018,Hungarian Grand Prix,VET,2,ULTRASOFT,-0.05857895926141131,3.028039673316549,28,2.0,31.0
2018,Japanese Grand Prix,ALO,1,SOFT,-0.06667331105275726,1.6385436858438722,20,1.0,24.0
2018,Japanese Grand Prix,ALO,2,MEDIUM,0.0581685633953676,1.9946039630472625,23,2.0,26.0
2018,Japanese Grand Prix,BOT,1,SOFT,-0.035765122673435214,1.346058375634529,17,4.0,24.0
2018,Japanese Grand Prix,BOT,2,MEDIUM,-0.013917808722489565,1.4584409009075197,27,2.0,30.0
2018,Japanese Grand Prix,ERI,2,MEDIUM,-0.016362056215355265,1.7134327267670846,43,3.0,47.0
2018,Japanese Grand Prix,GAS,1,SUPERSOFT,0.006325219329785695,0.4727165611966027,23,4.0,30.0
2018,Japanese Grand Prix,GAS,2,SOFT,0.15645650203896683,0.15274807430902207,20,2.0,23.0
2018,Japanese Grand Prix,GRO,1,SOFT,-0.018325003595570336,1.1450620235869442,23,4.0,30.0
2018,Japanese Grand Prix,GRO,2,MEDIUM,-0.026514050525120493,0.7205656164253915,21,2.0,24.0
2018,Japanese Grand Prix,HAM,1,SOFT,-0.04201292270531375,1.4123801932367084,17,4.0,24.0
2018,Japanese Grand Prix,HAM,2,MEDIUM,-0.04682686977679065,2.0101508092669036,26,2.0,29.0
2018,Japanese Grand Prix,HAR,1,SUPERSOFT,-0.06736711645023467,1.941158157438348,22,4.0,29.0
2018,Japanese Grand Prix,HAR,2,SOFT,0.07257913330193129,1.1349674988224219,21,2.0,24.0
2018,Japanese Grand Prix,HUL,1,MEDIUM,-0.030974790949336056,1.3568007870142647,24,1.0,28.0
2018,Japanese Grand Prix,LEC,2,MEDIUM,-0.03886813186813195,2.067276760276762,27,4.0,30.0
2018,Japanese Grand Prix,OCO,1,SUPERSOFT,-0.05294545237526837,1.7872172356170895,20,4.0,27.0
2018,Japanese Grand Prix,OCO,2,MEDIUM,-0.04629993160054709,1.2353906748745977,24,2.0,27.0
2018,Japanese Grand Prix,PER,1,SUPERSOFT,-0.029399583947300228,1.4325266533760919,18,4.0,25.0
2018,Japanese Grand Prix,PER,2,SOFT,-0.08513547530200505,2.3380125229270843,26,2.0,29.0
2018,Japanese Grand Prix,RAI,1,SUPERSOFT,-0.03214890829694318,0.9568275109170362,11,4.0,18.0
2018,Japanese Grand Prix,RAI,2,MEDIUM,0.05217997593460854,0.03078339487988007,34,2.0,36.0
2018,Japanese Grand Prix,RIC,1,SOFT,-0.19700010575296123,3.853118972081227,17,1.0,21.0
2018,Japanese Grand Prix,RIC,2,MEDIUM,-0.005229426697694256,1.0217615823989898,28,2.0,30.0
2018,Japanese Grand Prix,SAI,1,SOFT,-0.06187534543793532,2.1844722850291243,26,1.0,30.0
2018,Japanese Grand Prix,SAI,2,MEDIUM,0.0480100592969083,0.5737687420584432,17,2.0,20.0
2018,Japanese Grand Prix,SIR,2,MEDIUM,-0.04101868743047828,1.713879050797184,30,4.0,33.0
2018,Japanese Grand Prix,SIR,3,SUPERSOFT,0.09432517482517541,0.1674860139860106,12,3.0,14.0
2018,Japanese Grand Prix,STR,1,SOFT,-0.049070175438596646,1.326026315789473,8,1.0,12.0
2018,Japanese Grand Prix,STR,2,MEDIUM,0.10926383399209492,0.02352667984190346,23,2.0,24.0
2018,Japanese Grand Prix,STR,3,SUPERSOFT,0.12148251748251693,0.25104778554779045,12,2.0,13.0
2018,Japanese Grand Prix,VAN,1,SOFT,-0.1795999365482236,3.636928616751279,17,1.0,21.0
2018,Japanese Grand Prix,VAN,2,MEDIUM,0.005041955912799917,1.4283890512726851,27,2.0,29.0
2018,Japanese Grand Prix,VER,1,SUPERSOFT,-0.0038142810880832352,0.35324659974093403,15,4.0,22.0
2018,Japanese Grand Prix,VER,2,SOFT,0.004690973491130952,0.5957305821831111,29,2.0,32.0
2018,Japanese Grand Prix,VET,1,SUPERSOFT,-0.11549809023633334,4.157167343041294,20,4.0,27.0
2018,Japanese Grand Prix,VET,2,SOFT,-0.05445417236662097,2.941085499316006,24,2.0,27.0
2018,Mexican Grand Prix,BOT,1,ULTRASOFT,0.12474734607218779,-0.8223142250530818,8,7.0,15.0
2018,Mexican Grand Prix,BOT,2,SUPERSOFT,0.017619666698810356,0.27059692647561273,32,2.0,36.0
2018,Mexican Grand Prix,BOT,3,ULTRASOFT,0.2782545454545465,-2.4319636363636463,11,7.0,17.0
2018,Mexican Grand Prix,BOT,4,HYPERSOFT,0.6328571428571433,-3.234857142857147,7,5.0,11.0
2018,Mexican Grand Prix,ERI,1,HYPERSOFT,0.2784099066762383,-1.62920890165111,13,5.0,18.0
2018,Mexican Grand Prix,ERI,2,SUPERSOFT,-0.006838587061396479,1.9996877572926401,47,2.0,53.0
2018,Mexican Grand Prix,GAS,2,SUPERSOFT,0.17958771929824563,-0.494675438596491,19,2.0,20.0
2018,Mexican Grand Prix,GAS,3,SUPERSOFT,-0.018149889684059627,1.6581487753250728,37,2.0,43.0
2018,Mexican Grand Prix,GRO,1,SUPERSOFT,-0.0018378842336784394,1.6007820574718876,39,2.0,43.0
2018,Mexican Grand Prix,GRO,2,ULTRASOFT,0.21211208791208822,1.11183296703296,14,2.0,15.0
2018,Mexican Grand Prix,GRO,3,HYPERSOFT,0.32517857142857154,-0.6626071428571452,7,2.0,8.0
2018,Mexican Grand Prix,HAM,1,ULTRASOFT,0.15259023354564752,-0.5861358811040385,8,5.0,13.0
2018,Mexican Grand Prix,HAM,2,SUPERSOFT,0.010232917113528535,0.6896263980389162,32,2.0,35.0
2018,Mexican Grand Prix,HAM,3,ULTRASOFT,0.12082017753173603,-0.3740917247303535,21,7.0,29.0
2018,Mexican Grand Prix,HAR,2,ULTRASOFT,0.1496193682030035,0.05685551527705436,19,2.0,22.0
2018,Mexican Grand Prix,HAR,3,SUPERSOFT,0.008623944431712029,1.6993492410486006,39,2.0,45.0
2018,Mexican Grand Prix,HUL,1,HYPERSOFT,0.16509999999999964,-0.7216333333333299,9,5.0,14.0
2018,Mexican Grand Prix,HUL,2,SUPERSOFT,-0.04312744789735221,4.661060657123785,51,2.0,57.0
2018,Mexican Grand Prix,LEC,1,HYPERSOFT,0.21650568181818194,-1.276857954545453,10,5.0,15.0
2018,Mexican Grand Prix,LEC,2,SUPERSOFT,-0.06066805020859476,5.361621442266491,51,2.0,56.0
2018,Mexican Grand Prix,MAG,1,SUPERSOFT,0.0022585751978890867,1.7945745035411793,38,2.0,42.0
2018,Mexican Grand Prix,MAG,2,ULTRASOFT,0.0612696406612927,1.7854810083344739,23,2.0,26.0
2018,Mexican Grand Prix,OCO,2,SUPERSOFT,0.09755361855813308,-0.06292804556188887,24,7.0,32.0
2018,Mexican Grand Prix,OCO,3,ULTRASOFT,-0.01998210142525676,1.5455893271461643,36,5.0,42.0
2018,Mexican Grand Prix,PER,1,SUPERSOFT,-0.011221292331646334,1.2158494226028231,27,2.0,29.0
2018,Mexican Grand Prix,PER,2,ULTRASOFT,0.4092571428571403,-1.6044285714285602,6,5.0,10.0
2018,Mexican Grand Prix,RAI,1,ULTRASOFT,0.14234782608695587,-0.5669782608695607,14,6.0,20.0
2018,Mexican Grand Prix,RAI,2,SUPERSOFT,0.018089128804862492,0.6560538955131384,48,2.0,54.0
2018,Mexican Grand Prix,RIC,1,ULTRASOFT,0.14648750000000063,-0.8000458333333414,9,5.0,14.0
2018,Mexican Grand Prix,RIC,2,SUPERSOFT,-0.030541338606096535,2.854684483657048,46,2.0,49.0
2018,Mexican Grand Prix,SAI,1,HYPERSOFT,0.05818683651804704,0.4772951167728248,8,5.0,13.0
2018,Mexican Grand Prix,SAI,2,SUPERSOFT,0.008380882352941203,0.685944117647058,16,2.0,17.0
2018,Mexican Grand Prix,SIR,1,ULTRASOFT,-0.22456900212314276,2.508985138004249,8,2.0,10.0
2018,Mexican Grand Prix,SIR,2,SUPERSOFT,-0.015937254258620828,2.4571825599595525,52,2.0,58.0
2018,Mexican Grand Prix,STR,1,ULTRASOFT,-0.1149041095890411,1.740465753424649,7,2.0,9.0
2018,Mexican Grand Prix,STR,2,ULTRASOFT,0.13544545454545492,-0.24639090909090508,11,2.0,12.0
2018,Mexican Grand Prix,STR,3,SUPERSOFT,0.0015562949413397663,1.365490144443037,40,2.0,46.0
2018,Mexican Grand Prix,VAN,1,ULTRASOFT,-0.09422083333333402,1.573583333333338,9,2.0,11.0
2018,Mexican Grand Prix,VAN,2,SUPERSOFT,-0.019462973231107773,2.9751749572527926,51,2.0,57.0
2018,Mexican Grand Prix,VER,1,ULTRASOFT,0.13374358974358916,-0.8407948717948681,9,5.0,15.0
2018,Mexican Grand Prix,VER,2,SUPERSOFT,-0.0033673748921483706,0.9617944456427894,31,2.0,34.0
2018,Mexican Grand Prix,VER,3,SUPERSOFT,-0.028696775375595042,1.3481714913887757,19,2.0,23.0
2018,Mexican Grand Prix,VET,1,ULTRASOFT,0.018674456521738762,0.13264239130434766,14,5.0,19.0
2018,Mexican Grand Prix,VET,2,SUPERSOFT,-0.04861073514220044,1.7408595281765895,26,2.0,29.0
2018,Mexican Grand Prix,VET,3,ULTRASOFT,0.0006993414145269757,1.0158369762336508,21,2.0,24.0
2018,Monaco Grand Prix,ALO,1,HYPERSOFT,-0.027955882352941254,0.8819705882352987,17,6.0,22.0
2018,Monaco Grand Prix,ALO,2,SUPERSOFT,0.0401242668621702,1.3552003299120214,32,2.0,33.0
2018,Monaco Grand Prix,BOT,1,HYPERSOFT,0.0880464285714286,-0.2766904761904754,15,5.0,19.0
2018,Monaco Grand Prix,BOT,2,SUPERSOFT,0.01266931718609004,1.9605865930798785,57,2.0,61.0
2018,Monaco Grand Prix,ERI,1,ULTRASOFT,-0.09879999999999946,2.6183333333333287,15,1.0,15.0
2018,Monaco Grand Prix,ERI,2,SUPERSOFT,-0.0005077116773604438,2.0474692943797215,58,2.0,61.0
2018,Monaco Grand Prix,GAS,1,HYPERSOFT,-0.0477551820728291,2.1229120448179226,35,6.0,40.0
2018,Monaco Grand Prix,GAS,2,SUPERSOFT,-0.026418222749642208,1.5411757704792117,37,2.0,41.0
2018,Monaco Grand Prix,GRO,1,ULTRASOFT,-0.010543956043955917,1.291576923076927,13,1.0,13.0
2018,Monaco Grand Prix,GRO,2,SUPERSOFT,0.014596018099547583,1.1581742383107108,51,3.0,53.0
2018,Monaco Grand Prix,GRO,3,HYPERSOFT,0.7453729729729727,-1.3768000000000016,6,2.0,9.0
2018,Monaco Grand Prix,HAM,1,HYPERSOFT,-0.13063636363636405,1.7495090909090973,10,4.0,13.0
2018,Monaco Grand Prix,HAM,2,ULTRASOFT,0.008976421336680564,2.1347113441318992,62,7.0,71.0
2018,Monaco Grand Prix,HAR,1,HYPERSOFT,-0.07965454545454488,1.8514727272727274,11,1.0,11.0
2018,Monaco Grand Prix,HAR,2,ULTRASOFT,-0.003946719070403244,1.9435174982911845,56,2.0,57.0
2018,Monaco Grand Prix,HUL,1,ULTRASOFT,-0.03330183456361266,1.7994157801418444,48,1.0,48.0
2018,Monaco Grand Prix,HUL,2,HYPERSOFT,0.06595704225352113,0.27735399061032073,24,4.0,30.0
2018,Monaco Grand Prix,LEC,1,ULTRASOFT,-0.10594755244755273,1.9305757575757536,12,1.0,12.0
2018,Monaco Grand Prix,LEC,2,SUPERSOFT,-0.005419264069264076,1.4790132034632097,55,2.0,56.0
2018,Monaco Grand Prix,MAG,1,ULTRASOFT,-0.10863214285714333,2.1946571428571473,15,1.0,15.0
2018,Monaco Grand Prix,MAG,2,SUPERSOFT,0.0009485645331590863,1.4874049474583928,58,3.0,62.0
2018,Monaco Grand Prix,OCO,1,HYPERSOFT,0.028544155844155678,0.014007792207799666,21,6.0,26.0
2018,Monaco Grand Prix,OCO,2,SUPERSOFT,-0.02896908112039272,2.1823147779652046,51,2.0,55.0
2018,Monaco Grand Prix,PER,1,HYPERSOFT,-0.03223859649122772,1.5144701754385879,19,4.0,22.0
2018,Monaco Grand Prix,PER,2,SUPERSOFT,-0.01339508144362829,1.897907058447775,54,2.0,57.0
2018,Monaco Grand Prix,RAI,1,HYPERSOFT,-0.061667857142856906,1.8067464285714303,15,4.0,18.0
2018,Monaco Grand Prix,RAI,2,ULTRASOFT,-0.0014655356185344496,1.8669763567564235,57,2.0,61.0
2018,Monaco Grand Prix,RIC,1,HYPERSOFT,-0.1435472527472533,2.805103296703304,14,4.0,17.0
2018,Monaco Grand Prix,RIC,2,ULTRASOFT,-0.02366991610241147,2.747404153689399,58,2.0,61.0
2018,Monaco Grand Prix,SAI,1,HYPERSOFT,-0.009057142857142802,0.8323142857142862,14,4.0,17.0
2018,Monaco Grand Prix,SAI,2,ULTRASOFT,0.009521710810318258,1.3452639630478767,59,2.0,62.0
2018,Monaco Grand Prix,SIR,2,HYPERSOFT,0.25106666666666655,-2.108600000000002,10,9.0,18.0
2018,Monaco Grand Prix,SIR,3,ULTRASOFT,0.1056967706622879,0.20384291187740075,28,2.0,29.0
2018,Monaco Grand Prix,SIR,4,SUPERSOFT,-0.1056122691292876,4.690748944591024,25,3.0,29.0
2018,Monaco Grand Prix,STR,1,ULTRASOFT,-0.009357142857142788,0.6931428571428535,7,1.0,7.0
2018,Monaco Grand Prix,STR,2,SUPERSOFT,-0.026644268774703668,2.7632371541502017,23,3.0,25.0
2018,Monaco Grand Prix,STR,3,HYPERSOFT,0.13866897233201578,1.6522598814229215,23,2.0,24.0
2018,Monaco Grand Prix,STR,4,HYPERSOFT,0.2519911351351351,-0.3002754594594619,14,2.0,17.0
2018,Monaco Grand Prix,VAN,1,ULTRASOFT,0.041020639834881016,1.5343594771241928,18,1.0,18.0
2018,Monaco Grand Prix,VAN,2,SUPERSOFT,0.001420648259303757,1.7523728211284528,50,2.0,51.0
2018,Monaco Grand Prix,VER,1,ULTRASOFT,-0.029639920948616717,2.2439404040404103,45,1.0,45.0
2018,Monaco Grand Prix,VER,2,HYPERSOFT,0.03931819220660484,2.40760421666095,27,2.0,31.0
2018,Monaco Grand Prix,VET,1,HYPERSOFT,-0.15454285714285712,2.677342857142858,14,4.0,17.0
2018,Monaco Grand Prix,VET,2,ULTRASOFT,-0.016497193799380815,2.0614741751154697,58,2.0,62.0
2018,Russian Grand Prix,ALO,2,SOFT,-0.049996669750231315,3.0308749306197953,46,2.0,47.0
2018,Russian Grand Prix,BOT,1,ULTRASOFT,0.056049999999999024,0.03126666666667843,9,4.0,12.0
2018,Russian Grand Prix,BOT,2,SOFT,-0.08574549718574104,4.0767531894934255,40,2.0,41.0
2018,Russian Grand Prix,ERI,1,HYPERSOFT,0.06298333333333318,0.5165777777777739,9,4.0,12.0
2018,Russian Grand Prix,ERI,2,SOFT,-0.08969391304347846,2.7091178260869655,24,2.0,25.0
2018,Russian Grand Prix,ERI,3,ULTRASOFT,0.08088791208791205,0.9303098901098923,14,2.0,15.0
2018,Russian Grand Prix,GRO,1,HYPERSOFT,-0.1968571428571446,2.0742380952381025,6,4.0,9.0
2018,Russian Grand Prix,GRO,2,SOFT,-0.057613258834189066,3.5158956508607675,43,2.0,44.0
2018,Russian Grand Prix,HAM,1,ULTRASOFT,0.0030874125874124575,0.384752913752918,12,4.0,15.0
2018,Russian Grand Prix,HAM,2,SOFT,-0.07676540102855896,3.541559142138094,38,2.0,39.0
2018,Russian Grand Prix,HUL,1,SOFT,-0.11727606951871639,3.372662878787873,33,1.0,33.0
2018,Russian Grand Prix,HUL,2,ULTRASOFT,-0.05908676470588214,1.7172617647058748,16,2.0,17.0
2018,Russian Grand Prix,LEC,1,HYPERSOFT,0.12803571428571414,-0.20389285714285343,8,4.0,11.0
2018,Russian Grand Prix,LEC,2,SOFT,-0.0647854306782271,3.1585531426410625,42,2.0,43.0
2018,Russian Grand Prix,MAG,1,HYPERSOFT,0.020107142857142594,1.1328214285714313,7,4.0,10.0
2018,Russian Grand Prix,MAG,2,SOFT,-0.08428360748723777,3.9976192637009453,42,2.0,43.0
2018,Russian Grand Prix,OCO,1,HYPERSOFT,-0.005119047619047316,0.7563928571428532,8,4.0,11.0
2018,Russian Grand Prix,OCO,2,SOFT,-0.07942421602787458,3.521162020905924,41,2.0,42.0
2018,Russian Grand Prix,PER,1,HYPERSOFT,-0.21899393939393924,3.3446484848484843,10,4.0,13.0
2018,Russian Grand Prix,PER,2,SOFT,-0.07234433198380576,3.369589946018897,39,2.0,40.0
2018,Russian Grand Prix,RAI,1,ULTRASOFT,0.0009823529411767341,0.3615779411764646,16,4.0,19.0
2018,Russian Grand Prix,RAI,2,SOFT,-0.04915584415584419,2.197294881588996,34,2.0,35.0
2018,Russian Grand Prix,RIC,1,SOFT,-0.11484826932195356,4.11360360360361,37,1.0,37.0
2018,Russian Grand Prix,RIC,2,ULTRASOFT,0.18345054945054923,0.33039560439560695,13,2.0,14.0
2018,Russian Grand Prix,SAI,1,SOFT,-0.09034616240266954,3.19283218390804,30,1.0,30.0
2018,Russian Grand Prix,SAI,2,ULTRASOFT,0.09710629514963881,0.8229394564843525,18,2.0,19.0
2018,Russian Grand Prix,SIR,1,ULTRASOFT,0.5292261904761901,-0.6823928571428572,8,1.0,8.0
2018,Russian Grand Prix,SIR,2,SOFT,-0.034802439024390175,2.4147524390243937,40,2.0,41.0
2018,Russian Grand Prix,STR,2,SOFT,-0.05215475687103598,3.0169549682875245,44,2.0,45.0
2018,Russian Grand Prix,VAN,1,ULTRASOFT,0.07393333333333274,0.30555555555556446,9,1.0,9.0
2018,Russian Grand Prix,VAN,2,SOFT,-0.05311761133603251,2.6750339406207893,39,2.0,40.0
2018,Russian Grand Prix,VER,1,SOFT,-0.08577073170731705,3.4382207317073092,40,2.0,41.0
2018,Russian Grand Prix,VER,2,ULTRASOFT,0.09934999999999901,0.4459000000000026,9,2.0,10.0
2018,Russian Grand Prix,VET,1,ULTRASOFT,-0.014999999999999403,0.6463636363636246,11,4.0,14.0
2018,Russian Grand Prix,VET,2,SOFT,-0.0765831983805669,3.7481702429149872,39,2.0,40.0
2018,Singapore Grand Prix,ALO,1,ULTRASOFT,-0.1070210561497326,3.48878475935829,33,4.0,36.0
2018,Singapore Grand Prix,ALO,2,SOFT,0.01688029361942411,2.3124963297572,22,2.0,23.0
2018,Singapore Grand Prix,BOT,1,HYPERSOFT,-0.2356000000000004,4.4051090909090975,11,7.0,17.0
2018,Singapore Grand Prix,BOT,2,SOFT,0.02059774489076816,0.8548166314305863,44,2.0,45.0
2018,Singapore Grand Prix,ERI,1,ULTRASOFT,-0.07271812554290999,5.287022553211818,50,4.0,55.0
2018,Singapore Grand Prix,GAS,1,HYPERSOFT,-0.07372337662337658,2.041127272727273,21,4.0,24.0
2018,Singapore Grand Prix,GAS,2,ULTRASOFT,-0.08921958556149721,3.352376782531191,33,2.0,34.0
2018,Singapore Grand Prix,GRO,1,HYPERSOFT,0.18622727272727246,-1.2738181818181817,11,7.0,17.0
2018,Singapore Grand Prix,GRO,2,SOFT,-0.06450770160072482,3.689212020537604,43,2.0,44.0
2018,Singapore Grand Prix,HAM,1,HYPERSOFT,-0.3950121212121213,6.612927272727266,10,6.0,15.0
2018,Singapore Grand Prix,HAM,2,SOFT,-0.05708814229249018,3.5641820816864347,45,2.0,46.0
2018,Singapore Grand Prix,HAR,1,HYPERSOFT,-0.2618499999999998,3.1357999999999957,9,4.0,12.0
2018,Singapore Grand Prix,HAR,2,ULTRASOFT,0.11641203007518837,0.7047616541353386,20,2.0,21.0
2018,Singapore Grand Prix,HAR,3,HYPERSOFT,0.09902371541501975,1.902213438735182,23,2.0,24.0
2018,Singapore Grand Prix,HUL,1,HYPERSOFT,-0.19552121212121226,3.104393939393945,10,7.0,16.0
2018,Singapore Grand Prix,HUL,2,ULTRASOFT,-0.05261585623678648,2.81454080338266,44,2.0,45.0
2018,Singapore Grand Prix,LEC,1,ULTRASOFT,-0.11884391711229945,4.546908645276289,33,4.0,36.0
2018,Singapore Grand Prix,LEC,2,HYPERSOFT,-0.03257922077922082,1.80176017316017,21,2.0,22.0
2018,Singapore Grand Prix,MAG,1,ULTRASOFT,-0.103248051948052,2.4558060606060645,21,4.0,24.0
2018,Singapore Grand Prix,MAG,2,SOFT,0.9498333333333336,-3.1130833333333308,8,2.0,9.0
2018,Singapore Grand Prix,MAG,3,HYPERSOFT,0.1499096045197741,3.650029943502821,20,2.0,23.0
2018,Singapore Grand Prix,PER,1,HYPERSOFT,0.1580559440559439,-1.0870326340326366,12,7.0,18.0
2018,Singapore Grand Prix,PER,2,ULTRASOFT,0.015147252747253166,1.179534065934067,14,2.0,15.0
2018,Singapore Grand Prix,PER,4,SOFT,0.014573684210526367,1.0003105263157925,20,8.0,27.0
2018,Singapore Grand Prix,RAI,1,HYPERSOFT,-0.16593137254901938,4.028794117647057,17,7.0,23.0
2018,Singapore Grand Prix,RAI,2,SOFT,0.03537487690119271,0.537525549841335,38,2.0,39.0
2018,Singapore Grand Prix,RIC,1,HYPERSOFT,-0.13572783738001132,3.681146245059288,22,7.0,28.0
2018,Singapore Grand Prix,RIC,2,ULTRASOFT,0.039267713903743416,1.9495750891265546,33,2.0,34.0
2018,Singapore Grand Prix,SAI,1,ULTRASOFT,-0.11833064516129049,3.816760080645163,32,4.0,35.0
2018,Singapore Grand Prix,SAI,2,SOFT,-0.0690502540937325,2.3388554488989297,22,2.0,23.0
2018,Singapore Grand Prix,SIR,2,SOFT,0.019632918555459393,3.8284757003915755,52,2.0,55.0
2018,Singapore Grand Prix,STR,1,SOFT,-0.0506420168067226,1.9297966386554577,35,4.0,38.0
2018,Singapore Grand Prix,STR,2,ULTRASOFT,-0.009622807017544185,0.6693245614035094,19,2.0,20.0
2018,Singapore Grand Prix,VAN,1,ULTRASOFT,-0.08054163340994877,5.147577526660377,52,4.0,57.0
2018,Singapore Grand Prix,VER,1,HYPERSOFT,-0.29215384615384626,5.3929230769230845,12,7.0,18.0
2018,Singapore Grand Prix,VER,2,SOFT,-0.04733962549078824,2.9267416188462696,43,2.0,44.0
2018,Singapore Grand Prix,VET,1,HYPERSOFT,-0.29920000000000035,5.231866666666666,9,7.0,15.0
2018,Singapore Grand Prix,VET,2,ULTRASOFT,-0.00720863398088191,1.4768724020968274,46,2.0,47.0
2018,Spanish Grand Prix,ALO,1,SUPERSOFT,-0.21999780219780235,4.46518021978022,14,9.0,22.0
2018,Spanish Grand Prix,ALO,2,MEDIUM,-0.06320351073113731,3.3406179315751277,41,2.0,44.0
2018,Spanish Grand Prix,BOT,1,SOFT,-0.1495209790209785,3.125137529137521,12,9.0,20.0
2018,Spanish Grand Prix,BOT,2,MEDIUM,-0.030106106527473725,1.9378138014256092,44,2.0,47.0
2018,Spanish Grand Prix,ERI,1,MEDIUM,-0.11167241379310353,3.6192906403940883,28,6.0,33.0
2018,Spanish Grand Prix,ERI,2,SOFT,0.014927730722692722,0.5706912330876752,25,2.0,29.0
2018,Spanish Grand Prix,HAM,1,SOFT,-0.05773581011351892,1.6893075335397265,18,8.0,25.0
2018,Spanish Grand Prix,HAM,2,MEDIUM,-0.03618800139697792,1.9702457602744676,37,2.0,41.0
2018,Spanish Grand Prix,HAR,1,MEDIUM,-0.12985846153846148,3.7309200000000033,26,6.0,31.0
2018,Spanish Grand Prix,HAR,2,MEDIUM,0.021270540509656082,0.8021764369786379,27,2.0,31.0
2018,Spanish Grand Prix,LEC,1,SOFT,-0.2062912087912089,3.2994945054945046,13,6.0,18.0
2018,Spanish Grand Prix,LEC,2,MEDIUM,-0.001123184126609238,1.2834580134640377,41,2.0,44.0
2018,Spanish Grand Prix,MAG,1,SOFT,-0.08752923076923058,2.8780830769230774,25,10.0,34.0
2018,Spanish Grand Prix,MAG,2,MEDIUM,-0.01781051887184895,1.5138622951274343,29,2.0,33.0
2018,Spanish Grand Prix,OCO,1,SOFT,-0.14075155279503154,3.309900621118016,22,6.0,27.0
2018,Spanish Grand Prix,OCO,2,MEDIUM,0.01009523809523901,0.921226190476181,8,2.0,9.0
2018,Spanish Grand Prix,PER,1,SOFT,-0.1439508771929825,3.3016842105263127,19,6.0,24.0
2018,Spanish Grand Prix,PER,2,MEDIUM,0.013653846153845848,1.0925128205128176,12,2.0,13.0
2018,Spanish Grand Prix,PER,3,SOFT,0.08284486166007904,-0.42613932806324134,23,8.0,30.0
2018,Spanish Grand Prix,RAI,1,SOFT,-0.05153044375645005,2.001504987960092,18,9.0,26.0
2018,Spanish Grand Prix,RIC,1,SOFT,-0.08817641025641042,3.0235620512820556,26,9.0,34.0
2018,Spanish Grand Prix,RIC,2,MEDIUM,-0.05071071174882809,2.937997982667993,29,2.0,33.0
2018,Spanish Grand Prix,SAI,1,SOFT,-0.10868111455108397,2.6252672858617214,18,10.0,27.0
2018,Spanish Grand Prix,SAI,2,MEDIUM,-0.05098695972958597,2.2584984986530796,36,2.0,40.0
2018,Spanish Grand Prix,SIR,1,MEDIUM,-0.18833333333333366,3.839901960784321,17,6.0,22.0
2018,Spanish Grand Prix,SIR,2,MEDIUM,-0.12125824175824193,2.7265054945054983,13,4.0,16.0
2018,Spanish Grand Prix,SIR,3,SUPERSOFT,0.01705584415584396,1.0506155844155805,21,2.0,22.0
2018,Spanish Grand Prix,STR,1,SOFT,-0.2173131868131866,3.4713736263736212,13,6.0,18.0
2018,Spanish Grand Prix,STR,2,MEDIUM,-0.032887382632573584,1.903152164284873,41,2.0,44.0
2018,Spanish Grand Prix,VAN,1,SOFT,-0.11350305250305254,3.7186227106227054,27,9.0,35.0
2018,Spanish Grand Prix,VAN,2,MEDIUM,0.10301079136690623,0.4573561151079202,7,2.0,11.0
2018,Spanish Grand Prix,VER,1,SOFT,-0.09807448107448105,3.654971916971922,27,9.0,35.0
2018,Spanish Grand Prix,VER,2,MEDIUM,-0.045909591313527405,1.6255762328457275,29,2.0,32.0
2018,Spanish Grand Prix,VET,1,SOFT,-0.09626060606060576,1.7370181818181707,10,9.0,18.0
2018,Spanish Grand Prix,VET,2,MEDIUM,-0.028555618294749025,0.8667634105025501,22,2.0,23.0
2018,Spanish Grand Prix,VET,3,MEDIUM,-0.06842826086956513,1.8627398550724625,24,2.0,25.0
2018,United States Grand Prix,BOT,1,SUPERSOFT,-0.026160671462829535,1.334047961630691,18,5.0,25.0
2018,United States Grand Prix,BOT,2,SOFT,0.02238104838709679,0.9429254032258088,32,2.0,33.0
2018,United States Grand Prix,ERI,1,SOFT,-0.029987849595348105,2.031653149341492,26,2.0,29.0
2018,United States Grand Prix,ERI,2,SUPERSOFT,-0.035466956521739174,1.2289705797101473,24,2.0,25.0
2018,United States Grand Prix,GAS,1,SUPERSOFT,-0.22754761904761925,1.9432619047619097,8,2.0,9.0
2018,United States Grand Prix,GAS,2,SOFT,0.10584826086956521,0.4965068115941977,24,2.0,25.0
2018,United States Grand Prix,GAS,3,ULTRASOFT,0.0887739938080499,0.4574286205710311,18,2.0,19.0
2018,United States Grand Prix,HAM,1,SUPERSOFT,0.02670238095238034,-0.0007499999999995165,8,7.0,14.0
2018,United States Grand Prix,HAM,2,SOFT,0.04855173913043473,0.702009855072464,24,2.0,25.0
2018,United States Grand Prix,HAM,3,SOFT,0.11881836945304461,-0.20031510147918735,18,2.0,19.0
2018,United States Grand Prix,HAR,1,SUPERSOFT,-0.05556404563464949,2.3636335223391196,23,2.0,26.0
2018,United States Grand Prix,HAR,2,SOFT,-0.0686361416361417,2.3186902726902674,27,2.0,28.0
2018,United States Grand Prix,HUL,1,ULTRASOFT,-0.005363854371048686,1.035907346849791,18,5.0,25.0
2018,United States Grand Prix,HUL,2,SOFT,-0.04516917155425212,1.8866792521994105,32,2.0,33.0
2018,United States Grand Prix,LEC,2,SOFT,0.024109559518835304,0.7719762056605032,26,1.0,28.0
2018,United States Grand Prix,MAG,1,SUPERSOFT,-0.051762025646032744,2.0758352535312175,26,2.0,29.0
2018,United States Grand Prix,MAG,2,SOFT,0.04810384615384631,0.6933061538461586,25,2.0,26.0
2018,United States Grand Prix,OCO,1,ULTRASOFT,-0.05495763778206519,1.8281032631490601,18,5.0,24.0
2018,United States Grand Prix,OCO,2,SOFT,-0.03336965240641717,1.3737446524064132,33,2.0,34.0
2018,United States Grand Prix,PER,1,ULTRASOFT,-0.03704877350386537,1.7801253221341906,21,5.0,27.0
2018,United States Grand Prix,PER,2,SOFT,-0.02287924732848072,1.3525750503329692,29,2.0,31.0
2018,United States Grand Prix,RAI,1,ULTRASOFT,0.06397570306038056,0.2245151985111718,17,5.0,23.0
2018,United States Grand Prix,RAI,2,SOFT,-0.015327731092437014,1.0186218487394971,34,2.0,35.0
2018,United States Grand Prix,RIC,1,SUPERSOFT,-0.07764285714285793,1.0018571428571443,7,5.0,11.0
2018,United States Grand Prix,SAI,1,SUPERSOFT,-0.017328164442841475,1.0137060944825067,19,2.0,23.0
2018,United States Grand Prix,SAI,2,SOFT,-0.014918145161290239,1.028931048387091,31,2.0,32.0
2018,United States Grand Prix,SIR,1,SUPERSOFT,-0.22133333333333335,1.7930833333333305,8,2.0,9.0
2018,United States Grand Prix,SIR,2,SOFT,0.10591421568627446,1.0319166666666617,17,2.0,18.0
2018,United States Grand Prix,SIR,3,SUPERSOFT,0.038870769230769146,1.0019692307692296,25,2.0,26.0
2018,United States Grand Prix,STR,3,UNKNOWN,0.008444604903776784,1.307758955200455,29,6.0,36.0
2018,United States Grand Prix,STR,4,ULTRASOFT,0.0028249999999999586,1.1292416666666598,15,2.0,16.0
2018,United States Grand Prix,VAN,1,SUPERSOFT,-0.2327142857142854,1.85217857142857,8,2.0,9.0
2018,United States Grand Prix,VAN,2,SOFT,-0.005868089764641452,1.3538839627805086,28,2.0,29.0
2018,United States Grand Prix,VAN,3,SOFT,0.051468131868132046,0.37452087912088206,14,2.0,15.0
2018,United States Grand Prix,VER,1,SOFT,-0.07561273987206793,1.5665711620469116,17,2.0,21.0
2018,United States Grand Prix,VER,2,SUPERSOFT,-0.01950334224598925,1.2469692513369017,33,2.0,34.0
2018,United States Grand Prix,VET,1,SUPERSOFT,-0.060566320060867304,2.4805465381689062,21,5.0,28.0
2018,United States Grand Prix,VET,2,SOFT,0.028757142857142617,0.21371330049261145,29,2.0,30.0
2019,Abu Dhabi Grand Prix,ALB,1,MEDIUM,0.0022272727272733273,0.29972727272727206,11,5.0,15.0
2019,Abu Dhabi Grand Prix,ALB,2,HARD,-0.031773170731707344,1.6531804878048846,41,2.0,42.0
2019,Abu Dhabi Grand Prix,BOT,1,MEDIUM,-0.1526862026862026,4.415610907610905,27,5.0,31.0
2019,Abu Dhabi Grand Prix,BOT,2,HARD,-0.011420769230769281,1.8870907692307668,25,2.0,26.0
2019,Abu Dhabi Grand Prix,GAS,2,HARD,-0.04391674208144792,3.6940461538461506,51,2.0,52.0
2019,Abu Dhabi Grand Prix,GIO,1,SOFT,0.05574285714285657,0.11632380952381013,6,2.0,7.0
2019,Abu Dhabi Grand Prix,GIO,2,HARD,0.09531617647058832,0.11493382352941256,16,2.0,17.0
2019,Abu Dhabi Grand Prix,GIO,3,MEDIUM,0.045170329670329794,0.38955616605616317,27,2.0,28.0
2019,Abu Dhabi Grand Prix,GRO,1,MEDIUM,-0.15475147058823543,2.4565764705882356,16,2.0,17.0
2019,Abu Dhabi Grand Prix,GRO,2,HARD,-0.013800560224089556,1.3860112044817938,35,3.0,37.0
2019,Abu Dhabi Grand Prix,HAM,1,MEDIUM,0.010072608695652296,0.41617695652173725,24,5.0,28.0
2019,Abu Dhabi Grand Prix,HAM,2,HARD,-0.0073174603174603475,2.4807063492063484,28,2.0,29.0
2019,Abu Dhabi Grand Prix,HUL,1,SOFT,-0.0716705882352938,1.8906323529411746,16,5.0,20.0
2019,Abu Dhabi Grand Prix,HUL,2,MEDIUM,-0.013545938375350028,1.294858543417364,35,2.0,36.0
2019,Abu Dhabi Grand Prix,KUB,1,HARD,-0.04252964426877492,1.2749841897233258,22,2.0,23.0
2019,Abu Dhabi Grand Prix,KUB,2,MEDIUM,-0.030891899288451045,1.744217296113848,28,2.0,29.0
2019,Abu Dhabi Grand Prix,KVY,1,HARD,-0.09692209213261849,3.598508151876577,38,2.0,39.0
2019,Abu Dhabi Grand Prix,KVY,2,MEDIUM,0.10314835164835176,0.13950549450549926,13,2.0,14.0
2019,Abu Dhabi Grand Prix,LEC,1,MEDIUM,0.00722424242424109,0.1725696969697017,10,5.0,14.0
2019,Abu Dhabi Grand Prix,LEC,2,HARD,0.04202652173913056,0.48585028985506845,24,2.0,25.0
2019,Abu Dhabi Grand Prix,LEC,3,SOFT,0.1365632352941176,-0.2539132352941115,16,2.0,17.0
2019,Abu Dhabi Grand Prix,MAG,1,MEDIUM,-0.08671207430340558,1.5493656690746505,18,2.0,19.0
2019,Abu Dhabi Grand Prix,MAG,2,HARD,0.027081885026738004,0.19920176024954786,33,3.0,35.0
2019,Abu Dhabi Grand Prix,NOR,1,SOFT,0.006171428571427589,0.15171428571429357,6,5.0,10.0
2019,Abu Dhabi Grand Prix,NOR,2,HARD,-0.03142725374434779,2.06681917466613,44,2.0,46.0
2019,Abu Dhabi Grand Prix,PER,1,MEDIUM,-0.05314117647058823,1.8587680672268958,35,2.0,36.0
2019,Abu Dhabi Grand Prix,PER,2,HARD,0.06796617647058836,0.06250882352941528,16,2.0,17.0
2019,Abu Dhabi Grand Prix,RAI,1,MEDIUM,-0.08032255639097731,1.6918593984962444,20,2.0,21.0
2019,Abu Dhabi Grand Prix,RAI,2,HARD,0.008264516129032434,0.5829225806451629,31,2.0,32.0
2019,Abu Dhabi Grand Prix,RIC,1,SOFT,-0.012933333333333042,0.2715111111111039,9,5.0,13.0
2019,Abu Dhabi Grand Prix,RIC,2,HARD,-0.04006551724137933,1.5981862068965518,29,2.0,30.0
2019,Abu Dhabi Grand Prix,RIC,3,SOFT,0.13648181818181843,-0.6359090909090922,11,5.0,15.0
2019,Abu Dhabi Grand Prix,RUS,1,HARD,-0.04347119021134601,2.2006413051538782,30,2.0,31.0
2019,Abu Dhabi Grand Prix,RUS,2,MEDIUM,-0.07701038961038968,1.8614103896103908,21,2.0,22.0
2019,Abu Dhabi Grand Prix,SAI,1,SOFT,-0.0021939393939391753,0.2782424242424175,10,5.0,14.0
2019,Abu Dhabi Grand Prix,SAI,2,HARD,-0.04783989664082669,1.6063646511627865,26,2.0,28.0
2019,Abu Dhabi Grand Prix,SAI,3,MEDIUM,0.14260139860139837,0.09265617715618171,12,2.0,13.0
2019,Abu Dhabi Grand Prix,STR,2,HARD,0.19185441176470563,-0.8844294117647049,16,2.0,17.0
2019,Abu Dhabi Grand Prix,STR,3,SOFT,0.16305939849624088,-0.23723308270676374,20,2.0,21.0
2019,Abu Dhabi Grand Prix,VER,1,MEDIUM,-0.01689624505928863,0.6415138339920946,23,5.0,27.0
2019,Abu Dhabi Grand Prix,VER,2,HARD,-0.027224630541871925,1.1659389162561582,29,2.0,30.0
2019,Abu Dhabi Grand Prix,VET,1,SOFT,0.0717757575757575,-0.12636969696969033,10,5.0,14.0
2019,Abu Dhabi Grand Prix,VET,2,HARD,-0.05265,1.3882333333333405,24,2.0,25.0
2019,Abu Dhabi Grand Prix,VET,3,MEDIUM,-0.00719117647058789,1.2708161764705852,16,2.0,17.0
2019,Australian Grand Prix,ALB,1,SOFT,-0.05224825174825145,0.7637785547785583,12,2.0,13.0
2019,Australian Grand Prix,ALB,2,MEDIUM,-0.01981500688761048,2.20652813116171,42,2.0,43.0
2019,Australian Grand Prix,BOT,1,SOFT,-0.06356623376623398,1.7128268398268458,21,5.0,25.0
2019,Australian Grand Prix,BOT,2,MEDIUM,0.001362872421695875,1.8534927425515693,34,2.0,35.0
2019,Australian Grand Prix,GAS,1,MEDIUM,-0.08970868347338948,3.2468078431372516,35,2.0,36.0
2019,Australian Grand Prix,GAS,2,SOFT,0.06663859649122793,0.4989754385964928,19,2.0,20.0
2019,Australian Grand Prix,GIO,1,MEDIUM,-0.023231538461538543,1.346001538461542,25,2.0,26.0
2019,Australian Grand Prix,GIO,2,SOFT,-0.006814285714285819,1.0477527093596077,29,2.0,30.0
2019,Australian Grand Prix,GRO,1,SOFT,-0.017857142857142832,0.7502747252747317,13,5.0,17.0
2019,Australian Grand Prix,GRO,2,MEDIUM,0.011434065934065943,1.5292967032967024,13,2.0,14.0
2019,Australian Grand Prix,HAM,1,SOFT,-0.066406593406593,1.2955494505494414,13,5.0,17.0
2019,Australian Grand Prix,HAM,2,MEDIUM,-0.050015071712179004,3.016481970666882,42,2.0,43.0
2019,Australian Grand Prix,HUL,1,SOFT,-0.0179636363636361,0.4035636363636317,11,2.0,12.0
2019,Australian Grand Prix,HUL,2,HARD,-0.027014195107218236,1.313256720024156,43,2.0,44.0
2019,Australian Grand Prix,KUB,2,MEDIUM,-0.007702307692307876,1.9443123076923137,25,2.0,26.0
2019,Australian Grand Prix,KUB,3,SOFT,-0.029975824175824582,1.4597230769230733,14,2.0,15.0
2019,Australian Grand Prix,KUB,4,SOFT,0.039569696969696574,0.9723575757575795,10,4.0,13.0
2019,Australian Grand Prix,KVY,1,MEDIUM,-0.1273965217391302,2.981269710144922,24,2.0,25.0
2019,Australian Grand Prix,KVY,2,HARD,0.018692324805339246,0.8350176492399028,30,3.0,32.0
2019,Australian Grand Prix,LEC,1,SOFT,-0.059669830169830115,1.8654025974025914,25,5.0,30.0
2019,Australian Grand Prix,LEC,2,HARD,0.065805418719212,0.25866502463053553,29,2.0,30.0
2019,Australian Grand Prix,MAG,1,SOFT,0.000982517482517943,0.41343356643356693,12,5.0,16.0
2019,Australian Grand Prix,MAG,2,MEDIUM,-0.03250528541226209,1.5296680761099326,43,2.0,44.0
2019,Australian Grand Prix,NOR,1,SOFT,-0.05836263736263727,1.2128351648351716,13,5.0,17.0
2019,Australian Grand Prix,NOR,2,HARD,0.026147560975609774,0.8259975609756017,41,2.0,42.0
2019,Australian Grand Prix,PER,1,SOFT,-0.08670000000000014,1.273181818181824,11,5.0,15.0
2019,Australian Grand Prix,PER,2,HARD,0.0086679250981577,1.191754001812141,43,2.0,44.0
2019,Australian Grand Prix,RAI,1,SOFT,-0.0205272727272727,0.4597090909090926,10,5.0,14.0
2019,Australian Grand Prix,RAI,2,MEDIUM,-0.023807892882311516,1.366485482734324,44,2.0,45.0
2019,Australian Grand Prix,RIC,2,HARD,0.005691623931624125,0.566548376068375,26,2.0,27.0
2019,Australian Grand Prix,RUS,1,MEDIUM,-0.048739565217391465,1.4330257971014484,24,2.0,25.0
2019,Australian Grand Prix,RUS,2,SOFT,0.04074505494505533,0.5747384615384598,14,2.0,15.0
2019,Australian Grand Prix,RUS,3,HARD,0.23472527472527432,-0.31010989010987994,13,2.0,14.0
2019,Australian Grand Prix,SAI,1,SOFT,-0.15366666666666687,1.4124166666666655,8,2.0,9.0
2019,Australian Grand Prix,STR,1,MEDIUM,-0.12590384615384637,2.974813846153853,25,2.0,26.0
2019,Australian Grand Prix,STR,2,HARD,0.020795566502462965,0.776581280788181,29,2.0,30.0
2019,Australian Grand Prix,VER,1,SOFT,-0.042147233201581036,1.311790513833995,23,5.0,27.0
2019,Australian Grand Prix,VER,2,MEDIUM,-0.032172470674486905,1.8889244868035207,32,2.0,33.0
2019,Australian Grand Prix,VET,1,SOFT,-0.05778321678321634,1.1805571095571035,12,5.0,16.0
2019,Australian Grand Prix,VET,2,MEDIUM,0.01360993657505294,0.4802970401691384,43,2.0,44.0
2019,Austrian Grand Prix,ALB,1,MEDIUM,-0.05425100267379688,1.901154411764708,33,2.0,34.0
2019,Austrian Grand Prix,ALB,2,HARD,-0.019613445378151264,1.0127310924369755,34,2.0,35.0
2019,Austrian Grand Prix,BOT,1,MEDIUM,-0.000580701754386334,0.29076140350877583,19,5.0,23.0
2019,Austrian Grand Prix,BOT,2,HARD,0.0027596938775510155,0.43532959183673725,49,2.0,50.0
2019,Austrian Grand Prix,GAS,1,SOFT,-0.03120355731225284,1.1888221343873469,23,5.0,27.0
2019,Austrian Grand Prix,GAS,2,HARD,-0.004974489076814653,0.923264129668775,44,2.0,45.0
2019,Austrian Grand Prix,GIO,1,SOFT,-0.04928797289666835,1.2715544889892696,22,5.0,26.0
2019,Austrian Grand Prix,GIO,2,HARD,-0.008921212121212095,1.0497535353535323,45,2.0,46.0
2019,Austrian Grand Prix,GRO,1,MEDIUM,-0.04863434750733135,1.8598198313782985,32,2.0,33.0
2019,Austrian Grand Prix,GRO,2,HARD,-0.016945938375350016,0.8280871148459414,35,2.0,36.0
2019,Austrian Grand Prix,HAM,1,MEDIUM,-0.01806458675424199,1.16125944170772,28,6.0,33.0
2019,Austrian Grand Prix,HAM,2,HARD,-0.017910694183864904,1.1319799249530977,40,2.0,41.0
2019,Austrian Grand Prix,HUL,1,MEDIUM,-0.06449739130434798,1.5918814492753612,24,2.0,25.0
2019,Austrian Grand Prix,HUL,2,HARD,-0.0027466022349743584,0.7340555723346384,43,2.0,44.0
2019,Austrian Grand Prix,KUB,1,MEDIUM,-0.11510784313725536,1.8691960784313804,17,2.0,18.0
2019,Austrian Grand Prix,KUB,2,HARD,-0.012824522362136282,1.3228794869011447,48,2.0,49.0
2019,Austrian Grand Prix,KVY,1,MEDIUM,-0.07355528364849849,2.276562180200227,30,2.0,31.0
2019,Austrian Grand Prix,KVY,2,HARD,0.016027264106211532,0.2174006638217104,37,2.0,38.0
2019,Austrian Grand Prix,LEC,1,SOFT,0.0067015037593986465,0.19757819548871663,20,5.0,24.0
2019,Austrian Grand Prix,LEC,2,HARD,-0.011867618323925279,1.116103433926761,48,2.0,49.0
2019,Austrian Grand Prix,MAG,1,SOFT,0.07075000000000004,0.2399166666666653,9,5.0,13.0
2019,Austrian Grand Prix,MAG,3,HARD,-0.012211840888066565,1.0396345975948125,47,4.0,50.0
2019,Austrian Grand Prix,MAG,4,SOFT,-0.468799999999999,5.562599999999981,6,7.0,12.0
2019,Austrian Grand Prix,NOR,1,SOFT,-0.05446936758893292,1.5566837944664027,23,5.0,27.0
2019,Austrian Grand Prix,NOR,2,MEDIUM,-0.020407822410148043,1.3460610993657522,44,2.0,45.0
2019,Austrian Grand Prix,PER,1,MEDIUM,-0.05466871794871785,1.5986964102564072,26,2.0,27.0
2019,Austrian Grand Prix,PER,2,HARD,-0.0028956445993030496,0.8708017421602704,41,2.0,42.0
2019,Austrian Grand Prix,RAI,1,SOFT,-0.021231168831168795,1.0052294372294415,21,5.0,25.0
2019,Austrian Grand Prix,RAI,2,HARD,-0.0076519272278754375,1.013689608387291,46,2.0,47.0
2019,Austrian Grand Prix,RIC,1,MEDIUM,-0.030404580690627295,1.5125758280479225,44,2.0,45.0
2019,Austrian Grand Prix,RIC,2,SOFT,-0.03812747035573142,1.5350049407114583,23,2.0,24.0
2019,Austrian Grand Prix,RUS,1,MEDIUM,-0.0704423076923078,1.8077523076923114,25,2.0,26.0
2019,Austrian Grand Prix,RUS,2,HARD,-0.0009782229965155924,0.694862369337976,41,2.0,42.0
2019,Austrian Grand Prix,SAI,1,MEDIUM,-0.055104048582995974,2.205467071524969,39,2.0,40.0
2019,Austrian Grand Prix,SAI,2,HARD,0.07122687465790924,0.20744772851668972,28,2.0,29.0
2019,Austrian Grand Prix,STR,1,MEDIUM,-0.07270158102766812,1.6095553359683858,23,2.0,24.0
2019,Austrian Grand Prix,STR,2,HARD,0.003011275546159233,0.6747804792107162,44,2.0,45.0
2019,Austrian Grand Prix,VER,1,MEDIUM,-0.06536995073891623,1.829856650246299,29,5.0,33.0
2019,Austrian Grand Prix,VER,2,HARD,-0.018205263157894783,1.234182321187592,39,2.0,40.0
2019,Austrian Grand Prix,VET,1,SOFT,-0.08937678207739348,1.9370325865580578,18,5.0,23.0
2019,Austrian Grand Prix,VET,2,HARD,-0.009037851037850896,0.6109381359381346,27,2.0,28.0
2019,Austrian Grand Prix,VET,3,SOFT,0.009163909774435998,0.22691503759398532,20,2.0,21.0
2019,Azerbaijan Grand Prix,ALB,1,SOFT,0.39872121212121175,-1.0721878787878738,10,2.0,11.0
2019,Azerbaijan Grand Prix,ALB,2,MEDIUM,-0.06398612757058203,3.3251856395956727,35,2.0,38.0
2019,Azerbaijan Grand Prix,BOT,1,SOFT,0.2311272727272726,-1.4737090909090889,10,5.0,14.0
2019,Azerbaijan Grand Prix,BOT,2,MEDIUM,-0.057501704047111975,2.999311953389301,36,2.0,39.0
2019,Azerbaijan Grand Prix,GAS,1,MEDIUM,-0.13722593646277856,4.975951161688,37,2.0,38.0
2019,Azerbaijan Grand Prix,GIO,2,MEDIUM,-0.07420167785234906,3.898636912751684,40,2.0,43.0
2019,Azerbaijan Grand Prix,GRO,1,MEDIUM,-0.07463141495601187,3.3937685117302134,32,2.0,33.0
2019,Azerbaijan Grand Prix,HAM,1,SOFT,0.23079090909090838,-1.6786090909090812,11,6.0,16.0
2019,Azerbaijan Grand Prix,HAM,2,MEDIUM,-0.04727804112931338,2.4316702335308507,35,2.0,38.0
2019,Azerbaijan Grand Prix,HUL,2,MEDIUM,-0.01997347826086964,1.4076836231884038,24,2.0,25.0
2019,Azerbaijan Grand Prix,HUL,3,SOFT,0.09893577981651364,0.08330886850153367,12,2.0,16.0
2019,Azerbaijan Grand Prix,KUB,1,MEDIUM,-0.05423426573426617,1.303340326340326,12,2.0,13.0
2019,Azerbaijan Grand Prix,KUB,2,MEDIUM,-0.19839285714285818,4.15475000000002,7,16.0,22.0
2019,Azerbaijan Grand Prix,KUB,3,MEDIUM,0.014122541306058028,1.6377311172305253,15,2.0,18.0
2019,Azerbaijan Grand Prix,KUB,4,SOFT,0.5175428571428559,-1.1206095238095206,6,2.0,7.0
2019,Azerbaijan Grand Prix,KVY,2,MEDIUM,0.03133368554522407,0.863195054945057,25,2.0,27.0
2019,Azerbaijan Grand Prix,LEC,1,MEDIUM,-0.061563599706744916,2.468456744868036,32,2.0,33.0
2019,Azerbaijan Grand Prix,LEC,2,SOFT,-0.04821419975932653,1.7253297232250362,8,2.0,12.0
2019,Azerbaijan Grand Prix,MAG,2,MEDIUM,0.018671190211345987,1.4472920281794552,30,2.0,31.0
2019,Azerbaijan Grand Prix,MAG,3,SOFT,0.2568121212121208,-0.7314787878787854,10,2.0,11.0
2019,Azerbaijan Grand Prix,NOR,1,SOFT,0.27992857142857125,-1.7107142857142779,7,7.0,13.0
2019,Azerbaijan Grand Prix,NOR,2,MEDIUM,-0.08045347564313074,2.738993158182807,28,2.0,29.0
2019,Azerbaijan Grand Prix,NOR,3,SOFT,0.22708181818181872,-0.7703636363636462,11,5.0,15.0
2019,Azerbaijan Grand Prix,PER,1,SOFT,0.3097142857142858,-1.2995714285714326,8,5.0,12.0
2019,Azerbaijan Grand Prix,PER,2,MEDIUM,-0.07365475858784909,3.271906884970186,38,2.0,41.0
2019,Azerbaijan Grand Prix,RAI,2,MEDIUM,-0.06023356106870226,3.1332278854961837,41,2.0,44.0
2019,Azerbaijan Grand Prix,RIC,1,SOFT,0.255142857142857,-0.5375357142857108,8,2.0,9.0
2019,Azerbaijan Grand Prix,RIC,2,MEDIUM,-0.09054736842105296,2.2474421052631666,19,2.0,20.0
2019,Azerbaijan Grand Prix,RUS,1,MEDIUM,-0.05554743083003941,2.0232905138339863,23,2.0,24.0
2019,Azerbaijan Grand Prix,RUS,2,MEDIUM,-0.244272727272727,2.594090909090909,11,2.0,12.0
2019,Azerbaijan Grand Prix,RUS,3,SOFT,0.5480484848484847,-0.654115151515154,10,2.0,11.0
2019,Azerbaijan Grand Prix,SAI,1,SOFT,0.1555090909090905,-0.05190909090908981,10,2.0,11.0
2019,Azerbaijan Grand Prix,SAI,2,MEDIUM,-0.04964655386912164,2.401308472256776,36,2.0,39.0
2019,Azerbaijan Grand Prix,STR,1,SOFT,0.34955952380952515,-0.5577023809523894,8,2.0,9.0
2019,Azerbaijan Grand Prix,STR,2,MEDIUM,-0.06985399263428238,3.019764423685793,38,2.0,41.0
2019,Azerbaijan Grand Prix,VER,1,SOFT,-0.020062937062937408,1.2958904428904443,12,6.0,17.0
2019,Azerbaijan Grand Prix,VER,2,MEDIUM,-0.0049742891594382645,1.0537739313081036,34,2.0,37.0
2019,Azerbaijan Grand Prix,VET,1,SOFT,-0.011699999999999853,0.8732555555555545,9,7.0,15.0
2019,Azerbaijan Grand Prix,VET,2,MEDIUM,-0.027787467678375744,1.9400128496098763,37,2.0,40.0
2019,Bahrain Grand Prix,ALB,1,SOFT,-0.009285714285713922,0.8169999999999886,7,5.0,11.0
2019,Bahrain Grand Prix,ALB,2,SOFT,0.16583956043956052,-0.06599340659340912,14,2.0,15.0
2019,Bahrain Grand Prix,ALB,3,MEDIUM,0.013505494505494545,0.49701017501017825,27,2.0,28.0
2019,Bahrain Grand Prix,BOT,1,SOFT,-0.1578484848484846,2.2822606060606034,10,5.0,14.0
2019,Bahrain Grand Prix,BOT,2,MEDIUM,0.05125274343658833,0.5061919016530052,24,2.0,27.0
2019,Bahrain Grand Prix,BOT,3,SOFT,-0.014132142857143166,1.7141892857142849,15,2.0,16.0
2019,Bahrain Grand Prix,GAS,1,SOFT,0.07839285714285646,0.1032857142857196,7,5.0,11.0
2019,Bahrain Grand Prix,GAS,2,SOFT,0.07269896004378766,0.39973754789272453,28,2.0,29.0
2019,Bahrain Grand Prix,GAS,3,MEDIUM,0.06135164835164803,0.05649450549451113,13,2.0,14.0
2019,Bahrain Grand Prix,GIO,1,SOFT,0.014463736263736015,1.0869868131868132,14,2.0,15.0
2019,Bahrain Grand Prix,GIO,2,MEDIUM,0.09946922642574826,0.6645437605872332,22,2.0,23.0
2019,Bahrain Grand Prix,GIO,3,SOFT,0.06739860139860165,0.23007575757576157,12,1.0,12.0
2019,Bahrain Grand Prix,GRO,2,MEDIUM,0.07793406593406561,0.6456043956043965,13,2.0,14.0
2019,Bahrain Grand Prix,HAM,1,SOFT,0.019745454545455114,0.47145454545454,11,5.0,15.0
2019,Bahrain Grand Prix,HAM,2,SOFT,0.13755789473684207,0.5429157894736801,19,2.0,20.0
2019,Bahrain Grand Prix,HAM,3,MEDIUM,0.16878771929824565,0.3477561403508719,19,2.0,20.0
2019,Bahrain Grand Prix,HUL,1,SOFT,-0.16592121212121172,2.281187878787875,10,2.0,11.0
2019,Bahrain Grand Prix,HUL,2,SOFT,0.14246749226006175,0.9767024423804593,18,2.0,19.0
2019,Bahrain Grand Prix,HUL,3,MEDIUM,-0.04151804511278183,1.2877075187969877,20,2.0,21.0
2019,Bahrain Grand Prix,KUB,1,MEDIUM,-0.10744999999999956,1.1616999999999982,9,2.0,10.0
2019,Bahrain Grand Prix,KUB,2,SOFT,0.2240153846153844,-0.03563076923077229,14,2.0,15.0
2019,Bahrain Grand Prix,KUB,3,MEDIUM,0.1343891304347826,0.11806594202898019,24,3.0,26.0
2019,Bahrain Grand Prix,KVY,1,SOFT,-0.07523030303030286,1.4910969696969627,10,2.0,11.0
2019,Bahrain Grand Prix,KVY,2,MEDIUM,0.10886260869565204,1.0105214492753638,24,2.0,25.0
2019,Bahrain Grand Prix,KVY,3,SOFT,0.0688395604395607,0.4568637362637354,14,2.0,15.0
2019,Bahrain Grand Prix,LEC,1,SOFT,0.08673636363636361,-0.16290909090908728,11,5.0,15.0
2019,Bahrain Grand Prix,LEC,2,MEDIUM,0.1199000000000001,0.8730571428571398,21,2.0,22.0
2019,Bahrain Grand Prix,LEC,3,MEDIUM,0.584453431372549,-1.4142401960784354,17,2.0,18.0
2019,Bahrain Grand Prix,MAG,1,SOFT,0.19482142857142837,-0.8601071428571426,8,5.0,12.0
2019,Bahrain Grand Prix,MAG,2,MEDIUM,0.12073572649572653,0.6308704273504293,26,2.0,27.0
2019,Bahrain Grand Prix,MAG,3,SOFT,0.023134065934066375,0.9022439560439537,14,5.0,18.0
2019,Bahrain Grand Prix,NOR,1,SOFT,-0.017440476190476575,0.6228690476190577,8,5.0,12.0
2019,Bahrain Grand Prix,NOR,2,MEDIUM,0.11193167701863353,0.5739904009034449,22,2.0,23.0
2019,Bahrain Grand Prix,NOR,3,SOFT,-0.0024045407636738955,0.6128713450292471,18,17.0,34.0
2019,Bahrain Grand Prix,PER,1,SOFT,-0.0958571428571405,1.252523809523791,6,2.0,7.0
2019,Bahrain Grand Prix,PER,2,MEDIUM,0.11777371541501996,0.3546373517786563,23,2.0,24.0
2019,Bahrain Grand Prix,PER,3,MEDIUM,-0.007464912280701705,0.600745614035088,19,2.0,20.0
2019,Bahrain Grand Prix,RAI,1,SOFT,-0.12632142857142956,1.6690000000000131,7,5.0,11.0
2019,Bahrain Grand Prix,RAI,2,MEDIUM,0.13504799548277802,0.14799096555618868,22,2.0,23.0
2019,Bahrain Grand Prix,RAI,3,SOFT,0.027861403508771847,0.6216771929824593,19,5.0,23.0
2019,Bahrain Grand Prix,RIC,1,SOFT,0.06225127046866183,0.1255409373235476,22,2.0,23.0
2019,Bahrain Grand Prix,RIC,2,MEDIUM,-0.015751778872468605,1.2606168582375459,28,2.0,29.0
2019,Bahrain Grand Prix,RUS,1,SOFT,0.02247878787878849,0.5703878787878727,10,2.0,11.0
2019,Bahrain Grand Prix,RUS,2,MEDIUM,0.2160874125874123,0.0984277389277373,12,2.0,13.0
2019,Bahrain Grand Prix,RUS,3,MEDIUM,0.10106692307692318,0.05482307692308099,25,2.0,26.0
2019,Bahrain Grand Prix,SAI,2,MEDIUM,0.16472445820433432,0.5306154110767125,18,2.0,19.0
2019,Bahrain Grand Prix,SAI,3,HARD,0.12523076923076915,-0.21940659340659438,14,3.0,16.0
2019,Bahrain Grand Prix,SAI,4,SOFT,0.04182727272727257,0.24072727272727526,11,5.0,15.0
2019,Bahrain Grand Prix,STR,2,MEDIUM,0.10705939849624067,-0.2611330827067709,20,2.0,21.0
2019,Bahrain Grand Prix,STR,3,MEDIUM,0.029993103448275677,0.6985586206896519,29,2.0,30.0
2019,Bahrain Grand Prix,VER,1,SOFT,-0.16853333333333276,2.1575777777777767,9,5.0,13.0
2019,Bahrain Grand Prix,VER,2,MEDIUM,0.12745263157894715,0.4947052631578967,19,2.0,20.0
2019,Bahrain Grand Prix,VER,3,MEDIUM,-0.0070272727272726555,0.8279939393939307,21,2.0,22.0
2019,Bahrain Grand Prix,VET,1,SOFT,0.0742762237762235,0.20151631701631392,12,5.0,16.0
2019,Bahrain Grand Prix,VET,2,MEDIUM,0.10227719298245616,0.11074035087719569,19,2.0,20.0
2019,Bahrain Grand Prix,VET,4,SOFT,0.05316428571428549,0.3186952380952457,15,5.0,19.0
2019,Belgian Grand Prix,ALB,1,MEDIUM,-0.16192672858617152,3.6363997248021978,18,5.0,22.0
2019,Belgian Grand Prix,ALB,2,SOFT,-0.030666165413533866,1.7739609022556309,20,2.0,21.0
2019,Belgian Grand Prix,BOT,1,SOFT,-0.08620433436532547,2.1574468524251915,18,10.0,27.0
2019,Belgian Grand Prix,BOT,2,MEDIUM,0.14571278195488727,-0.44329699248120735,20,2.0,21.0
2019,Belgian Grand Prix,GAS,1,SOFT,-0.37202380952380865,4.607202380952374,8,5.0,12.0
2019,Belgian Grand Prix,GAS,2,MEDIUM,0.012440266963292493,0.8771689284390053,30,2.0,31.0
2019,Belgian Grand Prix,GIO,1,MEDIUM,-0.11432913043478257,2.968305652173917,24,5.0,28.0
2019,Belgian Grand Prix,GIO,2,SOFT,-0.016860139860140164,1.8262843822843842,12,2.0,13.0
2019,Belgian Grand Prix,GRO,1,SOFT,-0.12628181818181802,1.889909090909088,11,5.0,15.0
2019,Belgian Grand Prix,GRO,2,MEDIUM,0.13144991452991436,0.2643223931623936,26,2.0,27.0
2019,Belgian Grand Prix,HAM,1,SOFT,-0.09055147058823522,2.3542794117647095,17,10.0,26.0
2019,Belgian Grand Prix,HAM,2,MEDIUM,0.045687012987013026,0.272327272727273,21,2.0,22.0
2019,Belgian Grand Prix,HUL,1,SOFT,-0.394314285714286,5.024133333333332,6,8.0,13.0
2019,Belgian Grand Prix,HUL,2,MEDIUM,-0.0033766769865839685,1.0470106639146934,18,2.0,19.0
2019,Belgian Grand Prix,HUL,3,SOFT,0.11118531468531472,-0.17417715617715945,12,4.0,15.0
2019,Belgian Grand Prix,KUB,1,MEDIUM,-0.07953641025641024,2.2571179487179482,26,5.0,30.0
2019,Belgian Grand Prix,KUB,2,SOFT,0.12682727272727196,0.41966363636364196,11,2.0,12.0
2019,Belgian Grand Prix,KVY,1,MEDIUM,-0.1421385964912282,3.0184140350877153,19,5.0,23.0
2019,Belgian Grand Prix,KVY,2,SOFT,0.013712280701754223,1.1956912280701755,19,2.0,20.0
2019,Belgian Grand Prix,LEC,1,SOFT,-0.04400441176470591,1.090630882352941,16,8.0,23.0
2019,Belgian Grand Prix,LEC,2,MEDIUM,0.07732693393562962,0.013140598531902765,22,2.0,23.0
2019,Belgian Grand Prix,MAG,1,SOFT,-0.026348872180450966,1.7463052631578855,20,8.0,27.0
2019,Belgian Grand Prix,MAG,2,MEDIUM,0.09193137254901962,0.01833333333332757,17,2.0,18.0
2019,Belgian Grand Prix,NOR,1,SOFT,-0.11794945054944993,2.2553472527472467,14,5.0,18.0
2019,Belgian Grand Prix,NOR,2,MEDIUM,0.07076976284584989,0.11742786561264973,23,2.0,24.0
2019,Belgian Grand Prix,PER,1,SOFT,-0.36596969696969667,5.889521212121208,10,8.0,17.0
2019,Belgian Grand Prix,PER,2,MEDIUM,0.003156267104542955,1.0886135741652936,28,2.0,29.0
2019,Belgian Grand Prix,RAI,3,MEDIUM,-0.0029822222222222654,0.9605528205128182,26,4.0,29.0
2019,Belgian Grand Prix,RAI,4,SOFT,0.154318181818182,-0.6220000000000013,11,7.0,17.0
2019,Belgian Grand Prix,RIC,2,SOFT,0.04512894736842101,0.41134041835358387,39,6.0,44.0
2019,Belgian Grand Prix,RUS,1,MEDIUM,-0.02855155279503103,1.2831291925465793,24,5.0,29.0
2019,Belgian Grand Prix,RUS,2,SOFT,0.1487272727272726,-0.3506212121212122,12,2.0,13.0
2019,Belgian Grand Prix,STR,1,SOFT,-0.2862833333333339,3.930550000000007,9,5.0,13.0
2019,Belgian Grand Prix,STR,2,MEDIUM,-0.09484835164835129,1.8433538461538466,14,2.0,15.0
2019,Belgian Grand Prix,STR,3,SOFT,0.17969230769230754,-0.4871538461538453,13,2.0,14.0
2019,Belgian Grand Prix,VET,1,SOFT,-0.10259393939394036,1.7454242424242603,10,8.0,17.0
2019,Belgian Grand Prix,VET,2,MEDIUM,0.10208235294117607,0.23334264705882446,16,2.0,17.0
2019,Belgian Grand Prix,VET,3,SOFT,0.37597575757575646,-2.638945454545449,10,6.0,15.0
2019,Brazilian Grand Prix,ALB,1,SOFT,0.02022473178994918,0.16951665725578352,22,5.0,26.0
2019,Brazilian Grand Prix,ALB,2,MEDIUM,0.043306521739130445,-0.12484637681158907,24,2.0,25.0
2019,Brazilian Grand Prix,ALB,3,SOFT,0.371571177504393,-3.765646748681888,9,5.0,24.0
2019,Brazilian Grand Prix,BOT,1,SOFT,0.01424304347826085,0.11669811594202664,24,5.0,28.0
2019,Brazilian Grand Prix,BOT,2,HARD,0.06231868131868108,-0.07085714285714283,13,2.0,14.0
2019,Brazilian Grand Prix,BOT,3,MEDIUM,0.3369500000000007,0.3502999999999999,9,2.0,10.0
2019,Brazilian Grand Prix,GAS,1,SOFT,0.01871879699248132,0.40037744360901856,20,5.0,24.0
2019,Brazilian Grand Prix,GAS,2,MEDIUM,0.0013745059288535967,0.5007401185770726,23,2.0,24.0
2019,Brazilian Grand Prix,GAS,3,SOFT,-0.046178441558441634,1.826396883116887,12,4.0,26.0
2019,Brazilian Grand Prix,GIO,1,SOFT,-0.002136222910216648,0.2952081183350507,18,2.0,19.0
2019,Brazilian Grand Prix,GIO,2,MEDIUM,0.008635217391304456,0.6198828985507213,24,2.0,25.0
2019,Brazilian Grand Prix,GIO,3,SOFT,0.03859588904410318,0.44689622829774417,13,5.0,28.0
2019,Brazilian Grand Prix,GRO,1,SOFT,0.012989999999999897,0.3899566666666626,24,5.0,28.0
2019,Brazilian Grand Prix,GRO,2,MEDIUM,0.0607888777555111,-0.1781035070140313,30,2.0,38.0
2019,Brazilian Grand Prix,HAM,1,SOFT,0.014121775025799482,0.03713381492948522,18,5.0,22.0
2019,Brazilian Grand Prix,HAM,2,SOFT,-0.043293506493506585,1.1336805194805233,21,4.0,24.0
2019,Brazilian Grand Prix,HAM,3,MEDIUM,0.017959105779716353,0.4117995274445709,15,2.0,22.0
2019,Brazilian Grand Prix,HUL,1,MEDIUM,-0.017056153846153863,0.6570261538461598,25,2.0,26.0
2019,Brazilian Grand Prix,HUL,2,HARD,0.0019535714285712725,0.5894178571428617,15,2.0,16.0
2019,Brazilian Grand Prix,HUL,3,SOFT,-0.11722857142857122,1.0340285714285664,6,2.0,7.0
2019,Brazilian Grand Prix,HUL,4,SOFT,0.04726315789473655,0.9896842105263207,8,10.0,21.0
2019,Brazilian Grand Prix,KUB,1,MEDIUM,0.015450980392156798,0.7104313725490161,18,2.0,19.0
2019,Brazilian Grand Prix,KUB,2,MEDIUM,0.08345714285714284,0.2011142857142848,14,2.0,15.0
2019,Brazilian Grand Prix,KUB,3,HARD,0.04125824175824154,0.613934065934067,13,2.0,14.0
2019,Brazilian Grand Prix,KUB,4,SOFT,-0.6112857142857142,6.277428571428572,6,6.0,11.0
2019,Brazilian Grand Prix,KVY,1,MEDIUM,-0.03026233766233763,0.7419099567099527,21,2.0,22.0
2019,Brazilian Grand Prix,KVY,2,SOFT,0.04358051948051945,0.586843290043297,21,2.0,22.0
2019,Brazilian Grand Prix,KVY,3,SOFT,0.10743853522251033,0.48740969866293765,13,2.0,25.0
2019,Brazilian Grand Prix,LEC,1,MEDIUM,0.02745238095238098,0.14967195767196165,27,5.0,31.0
2019,Brazilian Grand Prix,LEC,2,HARD,0.06365217391304352,-0.10347035573122287,22,2.0,23.0
2019,Brazilian Grand Prix,LEC,3,SOFT,-0.4166857142857154,4.329161904761911,6,6.0,11.0
2019,Brazilian Grand Prix,MAG,1,SOFT,-0.04689930964808901,1.805814783633617,22,5.0,29.0
2019,Brazilian Grand Prix,MAG,2,MEDIUM,0.03637739130434765,-0.060511449275363845,24,2.0,25.0
2019,Brazilian Grand Prix,MAG,3,SOFT,-0.012969298245614436,1.8371798245614086,8,10.0,21.0
2019,Brazilian Grand Prix,NOR,1,SOFT,0.004260465824326436,0.43642182980666255,23,2.0,26.0
2019,Brazilian Grand Prix,NOR,2,HARD,0.06634260869565223,0.19987478260869612,24,2.0,25.0
2019,Brazilian Grand Prix,NOR,3,MEDIUM,-0.00780263157894739,1.9331052631578935,8,7.0,18.0
2019,Brazilian Grand Prix,PER,1,SOFT,-0.08607142857142883,1.4498428571428552,15,2.0,16.0
2019,Brazilian Grand Prix,PER,2,MEDIUM,-0.00641059829059852,0.7672998290598283,26,2.0,27.0
2019,Brazilian Grand Prix,PER,3,SOFT,0.05934562139071305,0.3373739419349656,14,5.0,29.0
2019,Brazilian Grand Prix,RAI,1,SOFT,0.020431578947368263,0.23853684210527057,19,5.0,23.0
2019,Brazilian Grand Prix,RAI,2,MEDIUM,0.0030573913043475515,0.35522521739130647,24,2.0,25.0
2019,Brazilian Grand Prix,RAI,3,SOFT,0.017144155844155826,0.7319675324675284,12,5.0,27.0
2019,Brazilian Grand Prix,RIC,1,MEDIUM,-0.17925714285714395,1.5936571428571424,6,2.0,7.0
2019,Brazilian Grand Prix,RIC,2,SOFT,-0.01906473859844288,0.7736348535409715,30,2.0,31.0
2019,Brazilian Grand Prix,RIC,3,SOFT,0.05584881112606543,-0.09990040376850845,19,5.0,34.0
2019,Brazilian Grand Prix,RUS,1,MEDIUM,-0.0020051948051946723,0.8022528138528163,21,2.0,22.0
2019,Brazilian Grand Prix,RUS,2,MEDIUM,0.00903357753357747,0.5811630036629993,27,2.0,28.0
2019,Brazilian Grand Prix,RUS,3,SOFT,-0.30922857142857146,3.621942857142863,6,6.0,11.0
2019,Brazilian Grand Prix,SAI,1,SOFT,-0.01565506715506712,0.9829371184371177,27,2.0,28.0
2019,Brazilian Grand Prix,SAI,2,MEDIUM,0.0039370374282022315,0.8985065359211639,30,2.0,42.0
2019,Brazilian Grand Prix,STR,1,SOFT,0.011227008547008583,0.3162468376068418,26,2.0,27.0
2019,Brazilian Grand Prix,STR,2,MEDIUM,0.007951581027667928,0.6046294466403146,23,2.0,24.0
2019,Brazilian Grand Prix,STR,3,SOFT,-0.6361142857142859,8.16441904761905,6,7.0,12.0
2019,Brazilian Grand Prix,VER,1,SOFT,0.037361403508771714,0.04625614035087528,19,5.0,23.0
2019,Brazilian Grand Prix,VER,2,SOFT,-0.002006493506493387,0.3645064935064996,21,2.0,22.0
2019,Brazilian Grand Prix,VER,3,MEDIUM,0.12467857142857228,0.054892857142850894,8,2.0,9.0
2019,Brazilian Grand Prix,VER,4,SOFT,-0.0023903508771928907,0.36914473684211196,8,9.0,20.0
2019,Brazilian Grand Prix,VET,1,SOFT,0.03415909090909097,-0.048067193675883746,23,5.0,27.0
2019,Brazilian Grand Prix,VET,2,MEDIUM,0.01590457368718231,0.2656928289102217,22,2.0,23.0
2019,Brazilian Grand Prix,VET,3,SOFT,0.006595833333333146,0.6142944444444449,9,4.0,18.0
2019,British Grand Prix,ALB,1,SOFT,-0.06370000000000083,1.105854545454561,11,7.0,17.0
2019,British Grand Prix,ALB,2,MEDIUM,-0.029169431004088458,1.4519478264131145,34,2.0,39.0
2019,British Grand Prix,BOT,1,MEDIUM,-0.08136923076923097,1.5858417582417594,14,7.0,20.0
2019,British Grand Prix,BOT,2,MEDIUM,-0.06236926506543906,1.7735838486983917,23,2.0,28.0
2019,British Grand Prix,BOT,3,SOFT,0.6116285714285709,-2.9310476190476153,6,5.0,10.0
2019,British Grand Prix,GAS,1,MEDIUM,-0.03097575757575755,0.7173212121212162,10,7.0,16.0
2019,British Grand Prix,GAS,2,HARD,-0.0739316212342367,2.6901884623982544,35,2.0,40.0
2019,British Grand Prix,GIO,1,MEDIUM,-0.1363333333333336,2.3396274509803976,17,2.0,18.0
2019,British Grand Prix,GRO,2,HARD,-0.4051714285714275,2.643104761904762,6,2.0,7.0
2019,British Grand Prix,HAM,1,MEDIUM,-0.06363673890608887,1.7631771585827292,18,6.0,23.0
2019,British Grand Prix,HAM,2,HARD,-0.04730738916256165,2.64505024630542,29,4.0,32.0
2019,British Grand Prix,HUL,1,SOFT,0.013745454545453872,0.2869090909090943,11,5.0,15.0
2019,British Grand Prix,HUL,2,HARD,-0.056209579535651234,2.9285665428903656,34,3.0,40.0
2019,British Grand Prix,KUB,1,MEDIUM,-0.031611971104231,1.0295923632610924,18,2.0,19.0
2019,British Grand Prix,KUB,2,HARD,-0.06061056376573601,2.571149151614666,28,4.0,31.0
2019,British Grand Prix,KVY,1,SOFT,-0.18572121212121276,2.1133878787878824,10,2.0,11.0
2019,British Grand Prix,KVY,2,MEDIUM,0.16171428571428517,-0.06471428571427945,6,2.0,7.0
2019,British Grand Prix,KVY,3,HARD,-0.11110197044334971,3.2217334975369467,29,3.0,31.0
2019,British Grand Prix,LEC,1,SOFT,-0.00028181818181819963,0.467545454545457,11,5.0,15.0
2019,British Grand Prix,LEC,3,HARD,-0.07696896551724142,2.082368965517239,29,3.0,31.0
2019,British Grand Prix,NOR,1,SOFT,-0.046627272727272996,0.8065454545454581,11,5.0,15.0
2019,British Grand Prix,NOR,2,MEDIUM,-0.07725691056910589,1.995397154471544,16,2.0,21.0
2019,British Grand Prix,NOR,3,HARD,-0.05241176470588274,1.1300367647058895,16,2.0,17.0
2019,British Grand Prix,PER,1,MEDIUM,-0.10758235294117699,2.242907352941182,16,2.0,17.0
2019,British Grand Prix,PER,3,SOFT,-0.05440451127819536,1.7576518796992475,20,2.0,21.0
2019,British Grand Prix,RAI,1,MEDIUM,-0.1091071428571424,1.6936309523809503,15,2.0,16.0
2019,British Grand Prix,RAI,2,HARD,-0.1034612086480124,3.4185932827978456,30,2.0,35.0
2019,British Grand Prix,RIC,1,SOFT,-0.07535151515151482,1.044539393939387,10,5.0,14.0
2019,British Grand Prix,RIC,2,MEDIUM,-0.003971428571429686,0.3297047619047686,6,2.0,7.0
2019,British Grand Prix,RIC,3,HARD,-0.09526945812807891,2.9687123152709436,29,4.0,32.0
2019,British Grand Prix,RUS,1,MEDIUM,-0.011360165118679178,0.9075039559683601,18,2.0,19.0
2019,British Grand Prix,RUS,2,HARD,-0.08039792008757504,2.961851395730697,28,3.0,30.0
2019,British Grand Prix,SAI,1,MEDIUM,-0.08370175438596471,1.9015906432748497,18,2.0,19.0
2019,British Grand Prix,SAI,2,HARD,-0.08858325123152706,2.72925714285714,29,4.0,32.0
2019,British Grand Prix,STR,1,MEDIUM,-0.1550363636363629,1.739890909090901,11,2.0,12.0
2019,British Grand Prix,STR,2,HARD,-0.07560780487804897,2.1868131707317096,20,2.0,25.0
2019,British Grand Prix,STR,3,SOFT,-0.07285314685314696,0.9523986013986011,12,2.0,13.0
2019,British Grand Prix,VER,1,MEDIUM,-0.00520909090909072,0.5116909090909045,11,7.0,17.0
2019,British Grand Prix,VER,3,HARD,-0.05938669950738915,2.2239261083743793,29,4.0,32.0
2019,British Grand Prix,VET,1,SOFT,-0.013203302373580781,0.7455779153766793,18,5.0,22.0
2019,British Grand Prix,VET,2,HARD,0.11333186813186806,0.17915824175823558,14,4.0,17.0
2019,British Grand Prix,VET,3,MEDIUM,-0.1655209790209792,2.319490675990675,12,2.0,13.0
2019,Canadian Grand Prix,ALB,2,HARD,-0.014686414311641137,1.8391889205773073,57,2.0,58.0
2019,Canadian Grand Prix,BOT,1,MEDIUM,-0.06493979200875769,1.9775290093048792,28,5.0,32.0
2019,Canadian Grand Prix,BOT,2,HARD,-0.048727731092436916,1.8382840336134454,35,2.0,36.0
2019,Canadian Grand Prix,GAS,2,HARD,-0.01820666314119515,1.6517279746166094,61,2.0,62.0
2019,Canadian Grand Prix,GIO,1,HARD,-0.032819758064515966,1.7638713709677352,31,2.0,32.0
2019,Canadian Grand Prix,GIO,2,MEDIUM,-0.04715350140056023,1.7984022408963642,35,2.0,36.0
2019,Canadian Grand Prix,GRO,1,MEDIUM,-0.039215725806451676,1.6038689516129099,32,2.0,33.0
2019,Canadian Grand Prix,GRO,2,HARD,-0.029257448433918934,1.2962039724980856,34,2.0,35.0
2019,Canadian Grand Prix,HAM,1,MEDIUM,0.0022878632478631326,0.30157777777778155,26,5.0,30.0
2019,Canadian Grand Prix,HAM,2,HARD,-0.007744599303135846,0.7842592334494739,41,2.0,42.0
2019,Canadian Grand Prix,HUL,1,SOFT,-0.07776263736263708,1.6754131868131759,14,5.0,18.0
2019,Canadian Grand Prix,HUL,2,HARD,-0.005612439170152861,1.0814766925638144,52,2.0,53.0
2019,Canadian Grand Prix,KUB,1,MEDIUM,-0.2504285714285698,1.8504285714285589,6,2.0,7.0
2019,Canadian Grand Prix,KUB,2,HARD,-0.049343185550082096,1.9344047619047628,28,1.0,28.0
2019,Canadian Grand Prix,KUB,3,HARD,-0.05385686918445536,1.9438886152162052,28,2.0,29.0
2019,Canadian Grand Prix,KVY,1,MEDIUM,-0.039593939393940104,0.5104606060606127,10,2.0,11.0
2019,Canadian Grand Prix,KVY,2,HARD,-0.022994873547505165,1.7162416267942653,56,2.0,57.0
2019,Canadian Grand Prix,LEC,1,MEDIUM,-0.009472580645161197,0.6880096774193524,31,7.0,37.0
2019,Canadian Grand Prix,LEC,2,HARD,-0.025946846846846894,1.3779912912912966,36,2.0,37.0
2019,Canadian Grand Prix,MAG,1,HARD,-0.04459222380275,2.35219582740635,37,2.0,38.0
2019,Canadian Grand Prix,MAG,2,MEDIUM,-0.004784619594964264,1.146125889436235,28,2.0,29.0
2019,Canadian Grand Prix,NOR,1,SOFT,0.9598214285714283,-5.960714285714285,7,5.0,11.0
2019,Canadian Grand Prix,PER,1,MEDIUM,0.05028333333333451,0.14129999999998888,9,2.0,10.0
2019,Canadian Grand Prix,PER,2,HARD,-0.0250979388125486,1.855955708236113,57,2.0,58.0
2019,Canadian Grand Prix,RAI,2,HARD,-0.021617527010804306,1.42588446578631,50,2.0,51.0
2019,Canadian Grand Prix,RAI,3,SOFT,0.08019393939393937,0.1755393939394014,10,2.0,11.0
2019,Canadian Grand Prix,RIC,1,SOFT,-0.10517142857142854,1.3492857142857115,6,5.0,10.0
2019,Canadian Grand Prix,RIC,2,HARD,-0.006456710197276989,1.1872030378808895,60,2.0,61.0
2019,Canadian Grand Prix,RUS,1,MEDIUM,0.1255357142857138,-0.020249999999995955,7,2.0,8.0
2019,Canadian Grand Prix,RUS,2,HARD,-0.019779230366975303,2.072421698606539,58,2.0,59.0
2019,Canadian Grand Prix,SAI,2,HARD,-0.010271066433566402,1.3859451923076869,65,1.0,65.0
2019,Canadian Grand Prix,STR,1,HARD,-0.06163757173059494,2.3388501963153123,43,2.0,44.0
2019,Canadian Grand Prix,STR,2,MEDIUM,-0.011008893280632481,1.0425503952569122,23,2.0,24.0
2019,Canadian Grand Prix,VER,1,HARD,-0.03395047795251313,1.650547579401788,46,2.0,47.0
2019,Canadian Grand Prix,VER,2,MEDIUM,-0.015687012987012985,1.310774458874463,21,7.0,27.0
2019,Canadian Grand Prix,VET,1,MEDIUM,0.01082130434782612,0.16368086956521988,24,7.0,30.0
2019,Canadian Grand Prix,VET,2,HARD,-0.01574388402295383,1.0045046813651475,43,2.0,44.0
2019,Chinese Grand Prix,ALB,1,SOFT,-0.011745588235293813,0.6030161764705811,16,3.0,18.0
2019,Chinese Grand Prix,ALB,2,HARD,0.008060504201680703,0.5846218487394985,35,2.0,36.0
2019,Chinese Grand Prix,BOT,1,MEDIUM,0.044895768833848874,-0.03854420364636009,18,6.0,23.0
2019,Chinese Grand Prix,BOT,2,HARD,0.09376373626373627,0.10273626373625655,13,2.0,14.0
2019,Chinese Grand Prix,BOT,3,MEDIUM,0.010236842105263093,1.4891842105263162,19,2.0,20.0
2019,Chinese Grand Prix,GAS,1,SOFT,0.022001470588235376,-0.08233235294117652,16,6.0,21.0
2019,Chinese Grand Prix,GAS,2,HARD,-0.012591331269349812,0.6032645338837254,18,2.0,19.0
2019,Chinese Grand Prix,GAS,3,MEDIUM,0.10179020979020985,0.15557342657342996,12,2.0,13.0
2019,Chinese Grand Prix,GIO,2,MEDIUM,0.11579610389610373,0.024018181818184707,21,2.0,22.0
2019,Chinese Grand Prix,GIO,3,MEDIUM,0.02593347826086964,0.6393563768115911,24,2.0,25.0
2019,Chinese Grand Prix,GRO,2,HARD,0.007440769230769248,0.8584292307692281,25,2.0,26.0
2019,Chinese Grand Prix,GRO,3,MEDIUM,0.10955789473684203,0.5539684210526269,19,2.0,20.0
2019,Chinese Grand Prix,HAM,1,MEDIUM,0.05778421052631569,-0.28402631578947046,19,6.0,24.0
2019,Chinese Grand Prix,HAM,2,HARD,0.05415034965034981,0.12495571095571349,12,2.0,13.0
2019,Chinese Grand Prix,HAM,3,MEDIUM,0.03561578947368404,0.025642105263165283,19,5.0,23.0
2019,Chinese Grand Prix,HUL,1,SOFT,-0.021607142857142814,0.62114285714286,8,6.0,13.0
2019,Chinese Grand Prix,KUB,1,MEDIUM,0.015524703557312116,0.8307411067193717,23,3.0,25.0
2019,Chinese Grand Prix,KUB,2,HARD,0.06895909645909658,0.41361355311354653,27,2.0,28.0
2019,Chinese Grand Prix,KVY,2,MEDIUM,0.08543529411764708,-0.8256823529411741,16,9.0,24.0
2019,Chinese Grand Prix,KVY,4,SOFT,0.008466666666666341,0.35008888888888823,9,2.0,10.0
2019,Chinese Grand Prix,LEC,1,MEDIUM,0.09625263157894748,-0.5216842105263165,19,6.0,24.0
2019,Chinese Grand Prix,LEC,2,HARD,0.04556759545923644,0.026262469900244712,18,2.0,19.0
2019,Chinese Grand Prix,LEC,3,MEDIUM,0.09758791208791208,0.40906593406593467,13,2.0,14.0
2019,Chinese Grand Prix,MAG,1,SOFT,-0.1094571428571425,1.2145523809523844,6,6.0,11.0
2019,Chinese Grand Prix,MAG,2,HARD,0.07940598531902852,0.7456070016939574,22,2.0,23.0
2019,Chinese Grand Prix,MAG,3,MEDIUM,0.05151818181818155,0.6590675324675307,21,2.0,22.0
2019,Chinese Grand Prix,NOR,2,HARD,0.03070109890109881,0.29239780219779465,14,2.0,15.0
2019,Chinese Grand Prix,NOR,3,MEDIUM,0.08139642857142859,-0.13269761904761737,15,3.0,17.0
2019,Chinese Grand Prix,NOR,4,SOFT,0.08876483516483516,0.25664175824175545,14,2.0,15.0
2019,Chinese Grand Prix,PER,1,MEDIUM,0.04521813725490232,-0.10122303921569503,17,3.0,19.0
2019,Chinese Grand Prix,PER,2,HARD,0.006650114591291019,0.664296409472882,34,2.0,35.0
2019,Chinese Grand Prix,RAI,1,MEDIUM,0.04526256352343327,0.11440993788820358,22,3.0,24.0
2019,Chinese Grand Prix,RAI,2,HARD,0.09385172413793094,0.051855172413796724,29,2.0,30.0
2019,Chinese Grand Prix,RIC,1,SOFT,0.017114285714286068,0.1129142857142845,15,6.0,20.0
2019,Chinese Grand Prix,RIC,2,HARD,-0.015544658944658932,1.2825097383097332,36,2.0,37.0
2019,Chinese Grand Prix,RUS,1,MEDIUM,0.08166491228070166,0.024757894736839217,19,3.0,21.0
2019,Chinese Grand Prix,RUS,2,HARD,0.08553153846153863,1.0897984615384566,25,2.0,26.0
2019,Chinese Grand Prix,SAI,2,HARD,0.017686831550802046,0.36442491087344636,33,2.0,34.0
2019,Chinese Grand Prix,SAI,3,SOFT,0.001952528379773046,0.7724984520123878,18,2.0,19.0
2019,Chinese Grand Prix,STR,1,MEDIUM,-0.06757352941176496,1.4296029411764688,17,3.0,19.0
2019,Chinese Grand Prix,STR,2,HARD,-0.014852625635234283,0.7262941840767951,22,2.0,23.0
2019,Chinese Grand Prix,STR,3,SOFT,0.14497575757575717,0.5957575757575782,10,2.0,11.0
2019,Chinese Grand Prix,VER,1,MEDIUM,0.06150329670329627,-0.3063626373626331,14,6.0,19.0
2019,Chinese Grand Prix,VER,2,HARD,0.05460357142857115,0.06563452380953028,15,2.0,16.0
2019,Chinese Grand Prix,VER,3,MEDIUM,0.04457402597402601,0.14701645021645032,21,2.0,22.0
2019,Chinese Grand Prix,VET,1,MEDIUM,0.08027857142857182,-0.4616880952381,15,6.0,20.0
2019,Chinese Grand Prix,VET,2,HARD,0.01609642857142842,0.3894654761904757,15,2.0,16.0
2019,Chinese Grand Prix,VET,3,MEDIUM,0.05540375939849613,1.085906766917294,20,2.0,21.0
2019,French Grand Prix,ALB,1,MEDIUM,-0.12511067193675895,2.8606561264822092,23,2.0,24.0
2019,French Grand Prix,ALB,2,HARD,-0.038474924012158074,1.929705927051674,25,2.0,27.0
2019,French Grand Prix,BOT,1,MEDIUM,-0.06217662337662374,1.904859740259751,21,7.0,27.0
2019,French Grand Prix,BOT,2,HARD,0.002004912714931272,0.9891376122705379,28,2.0,30.0
2019,French Grand Prix,GAS,1,SOFT,-0.12648928571428564,2.2467380952380926,15,5.0,19.0
2019,French Grand Prix,GAS,2,HARD,-0.048802004902819114,2.1020415864121813,32,2.0,35.0
2019,French Grand Prix,GIO,2,HARD,-0.04981692307692309,1.5980369230769245,25,2.0,26.0
2019,French Grand Prix,GIO,3,MEDIUM,-0.06976716368998846,1.2623068982467665,16,2.0,18.0
2019,French Grand Prix,GRO,1,HARD,-0.07563842364531995,2.6074216748768477,29,2.0,30.0
2019,French Grand Prix,GRO,2,MEDIUM,-0.05563986013985966,1.3887156177156106,12,2.0,13.0
2019,French Grand Prix,HAM,1,MEDIUM,-0.09149802371541511,2.4009446640316146,22,6.0,27.0
2019,French Grand Prix,HAM,2,HARD,-0.01308722029818491,1.7455473436003286,26,2.0,29.0
2019,French Grand Prix,HUL,1,HARD,-0.09374816715542522,3.4524679252199366,32,2.0,33.0
2019,French Grand Prix,HUL,2,MEDIUM,0.008138080251770619,0.7099681353265062,15,6.0,22.0
2019,French Grand Prix,KUB,1,MEDIUM,-0.05242518351214002,1.8829966120835684,22,2.0,23.0
2019,French Grand Prix,KUB,2,HARD,-0.0006467442132333941,1.7778520282908512,25,2.0,27.0
2019,French Grand Prix,KVY,1,HARD,-0.09080823136818701,2.8505691509084263,30,2.0,31.0
2019,French Grand Prix,KVY,2,MEDIUM,-0.018213659147869692,0.8136679197995037,18,2.0,20.0
2019,French Grand Prix,LEC,1,MEDIUM,-0.09388947368421023,2.058557894736831,19,5.0,23.0
2019,French Grand Prix,LEC,2,HARD,-0.03752874056280016,1.3666437600091466,30,2.0,32.0
2019,French Grand Prix,MAG,1,MEDIUM,-0.0006681318681318421,0.6048219780219788,14,2.0,15.0
2019,French Grand Prix,MAG,2,HARD,-0.06824135522179535,2.81163342647573,34,2.0,36.0
2019,French Grand Prix,NOR,1,MEDIUM,-0.14619558823529424,3.047523529411769,16,7.0,22.0
2019,French Grand Prix,NOR,2,HARD,-0.021355070129355058,1.5614368464092732,31,2.0,34.0
2019,French Grand Prix,PER,1,MEDIUM,-0.17753529411764699,3.0038352941176503,16,2.0,17.0
2019,French Grand Prix,PER,2,HARD,-0.009371000476892896,1.3906522896403388,32,2.0,34.0
2019,French Grand Prix,RAI,1,HARD,-0.09392068965517227,2.4920758620689627,29,2.0,30.0
2019,French Grand Prix,RAI,2,MEDIUM,-0.01421637836216362,1.021091990800915,18,3.0,22.0
2019,French Grand Prix,RIC,1,MEDIUM,-0.156841758241758,2.693450549450545,14,6.0,19.0
2019,French Grand Prix,RIC,2,HARD,-0.039984351352400235,2.119746730567733,33,2.0,36.0
2019,French Grand Prix,RUS,1,MEDIUM,-0.09637351778656132,2.4919861660079063,23,2.0,24.0
2019,French Grand Prix,RUS,2,HARD,-0.1075142857142871,1.1573142857142846,6,2.0,7.0
2019,French Grand Prix,RUS,3,MEDIUM,-0.08452531541864641,2.2512139931181374,16,2.0,18.0
2019,French Grand Prix,SAI,1,MEDIUM,-0.11609558823529412,2.6389044117646994,17,7.0,23.0
2019,French Grand Prix,SAI,2,HARD,-0.06685994370571678,2.690527419198284,31,2.0,34.0
2019,French Grand Prix,STR,1,HARD,-0.0733733997155049,2.3947923186344178,37,2.0,38.0
2019,French Grand Prix,STR,2,MEDIUM,0.011888518024032249,0.473538050734304,11,2.0,13.0
2019,French Grand Prix,VER,1,MEDIUM,-0.06525902992776036,1.5755149638802814,18,7.0,24.0
2019,French Grand Prix,VER,2,HARD,-0.004799014679268119,0.8162734767745775,31,2.0,33.0
2019,French Grand Prix,VET,1,MEDIUM,-0.12204940711462446,2.9477035573122525,23,5.0,27.0
2019,French Grand Prix,VET,2,HARD,-0.05211857707509876,1.4609762845849767,23,2.0,24.0
2019,German Grand Prix,ALB,2,INTERMEDIATE,-0.10533141473910705,3.1442438945669755,21,3.0,24.0
2019,German Grand Prix,ALB,4,INTERMEDIATE,-0.42578571428571554,5.009357142857155,7,6.0,12.0
2019,German Grand Prix,ALB,5,SOFT,-0.08583138686131378,1.7223861313868665,14,2.0,18.0
2019,German Grand Prix,BOT,2,INTERMEDIATE,0.10696283367556475,0.5748650924024648,19,2.0,22.0
2019,German Grand Prix,BOT,4,INTERMEDIATE,-0.45517857142857204,4.6271071428571515,7,4.0,10.0
2019,German Grand Prix,BOT,5,SOFT,-0.22033333333333271,2.502666666666656,9,4.0,12.0
2019,German Grand Prix,GAS,2,INTERMEDIATE,-0.2492168831168833,6.557002597402594,20,2.0,22.0
2019,German Grand Prix,GAS,4,INTERMEDIATE,-0.7769642857142858,8.495678571428567,7,6.0,12.0
2019,German Grand Prix,GAS,5,SOFT,-0.17206052899287885,3.7682746693794464,11,5.0,18.0
2019,German Grand Prix,GIO,2,INTERMEDIATE,-0.10600909090909091,3.0190090909090865,20,2.0,22.0
2019,German Grand Prix,GIO,4,INTERMEDIATE,-0.35637926675094833,5.920340075853356,8,6.0,18.0
2019,German Grand Prix,GIO,5,SOFT,0.032652356509565765,0.7324899673355083,13,2.0,17.0
2019,German Grand Prix,GRO,2,INTERMEDIATE,-0.14684805194805187,3.653826623376627,20,2.0,22.0
2019,German Grand Prix,GRO,4,INTERMEDIATE,-0.6775714285714303,7.698714285714293,7,6.0,12.0
2019,German Grand Prix,GRO,6,SOFT,-0.04418868613138656,1.524795255474441,14,8.0,24.0
2019,German Grand Prix,HAM,2,INTERMEDIATE,0.10655487517663703,0.738807819123873,21,2.0,24.0
2019,German Grand Prix,HAM,4,INTERMEDIATE,-0.35342730720606835,4.904149178255372,8,5.0,17.0
2019,German Grand Prix,HUL,2,INTERMEDIATE,-0.4050121212121215,4.201678787878783,10,2.0,11.0
2019,German Grand Prix,HUL,3,INTERMEDIATE,0.5252060606060606,-0.385739393939386,10,2.0,11.0
2019,German Grand Prix,HUL,4,INTERMEDIATE,-0.14834285714285775,1.7945714285714374,6,5.0,10.0
2019,German Grand Prix,KUB,2,INTERMEDIATE,0.34818842729970334,-0.5637997032640991,12,2.0,15.0
2019,German Grand Prix,KUB,4,INTERMEDIATE,-0.34928571428571403,2.9325714285714244,6,3.0,8.0
2019,German Grand Prix,KUB,5,SOFT,-0.373154761904763,3.5017261904762016,8,2.0,9.0
2019,German Grand Prix,KVY,2,INTERMEDIATE,-0.18981971496437106,4.5296156769596285,19,2.0,21.0
2019,German Grand Prix,KVY,4,INTERMEDIATE,-0.6695357142857133,7.646821428571415,7,6.0,12.0
2019,German Grand Prix,KVY,5,SOFT,-0.1055630434782609,2.3968971014492784,15,2.0,19.0
2019,German Grand Prix,LEC,2,INTERMEDIATE,-0.38643030303030235,4.209296969696971,10,2.0,11.0
2019,German Grand Prix,LEC,3,INTERMEDIATE,0.6240848484848481,-0.48875151515151505,10,2.0,11.0
2019,German Grand Prix,MAG,2,INTERMEDIATE,0.41159387755102134,-1.2298897959183732,9,2.0,12.0
2019,German Grand Prix,MAG,4,INTERMEDIATE,-0.5447142857142868,6.519714285714295,7,5.0,11.0
2019,German Grand Prix,MAG,6,SOFT,-0.11349090909090866,2.2407636363636323,10,5.0,14.0
2019,German Grand Prix,NOR,2,INTERMEDIATE,0.13770924453280323,0.14663237243207036,15,2.0,18.0
2019,German Grand Prix,RAI,2,INTERMEDIATE,-0.012567898699521024,2.746100684462702,19,2.0,22.0
2019,German Grand Prix,RAI,4,INTERMEDIATE,-0.34997345132743446,7.0431061946902815,8,6.0,18.0
2019,German Grand Prix,RAI,5,SOFT,-0.07180237984134402,2.054521231917877,13,5.0,20.0
2019,German Grand Prix,RIC,2,INTERMEDIATE,-0.9382333333333331,8.108288888888891,9,2.0,10.0
2019,German Grand Prix,RUS,2,INTERMEDIATE,0.37027818283791364,-0.4103370723499726,13,2.0,16.0
2019,German Grand Prix,RUS,3,INTERMEDIATE,-0.10411428571428584,1.7304285714285748,6,10.0,15.0
2019,German Grand Prix,RUS,5,SOFT,-0.07114285714285569,1.5932857142857109,7,2.0,8.0
2019,German Grand Prix,SAI,2,INTERMEDIATE,-0.029228948566226702,2.456738962221212,20,2.0,23.0
2019,German Grand Prix,SAI,3,INTERMEDIATE,-0.5983214285714274,7.428928571428552,7,7.0,13.0
2019,German Grand Prix,SAI,4,SOFT,-0.07813211678832141,1.9953751824817607,14,5.0,21.0
2019,German Grand Prix,STR,2,INTERMEDIATE,0.07804324324324341,0.492005405405409,14,2.0,17.0
2019,German Grand Prix,STR,4,INTERMEDIATE,-0.5219999999999998,5.405333333333329,6,6.0,11.0
2019,German Grand Prix,STR,6,SOFT,-0.37207941690962115,6.410766413994169,16,2.0,20.0
2019,German Grand Prix,VER,2,INTERMEDIATE,0.08167846657159633,0.7869396862679331,18,2.0,21.0
2019,German Grand Prix,VER,4,INTERMEDIATE,-0.07835714285714404,1.327714285714294,7,5.0,11.0
2019,German Grand Prix,VER,6,SOFT,-0.13421240875912394,2.5166759124087617,14,2.0,18.0
2019,German Grand Prix,VET,2,INTERMEDIATE,-0.1167839189848709,3.5436517813567585,17,3.0,20.0
2019,German Grand Prix,VET,4,INTERMEDIATE,-0.6974285714285725,7.444857142857144,7,6.0,12.0
2019,German Grand Prix,VET,6,SOFT,-0.03193233784414386,1.534226784881011,13,2.0,17.0
2019,Hungarian Grand Prix,ALB,1,MEDIUM,-0.09428957264957263,2.977775726495733,26,2.0,27.0
2019,Hungarian Grand Prix,ALB,2,HARD,-0.037223639774859346,2.6004082551594796,40,2.0,41.0
2019,Hungarian Grand Prix,BOT,2,HARD,-0.02154372469635627,2.0669053981106655,39,2.0,40.0
2019,Hungarian Grand Prix,BOT,3,MEDIUM,0.024552795031055712,0.8784991530208917,22,2.0,23.0
2019,Hungarian Grand Prix,GAS,1,MEDIUM,-0.06931008547008521,2.1216188034187917,26,5.0,30.0
2019,Hungarian Grand Prix,GAS,2,HARD,-0.01757748592870543,1.2839159474671644,40,2.0,41.0
2019,Hungarian Grand Prix,GIO,1,MEDIUM,-0.024802197802197886,0.9697252747252779,13,2.0,14.0
2019,Hungarian Grand Prix,GIO,2,HARD,0.008428540937419952,0.7769266626824909,52,2.0,53.0
2019,Hungarian Grand Prix,GRO,1,SOFT,-0.04758333333333309,1.1194068627450977,17,5.0,21.0
2019,Hungarian Grand Prix,GRO,2,HARD,-0.015253147235905982,1.1192452107279736,28,2.0,29.0
2019,Hungarian Grand Prix,HAM,1,MEDIUM,0.025893103448276077,0.12723793103447287,29,5.0,33.0
2019,Hungarian Grand Prix,HAM,2,HARD,-0.01038214285714269,1.21170595238095,15,2.0,16.0
2019,Hungarian Grand Prix,HAM,3,MEDIUM,0.06491428571428554,0.29951428571428096,21,1.0,21.0
2019,Hungarian Grand Prix,HUL,1,MEDIUM,-0.04656974789915969,1.895569747899159,34,2.0,35.0
2019,Hungarian Grand Prix,HUL,2,SOFT,0.005241019061583541,0.7813759164222827,32,2.0,33.0
2019,Hungarian Grand Prix,KUB,1,MEDIUM,-0.07818088235294145,1.2980308823529472,16,2.0,17.0
2019,Hungarian Grand Prix,KUB,2,HARD,0.02049734042553194,0.45238031914892807,48,2.0,49.0
2019,Hungarian Grand Prix,KVY,1,MEDIUM,-0.08980526315789479,2.1254894736842047,19,2.0,20.0
2019,Hungarian Grand Prix,KVY,2,HARD,0.025675485661424673,0.428515818686396,46,2.0,47.0
2019,Hungarian Grand Prix,LEC,1,MEDIUM,0.043186153846153874,-0.1438846153846208,25,5.0,29.0
2019,Hungarian Grand Prix,LEC,2,HARD,-0.0014470464305973004,1.1050823542122532,42,2.0,43.0
2019,Hungarian Grand Prix,MAG,1,MEDIUM,-0.0598477477477477,2.4805033033033013,36,2.0,37.0
2019,Hungarian Grand Prix,MAG,2,SOFT,-0.02459265850945498,1.6934455320726784,30,2.0,31.0
2019,Hungarian Grand Prix,NOR,1,SOFT,-0.060310769230769126,1.7887076923076952,26,5.0,30.0
2019,Hungarian Grand Prix,NOR,2,HARD,-0.03250619136960596,1.5509831144465251,40,2.0,41.0
2019,Hungarian Grand Prix,PER,1,MEDIUM,-0.0645058823529411,1.0788058823529374,16,2.0,17.0
2019,Hungarian Grand Prix,PER,2,HARD,-0.008274045618247282,1.3900422088835584,50,2.0,51.0
2019,Hungarian Grand Prix,RAI,1,SOFT,-0.05847496947496947,1.7151790801790847,27,5.0,31.0
2019,Hungarian Grand Prix,RAI,2,MEDIUM,-0.037667004048582996,1.8950840080971711,39,2.0,40.0
2019,Hungarian Grand Prix,RIC,1,HARD,-0.05486053558844261,2.6526998590556676,44,2.0,45.0
2019,Hungarian Grand Prix,RIC,2,SOFT,0.04037210615471486,0.5283032185206106,22,2.0,23.0
2019,Hungarian Grand Prix,RUS,1,MEDIUM,0.04319780219780227,0.46489010989010304,14,2.0,15.0
2019,Hungarian Grand Prix,RUS,2,HARD,-0.0157287782805429,2.0125005429864267,51,2.0,52.0
2019,Hungarian Grand Prix,SAI,1,SOFT,-0.058100732600732605,1.7382205942205964,27,5.0,31.0
2019,Hungarian Grand Prix,SAI,2,HARD,-0.02682246963562761,1.554348785425109,39,2.0,40.0
2019,Hungarian Grand Prix,STR,1,MEDIUM,-0.027874725274725502,1.0144351648351666,14,2.0,15.0
2019,Hungarian Grand Prix,STR,2,HARD,-0.007008980938416446,0.8714384164222857,32,2.0,33.0
2019,Hungarian Grand Prix,STR,3,SOFT,0.11661519607843157,1.1422598039215726,17,2.0,18.0
2019,Hungarian Grand Prix,VER,1,MEDIUM,0.03638932806324082,-0.10862055335968313,23,5.0,27.0
2019,Hungarian Grand Prix,VER,2,HARD,-0.03513958724202619,1.87580112570356,40,2.0,41.0
2019,Hungarian Grand Prix,VET,1,MEDIUM,0.03987008060692276,-0.14393077287814343,37,5.0,41.0
2019,Hungarian Grand Prix,VET,2,SOFT,0.016022469410456167,0.5170625880608057,30,2.0,31.0
2019,Italian Grand Prix,ALB,1,SOFT,-0.06364652173913045,2.000209275362315,24,5.0,28.0
2019,Italian Grand Prix,ALB,2,MEDIUM,-0.04897591893665911,1.2698776665572662,23,3.0,27.0
2019,Italian Grand Prix,BOT,1,SOFT,-0.008334615384615425,0.5451284615384658,25,5.0,29.0
2019,Italian Grand Prix,BOT,2,MEDIUM,-0.006702276928247387,0.5316775331877056,23,3.0,26.0
2019,Italian Grand Prix,GAS,1,MEDIUM,-0.09766974358974347,2.516903589743595,26,2.0,27.0
2019,Italian Grand Prix,GAS,2,SOFT,-0.0329779220779219,1.3195956709956638,21,4.0,24.0
2019,Italian Grand Prix,GIO,1,SOFT,-0.028703508771929783,0.9325807017543808,19,2.0,20.0
2019,Italian Grand Prix,GIO,2,MEDIUM,-0.020376112948359035,1.112496184177051,27,2.0,31.0
2019,Italian Grand Prix,GRO,2,MEDIUM,0.06974912280701748,0.13697017543860188,19,2.0,20.0
2019,Italian Grand Prix,GRO,3,SOFT,-0.0005544889892715861,1.1482947487295305,22,2.0,23.0
2019,Italian Grand Prix,HAM,1,SOFT,-0.013997549019607782,0.4676151960784361,17,5.0,21.0
2019,Italian Grand Prix,HAM,2,MEDIUM,-0.01312207444511612,0.9023190258226111,26,2.0,29.0
2019,Italian Grand Prix,HUL,1,SOFT,-0.01575999999999999,0.7229538461538444,26,5.0,30.0
2019,Italian Grand Prix,HUL,2,MEDIUM,-0.07454771315640883,1.6680304912478805,22,3.0,24.0
2019,Italian Grand Prix,KUB,1,MEDIUM,-0.07036752136752131,1.9969059829059843,26,2.0,27.0
2019,Italian Grand Prix,KUB,2,SOFT,-0.03004395604395605,1.0331978021978079,13,2.0,14.0
2019,Italian Grand Prix,KUB,3,MEDIUM,-0.038428571428572644,0.391761904761906,6,2.0,7.0
2019,Italian Grand Prix,KVY,1,MEDIUM,-0.05083521367521359,1.2585336752136689,26,2.0,27.0
2019,Italian Grand Prix,LEC,1,SOFT,-0.0013921568627448934,0.30540522875816506,18,5.0,22.0
2019,Italian Grand Prix,LEC,2,HARD,-0.033723714504988525,1.2857935277564592,30,2.0,33.0
2019,Italian Grand Prix,MAG,1,SOFT,-0.05455314757481953,1.2488080495356109,18,2.0,19.0
2019,Italian Grand Prix,MAG,2,MEDIUM,-0.005085501858736683,0.24046840148699786,9,2.0,13.0
2019,Italian Grand Prix,MAG,3,SOFT,0.151678571428572,-0.7192857142857189,7,5.0,11.0
2019,Italian Grand Prix,NOR,1,MEDIUM,-0.10858943820224715,2.2736267415730382,19,2.0,22.0
2019,Italian Grand Prix,NOR,2,HARD,-0.016972848938570335,0.9713103784227275,25,2.0,29.0
2019,Italian Grand Prix,PER,1,MEDIUM,-0.06500683760683774,1.924483760683769,26,2.0,27.0
2019,Italian Grand Prix,PER,2,SOFT,-0.0005776397515526157,0.3985121400338811,22,4.0,25.0
2019,Italian Grand Prix,RAI,1,MEDIUM,-0.14504656862745088,2.5791127450980413,17,2.0,18.0
2019,Italian Grand Prix,RAI,3,SOFT,-0.042765669113495206,1.624867871259178,22,5.0,26.0
2019,Italian Grand Prix,RIC,1,SOFT,-0.009676434676434727,0.5751017501017536,27,5.0,31.0
2019,Italian Grand Prix,RIC,2,MEDIUM,-0.07511688311688336,1.995415584415593,22,2.0,23.0
2019,Italian Grand Prix,RUS,1,MEDIUM,-0.1311545454545455,2.7669497835497863,21,2.0,22.0
2019,Italian Grand Prix,RUS,2,HARD,-0.029754080573639076,1.270508538541374,26,2.0,29.0
2019,Italian Grand Prix,SAI,1,SOFT,-0.014454615384615338,0.73936846153846,25,5.0,29.0
2019,Italian Grand Prix,STR,1,SOFT,-0.09945604395604406,2.483785714285718,13,5.0,17.0
2019,Italian Grand Prix,STR,3,MEDIUM,0.005518158935634787,0.4929936473690439,27,2.0,30.0
2019,Italian Grand Prix,VER,2,SOFT,0.05827739130434775,0.12283855072464261,24,2.0,25.0
2019,Italian Grand Prix,VER,3,MEDIUM,-0.005233467344929283,0.9474977847062654,23,3.0,27.0
2019,Italian Grand Prix,VET,3,HARD,0.003197596106577584,0.8435220971389192,25,8.0,34.0
2019,Italian Grand Prix,VET,4,MEDIUM,-0.10098181818181763,1.1203818181818104,10,2.0,11.0
2019,Japanese Grand Prix,ALB,1,SOFT,0.012494505494505908,0.6241758241758247,13,5.0,17.0
2019,Japanese Grand Prix,ALB,2,MEDIUM,-0.002732843137254559,0.5842696078431308,17,2.0,18.0
2019,Japanese Grand Prix,ALB,3,SOFT,0.05913519091847262,0.07767492260061414,18,5.0,22.0
2019,Japanese Grand Prix,BOT,1,SOFT,0.012789285714286244,0.21299523809523732,15,5.0,19.0
2019,Japanese Grand Prix,BOT,2,MEDIUM,0.06324754901960818,0.6741127450980339,17,2.0,18.0
2019,Japanese Grand Prix,BOT,3,SOFT,0.05461911764705872,0.21269852941176998,16,5.0,20.0
2019,Japanese Grand Prix,GAS,1,SOFT,0.013536764705882815,0.3967279411764688,16,5.0,20.0
2019,Japanese Grand Prix,GAS,2,MEDIUM,0.0391901737967915,-0.007665552584668537,33,2.0,34.0
2019,Japanese Grand Prix,GIO,1,MEDIUM,-0.0016102941176468098,0.4587352941176509,16,2.0,17.0
2019,Japanese Grand Prix,GIO,2,HARD,0.018496551724137934,0.7034344827586146,29,2.0,30.0
2019,Japanese Grand Prix,GRO,1,SOFT,-0.017918681318681264,0.6059934065934063,14,5.0,18.0
2019,Japanese Grand Prix,GRO,2,HARD,0.04435042016806732,0.6988848739495785,35,2.0,36.0
2019,Japanese Grand Prix,HAM,1,SOFT,0.02612105263157878,0.10025263157894922,19,5.0,23.0
2019,Japanese Grand Prix,HAM,2,MEDIUM,-0.004335087719298325,0.4761070175438559,19,2.0,20.0
2019,Japanese Grand Prix,HAM,3,SOFT,0.20521212121212132,-1.4061757575757619,10,10.0,19.0
2019,Japanese Grand Prix,HUL,1,SOFT,-0.010267156862745149,0.5200245098039245,17,2.0,18.0
2019,Japanese Grand Prix,HUL,2,MEDIUM,0.03161546920821117,0.46897928885629675,32,2.0,33.0
2019,Japanese Grand Prix,KUB,1,MEDIUM,0.022168421052631677,0.3217631578947323,20,2.0,21.0
2019,Japanese Grand Prix,KUB,2,HARD,0.4141,-0.6505999999999982,9,2.0,10.0
2019,Japanese Grand Prix,KUB,3,MEDIUM,0.05161274509803925,0.7128725490196137,17,2.0,18.0
2019,Japanese Grand Prix,KVY,1,SOFT,-0.020727692307692322,1.6095076923076923,25,2.0,26.0
2019,Japanese Grand Prix,KVY,2,MEDIUM,-0.07891086956521726,2.693338405797095,24,2.0,25.0
2019,Japanese Grand Prix,LEC,2,MEDIUM,-7.142857142876828e-05,1.7479714285714287,20,2.0,21.0
2019,Japanese Grand Prix,LEC,3,SOFT,-0.023219298245613917,1.3687280701754414,19,2.0,20.0
2019,Japanese Grand Prix,MAG,1,MEDIUM,0.013160714285714002,0.3822869047619072,15,2.0,16.0
2019,Japanese Grand Prix,MAG,2,HARD,-0.007375205254515565,0.8301371100164129,28,2.0,29.0
2019,Japanese Grand Prix,NOR,2,MEDIUM,0.0636754385964911,1.0147807017543835,19,2.0,20.0
2019,Japanese Grand Prix,NOR,3,HARD,-0.008597264957264901,1.362680683760682,26,3.0,28.0
2019,Japanese Grand Prix,PER,1,SOFT,-0.0015490196078432154,0.6033137254901921,17,2.0,18.0
2019,Japanese Grand Prix,PER,2,MEDIUM,-0.023833082706766824,1.0201804511278165,20,2.0,21.0
2019,Japanese Grand Prix,PER,3,SOFT,0.3812500000000007,-1.0451666666666657,9,2.0,10.0
2019,Japanese Grand Prix,RAI,1,MEDIUM,-0.009027472527472543,0.5804505494505442,13,2.0,14.0
2019,Japanese Grand Prix,RAI,2,HARD,0.03843859649122804,0.4277543859649135,19,2.0,20.0
2019,Japanese Grand Prix,RAI,3,SOFT,0.07823928571428572,0.46017976190476645,15,2.0,16.0
2019,Japanese Grand Prix,RIC,1,MEDIUM,0.01911965811965813,0.7832421652421734,27,2.0,28.0
2019,Japanese Grand Prix,RIC,2,SOFT,0.013522868435911977,0.9801005081874683,22,2.0,23.0
2019,Japanese Grand Prix,RUS,1,MEDIUM,0.009984189723320054,1.036901185770751,23,2.0,24.0
2019,Japanese Grand Prix,RUS,2,HARD,0.10939769230769227,-0.24392769230769024,25,2.0,26.0
2019,Japanese Grand Prix,SAI,1,SOFT,0.041944347826086914,-0.05574840579709349,24,5.0,28.0
2019,Japanese Grand Prix,SAI,2,MEDIUM,-0.02703418803418817,0.9438803418803422,26,2.0,27.0
2019,Japanese Grand Prix,STR,1,SOFT,0.0051911764705882026,0.42580882352940697,16,2.0,17.0
2019,Japanese Grand Prix,STR,2,MEDIUM,0.03344217914438507,0.7380104723707719,33,2.0,34.0
2019,Japanese Grand Prix,VER,1,SOFT,-0.03759090909090943,0.7634545454545537,12,5.0,16.0
2019,Japanese Grand Prix,VET,1,SOFT,0.0740527472527469,-0.37589230769230775,14,5.0,18.0
2019,Japanese Grand Prix,VET,2,SOFT,0.029736263736263722,0.25864835164835714,13,2.0,14.0
2019,Japanese Grand Prix,VET,3,MEDIUM,0.027981818181818354,0.40231341991341735,21,2.0,22.0
2019,Mexican Grand Prix,ALB,1,MEDIUM,-0.05551515151515191,0.9914242424242481,10,7.0,16.0
2019,Mexican Grand Prix,ALB,2,MEDIUM,-0.01530049261083734,0.9296576354679748,28,2.0,29.0
2019,Mexican Grand Prix,ALB,3,HARD,0.04423965811965808,0.10317880341880104,26,2.0,27.0
2019,Mexican Grand Prix,BOT,1,MEDIUM,-0.044955461876832824,1.7815916422287446,32,7.0,38.0
2019,Mexican Grand Prix,BOT,2,HARD,-0.022447517188693544,1.0912496562261247,34,2.0,35.0
2019,Mexican Grand Prix,GAS,2,HARD,-0.06191224422803372,2.9019378487799505,38,2.0,39.0
2019,Mexican Grand Prix,GAS,3,MEDIUM,-0.016900751879699086,1.1407586466165383,20,2.0,21.0
2019,Mexican Grand Prix,GIO,1,MEDIUM,-0.0984460784313724,2.2593529411764646,17,4.0,20.0
2019,Mexican Grand Prix,GIO,2,HARD,-0.03700352800694756,1.9278607975105018,48,2.0,49.0
2019,Mexican Grand Prix,GRO,1,MEDIUM,-0.0009488636363637403,1.4217954545454545,33,4.0,36.0
2019,Mexican Grand Prix,GRO,2,HARD,0.0018314516129032726,1.214671774193545,31,2.0,32.0
2019,Mexican Grand Prix,HAM,1,MEDIUM,-0.045452631578947404,1.4932421052631617,19,7.0,25.0
2019,Mexican Grand Prix,HAM,2,HARD,-0.0337712765957447,1.958728723404256,47,2.0,48.0
2019,Mexican Grand Prix,HUL,1,MEDIUM,-0.10245494505494473,1.6679912087912,14,4.0,17.0
2019,Mexican Grand Prix,HUL,2,HARD,-0.0004250678733031224,1.2911238914027177,51,2.0,52.0
2019,Mexican Grand Prix,KUB,1,MEDIUM,0.05645588235294092,0.13217647058824042,17,4.0,20.0
2019,Mexican Grand Prix,KUB,2,HARD,-0.003934091986723646,1.2507088667615007,37,2.0,38.0
2019,Mexican Grand Prix,KUB,3,MEDIUM,0.15211904761904874,-0.022654761904765917,8,2.0,9.0
2019,Mexican Grand Prix,KVY,1,SOFT,0.02340000000000047,0.12953333333332237,6,7.0,12.0
2019,Mexican Grand Prix,KVY,2,HARD,-0.025873350439882717,1.187377382697951,32,2.0,33.0
2019,Mexican Grand Prix,KVY,3,MEDIUM,0.015220000000000136,1.018479999999998,25,2.0,26.0
2019,Mexican Grand Prix,LEC,1,MEDIUM,-0.0838999999999999,1.7178909090909111,11,7.0,17.0
2019,Mexican Grand Prix,LEC,2,MEDIUM,0.013923076923077163,0.31299999999999883,26,2.0,27.0
2019,Mexican Grand Prix,LEC,3,HARD,0.004057387057386996,0.5408799348799369,27,2.0,28.0
2019,Mexican Grand Prix,MAG,1,MEDIUM,0.049655217391304456,0.10846913043478423,24,4.0,27.0
2019,Mexican Grand Prix,MAG,2,HARD,0.005579455909943639,0.5243166979362104,40,2.0,41.0
2019,Mexican Grand Prix,NOR,1,SOFT,-0.008130952380951571,0.4942499999999896,8,7.0,14.0
2019,Mexican Grand Prix,NOR,2,HARD,-0.007984721161191838,1.5488349885408714,34,2.0,35.0
2019,Mexican Grand Prix,PER,1,MEDIUM,-0.06396029411764706,1.6506058823529455,16,4.0,19.0
2019,Mexican Grand Prix,PER,2,HARD,-0.03094074429771907,1.7326297238895543,50,2.0,51.0
2019,Mexican Grand Prix,RAI,1,MEDIUM,-0.08668181818181828,1.286863636363638,11,4.0,14.0
2019,Mexican Grand Prix,RAI,2,HARD,-0.013955742296918778,1.5899591036414629,35,2.0,36.0
2019,Mexican Grand Prix,RIC,1,HARD,-0.0508489670058587,2.4892367560900444,46,4.0,49.0
2019,Mexican Grand Prix,RIC,2,MEDIUM,0.02737218045112816,0.1886699248120255,20,2.0,21.0
2019,Mexican Grand Prix,RUS,1,MEDIUM,0.01987925696594449,0.36256484348124696,18,4.0,21.0
2019,Mexican Grand Prix,RUS,2,HARD,-0.03983965464076479,3.0514193647856924,46,2.0,47.0
2019,Mexican Grand Prix,SAI,1,SOFT,-0.02883636363636297,0.7513090909090816,11,7.0,17.0
2019,Mexican Grand Prix,SAI,2,HARD,0.11900619195046429,-0.22717612659098674,18,2.0,19.0
2019,Mexican Grand Prix,SAI,3,MEDIUM,-0.041494270435446935,1.5967028265851744,34,2.0,35.0
2019,Mexican Grand Prix,STR,1,MEDIUM,-0.05115641711229954,1.8230374331550774,33,4.0,36.0
2019,Mexican Grand Prix,STR,2,HARD,0.015434750733137844,0.7049543621700906,32,2.0,33.0
2019,Mexican Grand Prix,VER,2,HARD,-0.020698645104895115,1.6292154720279661,65,2.0,66.0
2019,Mexican Grand Prix,VET,1,MEDIUM,0.0005975935828876978,0.5908311051693454,33,7.0,39.0
2019,Mexican Grand Prix,VET,2,HARD,-0.028685927947480896,1.3171537858194273,32,2.0,34.0
2019,Monaco Grand Prix,ALB,1,SOFT,-0.08327738123098524,4.149097121460324,33,7.0,44.0
2019,Monaco Grand Prix,ALB,2,MEDIUM,0.02904196301564726,1.9418904694167856,37,2.0,38.0
2019,Monaco Grand Prix,BOT,1,SOFT,-0.06566666666666691,1.2436666666666683,9,7.0,15.0
2019,Monaco Grand Prix,BOT,3,HARD,-0.02326144688644688,3.4294886675824197,64,3.0,66.0
2019,Monaco Grand Prix,GAS,1,SOFT,-0.06433952569169943,2.754131225296435,20,6.0,30.0
2019,Monaco Grand Prix,GAS,2,MEDIUM,0.016380013368983898,0.6191294563279875,33,2.0,34.0
2019,Monaco Grand Prix,GAS,3,SOFT,-0.01723214285714307,1.7228523809523872,15,5.0,19.0
2019,Monaco Grand Prix,GIO,1,SOFT,-0.02844724616419087,2.989947337856837,36,2.0,43.0
2019,Monaco Grand Prix,GIO,2,MEDIUM,0.057510483870967626,1.9261927419354776,31,2.0,32.0
2019,Monaco Grand Prix,GRO,1,SOFT,-0.07207644638666162,3.7503019440482412,43,2.0,49.0
2019,Monaco Grand Prix,GRO,2,MEDIUM,-0.016206959706959578,1.4930303215303216,27,2.0,28.0
2019,Monaco Grand Prix,HAM,1,SOFT,-0.026750000000000593,0.7652500000000052,9,7.0,15.0
2019,Monaco Grand Prix,HAM,2,MEDIUM,-0.020794619963369947,1.3972871336996282,64,4.0,67.0
2019,Monaco Grand Prix,HUL,1,MEDIUM,0.04782142857142899,0.5076071428571455,7,2.0,8.0
2019,Monaco Grand Prix,HUL,2,HARD,-0.05563728878648247,4.776405081925252,63,6.0,68.0
2019,Monaco Grand Prix,KUB,1,MEDIUM,-0.0015043315044760593,1.5591215708922956,13,2.0,20.0
2019,Monaco Grand Prix,KUB,2,HARD,0.015043650793650857,1.4131704906204834,55,2.0,56.0
2019,Monaco Grand Prix,KVY,1,SOFT,-0.09045359168241966,4.782640453686204,25,7.0,36.0
2019,Monaco Grand Prix,KVY,2,MEDIUM,0.026630830039525658,0.8372156346069395,45,2.0,46.0
2019,Monaco Grand Prix,LEC,1,MEDIUM,0.2894642857142863,-0.5433214285714282,7,2.0,8.0
2019,Monaco Grand Prix,MAG,1,SOFT,0.08522619047619136,-0.2655000000000132,8,7.0,14.0
2019,Monaco Grand Prix,MAG,2,MEDIUM,-0.04961587941628266,3.7194764144905235,63,4.0,66.0
2019,Monaco Grand Prix,NOR,1,MEDIUM,-0.06349431314623337,2.969979985228947,40,2.0,46.0
2019,Monaco Grand Prix,NOR,2,SOFT,-0.016715016685205714,1.1872644419725633,30,2.0,31.0
2019,Monaco Grand Prix,PER,1,MEDIUM,0.38773809523809577,-0.5718095238095217,8,2.0,9.0
2019,Monaco Grand Prix,PER,2,HARD,-0.05546759792626737,4.28642941948285,63,4.0,66.0
2019,Monaco Grand Prix,RAI,1,SOFT,-0.026498349648086634,2.3214203219804252,39,2.0,45.0
2019,Monaco Grand Prix,RAI,2,MEDIUM,0.018506785317018735,1.6781713756025178,30,2.0,31.0
2019,Monaco Grand Prix,RIC,1,SOFT,0.07666666666666659,-0.3442500000000021,8,7.0,14.0
2019,Monaco Grand Prix,RIC,2,MEDIUM,-0.07389560439560451,5.510356456043957,64,4.0,67.0
2019,Monaco Grand Prix,RUS,1,MEDIUM,0.011011904761904858,1.1618095238095216,8,2.0,9.0
2019,Monaco Grand Prix,RUS,2,HARD,-0.06122398233486955,4.381301459293403,63,5.0,67.0
2019,Monaco Grand Prix,SAI,1,SOFT,-0.07347120471104905,3.158192134943609,23,7.0,34.0
2019,Monaco Grand Prix,SAI,2,MEDIUM,0.028179694727104562,1.4789331637372736,47,2.0,48.0
2019,Monaco Grand Prix,STR,1,MEDIUM,-0.047682842626368,2.3999791558103225,32,2.0,38.0
2019,Monaco Grand Prix,STR,2,HARD,-0.06331697486960648,3.4101306306306274,37,1.0,37.0
2019,Monaco Grand Prix,VER,1,SOFT,-0.10313333333333363,1.4477555555555581,9,5.0,13.0
2019,Monaco Grand Prix,VER,2,HARD,-0.02078621794871797,1.4188794871794843,64,4.0,67.0
2019,Monaco Grand Prix,VET,1,SOFT,-0.13865000000000002,1.7567388888888906,9,5.0,13.0
2019,Monaco Grand Prix,VET,2,HARD,-0.020714858058608156,2.108674336080587,64,4.0,67.0
2019,Russian Grand Prix,ALB,1,MEDIUM,-0.1301669960474311,3.7014179841897357,23,4.0,26.0
2019,Russian Grand Prix,ALB,2,SOFT,-0.15181688311688307,3.8641030303030286,21,4.0,24.0
2019,Russian Grand Prix,BOT,1,MEDIUM,-0.1175756521739132,3.2253995652173892,24,7.0,30.0
2019,Russian Grand Prix,BOT,2,SOFT,-0.06091948051948033,1.8561220779220713,21,8.0,28.0
2019,Russian Grand Prix,GAS,1,MEDIUM,-0.07457933370976853,2.5637639751552883,22,4.0,25.0
2019,Russian Grand Prix,GAS,2,SOFT,-0.14705844155844153,3.851612554112558,21,7.0,27.0
2019,Russian Grand Prix,GIO,2,HARD,-0.11683102766798426,2.8655859683794427,23,2.0,24.0
2019,Russian Grand Prix,GIO,3,MEDIUM,-0.16768311688311657,4.046548917748913,21,6.0,26.0
2019,Russian Grand Prix,HAM,1,MEDIUM,-0.08551956521739146,2.322653623188403,24,7.0,30.0
2019,Russian Grand Prix,HAM,2,SOFT,-0.02364545454545471,1.6077134199134266,21,8.0,28.0
2019,Russian Grand Prix,HUL,1,SOFT,-0.26914685314685294,4.957335664335667,12,7.0,18.0
2019,Russian Grand Prix,HUL,2,MEDIUM,0.008749999999999635,0.4033888888888874,9,2.0,10.0
2019,Russian Grand Prix,HUL,3,SOFT,-0.11852857142857126,2.9851285714285627,21,7.0,27.0
2019,Russian Grand Prix,KUB,3,MEDIUM,-0.09167292490118609,2.7390523715415074,23,2.0,24.0
2019,Russian Grand Prix,KVY,1,HARD,-0.12868083003952588,3.294342885375499,23,4.0,26.0
2019,Russian Grand Prix,KVY,3,SOFT,-0.15835324675324675,3.4025922077922135,21,3.0,23.0
2019,Russian Grand Prix,LEC,1,SOFT,-0.07814757481940154,1.8382318541451654,18,7.0,24.0
2019,Russian Grand Prix,LEC,3,SOFT,-0.06999480519480504,1.8999748917748926,21,4.0,24.0
2019,Russian Grand Prix,MAG,1,SOFT,-0.1543399209486163,3.7347944664031623,23,4.0,26.0
2019,Russian Grand Prix,MAG,2,MEDIUM,-0.08844935064935068,2.6057134199134255,21,6.0,26.0
2019,Russian Grand Prix,NOR,1,SOFT,-0.15851911764705923,3.478464705882363,16,7.0,22.0
2019,Russian Grand Prix,NOR,2,MEDIUM,-0.0983351551087051,3.3765993469107127,26,2.0,33.0
2019,Russian Grand Prix,PER,1,SOFT,-0.170084210526316,3.7245684210526373,19,4.0,22.0
2019,Russian Grand Prix,PER,2,MEDIUM,-0.12650827229924155,3.494652857703372,23,2.0,30.0
2019,Russian Grand Prix,RAI,2,MEDIUM,-0.08947647058823535,2.3453147058823474,16,11.0,26.0
2019,Russian Grand Prix,RAI,3,SOFT,-0.12674285714285707,3.270123809523809,21,6.0,26.0
2019,Russian Grand Prix,RIC,2,MEDIUM,-0.1069616541353381,2.68597067669172,20,3.0,22.0
2019,Russian Grand Prix,RUS,1,MEDIUM,-0.08626778656126458,2.16001679841897,23,4.0,26.0
2019,Russian Grand Prix,SAI,1,SOFT,-0.08941176470588191,2.2997058823529315,17,7.0,23.0
2019,Russian Grand Prix,SAI,2,MEDIUM,-0.07593219599368305,2.65818901171973,25,2.0,32.0
2019,Russian Grand Prix,STR,1,MEDIUM,-0.1575780632411067,3.9175405138339987,23,4.0,26.0
2019,Russian Grand Prix,STR,2,SOFT,-0.13045584415584424,3.0262458874458837,21,6.0,26.0
2019,Russian Grand Prix,VER,1,SOFT,-0.14379652173913027,3.8479023188405717,24,7.0,30.0
2019,Russian Grand Prix,VER,2,MEDIUM,-0.04597012987012979,1.2540757575757586,21,5.0,25.0
2019,Russian Grand Prix,VET,1,SOFT,-0.03411801242236024,1.2517470355731182,22,7.0,28.0
2019,Singapore Grand Prix,ALB,1,SOFT,0.006186790505676213,0.5060894392844814,18,5.0,22.0
2019,Singapore Grand Prix,ALB,2,HARD,-0.05527309336302037,3.270543712805283,29,2.0,41.0
2019,Singapore Grand Prix,BOT,1,SOFT,-0.04658947368421055,2.4715473684210507,20,5.0,24.0
2019,Singapore Grand Prix,BOT,2,HARD,-0.084033852771971,5.340205604408886,27,2.0,39.0
2019,Singapore Grand Prix,GAS,1,HARD,-0.0492213570634037,2.6405523915461617,30,2.0,31.0
2019,Singapore Grand Prix,GAS,2,MEDIUM,-0.10168754976114648,3.2444825338375747,17,2.0,29.0
2019,Singapore Grand Prix,GIO,1,MEDIUM,0.02058669354838691,0.6680766129032265,32,2.0,33.0
2019,Singapore Grand Prix,GIO,3,SOFT,-0.2590013163668277,6.160621763931555,15,5.0,25.0
2019,Singapore Grand Prix,GRO,1,MEDIUM,0.0222181818181819,1.035477056277055,21,2.0,22.0
2019,Singapore Grand Prix,GRO,2,HARD,0.2948848484848481,-0.8167515151515146,10,2.0,11.0
2019,Singapore Grand Prix,GRO,3,SOFT,-0.08530353225098737,3.9662552654673098,15,6.0,26.0
2019,Singapore Grand Prix,HAM,1,SOFT,-0.05357956521739134,2.7277711594202954,24,5.0,28.0
2019,Singapore Grand Prix,HAM,2,HARD,-0.09284610183443093,3.614999000470367,23,2.0,35.0
2019,Singapore Grand Prix,HUL,2,HARD,0.0005003342245988822,1.5460242869875214,33,2.0,34.0
2019,Singapore Grand Prix,HUL,3,MEDIUM,-0.22716761737604207,5.288504607283894,15,5.0,25.0
2019,Singapore Grand Prix,KUB,1,MEDIUM,-0.0005421052631578194,1.5362263157894793,19,2.0,20.0
2019,Singapore Grand Prix,KUB,2,HARD,0.1782589285714286,-0.45157440476190863,15,2.0,22.0
2019,Singapore Grand Prix,KUB,3,MEDIUM,-0.4575026362038668,7.647779437609841,12,4.0,17.0
2019,Singapore Grand Prix,KVY,1,MEDIUM,0.22965454545454625,0.04914545454545646,10,2.0,11.0
2019,Singapore Grand Prix,KVY,2,HARD,-0.05188706945228683,1.7883156408808591,22,2.0,23.0
2019,Singapore Grand Prix,KVY,3,SOFT,-0.21756197893813078,8.123358051777098,15,5.0,25.0
2019,Singapore Grand Prix,LEC,1,SOFT,-0.02590608875128986,1.7058988648090772,18,5.0,22.0
2019,Singapore Grand Prix,LEC,2,HARD,-0.07010496983191085,3.2783350582058595,29,2.0,41.0
2019,Singapore Grand Prix,MAG,1,MEDIUM,-0.05674705882352937,0.9963470588235316,16,2.0,17.0
2019,Singapore Grand Prix,MAG,2,HARD,0.14217401145838662,-0.5996121157092398,25,2.0,37.0
2019,Singapore Grand Prix,NOR,1,SOFT,-0.0016955624355005706,0.6922789817681493,18,5.0,22.0
2019,Singapore Grand Prix,NOR,2,HARD,-0.05260378097554936,2.989292932833056,29,2.0,41.0
2019,Singapore Grand Prix,PER,1,MEDIUM,-0.12694545454545472,2.8934363636363627,11,2.0,12.0
2019,Singapore Grand Prix,PER,2,HARD,0.00951378789957462,1.649966936479621,23,2.0,29.0
2019,Singapore Grand Prix,RAI,1,MEDIUM,-0.08876373626373593,1.549109890109886,13,2.0,14.0
2019,Singapore Grand Prix,RAI,2,HARD,0.09895746816385415,0.0430493277293391,24,2.0,34.0
2019,Singapore Grand Prix,RIC,1,MEDIUM,-0.005889112903225873,1.4834657258064516,32,2.0,33.0
2019,Singapore Grand Prix,RIC,2,HARD,-0.11046994295743759,5.074909609477838,15,7.0,27.0
2019,Singapore Grand Prix,RUS,2,HARD,0.010276576246334398,0.7010036656891515,32,2.0,33.0
2019,Singapore Grand Prix,SAI,2,HARD,-0.04396334310850434,2.509483504398833,32,2.0,33.0
2019,Singapore Grand Prix,SAI,3,MEDIUM,0.07926897762176409,0.7223505923650779,15,6.0,26.0
2019,Singapore Grand Prix,STR,1,MEDIUM,-0.05708472906403923,2.0436660098522097,29,2.0,30.0
2019,Singapore Grand Prix,STR,4,SOFT,-0.3383365553602816,7.275174868189808,12,4.0,17.0
2019,Singapore Grand Prix,VER,1,SOFT,-0.0077549019607846305,0.9697549019607953,17,5.0,21.0
2019,Singapore Grand Prix,VER,2,HARD,-0.05901870958187292,2.7045312237744943,30,2.0,42.0
2019,Singapore Grand Prix,VET,1,SOFT,-0.024889705882352942,1.258860294117648,17,5.0,21.0
2019,Singapore Grand Prix,VET,2,HARD,-0.06083641457274026,2.8121877499136017,30,2.0,42.0
2019,Spanish Grand Prix,ALB,1,SOFT,-0.03979051383399223,1.0156245059288562,23,2.0,24.0
2019,Spanish Grand Prix,ALB,2,MEDIUM,-0.020585139318885528,0.7658661850705184,18,2.0,19.0
2019,Spanish Grand Prix,ALB,3,MEDIUM,-0.19088791208791214,3.748446153846151,14,8.0,21.0
2019,Spanish Grand Prix,BOT,1,SOFT,0.021147826086956294,0.37722753623188926,24,5.0,28.0
2019,Spanish Grand Prix,BOT,2,MEDIUM,0.005779411764706067,0.9180294117646997,17,2.0,18.0
2019,Spanish Grand Prix,BOT,3,SOFT,-0.02325934065934014,1.7685384615384563,14,11.0,24.0
2019,Spanish Grand Prix,GAS,1,SOFT,0.006323308270676718,0.6135120300751941,20,5.0,24.0
2019,Spanish Grand Prix,GAS,2,MEDIUM,-0.025708639186900247,0.8421761716544399,22,2.0,23.0
2019,Spanish Grand Prix,GAS,3,SOFT,-0.1051098901098904,2.2210989010989044,14,10.0,23.0
2019,Spanish Grand Prix,GIO,2,HARD,0.012805481283422404,0.5858043672014245,33,2.0,34.0
2019,Spanish Grand Prix,GIO,3,SOFT,-0.08099460132890349,2.219306063122923,15,2.0,25.0
2019,Spanish Grand Prix,GRO,1,SOFT,-0.030879130434782652,1.0406723188405855,24,5.0,28.0
2019,Spanish Grand Prix,GRO,2,MEDIUM,-0.02283823529411805,0.7068529411764805,17,2.0,18.0
2019,Spanish Grand Prix,GRO,3,SOFT,-0.16372747252747274,3.7197890109890124,14,10.0,23.0
2019,Spanish Grand Prix,HAM,1,SOFT,-0.012411538461538559,1.0725561538461537,25,5.0,29.0
2019,Spanish Grand Prix,HAM,2,MEDIUM,-0.023029411764705836,1.1898823529411737,17,2.0,18.0
2019,Spanish Grand Prix,HAM,3,SOFT,0.008716483516483105,1.2211780219780248,14,10.0,23.0
2019,Spanish Grand Prix,HUL,1,MEDIUM,-0.049321524064171056,2.5334844028520522,33,2.0,34.0
2019,Spanish Grand Prix,HUL,2,SOFT,-0.07640223463687144,2.711893854748606,22,2.0,31.0
2019,Spanish Grand Prix,KUB,1,MEDIUM,0.025746798029556633,0.7500167487684694,29,2.0,30.0
2019,Spanish Grand Prix,KUB,2,SOFT,-0.0648545454545459,1.943890909090911,11,2.0,12.0
2019,Spanish Grand Prix,KUB,3,MEDIUM,-0.14306593406593462,2.8889560439560555,14,8.0,21.0
2019,Spanish Grand Prix,KVY,1,SOFT,-0.05225087719298236,1.2883017543859603,19,5.0,23.0
2019,Spanish Grand Prix,KVY,2,MEDIUM,-0.053626764539808025,1.5167436476566973,22,2.0,23.0
2019,Spanish Grand Prix,KVY,3,MEDIUM,-0.20435384615384614,4.128059340659342,14,8.0,21.0
2019,Spanish Grand Prix,LEC,1,SOFT,-0.0017055335968380377,0.9368537549407124,23,5.0,27.0
2019,Spanish Grand Prix,LEC,2,HARD,0.035547368421052425,0.5523473684210494,19,2.0,20.0
2019,Spanish Grand Prix,LEC,3,MEDIUM,-0.08522637362637357,1.7374131868131895,14,7.0,20.0
2019,Spanish Grand Prix,MAG,1,SOFT,-0.051637662337662406,1.160612554112557,21,5.0,25.0
2019,Spanish Grand Prix,MAG,2,MEDIUM,-0.04536691729323299,1.3162195488721788,20,2.0,21.0
2019,Spanish Grand Prix,MAG,3,SOFT,-0.15270109890109917,3.5004835164835226,14,11.0,24.0
2019,Spanish Grand Prix,NOR,1,SOFT,-0.08891521739130442,2.2051471014492767,24,2.0,25.0
2019,Spanish Grand Prix,NOR,2,MEDIUM,0.07127205882352931,0.10086764705881614,17,2.0,18.0
2019,Spanish Grand Prix,PER,1,SOFT,-0.05818859401468114,1.4524483342744212,22,2.0,23.0
2019,Spanish Grand Prix,PER,2,MEDIUM,0.01801228070175437,0.5274964912280654,19,2.0,20.0
2019,Spanish Grand Prix,PER,3,SOFT,-0.17374505494505527,3.914395604395612,14,11.0,24.0
2019,Spanish Grand Prix,RAI,1,MEDIUM,-0.03161333333333341,1.179739487179494,26,2.0,27.0
2019,Spanish Grand Prix,RAI,2,HARD,-0.015639285714285786,0.7695535714285665,15,2.0,16.0
2019,Spanish Grand Prix,RAI,3,SOFT,-0.18814505494505476,3.616389010989004,14,8.0,21.0
2019,Spanish Grand Prix,RIC,1,SOFT,-0.037378317334839165,1.3014093732354617,22,5.0,26.0
2019,Spanish Grand Prix,RIC,2,HARD,-0.031156140350877354,0.8761912280701745,19,2.0,20.0
2019,Spanish Grand Prix,RIC,3,MEDIUM,-0.17616263736263757,3.977358241758252,14,8.0,21.0
2019,Spanish Grand Prix,RUS,1,MEDIUM,-0.0026596218020022034,0.9540504263996987,30,2.0,31.0
2019,Spanish Grand Prix,RUS,2,SOFT,0.13023030303030328,0.8737030303030328,10,2.0,11.0
2019,Spanish Grand Prix,RUS,3,MEDIUM,-0.20895824175824138,4.238037362637353,14,8.0,21.0
2019,Spanish Grand Prix,SAI,1,SOFT,-0.024003387916431224,0.9156787125917571,22,2.0,23.0
2019,Spanish Grand Prix,SAI,2,MEDIUM,0.004471929824561054,0.645177192982453,19,2.0,20.0
2019,Spanish Grand Prix,SAI,3,SOFT,-0.15218461538461522,3.4811890109890133,14,10.0,23.0
2019,Spanish Grand Prix,STR,1,MEDIUM,-0.09879248120300763,1.8200135338345929,20,2.0,21.0
2019,Spanish Grand Prix,STR,2,SOFT,0.02430909090909104,0.06824329004329104,21,2.0,22.0
2019,Spanish Grand Prix,VER,1,SOFT,-0.010984520123838841,0.5384021327829388,18,5.0,22.0
2019,Spanish Grand Prix,VER,2,SOFT,-0.027740259740259513,0.8971688311688334,21,2.0,22.0
2019,Spanish Grand Prix,VER,3,MEDIUM,-0.026172750157331868,0.9270833857772168,15,2.0,23.0
2019,Spanish Grand Prix,VET,1,SOFT,0.0211446078431373,0.24382598039215028,17,5.0,21.0
2019,Spanish Grand Prix,VET,2,MEDIUM,-0.0651561403508772,1.6519807017543873,19,2.0,20.0
2019,Spanish Grand Prix,VET,3,MEDIUM,-0.02395378219318622,0.9518186383024737,18,2.0,26.0
2019,United States Grand Prix,ALB,2,MEDIUM,0.13646829428150103,0.6020457152220215,16,2.0,18.0
2019,United States Grand Prix,ALB,3,MEDIUM,0.04036429308565536,0.6155638114895131,18,2.0,19.0
2019,United States Grand Prix,ALB,4,SOFT,0.1195928571428572,-0.11591428571428454,15,5.0,19.0
2019,United States Grand Prix,BOT,1,MEDIUM,0.037395104895104496,0.38210139860140113,12,5.0,16.0
2019,United States Grand Prix,BOT,2,HARD,0.0921982456140353,0.0882403508771928,19,2.0,20.0
2019,United States Grand Prix,BOT,3,MEDIUM,0.09486015037593996,0.9852082706766968,20,2.0,21.0
2019,United States Grand Prix,GAS,1,SOFT,0.002372549019608065,0.7533333333333289,17,5.0,21.0
2019,United States Grand Prix,GAS,2,HARD,0.05777529325513206,-0.060817631964806065,32,2.0,33.0
2019,United States Grand Prix,GIO,1,MEDIUM,0.03598437900128013,0.33749884763125104,14,2.0,16.0
2019,United States Grand Prix,GIO,2,HARD,0.07007810545129589,0.318066845397677,19,2.0,21.0
2019,United States Grand Prix,GIO,3,SOFT,0.12964642857142838,-0.11575119047618587,15,2.0,16.0
2019,United States Grand Prix,GRO,1,MEDIUM,0.062221925133690174,0.47179812834224016,20,2.0,23.0
2019,United States Grand Prix,GRO,2,HARD,-9.966629588423946e-05,0.9024774935113099,30,3.0,32.0
2019,United States Grand Prix,HAM,1,MEDIUM,0.01469057029926596,0.6883416149068384,22,5.0,26.0
2019,United States Grand Prix,HAM,2,HARD,0.04344637096774197,0.36537943548387164,31,2.0,32.0
2019,United States Grand Prix,HUL,1,HARD,0.00605692307692313,0.8696430769230753,25,2.0,26.0
2019,United States Grand Prix,HUL,2,MEDIUM,-0.07584242424242449,1.0267757575757555,10,2.0,11.0
2019,United States Grand Prix,HUL,3,SOFT,-0.015975000000000312,1.8761750000000055,15,2.0,16.0
2019,United States Grand Prix,KUB,1,MEDIUM,0.1353333333333333,0.2726666666666633,9,2.0,10.0
2019,United States Grand Prix,KUB,2,HARD,-0.019953560371517094,1.318234606123153,18,2.0,19.0
2019,United States Grand Prix,KVY,1,HARD,-0.028381076594735606,0.8642617974863628,17,2.0,20.0
2019,United States Grand Prix,KVY,2,MEDIUM,-0.0009926470588236427,0.6627426470588229,16,2.0,17.0
2019,United States Grand Prix,KVY,3,SOFT,0.07273214285714304,0.6064773809523859,15,2.0,16.0
2019,United States Grand Prix,LEC,1,MEDIUM,0.057818369453044485,0.04434090127278378,18,5.0,22.0
2019,United States Grand Prix,LEC,2,HARD,0.057257142857142784,0.06794285714285328,20,2.0,21.0
2019,United States Grand Prix,LEC,3,SOFT,0.14604945054945054,1.542681318681321,13,2.0,14.0
2019,United States Grand Prix,MAG,1,MEDIUM,0.055028436018957294,0.5893270142180155,15,2.0,17.0
2019,United States Grand Prix,MAG,2,HARD,0.0305872180451128,0.4160097744360875,20,3.0,22.0
2019,United States Grand Prix,MAG,3,SOFT,0.09900909090909045,0.4088363636363703,10,2.0,12.0
2019,United States Grand Prix,NOR,1,SOFT,0.02303839009287888,0.4677461300309695,16,5.0,21.0
2019,United States Grand Prix,NOR,2,HARD,0.04178051948051941,0.5594909090909103,21,2.0,22.0
2019,United States Grand Prix,NOR,3,MEDIUM,0.08391181988742934,0.602857410881806,12,2.0,14.0
2019,United States Grand Prix,PER,1,MEDIUM,-0.07052851496329758,1.9726064370412233,22,2.0,23.0
2019,United States Grand Prix,PER,2,HARD,0.08862068965517247,-0.19917471264368586,30,2.0,31.0
2019,United States Grand Prix,RAI,1,SOFT,-0.049942647058823376,1.2503926470588294,16,2.0,17.0
2019,United States Grand Prix,RAI,2,HARD,-0.05210526315789476,1.1683105263157938,20,2.0,21.0
2019,United States Grand Prix,RAI,3,SOFT,-0.010340659340659605,1.2498241758241742,14,2.0,15.0
2019,United States Grand Prix,RIC,1,SOFT,0.01579122807017563,0.31587017543860046,19,5.0,23.0
2019,United States Grand Prix,RIC,2,HARD,-0.004880366692131356,0.7795809014514953,34,2.0,35.0
2019,United States Grand Prix,RUS,1,MEDIUM,0.04051428571428576,0.4378285714285714,21,2.0,22.0
2019,United States Grand Prix,RUS,2,HARD,0.09792032082045893,0.2291681020314254,20,2.0,22.0
2019,United States Grand Prix,RUS,3,SOFT,-0.11957142857142877,2.938142857142855,7,2.0,8.0
2019,United States Grand Prix,SAI,1,SOFT,-0.004801540284360425,0.6534994075829399,15,5.0,20.0
2019,United States Grand Prix,SAI,2,HARD,0.04101660231660231,-0.007184856284850882,36,2.0,37.0
2019,United States Grand Prix,STR,1,MEDIUM,-0.09525000000000065,0.9078214285714279,7,2.0,8.0
2019,United States Grand Prix,STR,2,HARD,-0.051983488132094975,1.219048847609224,18,2.0,19.0
2019,United States Grand Prix,STR,3,SOFT,0.044150769230769035,0.5957692307692388,25,2.0,26.0
2019,United States Grand Prix,VER,1,MEDIUM,0.080354545454546,-0.07363636363636433,11,5.0,15.0
2019,United States Grand Prix,VER,2,HARD,0.04213859649122813,0.09959999999999883,19,3.0,21.0
2019,United States Grand Prix,VER,3,MEDIUM,0.07828021710388962,-0.09621452926031275,20,2.0,22.0
2019,United States Grand Prix,VET,1,MEDIUM,-0.29468571428571366,2.7854761904761784,6,5.0,10.0
2020,70th Anniversary Grand Prix,ALB,2,HARD,-0.10001246618840436,2.8041132541456024,21,2.0,23.0
2020,70th Anniversary Grand Prix,ALB,3,HARD,-0.026537922476093247,1.2197471348273556,20,2.0,22.0
2020,70th Anniversary Grand Prix,BOT,1,MEDIUM,0.1206363636363633,-0.34027272727272406,11,5.0,15.0
2020,70th Anniversary Grand Prix,BOT,2,HARD,-0.015634803921568796,1.464995098039219,17,2.0,18.0
2020,70th Anniversary Grand Prix,BOT,3,HARD,0.10249473684210517,0.1572421052631569,19,2.0,20.0
2020,70th Anniversary Grand Prix,GAS,2,HARD,0.04170329670329683,0.1967362637362584,14,2.0,15.0
2020,70th Anniversary Grand Prix,GAS,3,HARD,-0.09137985769020247,2.888102079912426,28,2.0,29.0
2020,70th Anniversary Grand Prix,GIO,2,HARD,0.03845217391304363,0.2603956521739175,24,2.0,25.0
2020,70th Anniversary Grand Prix,GIO,3,MEDIUM,-0.01600490196078443,0.9837549019607917,17,2.0,18.0
2020,70th Anniversary Grand Prix,GRO,1,MEDIUM,-0.17950714285714298,3.3263523809523807,15,5.0,19.0
2020,70th Anniversary Grand Prix,GRO,2,HARD,-0.04739859388731578,1.3759832047651632,18,3.0,21.0
2020,70th Anniversary Grand Prix,GRO,3,HARD,-0.14754195804195758,2.1576480186480094,12,2.0,13.0
2020,70th Anniversary Grand Prix,HAM,1,MEDIUM,0.12086013986014027,-0.3420314685314736,12,5.0,16.0
2020,70th Anniversary Grand Prix,HAM,2,HARD,-0.05386076923076936,1.678850769230768,25,2.0,26.0
2020,70th Anniversary Grand Prix,HAM,3,HARD,0.27049696969697,-0.4502303030302979,10,2.0,11.0
2020,70th Anniversary Grand Prix,HUL,1,MEDIUM,-0.030434065934065845,0.8732362637362637,13,5.0,17.0
2020,70th Anniversary Grand Prix,HUL,2,HARD,-0.07154395604395612,1.503428571428577,13,2.0,14.0
2020,70th Anniversary Grand Prix,HUL,3,HARD,0.05724125874125826,0.032107226107232434,12,2.0,13.0
2020,70th Anniversary Grand Prix,HUL,4,SOFT,0.03028571428571475,0.6692857142857066,7,4.0,10.0
2020,70th Anniversary Grand Prix,KVY,1,HARD,-0.1378284313725494,2.3096960784313785,17,2.0,18.0
2020,70th Anniversary Grand Prix,KVY,2,HARD,-0.03665470383275255,0.8528236933797904,13,2.0,15.0
2020,70th Anniversary Grand Prix,KVY,3,MEDIUM,-0.016832352941176437,0.46753235294117673,16,2.0,17.0
2020,70th Anniversary Grand Prix,LAT,1,MEDIUM,-0.4430714285714295,3.433785714285715,7,2.0,8.0
2020,70th Anniversary Grand Prix,LAT,2,HARD,0.04016269430051804,0.41258393782383934,14,2.0,16.0
2020,70th Anniversary Grand Prix,LAT,3,HARD,0.08189989680082528,0.6821066391468856,18,2.0,19.0
2020,70th Anniversary Grand Prix,LEC,1,MEDIUM,-0.10161764705882358,2.1629705882353,16,5.0,20.0
2020,70th Anniversary Grand Prix,LEC,2,HARD,0.029863636363636387,0.2707575757575691,33,2.0,34.0
2020,70th Anniversary Grand Prix,MAG,1,MEDIUM,-0.2769285714285722,2.0166428571428616,7,2.0,8.0
2020,70th Anniversary Grand Prix,MAG,2,HARD,0.15328828828828794,-0.5489459459459404,8,3.0,11.0
2020,70th Anniversary Grand Prix,MAG,3,HARD,-0.055224675324675385,2.6704580086580125,21,2.0,22.0
2020,70th Anniversary Grand Prix,NOR,1,MEDIUM,-0.11455151515151525,1.737939393939398,10,5.0,14.0
2020,70th Anniversary Grand Prix,NOR,2,HARD,-0.08007857142857133,1.6186404761904698,15,2.0,16.0
2020,70th Anniversary Grand Prix,NOR,3,HARD,-0.06532749858836816,1.579730095990972,22,2.0,23.0
2020,70th Anniversary Grand Prix,OCO,1,MEDIUM,-0.12074962406015038,2.44447067669173,20,2.0,21.0
2020,70th Anniversary Grand Prix,OCO,2,HARD,-0.06749704433497528,2.5559871921182213,29,2.0,30.0
2020,70th Anniversary Grand Prix,RAI,1,HARD,-0.07348434782608688,1.9244553623188438,24,2.0,25.0
2020,70th Anniversary Grand Prix,RAI,2,MEDIUM,0.04644217391304368,0.5254056521739103,24,2.0,25.0
2020,70th Anniversary Grand Prix,RIC,1,MEDIUM,-0.07839160839160876,1.252778554778563,12,5.0,16.0
2020,70th Anniversary Grand Prix,RIC,2,MEDIUM,-0.08775757575757634,1.3310969696969797,10,5.0,14.0
2020,70th Anniversary Grand Prix,RIC,3,HARD,0.05428571428571416,1.1648571428571401,7,2.0,8.0
2020,70th Anniversary Grand Prix,RIC,4,MEDIUM,0.07119285714285706,0.06301190476189894,15,4.0,18.0
2020,70th Anniversary Grand Prix,RUS,1,MEDIUM,-0.28842857142857303,1.9597619047619221,6,2.0,7.0
2020,70th Anniversary Grand Prix,RUS,2,HARD,0.07684175824175726,0.2819164835164871,14,2.0,15.0
2020,70th Anniversary Grand Prix,RUS,3,HARD,0.06561538461538499,0.32569230769230006,13,2.0,14.0
2020,70th Anniversary Grand Prix,RUS,4,MEDIUM,-0.04216363636363616,1.1372363636363616,11,7.0,17.0
2020,70th Anniversary Grand Prix,SAI,1,HARD,-0.09157293233082713,1.7996887218045166,20,2.0,21.0
2020,70th Anniversary Grand Prix,SAI,2,MEDIUM,0.01568484848484801,0.2315939393939406,10,5.0,14.0
2020,70th Anniversary Grand Prix,SAI,3,HARD,-0.07422303921568646,1.33164215686275,17,2.0,18.0
2020,70th Anniversary Grand Prix,STR,1,MEDIUM,-0.08548235294117618,1.9630294117647018,16,5.0,20.0
2020,70th Anniversary Grand Prix,STR,2,HARD,-0.14460909090909022,1.8917181818181699,11,2.0,12.0
2020,70th Anniversary Grand Prix,STR,3,HARD,0.038296992481202954,0.07333458646617057,20,2.0,21.0
2020,70th Anniversary Grand Prix,VER,1,HARD,-0.04290347826086963,1.6044073913043548,24,5.0,28.0
2020,70th Anniversary Grand Prix,VER,3,HARD,-0.06844385964912257,1.4391456140350836,19,2.0,20.0
2020,70th Anniversary Grand Prix,VET,1,HARD,-0.1597804511278198,3.4277556390977533,20,3.0,22.0
2020,70th Anniversary Grand Prix,VET,2,HARD,0.11906666666666728,-0.2061777777777771,9,2.0,10.0
2020,70th Anniversary Grand Prix,VET,3,MEDIUM,-0.04791204013377935,0.984923076923081,16,5.0,22.0
2020,Abu Dhabi Grand Prix,ALB,1,SOFT,-0.1632738095238087,2.0992023809523697,8,5.0,12.0
2020,Abu Dhabi Grand Prix,ALB,2,HARD,-0.02113726602382305,1.2126487318693746,42,4.0,45.0
2020,Abu Dhabi Grand Prix,BOT,1,MEDIUM,0.004178571428571414,0.0771071428571443,8,5.0,12.0
2020,Abu Dhabi Grand Prix,BOT,2,HARD,0.018373308483915385,0.2737825135726432,42,4.0,45.0
2020,Abu Dhabi Grand Prix,FIT,1,MEDIUM,-0.15146428571428483,1.4863214285714315,7,2.0,8.0
2020,Abu Dhabi Grand Prix,FIT,2,HARD,-0.05760601503759374,1.6856812030075095,20,4.0,23.0
2020,Abu Dhabi Grand Prix,FIT,3,MEDIUM,0.3124965034965042,-0.24772377622377556,12,2.0,13.0
2020,Abu Dhabi Grand Prix,GAS,1,SOFT,0.1001547619047612,-0.34444047619047113,8,5.0,12.0
2020,Abu Dhabi Grand Prix,GAS,2,HARD,-0.05570934284093662,2.3863312805553236,42,4.0,45.0
2020,Abu Dhabi Grand Prix,GIO,1,MEDIUM,-0.0262893488897254,1.2889981934512686,21,2.0,26.0
2020,Abu Dhabi Grand Prix,GIO,2,HARD,0.07936717948717947,0.44006051282051484,26,2.0,27.0
2020,Abu Dhabi Grand Prix,HAM,1,MEDIUM,-0.02719047619047575,0.39336904761904423,8,5.0,12.0
2020,Abu Dhabi Grand Prix,HAM,2,HARD,0.010439068246832854,0.24705259501430174,40,4.0,45.0
2020,Abu Dhabi Grand Prix,KVY,1,SOFT,0.3220595238095242,-1.8041309523809503,8,5.0,12.0
2020,Abu Dhabi Grand Prix,KVY,2,HARD,-0.04954250871080135,2.3494836236933847,41,4.0,44.0
2020,Abu Dhabi Grand Prix,LAT,1,MEDIUM,-0.20835714285714363,1.4973571428571415,7,2.0,8.0
2020,Abu Dhabi Grand Prix,LAT,2,HARD,-0.1313584415584415,3.0402311688311623,21,3.0,23.0
2020,Abu Dhabi Grand Prix,LAT,3,MEDIUM,-0.027314516129032507,0.8019758064516163,16,2.0,19.0
2020,Abu Dhabi Grand Prix,LEC,1,MEDIUM,0.028186981809182114,0.38323474817473396,14,5.0,24.0
2020,Abu Dhabi Grand Prix,LEC,2,HARD,0.055637896400698154,0.3488390357954331,27,2.0,32.0
2020,Abu Dhabi Grand Prix,MAG,1,HARD,-0.02395316018281139,1.4546601047820815,24,2.0,30.0
2020,Abu Dhabi Grand Prix,MAG,2,MEDIUM,0.3890703296703296,-0.9073120879120925,14,2.0,15.0
2020,Abu Dhabi Grand Prix,MAG,3,MEDIUM,0.18594285714285744,-0.5494095238095221,6,2.0,7.0
2020,Abu Dhabi Grand Prix,NOR,1,SOFT,0.08854761904761975,-0.287904761904771,8,5.0,12.0
2020,Abu Dhabi Grand Prix,NOR,2,HARD,-0.0375983456094843,1.7998191036329096,38,4.0,45.0
2020,Abu Dhabi Grand Prix,OCO,1,MEDIUM,-0.01534523809523987,0.7732738095238244,8,2.0,9.0
2020,Abu Dhabi Grand Prix,OCO,2,HARD,-0.05510323312535444,2.200243497285464,42,4.0,45.0
2020,Abu Dhabi Grand Prix,PER,1,HARD,-0.4508571428571429,3.908428571428566,7,2.0,8.0
2020,Abu Dhabi Grand Prix,RAI,1,MEDIUM,0.1205952380952368,-0.09577380952380478,8,2.0,9.0
2020,Abu Dhabi Grand Prix,RAI,2,HARD,-0.07305609756097564,3.511273170731714,41,4.0,44.0
2020,Abu Dhabi Grand Prix,RIC,1,HARD,-0.07730004051863867,2.8471584278768236,33,2.0,38.0
2020,Abu Dhabi Grand Prix,RIC,2,MEDIUM,-0.10043928571428577,1.9254202380952365,15,2.0,16.0
2020,Abu Dhabi Grand Prix,RUS,1,MEDIUM,-0.17799999999999938,1.5784285714285662,7,2.0,8.0
2020,Abu Dhabi Grand Prix,RUS,2,HARD,-0.03923135888501746,2.15747944250871,41,4.0,44.0
2020,Abu Dhabi Grand Prix,SAI,1,MEDIUM,0.01695238095238085,0.11140476190475886,8,5.0,12.0
2020,Abu Dhabi Grand Prix,SAI,2,HARD,-0.049830726845474474,2.2202099505712645,42,4.0,45.0
2020,Abu Dhabi Grand Prix,STR,1,SOFT,-0.058654761904761654,0.7459404761904705,8,5.0,12.0
2020,Abu Dhabi Grand Prix,STR,2,HARD,-0.037445344785673636,2.868196661534719,42,4.0,45.0
2020,Abu Dhabi Grand Prix,VER,1,MEDIUM,0.037988095238095085,-0.057273809523802933,8,5.0,12.0
2020,Abu Dhabi Grand Prix,VER,2,HARD,0.011953488372093046,0.2446633444075327,42,4.0,45.0
2020,Abu Dhabi Grand Prix,VET,1,HARD,-0.028839375169656744,1.6099302618266196,29,2.0,34.0
2020,Abu Dhabi Grand Prix,VET,2,MEDIUM,0.18491320754717,0.04331886792452999,16,2.0,19.0
2020,Austrian Grand Prix,ALB,1,SOFT,0.013345143809920874,0.27416590245935013,17,5.0,23.0
2020,Austrian Grand Prix,ALB,2,HARD,-0.0017571428571427768,0.36053333333332954,15,7.0,21.0
2020,Austrian Grand Prix,BOT,1,SOFT,0.031835248720744905,-0.01703724519755594,18,5.0,24.0
2020,Austrian Grand Prix,BOT,2,HARD,0.1458970588235291,-1.5951029411764657,17,7.0,23.0
2020,Austrian Grand Prix,BOT,3,HARD,0.09096428571428672,-2.8991428571428934,7,37.0,43.0
2020,Austrian Grand Prix,GAS,1,MEDIUM,0.12262825334737451,-0.38005792086654944,19,2.0,23.0
2020,Austrian Grand Prix,GAS,2,HARD,0.3973558823529414,-4.2289102941176555,16,7.0,22.0
2020,Austrian Grand Prix,GAS,3,HARD,-0.07405714285714317,3.315923809523826,6,37.0,42.0
2020,Austrian Grand Prix,GIO,1,MEDIUM,0.1399401886522796,-0.19297591825068283,19,2.0,23.0
2020,Austrian Grand Prix,GIO,2,HARD,0.34220441176470606,-3.5199808823529404,16,8.0,23.0
2020,Austrian Grand Prix,GIO,3,SOFT,-0.22871428571428565,3.151047619047613,6,9.0,14.0
2020,Austrian Grand Prix,GRO,1,MEDIUM,0.004101342910681146,0.9122599937538932,15,2.0,19.0
2020,Austrian Grand Prix,GRO,2,HARD,-0.06688461538461582,1.630307692307705,13,12.0,24.0
2020,Austrian Grand Prix,HAM,1,SOFT,-0.04244810337640673,1.058999583159647,17,5.0,23.0
2020,Austrian Grand Prix,HAM,2,HARD,0.2548514705882351,-2.7312838235294175,16,7.0,22.0
2020,Austrian Grand Prix,HAM,3,HARD,0.09554285714285754,-3.3316095238095427,6,37.0,42.0
2020,Austrian Grand Prix,KVY,1,MEDIUM,0.07442771174966158,0.28203264630660213,19,2.0,23.0
2020,Austrian Grand Prix,KVY,2,HARD,-0.07556590016825546,1.6867150869321264,13,7.0,21.0
2020,Austrian Grand Prix,LAT,1,MEDIUM,0.20109122807017538,-0.6131614035087672,19,2.0,20.0
2020,Austrian Grand Prix,LAT,2,HARD,0.356348687469044,-3.3683754333828526,17,6.0,24.0
2020,Austrian Grand Prix,LAT,4,SOFT,0.06625714285714203,-0.604895238095225,6,12.0,17.0
2020,Austrian Grand Prix,LEC,1,SOFT,-0.024952867242733934,0.7315015710919175,18,5.0,23.0
2020,Austrian Grand Prix,LEC,2,HARD,-0.014039285714285497,0.5714166666666594,15,7.0,21.0
2020,Austrian Grand Prix,LEC,4,MEDIUM,0.028085714285716462,-0.21907619047622584,6,12.0,17.0
2020,Austrian Grand Prix,MAG,1,MEDIUM,-0.08052989263055148,1.5792576866764292,17,2.0,19.0
2020,Austrian Grand Prix,NOR,1,SOFT,-0.03819638648860971,0.8563267871170475,18,5.0,23.0
2020,Austrian Grand Prix,NOR,2,HARD,-0.025232142857143,0.6709166666666623,15,7.0,21.0
2020,Austrian Grand Prix,NOR,4,MEDIUM,-0.29959999999999964,5.314533333333332,6,12.0,17.0
2020,Austrian Grand Prix,OCO,1,MEDIUM,0.15509936813600084,-0.2750610049646467,19,2.0,23.0
2020,Austrian Grand Prix,OCO,2,HARD,-0.07581785714285671,1.565183333333332,15,7.0,21.0
2020,Austrian Grand Prix,PER,1,SOFT,-0.026295758051845967,0.8113401413982653,18,5.0,23.0
2020,Austrian Grand Prix,PER,2,MEDIUM,0.2800735294117648,-2.8709411764705886,16,7.0,22.0
2020,Austrian Grand Prix,PER,3,MEDIUM,0.1404571428571431,-4.447723809523815,6,37.0,42.0
2020,Austrian Grand Prix,RAI,1,MEDIUM,-0.12234464751958254,2.2627180156657976,16,2.0,18.0
2020,Austrian Grand Prix,RAI,2,HARD,-0.08247368421052623,2.3135157894736773,20,7.0,26.0
2020,Austrian Grand Prix,RIC,1,SOFT,-0.08679852941176462,1.152030882352941,9,5.0,14.0
2020,Austrian Grand Prix,RUS,1,MEDIUM,-0.10393228404099578,1.8405183016105384,17,2.0,19.0
2020,Austrian Grand Prix,RUS,2,HARD,-0.047780701754386076,1.6623947368421128,19,6.0,24.0
2020,Austrian Grand Prix,SAI,1,SOFT,-0.0407678711704632,0.9505577376276423,18,5.0,23.0
2020,Austrian Grand Prix,SAI,2,HARD,0.3204617647058825,-3.3183205882352946,16,7.0,22.0
2020,Austrian Grand Prix,SAI,4,MEDIUM,-0.12511428571428412,2.2908761904761645,6,11.0,16.0
2020,Austrian Grand Prix,STR,1,SOFT,0.2326351911561496,-1.4080175034546294,12,5.0,17.0
2020,Austrian Grand Prix,VER,1,MEDIUM,-0.0172023809523802,0.3372499999999903,8,7.0,14.0
2020,Austrian Grand Prix,VET,1,MEDIUM,0.25009079283887486,-1.6729603580562618,19,2.0,23.0
2020,Austrian Grand Prix,VET,2,HARD,0.2674993270524897,-2.8083116708325297,14,7.0,24.0
2020,Austrian Grand Prix,VET,4,SOFT,-0.5351999999999988,8.937399999999977,6,12.0,17.0
2020,Bahrain Grand Prix,ALB,2,MEDIUM,0.0805090909090908,-0.6730727272727278,10,9.0,18.0
2020,Bahrain Grand Prix,ALB,3,MEDIUM,0.008675824175823708,0.41819780219781477,13,6.0,18.0
2020,Bahrain Grand Prix,ALB,4,HARD,0.07552631578947347,-0.14141520467835988,18,2.0,19.0
2020,Bahrain Grand Prix,BOT,3,HARD,-0.16739705882352934,3.5788382352941213,16,5.0,20.0
2020,Bahrain Grand Prix,BOT,4,MEDIUM,0.16939090909090856,-0.34215454545454493,11,4.0,14.0
2020,Bahrain Grand Prix,BOT,5,MEDIUM,0.06184175824175838,-0.8641384615384642,14,17.0,30.0
2020,Bahrain Grand Prix,GAS,2,HARD,-0.01207205882352982,0.8414294117647187,16,8.0,23.0
2020,Bahrain Grand Prix,GAS,3,HARD,0.009610500610500514,0.32617582417583296,27,2.0,28.0
2020,Bahrain Grand Prix,GIO,2,MEDIUM,0.0010636363636359599,0.7096272727272868,11,8.0,18.0
2020,Bahrain Grand Prix,GIO,3,HARD,0.06357459677419358,1.1998770161290295,31,2.0,32.0
2020,Bahrain Grand Prix,HAM,2,MEDIUM,0.11308484848484857,-0.9590000000000056,10,12.0,21.0
2020,Bahrain Grand Prix,HAM,3,MEDIUM,0.02923296703296698,0.49798241758241485,14,4.0,17.0
2020,Bahrain Grand Prix,HAM,4,HARD,0.06874613003095952,-0.0746676986584131,18,2.0,19.0
2020,Bahrain Grand Prix,KVY,2,SOFT,-0.021928571428570777,1.1522142857142752,8,11.0,18.0
2020,Bahrain Grand Prix,KVY,3,HARD,0.14479120879120824,0.37141758241758616,14,2.0,15.0
2020,Bahrain Grand Prix,KVY,4,HARD,0.04128173374612975,0.7720973512211889,18,2.0,19.0
2020,Bahrain Grand Prix,LAT,2,MEDIUM,0.09218181818181788,-0.3281212121212055,12,8.0,19.0
2020,Bahrain Grand Prix,LAT,3,MEDIUM,0.13583296703296663,-0.33900879120879357,14,2.0,15.0
2020,Bahrain Grand Prix,LAT,4,HARD,0.08816703296703333,0.4439846153846165,14,3.0,16.0
2020,Bahrain Grand Prix,LEC,2,MEDIUM,-0.005806593406593559,0.7376659340659366,14,10.0,23.0
2020,Bahrain Grand Prix,LEC,3,HARD,0.10071785714285751,-0.09746071428571958,15,2.0,16.0
2020,Bahrain Grand Prix,LEC,4,HARD,0.22928321678321664,-1.0706573426573402,12,3.0,14.0
2020,Bahrain Grand Prix,MAG,3,HARD,-0.035150670794634103,1.3610736154110898,18,6.0,23.0
2020,Bahrain Grand Prix,MAG,4,HARD,0.08862913043478245,0.6922901449275396,24,4.0,27.0
2020,Bahrain Grand Prix,NOR,2,MEDIUM,0.01931666666666777,0.012488888888875097,9,12.0,20.0
2020,Bahrain Grand Prix,NOR,3,MEDIUM,-0.04609494324045433,0.8462029583763365,18,3.0,20.0
2020,Bahrain Grand Prix,NOR,4,HARD,0.005164835164834913,0.2973846153846228,14,2.0,15.0
2020,Bahrain Grand Prix,OCO,2,MEDIUM,-0.0021666666666664398,0.3148333333333281,8,12.0,19.0
2020,Bahrain Grand Prix,OCO,3,MEDIUM,0.026378571428571564,-0.021911904761908706,15,22.0,36.0
2020,Bahrain Grand Prix,OCO,4,HARD,0.02981320949432423,0.22079463364292998,18,2.0,19.0
2020,Bahrain Grand Prix,PER,2,MEDIUM,0.06470909090909097,-0.6425818181818213,11,13.0,23.0
2020,Bahrain Grand Prix,PER,3,HARD,-0.008703296703296674,0.45354945054944973,14,2.0,15.0
2020,Bahrain Grand Prix,PER,4,HARD,0.16071323529411766,-0.7570882352941216,16,2.0,17.0
2020,Bahrain Grand Prix,RAI,2,MEDIUM,-0.09409523809523801,1.5070952380952303,8,8.0,15.0
2020,Bahrain Grand Prix,RAI,3,HARD,0.11939999999999992,0.6361523809523861,21,2.0,22.0
2020,Bahrain Grand Prix,RAI,4,MEDIUM,0.38118181818181757,-1.1996363636363534,11,3.0,13.0
2020,Bahrain Grand Prix,RIC,2,MEDIUM,-0.1903928571428586,3.392750000000026,7,12.0,18.0
2020,Bahrain Grand Prix,RIC,3,HARD,-0.026087719298245805,0.9508654970760231,18,2.0,19.0
2020,Bahrain Grand Prix,RIC,4,HARD,0.07360147058823507,0.5092235294117691,16,2.0,17.0
2020,Bahrain Grand Prix,RUS,2,MEDIUM,-0.009454545454545007,0.5000909090909008,11,8.0,18.0
2020,Bahrain Grand Prix,RUS,3,HARD,0.033776960784313664,0.35758333333332776,17,2.0,18.0
2020,Bahrain Grand Prix,RUS,4,MEDIUM,-0.0001748251748245508,0.4951526806526747,12,3.0,14.0
2020,Bahrain Grand Prix,SAI,2,SOFT,-0.012101398601398191,0.6191188811188694,12,8.0,19.0
2020,Bahrain Grand Prix,SAI,3,MEDIUM,0.04530588235294108,0.3370941176470545,16,2.0,17.0
2020,Bahrain Grand Prix,SAI,4,HARD,0.024228005527406886,0.3014449562413621,12,2.0,14.0
2020,Bahrain Grand Prix,VER,2,MEDIUM,0.15132727272727273,-1.209309090909092,11,9.0,19.0
2020,Bahrain Grand Prix,VER,3,HARD,0.13146853146853107,-0.020680652680643834,12,2.0,13.0
2020,Bahrain Grand Prix,VER,4,HARD,0.13593333333333366,-0.2980666666666637,10,2.0,11.0
2020,Bahrain Grand Prix,VER,5,MEDIUM,0.14205714285714313,-0.7188190476190464,6,6.0,11.0
2020,Bahrain Grand Prix,VET,2,HARD,-0.07326363636363636,2.4367000000000063,11,8.0,18.0
2020,Bahrain Grand Prix,VET,3,MEDIUM,0.14300735294117625,0.1102573529411759,17,5.0,21.0
2020,Bahrain Grand Prix,VET,4,HARD,0.07412237762237703,0.9516655011655013,12,2.0,13.0
2020,Belgian Grand Prix,ALB,1,SOFT,-0.10713095238095251,1.4744880952380974,8,5.0,12.0
2020,Belgian Grand Prix,ALB,2,SOFT,-0.01118642936596215,1.4652748980348482,30,7.0,36.0
2020,Belgian Grand Prix,BOT,1,MEDIUM,-0.011233333333332728,0.33265555555555676,9,5.0,13.0
2020,Belgian Grand Prix,BOT,2,HARD,0.05457842046718592,-0.10070077864294506,30,4.0,33.0
2020,Belgian Grand Prix,GAS,1,HARD,-0.057167048664783435,1.73384808912105,18,2.0,25.0
2020,Belgian Grand Prix,GAS,2,MEDIUM,0.00824264705882361,0.7737499999999995,17,2.0,18.0
2020,Belgian Grand Prix,GIO,1,MEDIUM,-0.19794047619047617,1.9712976190476144,8,2.0,9.0
2020,Belgian Grand Prix,GRO,1,MEDIUM,-0.2878095238095241,2.6252023809523872,8,2.0,9.0
2020,Belgian Grand Prix,GRO,2,HARD,-0.024837943983727014,1.4403589892035633,29,5.0,34.0
2020,Belgian Grand Prix,HAM,1,MEDIUM,-0.047966666666667344,0.9170333333333404,9,5.0,13.0
2020,Belgian Grand Prix,HAM,2,HARD,0.04996440489432689,-0.04894149054504294,30,4.0,33.0
2020,Belgian Grand Prix,KVY,1,MEDIUM,-0.28234523809523804,2.6970238095238135,8,2.0,9.0
2020,Belgian Grand Prix,KVY,2,HARD,0.003721023359288144,0.9110277345198416,30,4.0,33.0
2020,Belgian Grand Prix,LAT,1,MEDIUM,-0.09976190476190475,1.1214404761904753,8,2.0,9.0
2020,Belgian Grand Prix,LAT,2,HARD,-0.11676428571428613,2.2729047619047655,15,5.0,19.0
2020,Belgian Grand Prix,LAT,3,MEDIUM,0.1145439560439561,0.16249450549450228,13,2.0,14.0
2020,Belgian Grand Prix,LEC,1,SOFT,-0.07945238095238055,1.4619880952380881,8,2.0,9.0
2020,Belgian Grand Prix,LEC,2,HARD,-0.27499999999999963,3.472555555555555,9,5.0,13.0
2020,Belgian Grand Prix,LEC,3,MEDIUM,0.12807719298245612,0.5182035087719247,19,2.0,20.0
2020,Belgian Grand Prix,MAG,1,MEDIUM,-0.1937261904761888,2.172869047619038,8,2.0,9.0
2020,Belgian Grand Prix,MAG,2,HARD,-0.09609172932330833,2.178630075187975,20,5.0,24.0
2020,Belgian Grand Prix,MAG,3,SOFT,0.2015357142857137,0.052178571428574835,8,2.0,9.0
2020,Belgian Grand Prix,NOR,1,SOFT,-0.26386904761904734,2.940011904761907,8,5.0,12.0
2020,Belgian Grand Prix,NOR,2,SOFT,-0.07615719374322436,3.0553552733467466,29,7.0,36.0
2020,Belgian Grand Prix,OCO,1,SOFT,-0.13411904761904767,1.7187619047619065,8,5.0,12.0
2020,Belgian Grand Prix,OCO,2,HARD,-0.05274727474972178,2.317191249536514,30,4.0,33.0
2020,Belgian Grand Prix,PER,1,SOFT,-0.02182300319488828,1.0228977635782746,11,5.0,20.0
2020,Belgian Grand Prix,PER,2,HARD,0.019049230769230808,0.7981907692307726,25,2.0,26.0
2020,Belgian Grand Prix,RAI,1,MEDIUM,-0.17372619047619087,1.734119047619046,8,2.0,9.0
2020,Belgian Grand Prix,RAI,2,SOFT,0.00011056729699658153,0.9996106043752304,30,5.0,34.0
2020,Belgian Grand Prix,RIC,1,SOFT,-0.06733333333333297,0.964333333333323,9,5.0,13.0
2020,Belgian Grand Prix,RIC,2,HARD,-0.08389744160177982,3.2477360029662563,30,4.0,33.0
2020,Belgian Grand Prix,RUS,1,MEDIUM,-0.22459523809523743,2.2630238095238013,8,2.0,9.0
2020,Belgian Grand Prix,STR,1,SOFT,-0.076148550724637,0.9506594202898497,7,5.0,12.0
2020,Belgian Grand Prix,STR,2,HARD,-0.027223359288097885,1.626732146829815,30,4.0,33.0
2020,Belgian Grand Prix,VER,1,MEDIUM,-0.0054000000000002015,0.3327111111111116,9,5.0,13.0
2020,Belgian Grand Prix,VER,2,SOFT,0.059022246941045624,-0.4638783092324888,30,7.0,36.0
2020,Belgian Grand Prix,VET,1,MEDIUM,-0.16002380952380899,1.4438809523809444,8,2.0,9.0
2020,Belgian Grand Prix,VET,2,HARD,-0.02120533926585099,1.320032109751579,30,4.0,33.0
2020,British Grand Prix,ALB,2,HARD,0.011483618581907,0.5620542787286062,14,2.0,23.0
2020,British Grand Prix,ALB,3,MEDIUM,-0.05043506493506498,1.543716450216458,21,5.0,25.0
2020,British Grand Prix,BOT,1,MEDIUM,-0.06985714285714296,1.2987142857142866,7,9.0,15.0
2020,British Grand Prix,BOT,2,HARD,-0.0040572580645161765,0.8468153225806462,31,6.0,36.0
2020,British Grand Prix,GAS,1,MEDIUM,-0.45565714285714465,4.876752380952403,6,6.0,11.0
2020,British Grand Prix,GAS,2,HARD,-0.1120085344156568,4.433927443567226,33,7.0,40.0
2020,British Grand Prix,GIO,1,MEDIUM,-0.22822857142857267,2.5029428571428722,6,6.0,11.0
2020,British Grand Prix,GIO,2,HARD,-0.06969579831932768,2.602645378151255,34,7.0,40.0
2020,British Grand Prix,GRO,1,MEDIUM,-0.10837749284074195,3.9607783596914476,22,6.0,35.0
2020,British Grand Prix,GRO,2,HARD,0.002692857142857523,0.5774976190476184,15,2.0,16.0
2020,British Grand Prix,HAM,1,MEDIUM,-0.0024642857142857825,0.34414285714285575,7,9.0,15.0
2020,British Grand Prix,HAM,2,HARD,-0.005631016042780664,0.7803672014260239,33,6.0,38.0
2020,British Grand Prix,KVY,1,MEDIUM,-0.4045714285714301,4.644857142857157,6,6.0,11.0
2020,British Grand Prix,LAT,1,MEDIUM,-0.3515714285714295,3.9361904761904847,6,6.0,11.0
2020,British Grand Prix,LAT,2,HARD,-0.09855553857906794,3.8607610389610327,34,7.0,40.0
2020,British Grand Prix,LEC,1,MEDIUM,-0.2623428571428551,3.4862761904761626,6,9.0,14.0
2020,British Grand Prix,LEC,2,HARD,-0.055985943468296474,2.5625072574484333,34,6.0,39.0
2020,British Grand Prix,NOR,1,SOFT,-0.3683142857142858,5.044780952380953,6,9.0,14.0
2020,British Grand Prix,NOR,2,HARD,-0.0817687165775401,2.997388591800351,33,8.0,40.0
2020,British Grand Prix,OCO,1,SOFT,-0.44274285714285705,5.862209523809522,6,9.0,14.0
2020,British Grand Prix,OCO,2,HARD,-0.11103773873185649,4.411975095492744,34,7.0,40.0
2020,British Grand Prix,RAI,1,MEDIUM,-0.26891428571428583,2.81910476190477,6,6.0,11.0
2020,British Grand Prix,RAI,2,HARD,-0.08590394088669948,2.846709359605911,28,7.0,34.0
2020,British Grand Prix,RIC,1,SOFT,-0.286028571428572,3.8958285714285794,6,9.0,14.0
2020,British Grand Prix,RIC,2,HARD,-0.11769457601222298,4.407263712757827,34,7.0,40.0
2020,British Grand Prix,RUS,1,MEDIUM,-0.25562857142857154,2.693009523809526,6,6.0,11.0
2020,British Grand Prix,RUS,2,HARD,-0.07917448433919025,2.9920415584415627,34,7.0,40.0
2020,British Grand Prix,SAI,1,SOFT,-0.2172571428571428,3.0074571428571395,6,9.0,14.0
2020,British Grand Prix,SAI,2,HARD,-0.086514002430402,3.0272043194874096,30,7.0,37.0
2020,British Grand Prix,STR,1,MEDIUM,-0.39677142857142766,5.374704761904751,6,9.0,14.0
2020,British Grand Prix,STR,2,HARD,-0.06324262796027498,2.57169442322384,34,6.0,39.0
2020,British Grand Prix,VER,1,MEDIUM,-0.18040000000000136,2.457933333333346,6,9.0,14.0
2020,British Grand Prix,VER,2,HARD,-0.05659032258064525,2.306525806451623,31,6.0,36.0
2020,British Grand Prix,VET,1,SOFT,-0.4216857142857149,5.675885714285723,6,9.0,14.0
2020,British Grand Prix,VET,2,HARD,-0.07071941910798493,2.8761101878333415,33,7.0,40.0
2020,Eifel Grand Prix,ALB,2,MEDIUM,0.04046784021665544,0.7656567366283026,13,2.0,15.0
2020,Eifel Grand Prix,BOT,1,SOFT,-0.012303030303030758,0.30758181818182345,10,6.0,15.0
2020,Eifel Grand Prix,GAS,1,MEDIUM,-0.04949577236811275,1.866837667454689,26,2.0,29.0
2020,Eifel Grand Prix,GAS,2,HARD,-0.0399475524475522,1.0175233100233114,12,2.0,13.0
2020,Eifel Grand Prix,GAS,3,SOFT,-0.11569430569430607,1.8853456543456586,10,6.0,16.0
2020,Eifel Grand Prix,GIO,1,SOFT,0.03512637362637385,0.28929670329670726,13,2.0,14.0
2020,Eifel Grand Prix,GIO,2,MEDIUM,0.05035789473684227,0.12790526315789813,19,2.0,20.0
2020,Eifel Grand Prix,GIO,3,MEDIUM,0.035991362571141446,0.42530572480749484,16,2.0,24.0
2020,Eifel Grand Prix,GRO,1,MEDIUM,-0.12189882983910293,3.1198326426133574,24,2.0,27.0
2020,Eifel Grand Prix,GRO,2,HARD,-0.011479947618268135,0.9292321165493554,23,2.0,32.0
2020,Eifel Grand Prix,HAM,1,SOFT,-0.04615734265734307,0.9008834498834539,12,7.0,18.0
2020,Eifel Grand Prix,HAM,2,MEDIUM,0.007785714285714043,0.49073280423281174,27,2.0,28.0
2020,Eifel Grand Prix,HAM,3,SOFT,-0.033672727272727014,1.248290909090908,11,8.0,18.0
2020,Eifel Grand Prix,HUL,1,SOFT,-0.0939377834167431,2.746915298042807,26,2.0,28.0
2020,Eifel Grand Prix,HUL,2,MEDIUM,-0.05950750469043134,1.555227954971857,12,2.0,14.0
2020,Eifel Grand Prix,HUL,3,SOFT,-0.08728181818181789,1.773099999999993,11,6.0,16.0
2020,Eifel Grand Prix,KVY,1,MEDIUM,-0.06060845175766612,1.328038145100978,13,2.0,15.0
2020,Eifel Grand Prix,KVY,2,HARD,-0.01851399296528514,0.7414519039608509,23,2.0,25.0
2020,Eifel Grand Prix,KVY,3,SOFT,-0.09040000000000024,1.976036363636363,11,6.0,16.0
2020,Eifel Grand Prix,LAT,1,SOFT,-0.13004895104895073,1.7883671328671327,12,2.0,13.0
2020,Eifel Grand Prix,LAT,2,MEDIUM,0.07280882352941191,-0.09861764705882467,16,3.0,18.0
2020,Eifel Grand Prix,LAT,3,MEDIUM,0.08584570937768422,-0.1087912079331588,19,2.0,27.0
2020,Eifel Grand Prix,LEC,1,SOFT,0.0478809523809528,0.0622619047618981,8,5.0,12.0
2020,Eifel Grand Prix,LEC,2,MEDIUM,-0.028915485655029615,1.101781253600653,21,3.0,24.0
2020,Eifel Grand Prix,LEC,3,MEDIUM,0.005185976071482572,0.567546569741024,18,7.0,30.0
2020,Eifel Grand Prix,MAG,1,SOFT,0.07378671328671307,0.2708496503496555,12,2.0,13.0
2020,Eifel Grand Prix,MAG,2,MEDIUM,-0.006262848297213453,0.7099866873064948,16,3.0,19.0
2020,Eifel Grand Prix,MAG,3,MEDIUM,0.1137871534820824,0.087793103448271,18,2.0,26.0
2020,Eifel Grand Prix,NOR,1,SOFT,-0.03945461807758269,1.6699733323934989,26,5.0,31.0
2020,Eifel Grand Prix,NOR,2,MEDIUM,0.010160839160839333,0.7939603729603676,12,2.0,13.0
2020,Eifel Grand Prix,OCO,1,SOFT,-0.06563834832379424,1.7696838103025458,19,5.0,24.0
2020,Eifel Grand Prix,PER,1,SOFT,-0.05439392943239097,1.794070129300898,25,5.0,30.0
2020,Eifel Grand Prix,PER,2,MEDIUM,-0.16481651997291796,2.31404874746107,13,2.0,15.0
2020,Eifel Grand Prix,PER,3,SOFT,-0.12160909090909097,2.1421909090909077,11,8.0,18.0
2020,Eifel Grand Prix,RAI,1,SOFT,-0.2565119047619048,2.2351904761904726,8,2.0,9.0
2020,Eifel Grand Prix,RAI,2,MEDIUM,0.018601076256303688,0.8189087760001266,28,2.0,33.0
2020,Eifel Grand Prix,RAI,3,SOFT,-0.2725545454545451,4.6150999999999955,11,6.0,16.0
2020,Eifel Grand Prix,RIC,1,SOFT,-0.1082329670329672,1.9792505494505566,14,5.0,18.0
2020,Eifel Grand Prix,RIC,2,MEDIUM,-0.04952478632478628,1.7198786324786302,26,2.0,27.0
2020,Eifel Grand Prix,RIC,3,SOFT,0.0010060606060606366,0.39581212121211795,10,10.0,19.0
2020,Eifel Grand Prix,RUS,1,SOFT,-0.2076999999999995,2.001311111111112,9,2.0,10.0
2020,Eifel Grand Prix,SAI,1,SOFT,-0.07176862745098025,2.1244764705882297,24,5.0,30.0
2020,Eifel Grand Prix,SAI,2,MEDIUM,-0.0376417582417582,0.7415978021977969,14,2.0,15.0
2020,Eifel Grand Prix,SAI,3,SOFT,-0.07480909090909048,1.6610545454545333,11,9.0,19.0
2020,Eifel Grand Prix,VER,1,SOFT,-0.012736263736263943,0.5558351648351743,13,6.0,18.0
2020,Eifel Grand Prix,VER,2,MEDIUM,0.015667277167277158,0.39362047212047785,27,2.0,28.0
2020,Eifel Grand Prix,VER,3,SOFT,-0.05605454545454614,1.8549818181818303,11,8.0,18.0
2020,Eifel Grand Prix,VET,1,MEDIUM,-0.15179999999999952,1.5934666666666708,9,2.0,10.0
2020,Eifel Grand Prix,VET,2,HARD,0.03558679046004965,0.34386977132611546,26,2.0,29.0
2020,Eifel Grand Prix,VET,3,SOFT,-0.04010394802598747,2.042878560719643,10,2.0,18.0
2020,Emilia Romagna Grand Prix,ALB,1,SOFT,-0.10479720279720302,1.5402039627039734,12,5.0,16.0
2020,Emilia Romagna Grand Prix,ALB,2,HARD,-0.054594403435898775,1.9291736910336863,32,2.0,36.0
2020,Emilia Romagna Grand Prix,BOT,1,MEDIUM,-0.08003186274509799,1.634414215686267,17,5.0,21.0
2020,Emilia Romagna Grand Prix,BOT,2,HARD,0.02213333333333347,0.07886666666666878,28,2.0,31.0
2020,Emilia Romagna Grand Prix,BOT,3,SOFT,-0.1480285714285729,3.291190476190493,6,10.0,15.0
2020,Emilia Romagna Grand Prix,GAS,1,SOFT,-0.20645714285714323,2.00042857142857,6,5.0,10.0
2020,Emilia Romagna Grand Prix,GIO,1,SOFT,-0.2604285714285706,2.0278571428571452,8,2.0,9.0
2020,Emilia Romagna Grand Prix,GIO,2,MEDIUM,-0.01789228817399183,1.4483965848922287,42,2.0,53.0
2020,Emilia Romagna Grand Prix,GRO,1,MEDIUM,-0.4384857142857151,3.1640190476190537,6,2.0,7.0
2020,Emilia Romagna Grand Prix,GRO,2,HARD,-0.023719516758432733,1.6481433866110715,36,2.0,40.0
2020,Emilia Romagna Grand Prix,HAM,1,MEDIUM,-0.07888102989050015,2.9979476176383604,27,5.0,32.0
2020,Emilia Romagna Grand Prix,HAM,2,HARD,-0.02516842105263152,0.977326315789475,19,2.0,20.0
2020,Emilia Romagna Grand Prix,HAM,3,SOFT,-0.3718571428571445,5.276523809523835,6,9.0,14.0
2020,Emilia Romagna Grand Prix,KVY,1,SOFT,-0.11694405594405637,2.0588006993007117,12,7.0,18.0
2020,Emilia Romagna Grand Prix,KVY,2,HARD,-0.057815890743654653,1.9389780221659711,33,2.0,36.0
2020,Emilia Romagna Grand Prix,KVY,3,SOFT,-0.3700285714285733,5.296523809523838,6,10.0,15.0
2020,Emilia Romagna Grand Prix,LAT,1,MEDIUM,-0.09016579381996306,2.798412444770684,30,2.0,33.0
2020,Emilia Romagna Grand Prix,LAT,2,HARD,0.024520425955909756,0.4046160792128595,20,2.0,29.0
2020,Emilia Romagna Grand Prix,LEC,1,SOFT,-0.12746363636363636,1.852736363636358,11,6.0,16.0
2020,Emilia Romagna Grand Prix,LEC,2,HARD,-0.0427799309706204,2.1083359036955938,40,2.0,50.0
2020,Emilia Romagna Grand Prix,MAG,1,MEDIUM,-0.055479316030972045,1.3300862847720056,23,2.0,26.0
2020,Emilia Romagna Grand Prix,MAG,2,HARD,-0.15274509803921593,2.499078431372555,17,3.0,19.0
2020,Emilia Romagna Grand Prix,NOR,1,SOFT,-0.1436853146853152,1.972258741258747,10,5.0,15.0
2020,Emilia Romagna Grand Prix,NOR,2,MEDIUM,-0.06090459958151018,2.206828738824425,34,2.0,37.0
2020,Emilia Romagna Grand Prix,NOR,3,SOFT,-0.6421428571428563,7.850999999999993,6,8.0,13.0
2020,Emilia Romagna Grand Prix,OCO,1,MEDIUM,-0.15971818181818204,1.8743000000000047,11,2.0,12.0
2020,Emilia Romagna Grand Prix,OCO,2,HARD,-0.03707692307692299,0.9440000000000034,13,2.0,14.0
2020,Emilia Romagna Grand Prix,PER,1,MEDIUM,-0.14088615384615383,3.4040861538461504,25,2.0,26.0
2020,Emilia Romagna Grand Prix,PER,2,HARD,-0.005733895243828861,0.7380295003010179,21,2.0,23.0
2020,Emilia Romagna Grand Prix,PER,3,SOFT,-0.536114285714285,6.0944190476190405,6,7.0,12.0
2020,Emilia Romagna Grand Prix,RAI,1,MEDIUM,-0.06531541136785102,2.8602445837896084,45,2.0,47.0
2020,Emilia Romagna Grand Prix,RAI,2,SOFT,-0.724257142857143,10.270380952380961,6,10.0,15.0
2020,Emilia Romagna Grand Prix,RIC,1,SOFT,0.0012377622377625424,0.33450349650348754,12,5.0,16.0
2020,Emilia Romagna Grand Prix,RIC,2,HARD,-0.03918406563748239,2.5701453227895854,40,2.0,49.0
2020,Emilia Romagna Grand Prix,RUS,1,MEDIUM,-0.22741666666666652,1.9193888888888917,9,2.0,10.0
2020,Emilia Romagna Grand Prix,RUS,2,HARD,-0.03696829778394321,1.5398393411685096,34,2.0,38.0
2020,Emilia Romagna Grand Prix,SAI,1,SOFT,-0.10389053254437848,2.0168047337278034,14,5.0,19.0
2020,Emilia Romagna Grand Prix,SAI,2,MEDIUM,-0.0608083515113743,1.962282268619502,30,2.0,33.0
2020,Emilia Romagna Grand Prix,SAI,3,SOFT,-0.6254000000000007,8.202266666666677,6,9.0,14.0
2020,Emilia Romagna Grand Prix,STR,2,HARD,-0.022184615384615396,0.9585230769230787,26,2.0,27.0
2020,Emilia Romagna Grand Prix,STR,3,MEDIUM,-0.026305263157894884,0.717294736842108,19,3.0,21.0
2020,Emilia Romagna Grand Prix,STR,4,SOFT,-0.8021428571428557,8.180714285714272,6,6.0,11.0
2020,Emilia Romagna Grand Prix,VER,1,MEDIUM,-0.06972352941176466,1.412544117647056,16,5.0,20.0
2020,Emilia Romagna Grand Prix,VER,2,HARD,-0.026645960878005033,1.39172196505898,29,2.0,32.0
2020,Emilia Romagna Grand Prix,VET,1,MEDIUM,-0.08828260716349755,3.0478074228606062,35,2.0,38.0
2020,Emilia Romagna Grand Prix,VET,2,HARD,-0.06648333333333269,1.4082333333333343,9,2.0,10.0
2020,Emilia Romagna Grand Prix,VET,3,SOFT,-0.78842857142857,8.791904761904746,6,7.0,12.0
2020,Hungarian Grand Prix,ALB,2,MEDIUM,-0.1025655172413793,2.6996000000000033,29,2.0,30.0
2020,Hungarian Grand Prix,ALB,3,HARD,-0.020298879551820696,1.5733358543417393,35,2.0,36.0
2020,Hungarian Grand Prix,BOT,2,MEDIUM,-0.19359704433497524,4.853966502463054,29,2.0,30.0
2020,Hungarian Grand Prix,BOT,3,MEDIUM,0.07127472527472528,0.13476923076923764,14,5.0,18.0
2020,Hungarian Grand Prix,BOT,4,HARD,0.022203007518796777,0.7377654135338307,20,2.0,21.0
2020,Hungarian Grand Prix,GAS,2,SOFT,-0.20017575757575834,3.450442424242435,10,2.0,11.0
2020,Hungarian Grand Prix,GIO,2,SOFT,0.15044175824175823,-0.08154065934065628,14,2.0,15.0
2020,Hungarian Grand Prix,GIO,3,MEDIUM,0.08692982456140343,-0.020152046783626507,18,2.0,19.0
2020,Hungarian Grand Prix,GIO,4,HARD,0.00703420908593303,0.4812911877394624,28,2.0,29.0
2020,Hungarian Grand Prix,GRO,1,MEDIUM,-0.21527162756598253,5.9040659824047,32,2.0,33.0
2020,Hungarian Grand Prix,HAM,2,MEDIUM,-0.04762719941348985,1.636975989736079,32,2.0,33.0
2020,Hungarian Grand Prix,HAM,3,MEDIUM,-0.04738644688644681,1.9321782661782596,27,5.0,31.0
2020,Hungarian Grand Prix,KVY,2,SOFT,-0.5061892857142858,7.349503571428567,15,2.0,16.0
2020,Hungarian Grand Prix,KVY,3,HARD,-0.02337282112845138,1.5878397599039635,50,2.0,51.0
2020,Hungarian Grand Prix,LAT,3,MEDIUM,0.0037815384615385,1.3714584615384573,25,2.0,26.0
2020,Hungarian Grand Prix,LAT,4,MEDIUM,0.10391428571428556,0.43580952380953,6,5.0,10.0
2020,Hungarian Grand Prix,LAT,5,SOFT,0.3073818181818181,-1.150818181818187,11,5.0,15.0
2020,Hungarian Grand Prix,LAT,6,HARD,-0.46696153846153854,5.43779487179488,12,2.0,13.0
2020,Hungarian Grand Prix,LEC,2,SOFT,-0.3243676470588232,5.9440955882352915,16,5.0,20.0
2020,Hungarian Grand Prix,LEC,3,HARD,-0.012034791576204977,1.4419913518598966,48,2.0,49.0
2020,Hungarian Grand Prix,MAG,1,MEDIUM,-0.22111263368983938,6.2121789215686185,33,2.0,34.0
2020,Hungarian Grand Prix,NOR,2,MEDIUM,-0.09923891625615762,3.047029556650245,29,2.0,30.0
2020,Hungarian Grand Prix,NOR,3,HARD,0.03761597593582891,0.5406700089126641,33,2.0,34.0
2020,Hungarian Grand Prix,OCO,2,MEDIUM,-0.13844230769230784,3.694272307692303,25,2.0,26.0
2020,Hungarian Grand Prix,OCO,3,HARD,0.015995969653864513,0.8333508771929842,37,2.0,38.0
2020,Hungarian Grand Prix,PER,2,MEDIUM,-0.14966051167964403,5.301901001112342,30,7.0,36.0
2020,Hungarian Grand Prix,PER,3,HARD,0.013318181818181793,0.4476666666666638,33,2.0,34.0
2020,Hungarian Grand Prix,RAI,2,MEDIUM,-0.1261094690749864,3.5003396278051433,28,2.0,29.0
2020,Hungarian Grand Prix,RAI,3,HARD,-0.06616302521008412,2.3708974789915995,35,2.0,36.0
2020,Hungarian Grand Prix,RIC,2,MEDIUM,-0.09266927453769558,3.896744665718348,37,5.0,41.0
2020,Hungarian Grand Prix,RIC,3,MEDIUM,0.055437692307692334,0.1479923076923106,25,2.0,26.0
2020,Hungarian Grand Prix,RUS,2,SOFT,0.0973736263736265,0.3947032967032939,13,2.0,14.0
2020,Hungarian Grand Prix,RUS,3,MEDIUM,-0.026642364532019784,1.606208866995072,29,2.0,30.0
2020,Hungarian Grand Prix,RUS,4,MEDIUM,-0.04400103199174397,1.4264038527691805,18,6.0,23.0
2020,Hungarian Grand Prix,SAI,2,MEDIUM,-0.11552156862745099,4.140852661064422,35,2.0,36.0
2020,Hungarian Grand Prix,SAI,3,HARD,-0.04423453749315829,2.093099616858246,28,2.0,29.0
2020,Hungarian Grand Prix,STR,2,MEDIUM,-0.08356462736373783,2.9043435669262236,30,5.0,34.0
2020,Hungarian Grand Prix,STR,3,MEDIUM,-0.009110714285714538,0.44735000000000913,15,7.0,21.0
2020,Hungarian Grand Prix,STR,4,HARD,-0.020561274509803742,0.8308480392156865,17,2.0,18.0
2020,Hungarian Grand Prix,VER,2,MEDIUM,-0.009126585094549541,0.8940553207267395,30,2.0,31.0
2020,Hungarian Grand Prix,VER,3,HARD,-0.03264772727272744,1.3356893939393992,33,2.0,34.0
2020,Hungarian Grand Prix,VET,2,MEDIUM,-0.15113081169336015,3.6505798476131193,23,2.0,25.0
2020,Hungarian Grand Prix,VET,3,HARD,0.0007983805668016341,0.6844647773279356,39,2.0,40.0
2020,Italian Grand Prix,ALB,1,SOFT,-0.05526418988648118,1.5017887856897252,18,5.0,22.0
2020,Italian Grand Prix,ALB,3,HARD,-0.020965777807630082,1.0070474207415314,23,3.0,27.0
2020,Italian Grand Prix,BOT,1,SOFT,-0.014304208065459012,0.8698541788427911,16,5.0,22.0
2020,Italian Grand Prix,BOT,3,MEDIUM,-0.043335384615384547,1.4590523076923072,25,7.0,31.0
2020,Italian Grand Prix,GAS,1,SOFT,-0.016440119760478756,0.5109401197604783,15,5.0,21.0
2020,Italian Grand Prix,GAS,3,MEDIUM,0.021452307692307736,0.11301538461537783,25,3.0,27.0
2020,Italian Grand Prix,GIO,1,MEDIUM,-0.04310319917440654,0.8935280357757088,18,2.0,19.0
2020,Italian Grand Prix,GIO,4,SOFT,0.004780914737436606,0.40397854319593723,22,6.0,27.0
2020,Italian Grand Prix,GRO,1,MEDIUM,-0.04956243550051614,1.0199611283109784,18,2.0,19.0
2020,Italian Grand Prix,GRO,3,HARD,-0.015070769230769127,1.0771446153846163,25,7.0,31.0
2020,Italian Grand Prix,HAM,1,SOFT,-0.03778947368421026,0.9526023391812786,18,5.0,22.0
2020,Italian Grand Prix,HAM,4,HARD,0.027159130434782578,0.7688668115942068,24,4.0,27.0
2020,Italian Grand Prix,KVY,1,HARD,-0.00720227038183653,0.3742349501203969,18,2.0,19.0
2020,Italian Grand Prix,KVY,3,MEDIUM,0.0081333992094861,0.4256798418972363,23,9.0,31.0
2020,Italian Grand Prix,LAT,1,MEDIUM,-0.15492967032967087,2.0692593406593383,14,2.0,15.0
2020,Italian Grand Prix,LAT,3,MEDIUM,0.0037015384615384,0.49775692307692776,25,3.0,27.0
2020,Italian Grand Prix,LEC,1,SOFT,-0.033957142857142936,0.6388809523809545,15,2.0,16.0
2020,Italian Grand Prix,MAG,2,HARD,-0.033432142857143195,0.7202226190476168,15,2.0,16.0
2020,Italian Grand Prix,NOR,1,SOFT,-0.019705357142856823,0.504982142857132,16,5.0,22.0
2020,Italian Grand Prix,NOR,3,MEDIUM,-0.039576923076923114,1.0868015384615388,25,7.0,31.0
2020,Italian Grand Prix,OCO,1,SOFT,-0.02341176470588205,0.4897124183006457,18,2.0,19.0
2020,Italian Grand Prix,OCO,3,SOFT,-0.0234884615384617,0.955912307692315,25,6.0,30.0
2020,Italian Grand Prix,PER,1,SOFT,-0.02372033023735794,0.8050577915376679,18,5.0,22.0
2020,Italian Grand Prix,PER,3,MEDIUM,-0.018352307692307782,1.1569738461538481,25,7.0,31.0
2020,Italian Grand Prix,RAI,1,MEDIUM,-0.03859411764705909,0.6993941176470619,16,2.0,17.0
2020,Italian Grand Prix,RAI,3,SOFT,0.0729179431072213,-0.09943654266958184,21,3.0,27.0
2020,Italian Grand Prix,RIC,1,SOFT,-0.022640866873064876,0.8144850361197054,18,5.0,22.0
2020,Italian Grand Prix,RIC,3,MEDIUM,-0.04755923076923102,1.6299853846153938,25,7.0,31.0
2020,Italian Grand Prix,RUS,1,MEDIUM,-0.09948297213622284,1.6464045407636665,18,2.0,19.0
2020,Italian Grand Prix,RUS,3,MEDIUM,-0.011485596429537545,1.378091425480114,23,3.0,27.0
2020,Italian Grand Prix,SAI,1,SOFT,-0.0025706914344686134,0.23809322325421123,18,5.0,22.0
2020,Italian Grand Prix,SAI,3,MEDIUM,0.0021230769230771176,0.44610153846153067,25,7.0,31.0
2020,Italian Grand Prix,STR,1,SOFT,-0.034018420631106994,1.0447880826525757,19,5.0,27.0
2020,Italian Grand Prix,STR,2,MEDIUM,-0.01797538461538464,0.8732307692307634,25,3.0,27.0
2020,Italian Grand Prix,VER,1,SOFT,-0.008601651186790498,0.6618445132438927,18,5.0,22.0
2020,Portuguese Grand Prix,ALB,1,SOFT,-0.05921470588235309,1.7743279411764723,16,8.0,23.0
2020,Portuguese Grand Prix,ALB,2,MEDIUM,-0.012788461538461558,0.9439007692307753,25,7.0,31.0
2020,Portuguese Grand Prix,ALB,3,SOFT,-0.1180182724252491,2.41547176079734,17,4.0,21.0
2020,Portuguese Grand Prix,BOT,1,MEDIUM,-0.06046163630348714,2.759268426095981,37,5.0,43.0
2020,Portuguese Grand Prix,BOT,2,HARD,-0.02684043478260881,1.6245542028985527,24,2.0,25.0
2020,Portuguese Grand Prix,GAS,1,SOFT,-0.09761239975855815,2.7393226121698095,24,6.0,31.0
2020,Portuguese Grand Prix,GAS,2,MEDIUM,-0.05709665379665378,2.4639680823680794,36,2.0,37.0
2020,Portuguese Grand Prix,GIO,1,MEDIUM,-0.10395384615384608,2.6746769230769187,26,2.0,27.0
2020,Portuguese Grand Prix,GIO,2,HARD,-0.015285431652030628,1.1052271376667693,35,2.0,37.0
2020,Portuguese Grand Prix,GRO,1,MEDIUM,-0.14734822370735148,3.2170585648962438,22,2.0,25.0
2020,Portuguese Grand Prix,GRO,2,HARD,-0.02848841440772373,1.6358055699962861,35,3.0,39.0
2020,Portuguese Grand Prix,HAM,1,MEDIUM,-0.07136940584309007,3.0243672174198424,38,7.0,44.0
2020,Portuguese Grand Prix,HAM,2,HARD,-0.05715923076923091,2.0950292307692324,25,2.0,26.0
2020,Portuguese Grand Prix,KVY,1,MEDIUM,-0.1422687747035572,3.5685375494071163,23,2.0,24.0
2020,Portuguese Grand Prix,KVY,2,HARD,-0.03382566544286375,1.7978907182193722,23,3.0,30.0
2020,Portuguese Grand Prix,KVY,3,SOFT,-0.49155952380952395,4.6974523809523845,8,2.0,9.0
2020,Portuguese Grand Prix,LAT,1,MEDIUM,-0.16153140495867777,3.1805763085399406,21,2.0,23.0
2020,Portuguese Grand Prix,LAT,2,HARD,-0.04283164562762037,2.0457239112007213,36,2.0,40.0
2020,Portuguese Grand Prix,LEC,1,MEDIUM,-0.09301686217008792,3.2739418988269815,32,7.0,38.0
2020,Portuguese Grand Prix,LEC,2,HARD,-0.00475040322580652,1.1005955645161292,31,2.0,32.0
2020,Portuguese Grand Prix,MAG,1,HARD,-0.1091043356207112,3.175550530255776,27,2.0,30.0
2020,Portuguese Grand Prix,MAG,2,MEDIUM,-0.07134905341631145,2.3028404486054703,32,2.0,34.0
2020,Portuguese Grand Prix,NOR,1,SOFT,-0.08711323529411778,1.9258411764705934,16,6.0,21.0
2020,Portuguese Grand Prix,NOR,2,HARD,-0.037349354795198166,1.0303439143923394,22,2.0,24.0
2020,Portuguese Grand Prix,NOR,3,MEDIUM,-0.07428651602422083,2.4921528577758068,19,2.0,22.0
2020,Portuguese Grand Prix,OCO,1,MEDIUM,-0.058868091236494495,3.167112509003598,50,3.0,52.0
2020,Portuguese Grand Prix,OCO,2,SOFT,0.007554545454545356,0.23611818181818647,11,2.0,12.0
2020,Portuguese Grand Prix,PER,2,MEDIUM,-0.047608297544769515,2.1555676471382617,42,2.0,43.0
2020,Portuguese Grand Prix,PER,3,SOFT,0.08029824561403476,-0.28870175438596696,19,5.0,23.0
2020,Portuguese Grand Prix,RAI,1,SOFT,-0.07821666666666616,1.8294111111111115,9,2.0,10.0
2020,Portuguese Grand Prix,RAI,2,MEDIUM,-0.02585059194742881,2.0575262855950696,51,2.0,54.0
2020,Portuguese Grand Prix,RIC,1,SOFT,-0.1505524475524479,2.783238927738929,12,7.0,18.0
2020,Portuguese Grand Prix,RIC,2,MEDIUM,-0.037298535414165654,2.3336111884753845,50,2.0,51.0
2020,Portuguese Grand Prix,RUS,1,MEDIUM,-0.09453473742809416,3.1463270922249005,33,2.0,35.0
2020,Portuguese Grand Prix,RUS,2,HARD,-0.06523426382047064,2.2882025177887186,28,2.0,29.0
2020,Portuguese Grand Prix,SAI,1,SOFT,-0.037694347826086994,1.599970434782611,24,7.0,30.0
2020,Portuguese Grand Prix,SAI,2,MEDIUM,-0.043299605170037586,2.458421480984838,37,2.0,39.0
2020,Portuguese Grand Prix,STR,1,MEDIUM,-0.08649130434782606,1.8703391304347827,14,3.0,17.0
2020,Portuguese Grand Prix,STR,2,HARD,-0.07635917400135384,1.8388083953960699,13,2.0,15.0
2020,Portuguese Grand Prix,STR,3,SOFT,-0.016021428571428797,0.5915261904761909,15,2.0,16.0
2020,Portuguese Grand Prix,VER,1,SOFT,-0.08785747899159656,2.436884033613438,20,6.0,26.0
2020,Portuguese Grand Prix,VER,2,MEDIUM,-0.03741560651486918,1.9357559084893177,42,2.0,43.0
2020,Portuguese Grand Prix,VET,1,MEDIUM,-0.15779153846153837,4.230607692307693,25,6.0,30.0
2020,Portuguese Grand Prix,VET,2,HARD,-0.04612431765921294,1.987017735861639,36,2.0,38.0
2020,Russian Grand Prix,ALB,2,HARD,-0.22715064935064927,4.943926406926401,21,5.0,25.0
2020,Russian Grand Prix,ALB,3,MEDIUM,-0.01761062549258435,1.7186745718994085,23,2.0,26.0
2020,Russian Grand Prix,BOT,1,MEDIUM,-0.13314812030075165,3.5913902255639023,20,9.0,28.0
2020,Russian Grand Prix,BOT,2,HARD,-0.0038505494505493496,1.6358879120879095,25,2.0,27.0
2020,Russian Grand Prix,GAS,1,SOFT,0.0016083916083910622,0.30084498834499146,12,9.0,20.0
2020,Russian Grand Prix,GAS,2,HARD,-0.11725522303783162,3.043281197063801,22,2.0,23.0
2020,Russian Grand Prix,GAS,3,MEDIUM,-0.2883939393939383,4.1172606060606025,10,2.0,11.0
2020,Russian Grand Prix,GIO,1,MEDIUM,-0.1227757575757572,1.7469454545454548,10,6.0,15.0
2020,Russian Grand Prix,GIO,2,HARD,-0.014977854844774964,1.716289683700323,34,2.0,36.0
2020,Russian Grand Prix,GRO,1,MEDIUM,-0.1486636363636367,2.617845454545454,11,6.0,16.0
2020,Russian Grand Prix,GRO,2,HARD,0.04286219145093319,-0.05333973509933086,21,2.0,23.0
2020,Russian Grand Prix,GRO,3,MEDIUM,0.1683354564755829,0.4041953290870522,8,2.0,10.0
2020,Russian Grand Prix,HAM,1,SOFT,-0.09543636363636307,2.403290909090902,10,9.0,18.0
2020,Russian Grand Prix,HAM,2,HARD,-0.04474792833146686,2.034367189249714,35,2.0,37.0
2020,Russian Grand Prix,KVY,1,HARD,-0.10217739130434825,3.0110210144927576,24,6.0,29.0
2020,Russian Grand Prix,KVY,2,MEDIUM,-0.01495819209039555,0.8589774011299479,20,2.0,23.0
2020,Russian Grand Prix,LAT,1,MEDIUM,-0.09826363636363586,2.590354545454543,11,6.0,16.0
2020,Russian Grand Prix,LAT,2,HARD,0.024641202747850838,0.35702162243327823,33,2.0,35.0
2020,Russian Grand Prix,LEC,1,MEDIUM,-0.1128774703557311,2.9369328063241023,22,6.0,27.0
2020,Russian Grand Prix,LEC,2,HARD,0.010125549700883536,0.5720892199199731,22,2.0,25.0
2020,Russian Grand Prix,MAG,1,MEDIUM,-0.09843406593406623,1.9967472527472514,13,6.0,18.0
2020,Russian Grand Prix,MAG,2,HARD,0.013783421052631598,0.6595581578947404,31,2.0,33.0
2020,Russian Grand Prix,NOR,2,HARD,-0.09266992843581122,4.015880239520955,40,5.0,45.0
2020,Russian Grand Prix,OCO,1,SOFT,-0.02588811188811228,0.6432109557109659,12,9.0,20.0
2020,Russian Grand Prix,OCO,2,HARD,-0.0779248161477077,2.6930747926772076,32,2.0,35.0
2020,Russian Grand Prix,PER,1,SOFT,-0.07150109890109921,2.1967670329670406,14,9.0,22.0
2020,Russian Grand Prix,PER,2,HARD,-0.05768996411483264,2.139919700956934,31,2.0,33.0
2020,Russian Grand Prix,RAI,1,HARD,-0.10245320197044332,3.326167487684724,29,6.0,34.0
2020,Russian Grand Prix,RAI,2,MEDIUM,0.11907299999999967,0.1605609999999999,15,2.0,17.0
2020,Russian Grand Prix,RIC,1,SOFT,0.025583333333332646,0.06586111111112454,9,9.0,17.0
2020,Russian Grand Prix,RIC,2,HARD,-0.07251146204414415,3.352948143523454,34,2.0,38.0
2020,Russian Grand Prix,RUS,2,HARD,0.02446428571428533,1.1684285714285763,8,5.0,12.0
2020,Russian Grand Prix,RUS,3,MEDIUM,0.05126345735961275,-0.12099169875338973,33,4.0,37.0
2020,Russian Grand Prix,VER,1,MEDIUM,-0.08964912280701742,2.388052631578943,19,9.0,27.0
2020,Russian Grand Prix,VER,2,HARD,-0.03902387530995389,1.8523938363443198,26,2.0,28.0
2020,Russian Grand Prix,VET,1,MEDIUM,-0.07075956521739149,2.5900840579710187,24,6.0,29.0
2020,Russian Grand Prix,VET,2,HARD,0.044445454545454476,0.5702545454545521,20,2.0,22.0
2020,Sakhir Grand Prix,AIT,1,MEDIUM,-0.051641696194731246,1.7110838853797548,23,7.0,30.0
2020,Sakhir Grand Prix,AIT,2,HARD,0.03300751160885004,0.3501576072111453,20,2.0,22.0
2020,Sakhir Grand Prix,AIT,4,SOFT,-0.03349298245614035,1.1823666666666706,19,10.0,28.0
2020,Sakhir Grand Prix,ALB,1,MEDIUM,-0.021099470184915817,1.1202963328485331,38,7.0,46.0
2020,Sakhir Grand Prix,ALB,2,HARD,-0.0018280701754383438,0.39541052631578966,10,2.0,13.0
2020,Sakhir Grand Prix,ALB,3,SOFT,-0.01654385964912274,0.699385964912282,19,7.0,25.0
2020,Sakhir Grand Prix,BOT,1,MEDIUM,-0.0013392202870144611,0.3305099975194277,40,11.0,52.0
2020,Sakhir Grand Prix,BOT,2,HARD,-0.010353658536585292,0.2597987804878024,8,2.0,11.0
2020,Sakhir Grand Prix,BOT,3,HARD,-0.041270175438596374,1.9242035087719294,19,20.0,38.0
2020,Sakhir Grand Prix,FIT,1,SOFT,-0.0161430434782609,0.8101046376811599,24,7.0,30.0
2020,Sakhir Grand Prix,FIT,2,MEDIUM,0.05929624060150385,0.4799932330827092,20,2.0,21.0
2020,Sakhir Grand Prix,FIT,4,SOFT,-0.012203508771929866,0.7501368421052625,19,9.0,27.0
2020,Sakhir Grand Prix,GAS,1,SOFT,-0.00038441558441564363,0.44502164502164715,21,10.0,30.0
2020,Sakhir Grand Prix,GAS,2,MEDIUM,0.017510389610389684,0.04990822510822625,21,8.0,28.0
2020,Sakhir Grand Prix,GAS,3,HARD,0.011281881557636837,0.3592935004577143,23,2.0,36.0
2020,Sakhir Grand Prix,GIO,1,MEDIUM,-0.05918771929824567,1.3989508771929842,19,7.0,25.0
2020,Sakhir Grand Prix,GIO,2,HARD,0.020217094017094088,0.14196752136752008,26,2.0,27.0
2020,Sakhir Grand Prix,GIO,3,MEDIUM,0.02001045080152336,0.5391342662297398,23,2.0,33.0
2020,Sakhir Grand Prix,KVY,1,SOFT,0.0017390977443609054,0.3372375939849588,20,10.0,29.0
2020,Sakhir Grand Prix,KVY,2,MEDIUM,0.01850999999999996,0.30955333333333557,24,4.0,27.0
2020,Sakhir Grand Prix,KVY,3,HARD,-0.00443401004242068,0.6605079430352394,23,3.0,34.0
2020,Sakhir Grand Prix,LAT,1,SOFT,-0.05003501303214585,1.2274862728062506,19,7.0,26.0
2020,Sakhir Grand Prix,LAT,2,MEDIUM,0.020171739130434675,0.25647318840579536,24,2.0,25.0
2020,Sakhir Grand Prix,MAG,1,SOFT,-0.03159133126935009,0.8341100791193725,18,7.0,24.0
2020,Sakhir Grand Prix,MAG,2,MEDIUM,0.04679538242696139,0.022562862457599663,25,2.0,27.0
2020,Sakhir Grand Prix,MAG,3,SOFT,0.013769112005240017,0.3790028071488739,22,5.0,36.0
2020,Sakhir Grand Prix,NOR,1,SOFT,-0.03249999999999999,0.7220384615384603,13,7.0,19.0
2020,Sakhir Grand Prix,NOR,2,MEDIUM,0.011293855415565972,0.3323080801666331,31,2.0,33.0
2020,Sakhir Grand Prix,NOR,3,MEDIUM,-0.0220506376760251,1.0130782481622498,23,2.0,33.0
2020,Sakhir Grand Prix,OCO,1,MEDIUM,-0.018466921313980117,0.783090297937356,34,7.0,40.0
2020,Sakhir Grand Prix,OCO,2,HARD,-0.004554521018442493,0.3991630403942352,36,2.0,46.0
2020,Sakhir Grand Prix,PER,2,MEDIUM,-0.015619230769230786,1.0446653846153862,40,6.0,45.0
2020,Sakhir Grand Prix,PER,3,HARD,0.002434225385977381,0.21505449220030448,30,2.0,40.0
2020,Sakhir Grand Prix,RAI,1,MEDIUM,-0.04737794117647059,1.0850426470588201,16,7.0,22.0
2020,Sakhir Grand Prix,RAI,2,HARD,0.01021315519013363,0.3695693730729671,26,2.0,30.0
2020,Sakhir Grand Prix,RAI,4,SOFT,-0.025452631578947484,0.9549263157894755,19,7.0,25.0
2020,Sakhir Grand Prix,RIC,1,SOFT,-0.007261434217956014,0.4888594014680989,22,10.0,31.0
2020,Sakhir Grand Prix,RIC,2,MEDIUM,0.0044908695652173085,0.4255815942029025,24,2.0,25.0
2020,Sakhir Grand Prix,RIC,3,HARD,0.004718758902288467,0.4369495536986049,23,2.0,32.0
2020,Sakhir Grand Prix,RUS,1,MEDIUM,0.002175977587452809,0.16479677079261013,37,11.0,48.0
2020,Sakhir Grand Prix,RUS,2,HARD,0.010745372966909566,0.22861749859787217,13,2.0,16.0
2020,Sakhir Grand Prix,RUS,4,MEDIUM,-0.16270000000000012,3.122977777777781,9,12.0,20.0
2020,Sakhir Grand Prix,RUS,5,SOFT,0.15408333333333296,-0.178083333333332,8,5.0,12.0
2020,Sakhir Grand Prix,SAI,1,SOFT,-0.012264935064935185,0.47172727272727716,21,10.0,30.0
2020,Sakhir Grand Prix,SAI,2,MEDIUM,0.002481538461538487,0.5198184615384607,25,2.0,26.0
2020,Sakhir Grand Prix,SAI,3,MEDIUM,-0.0015459358085651968,0.40805291520273634,23,2.0,32.0
2020,Sakhir Grand Prix,STR,1,SOFT,-0.011352661064425793,0.6564361344537831,35,10.0,44.0
2020,Sakhir Grand Prix,STR,2,MEDIUM,-0.004879145452895103,0.3921817521681393,35,2.0,45.0
2020,Sakhir Grand Prix,VET,1,MEDIUM,-0.026308695652173822,0.9763282608695663,24,9.0,32.0
2020,Sakhir Grand Prix,VET,2,HARD,0.008793506493506572,0.16219220779220855,21,2.0,22.0
2020,Sakhir Grand Prix,VET,4,SOFT,-0.028305263157894944,0.99591578947369,19,9.0,27.0
2020,Spanish Grand Prix,ALB,1,SOFT,0.020599999999999865,0.3590666666666676,15,5.0,19.0
2020,Spanish Grand Prix,ALB,2,HARD,-0.0807518796992482,2.43784661654135,20,2.0,21.0
2020,Spanish Grand Prix,ALB,3,MEDIUM,0.03795307692307699,0.8722569230769199,25,2.0,26.0
2020,Spanish Grand Prix,BOT,1,SOFT,-0.035444155844155674,1.1811385281385276,21,5.0,25.0
2020,Spanish Grand Prix,BOT,2,MEDIUM,-0.012924901185770851,1.40215415019763,23,2.0,24.0
2020,Spanish Grand Prix,BOT,3,SOFT,-0.04003736263736299,2.3619296703296735,14,5.0,18.0
2020,Spanish Grand Prix,GAS,1,SOFT,-0.011149122807017669,0.49235087719298387,19,5.0,23.0
2020,Spanish Grand Prix,GAS,2,MEDIUM,-0.10614736842105273,2.9197263157894806,19,2.0,20.0
2020,Spanish Grand Prix,GAS,3,MEDIUM,0.05073235460192006,0.33116374929417564,22,2.0,23.0
2020,Spanish Grand Prix,GIO,1,MEDIUM,-0.06160000000000016,1.1619684210526393,19,2.0,20.0
2020,Spanish Grand Prix,GIO,2,MEDIUM,0.0800553359683797,0.43085375494070494,22,2.0,23.0
2020,Spanish Grand Prix,GIO,3,SOFT,0.059022807017544074,0.5989596491228014,19,2.0,20.0
2020,Spanish Grand Prix,GRO,1,MEDIUM,0.0003208008898776962,0.6207193177604762,30,3.0,32.0
2020,Spanish Grand Prix,GRO,2,SOFT,0.02964568447814849,0.27577429535790615,27,5.0,32.0
2020,Spanish Grand Prix,HAM,1,SOFT,-0.07671168831168847,2.138580086580093,21,5.0,25.0
2020,Spanish Grand Prix,HAM,2,MEDIUM,-0.07315000000000023,2.2144200000000014,25,2.0,26.0
2020,Spanish Grand Prix,HAM,3,MEDIUM,0.017021428571428698,1.076540476190472,15,2.0,16.0
2020,Spanish Grand Prix,KVY,1,SOFT,-0.03396842105263187,0.928021052631576,19,2.0,20.0
2020,Spanish Grand Prix,KVY,2,MEDIUM,0.01637267080745342,1.0928870694522845,22,2.0,23.0
2020,Spanish Grand Prix,KVY,3,MEDIUM,0.03661754385964895,0.4061543859649152,19,2.0,20.0
2020,Spanish Grand Prix,LAT,1,MEDIUM,-0.0070423931623932465,1.1314608547008633,26,2.0,27.0
2020,Spanish Grand Prix,LAT,2,MEDIUM,0.023170175438596598,1.2190754385964866,19,2.0,20.0
2020,Spanish Grand Prix,LAT,3,SOFT,0.07967912087912092,0.25744175824175664,14,2.0,15.0
2020,Spanish Grand Prix,LEC,1,SOFT,-0.00785958485958488,0.6569910459910422,27,5.0,31.0
2020,Spanish Grand Prix,LEC,2,MEDIUM,1.112857142857144,-2.5690000000000075,6,2.0,8.0
2020,Spanish Grand Prix,MAG,1,SOFT,-0.031680341880342106,0.9382136752136769,26,5.0,30.0
2020,Spanish Grand Prix,MAG,2,MEDIUM,-0.02652998712998704,1.6415314028313974,36,3.0,38.0
2020,Spanish Grand Prix,NOR,1,SOFT,-0.07362631578947389,1.69713684210527,19,5.0,23.0
2020,Spanish Grand Prix,NOR,2,SOFT,-0.10430389610389601,3.135748917748913,21,5.0,25.0
2020,Spanish Grand Prix,NOR,3,MEDIUM,0.035609022556391076,0.7320962406015064,20,2.0,21.0
2020,Spanish Grand Prix,OCO,1,MEDIUM,-0.028758614369501386,1.2535570014662696,32,2.0,33.0
2020,Spanish Grand Prix,OCO,2,SOFT,-0.10542958843159062,3.5708548757879046,30,2.0,31.0
2020,Spanish Grand Prix,PER,1,SOFT,0.03649938949938948,0.07178876678876407,27,5.0,31.0
2020,Spanish Grand Prix,PER,2,MEDIUM,-0.04719103641456579,2.3192296918767497,35,2.0,36.0
2020,Spanish Grand Prix,RAI,1,MEDIUM,-0.04363983488132089,1.0474960440316519,18,2.0,19.0
2020,Spanish Grand Prix,RAI,2,MEDIUM,0.0666798418972329,0.8130988142292525,22,5.0,26.0
2020,Spanish Grand Prix,RAI,3,SOFT,0.01733984962406,0.8379917293233066,20,2.0,21.0
2020,Spanish Grand Prix,RIC,1,MEDIUM,-0.03118114973262024,1.5773516042780773,33,2.0,34.0
2020,Spanish Grand Prix,RIC,2,SOFT,-0.08491083743842363,2.7352285714285722,29,2.0,30.0
2020,Spanish Grand Prix,RUS,1,SOFT,-0.0646666666666667,1.2716666666666732,17,2.0,18.0
2020,Spanish Grand Prix,RUS,2,MEDIUM,0.06823076923076943,0.6578241758241793,14,2.0,15.0
2020,Spanish Grand Prix,RUS,3,MEDIUM,0.026080788177339963,1.6447418719211828,29,2.0,30.0
2020,Spanish Grand Prix,SAI,1,SOFT,-0.010626315789473513,0.6409315789473647,20,5.0,24.0
2020,Spanish Grand Prix,SAI,2,SOFT,-0.07978431372549016,2.4793137254901927,17,5.0,21.0
2020,Spanish Grand Prix,SAI,3,MEDIUM,-0.04062648221343875,1.8385790513833986,23,2.0,24.0
2020,Spanish Grand Prix,STR,1,SOFT,0.03948230769230795,0.008800769230759587,25,5.0,29.0
2020,Spanish Grand Prix,STR,2,MEDIUM,0.007307692307692323,0.22553846153846094,13,2.0,14.0
2020,Spanish Grand Prix,STR,3,SOFT,-0.026509881422924948,1.3301304347826093,22,5.0,26.0
2020,Spanish Grand Prix,VER,1,SOFT,-0.04700701754385974,1.3110456140350908,19,5.0,23.0
2020,Spanish Grand Prix,VER,2,MEDIUM,0.005738906088751345,0.4196859305125543,18,2.0,19.0
2020,Spanish Grand Prix,VER,3,MEDIUM,0.004206521739130513,0.511670289855068,24,2.0,25.0
2020,Spanish Grand Prix,VET,1,MEDIUM,-0.011250305250305228,0.7273842083842048,27,2.0,28.0
2020,Spanish Grand Prix,VET,2,SOFT,0.0007252100840336446,1.377416806722695,35,5.0,39.0
2020,Styrian Grand Prix,ALB,1,SOFT,-0.0510560483870969,1.8470649193548463,31,4.0,34.0
2020,Styrian Grand Prix,ALB,2,MEDIUM,-0.030738561837867252,1.3751109084558908,33,2.0,36.0
2020,Styrian Grand Prix,BOT,1,SOFT,-0.03411301446051159,1.0928907675194701,30,4.0,33.0
2020,Styrian Grand Prix,BOT,2,MEDIUM,-0.0012842985842985814,0.48557160017159234,36,2.0,37.0
2020,Styrian Grand Prix,GAS,1,SOFT,-0.015307518796992377,0.9394015037593989,20,4.0,23.0
2020,Styrian Grand Prix,GAS,2,HARD,-0.0028532467532465895,0.7366199134199083,21,2.0,22.0
2020,Styrian Grand Prix,GAS,3,SOFT,-0.01027669172932324,0.9903819548872185,20,2.0,21.0
2020,Styrian Grand Prix,GIO,1,MEDIUM,-0.04272608560673681,1.6670945709961527,33,4.0,38.0
2020,Styrian Grand Prix,GIO,2,SOFT,0.024056357275609477,0.3151034765496878,27,2.0,31.0
2020,Styrian Grand Prix,GRO,1,SOFT,-0.047467580213903744,2.109139483065949,33,4.0,36.0
2020,Styrian Grand Prix,GRO,2,MEDIUM,-0.009364815920903767,1.006654526045574,30,2.0,33.0
2020,Styrian Grand Prix,HAM,1,SOFT,-0.018877470355731327,0.719075098814225,23,4.0,26.0
2020,Styrian Grand Prix,HAM,2,MEDIUM,-0.004940350347327136,1.3873257324071349,43,2.0,44.0
2020,Styrian Grand Prix,KVY,1,MEDIUM,-0.04542164160525796,1.5444849507070268,31,4.0,35.0
2020,Styrian Grand Prix,KVY,2,HARD,-0.03498161764705875,1.1658206327985727,33,2.0,34.0
2020,Styrian Grand Prix,LAT,1,MEDIUM,-0.05102619115665705,1.5916098885395893,27,4.0,31.0
2020,Styrian Grand Prix,LAT,2,SOFT,-0.008640109766521227,1.1563552566467268,35,2.0,37.0
2020,Styrian Grand Prix,MAG,1,SOFT,-0.0878406593406593,2.40084676434676,27,4.0,30.0
2020,Styrian Grand Prix,MAG,2,MEDIUM,-0.028077812503713506,1.6500370524414432,37,2.0,39.0
2020,Styrian Grand Prix,NOR,1,SOFT,-0.06358907563025214,2.3646277310924413,35,4.0,38.0
2020,Styrian Grand Prix,NOR,2,MEDIUM,-0.02580161290322587,1.2689177419354882,31,2.0,32.0
2020,Styrian Grand Prix,OCO,1,SOFT,-0.06594025974025981,1.721639826839829,21,4.0,24.0
2020,Styrian Grand Prix,PER,1,SOFT,-0.0666498090145148,2.425291673032847,34,4.0,37.0
2020,Styrian Grand Prix,PER,2,MEDIUM,0.07299981671554256,-0.07515304252199699,32,2.0,33.0
2020,Styrian Grand Prix,RAI,1,MEDIUM,-0.04525431706612761,1.9099349504283352,39,4.0,43.0
2020,Styrian Grand Prix,RAI,2,SOFT,0.005497692307692274,0.46471230769230426,25,2.0,26.0
2020,Styrian Grand Prix,RIC,1,MEDIUM,-0.0663231951871658,2.382554812834219,33,4.0,36.0
2020,Styrian Grand Prix,RIC,2,SOFT,-0.011626679148139623,0.8785434589281625,31,2.0,34.0
2020,Styrian Grand Prix,RUS,1,SOFT,-0.010488177339901567,0.6625857142857133,29,5.0,33.0
2020,Styrian Grand Prix,RUS,2,MEDIUM,0.0038215431627196535,0.8648308632543922,34,2.0,35.0
2020,Styrian Grand Prix,SAI,1,SOFT,-0.059112205801861044,1.7424636015325705,28,4.0,31.0
2020,Styrian Grand Prix,SAI,2,MEDIUM,-0.021217925219941258,1.2905324413489718,32,2.0,33.0
2020,Styrian Grand Prix,STR,1,SOFT,-0.0730985918133919,2.140884813710608,28,4.0,32.0
2020,Styrian Grand Prix,STR,2,MEDIUM,-0.012743005236155947,0.8895831041413254,36,2.0,38.0
2020,Styrian Grand Prix,VER,1,SOFT,-0.019496240601503772,0.4630992481203027,20,4.0,23.0
2020,Styrian Grand Prix,VER,2,MEDIUM,0.007162288930581639,0.2234107879924923,40,2.0,41.0
2020,Turkish Grand Prix,ALB,1,WET,-0.8610606060606052,8.72419393939393,10,2.0,11.0
2020,Turkish Grand Prix,ALB,2,INTERMEDIATE,0.054979360165118625,0.8802579979360119,18,4.0,21.0
2020,Turkish Grand Prix,ALB,3,INTERMEDIATE,-0.13768675889328066,4.300840909090907,23,2.0,24.0
2020,Turkish Grand Prix,BOT,2,INTERMEDIATE,-0.25112342270964505,11.0189008048038,34,5.0,40.0
2020,Turkish Grand Prix,BOT,3,INTERMEDIATE,-0.37390303030303007,6.310969696969698,10,2.0,11.0
2020,Turkish Grand Prix,GAS,1,WET,-1.4197380952380945,19.1175119047619,8,6.0,13.0
2020,Turkish Grand Prix,GAS,2,INTERMEDIATE,-0.21597626445710333,4.718430778525807,19,2.0,22.0
2020,Turkish Grand Prix,GAS,3,INTERMEDIATE,-0.13939920948616613,3.9108853754940744,23,2.0,24.0
2020,Turkish Grand Prix,GIO,1,WET,-1.559914285714287,27.15750476190478,6,13.0,18.0
2020,Turkish Grand Prix,GRO,2,INTERMEDIATE,-0.2632784356926466,6.761840815202426,23,2.0,27.0
2020,Turkish Grand Prix,GRO,3,INTERMEDIATE,0.07841176470588096,0.42652941176471015,6,2.0,9.0
2020,Turkish Grand Prix,HAM,1,WET,-1.3433428571428576,8.837542857142864,6,2.0,7.0
2020,Turkish Grand Prix,HAM,2,INTERMEDIATE,-0.15359756371393304,7.753543561243972,46,5.0,53.0
2020,Turkish Grand Prix,KVY,1,WET,-1.7172571428571424,13.049247619047609,6,3.0,8.0
2020,Turkish Grand Prix,KVY,2,INTERMEDIATE,-0.16313406984680615,7.461774494003818,46,2.0,49.0
2020,Turkish Grand Prix,LAT,2,INTERMEDIATE,-0.3566002750964064,11.473696804460483,26,2.0,29.0
2020,Turkish Grand Prix,LEC,2,INTERMEDIATE,-0.41619759036144566,8.679518674698794,20,2.0,23.0
2020,Turkish Grand Prix,LEC,3,INTERMEDIATE,-0.006066801230296045,1.1078327566320652,26,2.0,28.0
2020,Turkish Grand Prix,MAG,1,WET,-1.7467714285714284,15.112514285714283,6,4.0,9.0
2020,Turkish Grand Prix,MAG,2,INTERMEDIATE,-0.29209267677904294,7.711636719629112,22,2.0,25.0
2020,Turkish Grand Prix,MAG,3,INTERMEDIATE,-0.12298409269442268,3.5858073448546817,18,3.0,21.0
2020,Turkish Grand Prix,NOR,1,WET,-1.3641071428571412,11.818499999999984,7,3.0,9.0
2020,Turkish Grand Prix,NOR,2,INTERMEDIATE,-0.3144079051071877,8.069786767023954,23,2.0,26.0
2020,Turkish Grand Prix,NOR,3,INTERMEDIATE,-0.2041376623376623,5.850318614718616,21,2.0,22.0
2020,Turkish Grand Prix,OCO,2,WET,-0.1764571428571436,3.8747523809523936,6,13.0,18.0
2020,Turkish Grand Prix,OCO,3,INTERMEDIATE,-0.10924984184022084,5.173564155932892,44,2.0,47.0
2020,Turkish Grand Prix,PER,1,WET,-0.4259761904761904,3.8770952380952353,8,3.0,10.0
2020,Turkish Grand Prix,PER,2,INTERMEDIATE,-0.0926687688338785,5.235154048950021,44,2.0,48.0
2020,Turkish Grand Prix,RAI,1,WET,-0.8164285714285698,13.447952380952357,6,11.0,16.0
2020,Turkish Grand Prix,RAI,2,INTERMEDIATE,-0.38426033646991736,7.490889649272891,18,2.0,21.0
2020,Turkish Grand Prix,RAI,3,INTERMEDIATE,0.11612280701754378,0.20684210526316352,18,5.0,22.0
2020,Turkish Grand Prix,RIC,1,WET,-1.0636785714285713,20.212571428571426,8,13.0,20.0
2020,Turkish Grand Prix,RIC,2,INTERMEDIATE,-0.2076295592705163,4.195602583586623,17,2.0,21.0
2020,Turkish Grand Prix,RIC,3,INTERMEDIATE,-0.14367769230769234,4.482927692307685,25,2.0,26.0
2020,Turkish Grand Prix,RUS,1,INTERMEDIATE,-0.571336163095944,14.959087200440347,25,3.0,31.0
2020,Turkish Grand Prix,RUS,2,INTERMEDIATE,0.5869880952380961,-0.9590595238095312,8,2.0,9.0
2020,Turkish Grand Prix,RUS,3,INTERMEDIATE,-0.024714285714285286,3.0148571428571445,14,2.0,15.0
2020,Turkish Grand Prix,SAI,1,WET,-1.2769642857142836,18.22871428571425,8,8.0,15.0
2020,Turkish Grand Prix,SAI,2,INTERMEDIATE,-0.17987071078431396,3.9138872549019648,18,2.0,22.0
2020,Turkish Grand Prix,SAI,3,INTERMEDIATE,-0.12869043478260844,3.7951542028985426,24,2.0,25.0
2020,Turkish Grand Prix,STR,1,WET,-0.17978571428571552,2.00064285714287,7,4.0,10.0
2020,Turkish Grand Prix,STR,2,INTERMEDIATE,-0.11731399848761175,3.0255540678795456,22,2.0,26.0
2020,Turkish Grand Prix,STR,3,INTERMEDIATE,-0.3098972680705746,6.787708309618656,20,2.0,22.0
2020,Turkish Grand Prix,VER,1,WET,-1.0119000000000002,25.223,9,16.0,24.0
2020,Turkish Grand Prix,VER,3,INTERMEDIATE,-0.03875415783011511,2.3988287755329916,21,10.0,32.0
2020,Turkish Grand Prix,VER,4,INTERMEDIATE,-0.018289420142420673,2.201638351983722,11,2.0,15.0
2020,Turkish Grand Prix,VET,1,WET,-1.0460857142857132,8.9037238095238,6,4.0,9.0
2020,Turkish Grand Prix,VET,2,INTERMEDIATE,-0.3058074201795591,6.349344253522809,20,2.0,24.0
2020,Turkish Grand Prix,VET,3,INTERMEDIATE,-0.1376026086956522,3.4163852173912983,24,2.0,25.0
2020,Tuscan Grand Prix,ALB,3,SOFT,-0.04683116883116886,1.7134155844155825,22,4.0,25.0
2020,Tuscan Grand Prix,ALB,4,MEDIUM,-0.035516666666666426,0.6555444444444414,9,2.0,10.0
2020,Tuscan Grand Prix,ALB,6,SOFT,-0.15064285714285686,3.0053571428571386,13,7.0,19.0
2020,Tuscan Grand Prix,BOT,3,MEDIUM,0.036574025974026,0.5446831168831132,21,2.0,22.0
2020,Tuscan Grand Prix,BOT,4,HARD,0.031830303030303604,0.09950303030302025,10,2.0,11.0
2020,Tuscan Grand Prix,BOT,6,SOFT,-0.12274175824175772,2.667725274725269,13,4.0,16.0
2020,Tuscan Grand Prix,GRO,3,SOFT,-0.0858348813209492,1.6505995872032984,18,2.0,19.0
2020,Tuscan Grand Prix,GRO,4,HARD,0.058416083916083585,0.298379953379953,12,3.0,14.0
2020,Tuscan Grand Prix,GRO,6,SOFT,-0.25001098901098895,4.3455164835164775,13,6.0,18.0
2020,Tuscan Grand Prix,HAM,3,MEDIUM,0.010499717673630506,0.6145262563523421,22,2.0,23.0
2020,Tuscan Grand Prix,HAM,4,HARD,0.025033333333333494,0.10046666666666569,9,2.0,10.0
2020,Tuscan Grand Prix,HAM,6,SOFT,-0.1852087912087914,3.739758241758246,13,5.0,17.0
2020,Tuscan Grand Prix,KVY,3,SOFT,-0.04112105263157913,1.299121052631577,19,2.0,20.0
2020,Tuscan Grand Prix,KVY,4,MEDIUM,0.04168181818181784,0.1608484848484922,12,10.0,21.0
2020,Tuscan Grand Prix,KVY,6,SOFT,-0.22731318681318663,3.3826813186813167,13,6.0,18.0
2020,Tuscan Grand Prix,LEC,3,SOFT,0.1142181818181816,0.05954545454545604,11,5.0,15.0
2020,Tuscan Grand Prix,LEC,4,HARD,-0.014936263736263748,1.0372439560439555,14,2.0,15.0
2020,Tuscan Grand Prix,LEC,6,SOFT,-0.3086758241758236,7.236994505494494,13,13.0,25.0
2020,Tuscan Grand Prix,NOR,3,SOFT,-0.059980701754385926,1.7552035087719284,19,5.0,23.0
2020,Tuscan Grand Prix,NOR,4,MEDIUM,-0.05288811188811193,0.7673275058275071,12,2.0,13.0
2020,Tuscan Grand Prix,NOR,6,SOFT,-0.22116483516483512,3.1285824175824217,13,5.0,17.0
2020,Tuscan Grand Prix,PER,3,SOFT,0.021106295149638823,0.7286205710354312,18,5.0,22.0
2020,Tuscan Grand Prix,PER,4,MEDIUM,-0.009494505494506011,0.8968021978021979,13,2.0,14.0
2020,Tuscan Grand Prix,PER,6,SOFT,-0.1906813186813185,3.124571428571423,13,5.0,17.0
2020,Tuscan Grand Prix,RAI,4,MEDIUM,-0.12160049019607812,2.9212671568627337,17,9.0,25.0
2020,Tuscan Grand Prix,RAI,5,HARD,0.00986813186813167,0.6933626373626418,13,2.0,14.0
2020,Tuscan Grand Prix,RAI,7,SOFT,-0.27642307692307727,4.183884615384617,13,5.0,17.0
2020,Tuscan Grand Prix,RIC,3,SOFT,-0.09056862745098043,1.8237058823529464,17,4.0,20.0
2020,Tuscan Grand Prix,RIC,4,MEDIUM,-0.14833406593406645,2.1862681318681347,14,2.0,15.0
2020,Tuscan Grand Prix,RIC,6,SOFT,-0.173675824175824,2.783895604395602,13,5.0,17.0
2020,Tuscan Grand Prix,RUS,3,MEDIUM,-0.05819122807017556,1.434629824561411,19,2.0,20.0
2020,Tuscan Grand Prix,RUS,4,HARD,0.03739160839160881,0.5493962703962695,12,2.0,13.0
2020,Tuscan Grand Prix,RUS,6,SOFT,-0.3745274725274719,4.9871978021978025,13,4.0,16.0
2020,Tuscan Grand Prix,STR,3,SOFT,-0.01944210526315798,1.095068421052633,20,4.0,23.0
2020,Tuscan Grand Prix,STR,4,MEDIUM,-0.11990909090909159,1.4815454545454632,11,2.0,12.0
2020,Tuscan Grand Prix,VET,4,SOFT,-0.0876305469556243,2.290790161678709,18,5.0,22.0
2020,Tuscan Grand Prix,VET,5,HARD,0.005994505494505842,0.31165934065933876,13,2.0,14.0
2020,Tuscan Grand Prix,VET,7,SOFT,-0.38165384615384607,5.703576923076923,13,5.0,17.0
2021,Abu Dhabi Grand Prix,ALO,1,HARD,-0.08539104278074862,2.9535510249554386,33,3.0,35.0
2021,Abu Dhabi Grand Prix,ALO,2,MEDIUM,-0.08845321931589568,2.3434602615694216,15,2.0,22.0
2021,Abu Dhabi Grand Prix,BOT,1,MEDIUM,-0.07677367268746586,2.7563245758073385,28,7.0,34.0
2021,Abu Dhabi Grand Prix,BOT,2,HARD,-0.0005744047619047391,1.3199553571428608,18,3.0,29.0
2021,Abu Dhabi Grand Prix,GAS,1,HARD,-0.08723796791443846,2.8640106951871607,33,2.0,34.0
2021,Abu Dhabi Grand Prix,GAS,2,MEDIUM,-0.15575384615384621,2.5675978021978034,14,5.0,18.0
2021,Abu Dhabi Grand Prix,GIO,1,MEDIUM,-0.12283214285714304,1.7273559523809465,15,2.0,16.0
2021,Abu Dhabi Grand Prix,GIO,2,HARD,-0.04193214285714306,0.8774559523809617,15,2.0,16.0
2021,Abu Dhabi Grand Prix,HAM,1,MEDIUM,-0.04679370629370652,0.86191724941725,12,5.0,16.0
2021,Abu Dhabi Grand Prix,HAM,2,HARD,-0.04495502851996393,2.101236325427803,35,3.0,45.0
2021,Abu Dhabi Grand Prix,LAT,1,MEDIUM,-0.05512444444444446,1.6174967521367554,26,2.0,27.0
2021,Abu Dhabi Grand Prix,LAT,2,HARD,0.03274251391219854,0.16713108382651176,18,2.0,21.0
2021,Abu Dhabi Grand Prix,LEC,1,SOFT,-0.0040714285714287075,0.632554945054949,13,5.0,17.0
2021,Abu Dhabi Grand Prix,LEC,2,HARD,-0.010117647058823752,0.6463464052287664,18,2.0,19.0
2021,Abu Dhabi Grand Prix,LEC,3,MEDIUM,0.04407734806629862,-8.372290693820003e-05,13,8.0,28.0
2021,Abu Dhabi Grand Prix,MSC,1,SOFT,-0.2577827868852475,2.1322991803278755,7,2.0,9.0
2021,Abu Dhabi Grand Prix,MSC,2,HARD,-0.0201775184977216,1.4445161174909746,38,2.0,41.0
2021,Abu Dhabi Grand Prix,NOR,1,SOFT,-0.028460714285714565,0.6648619047619144,15,5.0,19.0
2021,Abu Dhabi Grand Prix,NOR,2,HARD,-0.06598921936663785,1.9704466262392892,26,2.0,30.0
2021,Abu Dhabi Grand Prix,OCO,1,SOFT,-0.046719780219779815,0.8638406593406519,13,5.0,17.0
2021,Abu Dhabi Grand Prix,OCO,2,HARD,-0.025066778405081095,1.568553810868033,33,3.0,44.0
2021,Abu Dhabi Grand Prix,PER,1,SOFT,0.1409017543859648,-1.1715719298245562,19,5.0,23.0
2021,Abu Dhabi Grand Prix,PER,2,HARD,-0.07362087912087951,1.278736263736269,13,2.0,14.0
2021,Abu Dhabi Grand Prix,PER,3,HARD,-0.020825000000000222,0.5272916666666724,15,2.0,16.0
2021,Abu Dhabi Grand Prix,RAI,1,MEDIUM,-0.1141807017543858,2.1758824561403496,19,2.0,20.0
2021,Abu Dhabi Grand Prix,RIC,1,SOFT,-0.04133382352941193,0.9812352941176494,16,5.0,20.0
2021,Abu Dhabi Grand Prix,RIC,2,HARD,-0.012978375300518779,0.7082433759331916,29,2.0,33.0
2021,Abu Dhabi Grand Prix,RUS,1,MEDIUM,-0.06447869565217396,1.971337391304342,24,2.0,25.0
2021,Abu Dhabi Grand Prix,SAI,1,SOFT,-0.03410539215686273,1.2013700980392084,17,5.0,21.0
2021,Abu Dhabi Grand Prix,SAI,2,HARD,-0.0622530495499284,2.234389038445364,30,2.0,39.0
2021,Abu Dhabi Grand Prix,STR,1,MEDIUM,-0.12417129381498536,2.248061957337332,18,2.0,20.0
2021,Abu Dhabi Grand Prix,STR,2,HARD,-0.04388634137654707,1.5298727628884399,24,2.0,30.0
2021,Abu Dhabi Grand Prix,TSU,1,MEDIUM,-0.06745194805194801,1.825088311688309,21,6.0,26.0
2021,Abu Dhabi Grand Prix,TSU,2,HARD,-0.08331448382126355,2.2996708782742736,24,2.0,28.0
2021,Abu Dhabi Grand Prix,VER,1,SOFT,0.015845454545454912,0.09772727272727143,11,5.0,15.0
2021,Abu Dhabi Grand Prix,VER,2,HARD,-0.05655244908387484,1.3184779910942384,20,2.0,22.0
2021,Abu Dhabi Grand Prix,VER,3,HARD,0.063182142857143,-0.0034392857142805304,15,2.0,16.0
2021,Abu Dhabi Grand Prix,VET,1,MEDIUM,-0.09362876404494366,2.0036548314606746,19,2.0,22.0
2021,Abu Dhabi Grand Prix,VET,2,HARD,-0.061707726154428585,1.8645296650264986,23,2.0,35.0
2021,Austrian Grand Prix,ALO,1,MEDIUM,-0.07530213464696227,2.12500164203612,28,4.0,31.0
2021,Austrian Grand Prix,ALO,2,HARD,-0.018721638285378654,1.3881880798590684,34,2.0,38.0
2021,Austrian Grand Prix,BOT,1,MEDIUM,-0.02816615384615386,1.1521630769230842,26,7.0,32.0
2021,Austrian Grand Prix,BOT,2,HARD,-0.005183958724202559,0.6413801125703595,40,2.0,41.0
2021,Austrian Grand Prix,GAS,1,SOFT,-0.07019999999999929,1.4959777777777707,9,7.0,15.0
2021,Austrian Grand Prix,GAS,2,HARD,-0.041496563573883025,1.3555859106529122,28,2.0,31.0
2021,Austrian Grand Prix,GAS,3,HARD,-0.0002337273959160179,0.38205499743002597,22,2.0,25.0
2021,Austrian Grand Prix,GIO,2,HARD,-0.07800099378881999,2.2021811180124256,24,3.0,27.0
2021,Austrian Grand Prix,GIO,3,HARD,-0.024849249530956817,1.2896838649155693,40,2.0,41.0
2021,Austrian Grand Prix,HAM,1,MEDIUM,-0.01770451770451773,0.7807940577940509,27,7.0,33.0
2021,Austrian Grand Prix,HAM,2,HARD,0.012404511278195373,0.16304812030075913,20,2.0,21.0
2021,Austrian Grand Prix,HAM,3,HARD,0.08534313725490192,0.15198039215685993,17,2.0,18.0
2021,Austrian Grand Prix,LAT,1,MEDIUM,-0.062058128078817526,1.9660118226600898,29,4.0,32.0
2021,Austrian Grand Prix,LAT,2,HARD,-0.03604311454311463,1.869424066924072,36,2.0,37.0
2021,Austrian Grand Prix,LEC,1,MEDIUM,-0.07816907675194669,2.82710181683352,30,7.0,36.0
2021,Austrian Grand Prix,LEC,2,HARD,-0.004842871414300023,0.6609877622377688,32,2.0,37.0
2021,Austrian Grand Prix,MAZ,1,MEDIUM,-0.04204485243985603,1.3492399435083355,21,4.0,26.0
2021,Austrian Grand Prix,MAZ,2,HARD,-0.019382798960138465,0.6023769497400279,15,2.0,17.0
2021,Austrian Grand Prix,MAZ,3,HARD,0.06923023715415004,0.3643982213438709,23,2.0,24.0
2021,Austrian Grand Prix,MSC,1,MEDIUM,-0.055426473859844325,2.1229897664071244,30,4.0,33.0
2021,Austrian Grand Prix,MSC,2,HARD,0.026346581098192694,0.5280621618510374,33,2.0,35.0
2021,Austrian Grand Prix,NOR,1,MEDIUM,0.002061538461538288,0.4084923076923164,26,7.0,32.0
2021,Austrian Grand Prix,NOR,2,HARD,-0.002611444652908057,0.4641460600375196,40,2.0,41.0
2021,Austrian Grand Prix,PER,1,MEDIUM,-0.10282539682539696,3.2812063492063475,28,7.0,34.0
2021,Austrian Grand Prix,PER,2,HARD,-0.02793226830068945,1.3540062370062453,38,2.0,39.0
2021,Austrian Grand Prix,RAI,1,HARD,-0.06731774193548386,2.2002306451612927,31,4.0,34.0
2021,Austrian Grand Prix,RAI,2,MEDIUM,-0.027826440438317564,1.5164452986921224,28,2.0,32.0
2021,Austrian Grand Prix,RIC,1,MEDIUM,-0.09127615384615384,2.3163784615384597,25,4.0,28.0
2021,Austrian Grand Prix,RIC,2,HARD,-0.010840696831850594,0.8142023972464953,39,2.0,42.0
2021,Austrian Grand Prix,RUS,1,MEDIUM,-0.08196205128205108,2.4992984615384564,26,7.0,32.0
2021,Austrian Grand Prix,RUS,2,HARD,0.002777935222672026,0.778432591093113,39,2.0,40.0
2021,Austrian Grand Prix,SAI,1,HARD,-0.055029325301453366,2.3697590367245325,42,4.0,47.0
2021,Austrian Grand Prix,SAI,2,MEDIUM,0.012875776397515743,0.6680163749294155,22,5.0,26.0
2021,Austrian Grand Prix,STR,1,SOFT,-0.07712727272727306,1.3727636363636389,10,7.0,16.0
2021,Austrian Grand Prix,STR,2,HARD,-0.016821134593993224,0.877115387467556,30,2.0,31.0
2021,Austrian Grand Prix,STR,3,HARD,0.01666501976284547,0.2023547430830019,23,2.0,24.0
2021,Austrian Grand Prix,TSU,1,SOFT,-0.107630952380953,1.8405000000000018,8,7.0,14.0
2021,Austrian Grand Prix,TSU,2,HARD,-0.04231923978566632,1.7051430767825593,33,2.0,38.0
2021,Austrian Grand Prix,TSU,3,HARD,0.014120743034055642,0.23445442036464081,18,2.0,19.0
2021,Austrian Grand Prix,VER,1,MEDIUM,0.002355500821018111,0.38374794745483753,28,7.0,34.0
2021,Austrian Grand Prix,VER,2,HARD,-0.03534666666666675,1.2772574358974438,26,2.0,27.0
2021,Austrian Grand Prix,VER,3,HARD,0.04471515151515055,1.3125515151515184,10,2.0,11.0
2021,Austrian Grand Prix,VET,1,SOFT,-0.0904615384615382,2.185615384615387,13,7.0,19.0
2021,Austrian Grand Prix,VET,2,HARD,-0.029729905093937616,1.0365734069339472,28,2.0,31.0
2021,Austrian Grand Prix,VET,3,HARD,0.04145087719298238,0.055882456140348605,19,2.0,20.0
2021,Azerbaijan Grand Prix,ALO,2,HARD,-0.06884805194805205,1.7156051948051974,21,2.0,22.0
2021,Azerbaijan Grand Prix,ALO,3,SOFT,-0.43431818181818166,5.685590909090909,11,4.0,14.0
2021,Azerbaijan Grand Prix,BOT,1,SOFT,-0.2139333333333338,2.811222222222224,9,6.0,14.0
2021,Azerbaijan Grand Prix,BOT,2,HARD,0.019904376958824167,1.242676839943796,29,2.0,35.0
2021,Azerbaijan Grand Prix,GAS,1,SOFT,-0.23575000000000013,3.4222500000000013,9,7.0,15.0
2021,Azerbaijan Grand Prix,GAS,2,HARD,-0.04594134875175618,2.352329655246946,29,2.0,35.0
2021,Azerbaijan Grand Prix,GIO,2,HARD,-0.04714632478632492,1.5088140170940267,26,2.0,27.0
2021,Azerbaijan Grand Prix,GIO,3,HARD,-0.558372727272727,5.860154545454543,11,2.0,12.0
2021,Azerbaijan Grand Prix,HAM,1,SOFT,-0.1750833333333335,2.336388888888894,9,6.0,14.0
2021,Azerbaijan Grand Prix,HAM,2,HARD,-0.03353743650707874,1.7866872257646105,29,2.0,35.0
2021,Azerbaijan Grand Prix,LAT,1,MEDIUM,-0.43092857142857127,2.951642857142851,7,2.0,8.0
2021,Azerbaijan Grand Prix,LAT,2,HARD,0.01722247688084655,1.3750396823281663,30,2.0,37.0
2021,Azerbaijan Grand Prix,LEC,1,SOFT,-0.0985714285714272,1.8961428571428403,7,5.0,11.0
2021,Azerbaijan Grand Prix,LEC,2,HARD,-0.05167087912087917,2.5216274725274697,31,2.0,37.0
2021,Azerbaijan Grand Prix,MAZ,1,SOFT,-0.2588214285714293,2.2979642857142935,7,2.0,8.0
2021,Azerbaijan Grand Prix,MAZ,2,HARD,0.06406842105263123,1.0238263157894751,19,2.0,20.0
2021,Azerbaijan Grand Prix,MAZ,3,SOFT,0.013142857142856597,0.832428571428575,8,4.0,11.0
2021,Azerbaijan Grand Prix,MSC,1,SOFT,-0.4479714285714289,2.826371428571433,6,2.0,7.0
2021,Azerbaijan Grand Prix,MSC,2,HARD,-0.026774436090225617,0.7842060150375914,20,2.0,21.0
2021,Azerbaijan Grand Prix,MSC,3,SOFT,-0.07648809523809537,1.316535714285722,8,4.0,11.0
2021,Azerbaijan Grand Prix,NOR,2,HARD,-0.023733885679537877,2.1273118729097056,33,2.0,39.0
2021,Azerbaijan Grand Prix,PER,1,SOFT,-0.17359090909090955,2.5039090909091004,11,5.0,15.0
2021,Azerbaijan Grand Prix,PER,2,HARD,-0.029699278866078992,1.6136543806813475,27,2.0,33.0
2021,Azerbaijan Grand Prix,RAI,1,MEDIUM,-0.24133636363636346,2.783263636363639,11,2.0,12.0
2021,Azerbaijan Grand Prix,RAI,2,HARD,-0.030075589986370912,2.3959417832293215,26,2.0,33.0
2021,Azerbaijan Grand Prix,RIC,1,SOFT,-0.2475999999999994,2.250155555555552,9,2.0,10.0
2021,Azerbaijan Grand Prix,RIC,2,HARD,-0.020168031989625,1.754627882848811,29,2.0,35.0
2021,Azerbaijan Grand Prix,RUS,2,HARD,-0.11490598290598289,3.158960113960112,27,2.0,28.0
2021,Azerbaijan Grand Prix,RUS,3,HARD,-0.6154727272727278,6.337854545454549,11,2.0,12.0
2021,Azerbaijan Grand Prix,SAI,1,SOFT,-0.2947380952380949,3.489773809523808,8,5.0,12.0
2021,Azerbaijan Grand Prix,SAI,2,HARD,-0.03286972623195628,2.069963962170233,29,2.0,36.0
2021,Azerbaijan Grand Prix,STR,1,HARD,-0.13275287356321827,3.386705254515604,28,2.0,29.0
2021,Azerbaijan Grand Prix,TSU,1,SOFT,-0.1696428571428588,2.5366428571428767,7,8.0,14.0
2021,Azerbaijan Grand Prix,TSU,2,HARD,-0.03187031250000008,2.4791781250000087,31,2.0,37.0
2021,Azerbaijan Grand Prix,VER,1,SOFT,-0.17533939393939382,1.8265454545454543,10,3.0,12.0
2021,Azerbaijan Grand Prix,VER,2,HARD,-0.036290216447792116,1.694705499397984,27,2.0,33.0
2021,Azerbaijan Grand Prix,VET,1,SOFT,-0.21143676470588257,3.346711764705889,16,2.0,17.0
2021,Azerbaijan Grand Prix,VET,2,HARD,-0.048632678132678235,2.134353808353809,22,2.0,28.0
2021,Bahrain Grand Prix,ALO,2,MEDIUM,0.06423529411764704,0.3835147058823586,16,2.0,17.0
2021,Bahrain Grand Prix,BOT,1,MEDIUM,-0.011884848484848552,0.69474545454545,10,9.0,18.0
2021,Bahrain Grand Prix,BOT,2,HARD,0.08118881118881176,0.029750582750578465,12,2.0,13.0
2021,Bahrain Grand Prix,BOT,3,HARD,-0.005809712027103226,0.4424850367024236,22,2.0,23.0
2021,Bahrain Grand Prix,GAS,2,HARD,0.16634615384615403,-0.2471538461538524,13,2.0,14.0
2021,Bahrain Grand Prix,GAS,3,MEDIUM,0.040713106295149605,0.02420639834880784,18,5.0,22.0
2021,Bahrain Grand Prix,GAS,4,HARD,-0.0032090909090904903,0.389009090909085,11,2.0,12.0
2021,Bahrain Grand Prix,GIO,1,MEDIUM,-0.023999999999999667,0.34499999999999537,6,6.0,11.0
2021,Bahrain Grand Prix,GIO,2,HARD,-0.017572058823529503,0.5199970588235232,16,2.0,17.0
2021,Bahrain Grand Prix,GIO,3,MEDIUM,0.009684347826087038,0.880011304347825,24,2.0,25.0
2021,Bahrain Grand Prix,HAM,1,MEDIUM,0.037892857142857395,-0.35157142857143425,7,9.0,15.0
2021,Bahrain Grand Prix,HAM,2,HARD,0.07885714285714249,0.6043736263736281,13,2.0,14.0
2021,Bahrain Grand Prix,HAM,3,HARD,0.001370573870573763,0.6279599104599111,27,2.0,28.0
2021,Bahrain Grand Prix,LAT,1,SOFT,-0.05348809523809483,1.0490119047619004,8,6.0,13.0
2021,Bahrain Grand Prix,LAT,2,MEDIUM,0.11977205882352934,0.16422794117646755,16,2.0,17.0
2021,Bahrain Grand Prix,LAT,3,MEDIUM,0.32413235294117676,-1.5639117647058776,17,2.0,18.0
2021,Bahrain Grand Prix,LEC,1,SOFT,-0.026685714285713476,1.032552380952374,6,9.0,14.0
2021,Bahrain Grand Prix,LEC,2,MEDIUM,0.0464840041279668,0.4584179566563422,18,2.0,19.0
2021,Bahrain Grand Prix,LEC,3,HARD,0.061058300395256684,-0.32184486166007586,23,2.0,24.0
2021,Bahrain Grand Prix,MSC,1,MEDIUM,0.12294047619047632,-0.6478095238095233,8,6.0,13.0
2021,Bahrain Grand Prix,MSC,2,MEDIUM,0.062286764705882756,0.05113235294117295,17,2.0,18.0
2021,Bahrain Grand Prix,MSC,3,HARD,0.0226883116883116,0.833216450216451,21,2.0,22.0
2021,Bahrain Grand Prix,NOR,1,SOFT,-0.06194285714285732,1.234342857142855,6,9.0,14.0
2021,Bahrain Grand Prix,NOR,2,MEDIUM,0.04244210526315794,0.5531368421052618,19,2.0,20.0
2021,Bahrain Grand Prix,NOR,3,HARD,0.05139469226425748,-0.0367972896668525,22,2.0,23.0
2021,Bahrain Grand Prix,OCO,1,SOFT,0.054642857142855675,-0.21678571428570736,7,6.0,12.0
2021,Bahrain Grand Prix,OCO,2,MEDIUM,0.013785294117646948,0.538414705882349,16,2.0,17.0
2021,Bahrain Grand Prix,OCO,3,HARD,0.031198616600790617,0.9713745059288537,23,2.0,24.0
2021,Bahrain Grand Prix,PER,2,MEDIUM,-0.027587912087912742,1.131335164835177,13,7.0,19.0
2021,Bahrain Grand Prix,PER,3,HARD,0.02012254901960776,0.440009803921565,17,2.0,18.0
2021,Bahrain Grand Prix,PER,4,MEDIUM,0.0328749999999997,0.06758088235294721,17,7.0,23.0
2021,Bahrain Grand Prix,RAI,1,MEDIUM,-0.014035714285714271,0.4106071428571419,7,6.0,12.0
2021,Bahrain Grand Prix,RAI,2,HARD,-0.02466813186813109,0.8753934065934023,14,2.0,15.0
2021,Bahrain Grand Prix,RAI,3,MEDIUM,-0.046090598290598375,1.5468905982906052,26,2.0,27.0
2021,Bahrain Grand Prix,RIC,1,SOFT,0.1074999999999992,-0.8059999999999908,7,9.0,15.0
2021,Bahrain Grand Prix,RIC,2,MEDIUM,0.007301470588235169,0.4639264705882349,17,2.0,18.0
2021,Bahrain Grand Prix,RIC,3,HARD,0.022828063241106766,0.2916264822134342,23,2.0,24.0
2021,Bahrain Grand Prix,RUS,1,SOFT,-0.21917857142857156,2.491178571428577,7,6.0,12.0
2021,Bahrain Grand Prix,RUS,2,MEDIUM,0.03247012987012951,0.26878701298701724,21,2.0,22.0
2021,Bahrain Grand Prix,RUS,3,MEDIUM,0.031415892672858395,0.5544664602683178,18,2.0,19.0
2021,Bahrain Grand Prix,SAI,1,SOFT,0.04031666666666653,0.03243888888889224,9,9.0,17.0
2021,Bahrain Grand Prix,SAI,2,MEDIUM,-0.011331578947368586,0.7810631578947429,20,2.0,21.0
2021,Bahrain Grand Prix,SAI,3,HARD,0.043408668730650114,0.04926453388372885,18,2.0,19.0
2021,Bahrain Grand Prix,STR,1,SOFT,0.10748571428571346,-0.7984190476190416,6,9.0,14.0
2021,Bahrain Grand Prix,STR,2,MEDIUM,0.0036000000000004787,0.6593999999999961,14,2.0,15.0
2021,Bahrain Grand Prix,STR,3,HARD,0.08229975579975564,0.09598514448515101,27,2.0,28.0
2021,Bahrain Grand Prix,TSU,1,MEDIUM,0.017950000000000754,0.21853888888888617,9,9.0,17.0
2021,Bahrain Grand Prix,TSU,2,HARD,0.006544117647058444,0.660955882352944,16,2.0,17.0
2021,Bahrain Grand Prix,TSU,3,HARD,0.06852173913043469,0.08175098814230045,22,2.0,23.0
2021,Bahrain Grand Prix,VER,1,MEDIUM,0.1169272727272729,-1.1751636363636402,11,9.0,19.0
2021,Bahrain Grand Prix,VER,2,MEDIUM,0.05316315789473707,0.20877368421051817,20,2.0,21.0
2021,Bahrain Grand Prix,VER,3,HARD,0.12708088235294124,-0.29508088235293817,16,2.0,17.0
2021,Bahrain Grand Prix,VET,1,MEDIUM,0.09978534571723445,-0.2048875128998947,18,6.0,23.0
2021,Bahrain Grand Prix,VET,2,HARD,0.08337908787541727,0.22907838338894732,30,2.0,31.0
2021,British Grand Prix,ALO,2,MEDIUM,-0.09966842105263149,2.381110526315785,19,4.0,22.0
2021,British Grand Prix,ALO,3,HARD,-0.05188400488400479,1.9601859991860024,27,2.0,28.0
2021,British Grand Prix,BOT,2,MEDIUM,-0.08676470588235302,1.6047058823529372,17,3.0,19.0
2021,British Grand Prix,BOT,3,HARD,-0.021051724137930997,1.3999310344827576,29,2.0,30.0
2021,British Grand Prix,GAS,2,MEDIUM,-0.13823399653979257,3.4633343425605614,20,5.0,27.0
2021,British Grand Prix,GAS,3,HARD,-0.05579411764705909,1.230669117647065,16,2.0,17.0
2021,British Grand Prix,GIO,2,MEDIUM,-0.14782343499197434,2.9717255216693497,17,3.0,20.0
2021,British Grand Prix,GIO,3,HARD,-0.007689865689865656,1.0966442816442787,27,2.0,28.0
2021,British Grand Prix,HAM,2,MEDIUM,-0.05230434782608709,1.499790513833994,22,3.0,24.0
2021,British Grand Prix,HAM,3,HARD,-0.03860304347826068,1.5983494202898538,24,2.0,25.0
2021,British Grand Prix,LAT,2,MEDIUM,-0.1547296703296703,2.311789010989014,14,3.0,16.0
2021,British Grand Prix,LAT,3,HARD,-0.015069758064516025,1.086347177419349,31,2.0,32.0
2021,British Grand Prix,LEC,2,MEDIUM,-0.05437304347826091,1.3779091304347837,24,3.0,26.0
2021,British Grand Prix,LEC,3,HARD,0.0029332588498177242,0.849331059626011,21,2.0,23.0
2021,British Grand Prix,MAZ,2,MEDIUM,-0.22100000000000014,5.3144285714285715,21,5.0,25.0
2021,British Grand Prix,MAZ,3,HARD,-0.10379461538461553,2.687924615384611,25,2.0,26.0
2021,British Grand Prix,MSC,2,MEDIUM,-0.11592631578947386,2.498726315789474,19,4.0,22.0
2021,British Grand Prix,MSC,3,HARD,-0.11287418803418828,3.011175726495735,26,2.0,27.0
2021,British Grand Prix,NOR,2,MEDIUM,-0.07442794117647038,1.6759117647058734,16,5.0,20.0
2021,British Grand Prix,NOR,3,HARD,-0.018781317477703046,1.0235841026443413,29,2.0,31.0
2021,British Grand Prix,OCO,2,MEDIUM,-0.08613626373626337,1.4134373626373642,14,3.0,16.0
2021,British Grand Prix,OCO,3,HARD,-0.034605938416422254,1.2778539222873957,32,2.0,33.0
2021,British Grand Prix,PER,2,HARD,-0.3358736263736262,4.6478901098901035,13,4.0,16.0
2021,British Grand Prix,PER,3,MEDIUM,0.06737770897832837,0.20381183350533055,18,2.0,19.0
2021,British Grand Prix,PER,4,MEDIUM,0.025440476190476458,0.8749523809523814,8,2.0,9.0
2021,British Grand Prix,RAI,2,MEDIUM,-0.12302024291498011,1.8087722672064837,12,3.0,15.0
2021,British Grand Prix,RAI,3,HARD,-0.0009998167155423538,1.7229030425219953,32,2.0,33.0
2021,British Grand Prix,RIC,2,MEDIUM,-0.035973051519154496,0.8292422721268186,14,5.0,19.0
2021,British Grand Prix,RIC,3,HARD,-0.04867862903225806,1.824278629032253,31,2.0,32.0
2021,British Grand Prix,RUS,2,MEDIUM,-0.1751758241758238,2.5739670329670274,13,3.0,15.0
2021,British Grand Prix,RUS,3,HARD,-0.028398826979472082,1.7218544721407572,32,2.0,33.0
2021,British Grand Prix,SAI,2,MEDIUM,-0.10581896551724133,2.8398940886699457,21,3.0,25.0
2021,British Grand Prix,SAI,3,HARD,-0.034928853754940564,1.2195098814229244,23,2.0,24.0
2021,British Grand Prix,STR,2,MEDIUM,-0.1053684210526316,2.2716959064327527,18,5.0,22.0
2021,British Grand Prix,STR,3,HARD,-0.04465900383141748,1.7334611384783738,28,4.0,31.0
2021,British Grand Prix,TSU,2,MEDIUM,-0.1540369230769229,4.266747692307689,25,5.0,29.0
2021,British Grand Prix,TSU,3,HARD,-0.13267272727272716,3.392787012987017,21,2.0,22.0
2021,British Grand Prix,VET,2,MEDIUM,-0.05462637362637381,1.253769230769228,13,8.0,20.0
2021,British Grand Prix,VET,3,HARD,-0.00021338083927154605,0.362190815518609,19,4.0,23.0
2021,Dutch Grand Prix,ALO,1,SOFT,-0.05184112903225805,2.1911451612903243,31,5.0,35.0
2021,Dutch Grand Prix,ALO,2,MEDIUM,-0.030844713134186862,2.030596965386447,37,2.0,38.0
2021,Dutch Grand Prix,BOT,1,SOFT,0.025360098522167418,0.04634975369458111,29,6.0,34.0
2021,Dutch Grand Prix,BOT,2,MEDIUM,0.005082658517952475,0.5468531703590491,34,2.0,35.0
2021,Dutch Grand Prix,GAS,1,SOFT,0.0013365330321852469,0.3527837380011299,22,5.0,26.0
2021,Dutch Grand Prix,GAS,2,MEDIUM,-0.0026390995991365652,0.8925057662658051,46,2.0,47.0
2021,Dutch Grand Prix,GIO,1,SOFT,-0.05971230769230779,1.7740692307692367,25,5.0,29.0
2021,Dutch Grand Prix,GIO,3,HARD,-0.020436164736164653,1.5742552123552105,36,2.0,37.0
2021,Dutch Grand Prix,HAM,1,SOFT,0.01966253869969032,0.17483763329893542,18,6.0,23.0
2021,Dutch Grand Prix,HAM,2,MEDIUM,0.034789215686274265,0.6504607843137232,17,2.0,18.0
2021,Dutch Grand Prix,HAM,3,MEDIUM,0.012807389162561614,0.43863103448276203,29,7.0,35.0
2021,Dutch Grand Prix,KUB,1,MEDIUM,-0.00289714410767048,1.2381546121019855,38,2.0,39.0
2021,Dutch Grand Prix,KUB,2,HARD,0.10837832512315279,-0.3913635467980244,29,2.0,30.0
2021,Dutch Grand Prix,LAT,1,MEDIUM,-0.014567532467532363,1.1776199134199175,21,2.0,22.0
2021,Dutch Grand Prix,LAT,2,HARD,0.04841813135985196,0.40592969472709906,46,2.0,47.0
2021,Dutch Grand Prix,LEC,1,SOFT,-0.004843658357771164,0.7197637463343107,32,5.0,36.0
2021,Dutch Grand Prix,LEC,2,HARD,0.023125353925354003,0.166222265122263,36,2.0,37.0
2021,Dutch Grand Prix,MAZ,1,MEDIUM,-0.0126431451612903,1.2560947580645123,31,2.0,32.0
2021,Dutch Grand Prix,MAZ,2,HARD,0.19000000000000092,-0.010000000000005192,6,2.0,7.0
2021,Dutch Grand Prix,MSC,2,HARD,0.04265695652173921,1.358839420289859,24,2.0,25.0
2021,Dutch Grand Prix,MSC,3,MEDIUM,0.04568990042674255,0.3451465149359808,38,2.0,39.0
2021,Dutch Grand Prix,NOR,1,MEDIUM,-0.058243527204502855,2.40833583489681,40,2.0,41.0
2021,Dutch Grand Prix,NOR,2,HARD,0.06962972085385864,-0.20943924466338432,28,2.0,29.0
2021,Dutch Grand Prix,OCO,1,SOFT,-0.06204482758620692,1.8798517241379304,29,5.0,33.0
2021,Dutch Grand Prix,OCO,2,MEDIUM,-0.024506072874494016,1.6373711201079675,39,2.0,40.0
2021,Dutch Grand Prix,PER,1,HARD,0.34948571428571373,-0.25335238095238155,6,2.0,7.0
2021,Dutch Grand Prix,PER,2,MEDIUM,0.038399715504978595,1.0184381223328587,37,2.0,38.0
2021,Dutch Grand Prix,PER,3,SOFT,0.09351482213438735,-0.07151877470355533,23,2.0,24.0
2021,Dutch Grand Prix,RIC,1,SOFT,-0.051204433497536825,1.6488177339901406,28,5.0,32.0
2021,Dutch Grand Prix,RIC,2,HARD,-0.03328405253283303,1.7846571294559088,40,2.0,41.0
2021,Dutch Grand Prix,RUS,1,MEDIUM,-0.07093384615384611,2.1123138461538384,25,2.0,26.0
2021,Dutch Grand Prix,RUS,2,HARD,-0.009662753036437231,1.1177896086369763,39,2.0,40.0
2021,Dutch Grand Prix,SAI,1,SOFT,-0.0220679802955667,0.9503605911330039,29,5.0,33.0
2021,Dutch Grand Prix,SAI,2,HARD,0.021535829959514106,0.3204398785425048,39,2.0,40.0
2021,Dutch Grand Prix,STR,1,SOFT,-0.0630700000000002,1.8123400000000056,25,2.0,26.0
2021,Dutch Grand Prix,STR,2,HARD,0.008292115711854725,0.812117872673741,42,2.0,43.0
2021,Dutch Grand Prix,TSU,1,SOFT,-0.05905714285714276,1.8191901477832428,29,2.0,30.0
2021,Dutch Grand Prix,TSU,2,MEDIUM,-0.0782499999999997,1.4517166666666617,15,2.0,16.0
2021,Dutch Grand Prix,VER,1,SOFT,0.039396491228070256,-0.21412982456140536,19,5.0,23.0
2021,Dutch Grand Prix,VER,2,MEDIUM,-0.0243357843137254,1.0434754901960719,17,2.0,18.0
2021,Dutch Grand Prix,VER,3,HARD,0.01150685483870967,0.40628669354837993,31,2.0,32.0
2021,Dutch Grand Prix,VET,1,SOFT,-0.1345476190476185,1.4275119047619034,8,2.0,9.0
2021,Dutch Grand Prix,VET,2,HARD,0.022627932551319594,0.7160736803519062,32,2.0,33.0
2021,Dutch Grand Prix,VET,3,MEDIUM,-0.04860461538461547,1.9478646153846193,25,2.0,26.0
2021,Emilia Romagna Grand Prix,ALO,1,INTERMEDIATE,-0.6226272727272728,15.874282683982672,21,7.0,27.0
2021,Emilia Romagna Grand Prix,ALO,4,MEDIUM,-0.16054929130526754,4.62191791834144,28,6.0,34.0
2021,Emilia Romagna Grand Prix,BOT,1,INTERMEDIATE,-0.5863311688311691,13.798487012987016,21,7.0,27.0
2021,Emilia Romagna Grand Prix,GAS,1,WET,-0.6735000000000018,9.428428571428588,7,7.0,13.0
2021,Emilia Romagna Grand Prix,GAS,2,INTERMEDIATE,-0.020818181818181278,1.1474181818181748,10,2.0,11.0
2021,Emilia Romagna Grand Prix,GAS,5,MEDIUM,-0.14847783251231517,4.760236453201971,29,8.0,36.0
2021,Emilia Romagna Grand Prix,GIO,1,INTERMEDIATE,-0.6329225563909776,14.524672180451127,20,7.0,26.0
2021,Emilia Romagna Grand Prix,GIO,5,MEDIUM,-0.04033925306868621,1.5890474014102873,20,15.0,35.0
2021,Emilia Romagna Grand Prix,HAM,1,INTERMEDIATE,-0.29251948051948057,7.327116883116881,21,7.0,27.0
2021,Emilia Romagna Grand Prix,HAM,5,MEDIUM,-0.14664236453201965,5.08967881773399,29,3.0,31.0
2021,Emilia Romagna Grand Prix,LEC,1,INTERMEDIATE,-0.38822727272727253,9.399054112554099,21,7.0,27.0
2021,Emilia Romagna Grand Prix,LEC,3,MEDIUM,-0.1078532019704436,3.3751586206896547,29,7.0,35.0
2021,Emilia Romagna Grand Prix,MAZ,2,INTERMEDIATE,-0.44395000000000007,6.018255555555556,9,2.0,10.0
2021,Emilia Romagna Grand Prix,MAZ,5,MEDIUM,-0.0852955665024628,4.724591133004921,28,3.0,30.0
2021,Emilia Romagna Grand Prix,MSC,2,INTERMEDIATE,-0.7090725274725275,10.588116483516476,14,2.0,15.0
2021,Emilia Romagna Grand Prix,MSC,3,SOFT,-0.856964285714285,10.86585714285714,7,5.0,11.0
2021,Emilia Romagna Grand Prix,MSC,5,MEDIUM,-0.1742942779291552,4.956636693914621,27,3.0,30.0
2021,Emilia Romagna Grand Prix,NOR,1,INTERMEDIATE,-0.5089194805194807,12.363345454545446,21,7.0,27.0
2021,Emilia Romagna Grand Prix,NOR,3,SOFT,-0.0975733990147783,2.910976354679802,29,4.0,32.0
2021,Emilia Romagna Grand Prix,OCO,2,INTERMEDIATE,-0.6370894736842103,14.626436842105266,20,6.0,25.0
2021,Emilia Romagna Grand Prix,OCO,6,MEDIUM,-0.1504620689655173,4.317931034482759,29,6.0,34.0
2021,Emilia Romagna Grand Prix,PER,1,INTERMEDIATE,-0.4274350649350646,11.068491341991333,21,7.0,27.0
2021,Emilia Romagna Grand Prix,PER,3,SOFT,-0.08150891601507558,3.2917532767058506,28,4.0,32.0
2021,Emilia Romagna Grand Prix,RAI,1,INTERMEDIATE,-0.7529280701754391,16.580743859649125,19,7.0,25.0
2021,Emilia Romagna Grand Prix,RAI,4,MEDIUM,-0.14049753694581282,4.564305418719214,29,9.0,37.0
2021,Emilia Romagna Grand Prix,RIC,1,INTERMEDIATE,-0.46738646616541357,11.103176691729319,20,7.0,26.0
2021,Emilia Romagna Grand Prix,RIC,3,SOFT,-0.0987299921087885,2.7568337890660874,28,4.0,32.0
2021,Emilia Romagna Grand Prix,RUS,1,INTERMEDIATE,-0.7509807017543861,16.035375438596486,19,7.0,25.0
2021,Emilia Romagna Grand Prix,SAI,1,INTERMEDIATE,-0.6386293233082709,14.504833834586464,20,7.0,26.0
2021,Emilia Romagna Grand Prix,SAI,3,MEDIUM,-0.11663891625615776,3.5921251231527167,29,8.0,36.0
2021,Emilia Romagna Grand Prix,STR,1,INTERMEDIATE,-0.6213511278195492,14.416543609022554,20,7.0,26.0
2021,Emilia Romagna Grand Prix,STR,4,MEDIUM,-0.13407586206896535,4.293875862068964,29,8.0,36.0
2021,Emilia Romagna Grand Prix,TSU,1,INTERMEDIATE,-0.697080495356037,15.519136566907457,18,7.0,24.0
2021,Emilia Romagna Grand Prix,TSU,4,SOFT,-0.09726930119011314,3.119687112196124,24,3.0,30.0
2021,Emilia Romagna Grand Prix,VER,1,INTERMEDIATE,-0.2023563909774437,5.688780451127825,20,7.0,26.0
2021,Emilia Romagna Grand Prix,VER,3,MEDIUM,-0.10662758620689677,3.3451793103448293,29,7.0,35.0
2021,Emilia Romagna Grand Prix,VET,2,INTERMEDIATE,-1.1719835164835162,17.03145054945055,13,4.0,16.0
2021,Emilia Romagna Grand Prix,VET,4,MEDIUM,-1.3146000000000018,11.977400000000017,6,4.0,9.0
2021,Emilia Romagna Grand Prix,VET,6,SOFT,-0.20439829059829073,5.3197504273504315,26,3.0,28.0
2021,French Grand Prix,ALO,1,MEDIUM,0.03556029411764684,0.384058823529417,16,5.0,20.0
2021,French Grand Prix,ALO,2,HARD,-0.04799037433155082,2.278792513368984,34,2.0,35.0
2021,French Grand Prix,BOT,1,MEDIUM,-0.013396428571428313,1.0470904761904762,15,5.0,19.0
2021,French Grand Prix,BOT,2,HARD,0.03505406162464986,0.7121442577030864,35,2.0,36.0
2021,French Grand Prix,GAS,1,MEDIUM,0.04276785714285694,0.32605000000000645,15,7.0,21.0
2021,French Grand Prix,GAS,2,HARD,-0.06042408963585441,2.319200560224098,35,2.0,36.0
2021,French Grand Prix,GIO,1,HARD,0.002029832347140059,0.6985256410256372,25,2.0,27.0
2021,French Grand Prix,GIO,2,MEDIUM,0.03731225296442689,0.30781027667984356,23,2.0,24.0
2021,French Grand Prix,HAM,1,MEDIUM,-0.02678431372549031,0.809137254901957,17,5.0,21.0
2021,French Grand Prix,HAM,2,HARD,0.010692513368983898,0.4718074866310207,33,2.0,34.0
2021,French Grand Prix,LAT,1,MEDIUM,-0.09947352941176456,2.163623529411768,16,2.0,17.0
2021,French Grand Prix,LAT,2,HARD,-0.062332553475935866,2.8705920231729043,33,2.0,34.0
2021,French Grand Prix,LEC,1,MEDIUM,0.005111888111888851,0.8348251748251699,12,5.0,16.0
2021,French Grand Prix,LEC,2,HARD,0.04867080745341611,0.6942512704686656,22,2.0,23.0
2021,French Grand Prix,LEC,3,MEDIUM,0.20099999999999976,-0.5735384615384571,13,5.0,17.0
2021,French Grand Prix,MAZ,1,HARD,-0.029663546798029544,1.381754679802955,29,2.0,30.0
2021,French Grand Prix,MAZ,2,MEDIUM,0.10672706766917314,-0.26981127819548395,20,2.0,21.0
2021,French Grand Prix,MSC,1,MEDIUM,-0.20420329670329604,3.2025494505494456,13,2.0,14.0
2021,French Grand Prix,MSC,2,HARD,-0.054639124839124885,2.781129601029607,36,2.0,37.0
2021,French Grand Prix,NOR,1,MEDIUM,-0.07012196499152998,2.105498023715413,22,7.0,28.0
2021,French Grand Prix,NOR,2,HARD,-0.03572961138478396,1.636308976464155,28,2.0,29.0
2021,French Grand Prix,OCO,1,HARD,0.011520683760683836,0.7264116239316205,26,2.0,27.0
2021,French Grand Prix,OCO,2,MEDIUM,0.03901383399209478,0.07543083003953234,23,5.0,27.0
2021,French Grand Prix,PER,1,MEDIUM,-0.03730547713156431,1.0939621682665162,22,5.0,26.0
2021,French Grand Prix,PER,2,HARD,-0.010178160919540243,1.159011494252876,28,2.0,29.0
2021,French Grand Prix,RAI,1,HARD,-0.005929838709677484,1.0091620967741997,31,2.0,32.0
2021,French Grand Prix,RAI,2,MEDIUM,0.03731578947368432,0.7495730994152012,18,2.0,19.0
2021,French Grand Prix,RIC,1,MEDIUM,-0.047281318681318796,1.1467978021977971,14,7.0,20.0
2021,French Grand Prix,RIC,2,HARD,-0.04011673101673106,1.7682484770484808,36,2.0,37.0
2021,French Grand Prix,RUS,1,MEDIUM,-0.12988214285714317,2.3681392857142916,15,2.0,16.0
2021,French Grand Prix,RUS,2,HARD,-0.02352192513368993,1.8584791443850368,34,2.0,35.0
2021,French Grand Prix,SAI,1,MEDIUM,0.03987500000000029,0.6365666666666648,15,5.0,19.0
2021,French Grand Prix,SAI,2,HARD,-0.007602801120448261,1.1608817927170907,35,2.0,36.0
2021,French Grand Prix,STR,1,HARD,-0.049465725806451664,1.981993951612907,32,2.0,33.0
2021,French Grand Prix,STR,2,SOFT,-0.02469143446852443,0.9671489508083932,18,2.0,19.0
2021,French Grand Prix,TSU,1,MEDIUM,-0.08335714285714248,1.4947802197802171,13,2.0,14.0
2021,French Grand Prix,TSU,2,HARD,0.0037263835263835377,0.8975021879021844,36,2.0,37.0
2021,French Grand Prix,VER,1,MEDIUM,-0.011452941176470818,0.7534117647058812,16,5.0,20.0
2021,French Grand Prix,VER,2,HARD,0.029300699300698927,0.5140780885780862,12,2.0,13.0
2021,French Grand Prix,VER,3,MEDIUM,0.039568421052631836,0.0881578947368422,20,5.0,24.0
2021,French Grand Prix,VET,1,HARD,-0.03823529411764713,1.931699159663871,35,2.0,36.0
2021,French Grand Prix,VET,2,MEDIUM,-0.06837142857142856,1.646523809523805,15,5.0,19.0
2021,Hungarian Grand Prix,ALO,3,MEDIUM,-0.11493659281894567,3.7260328495034334,34,2.0,35.0
2021,Hungarian Grand Prix,ALO,4,HARD,0.06103292547274753,0.45419006303300646,30,2.0,31.0
2021,Hungarian Grand Prix,GAS,3,MEDIUM,-0.16268615384615406,3.9570461538461528,25,2.0,26.0
2021,Hungarian Grand Prix,GAS,4,HARD,-0.006299742599742569,1.2142060918060924,36,2.0,37.0
2021,Hungarian Grand Prix,GIO,4,MEDIUM,0.11317142857142849,-0.3839428571428568,6,3.0,8.0
2021,Hungarian Grand Prix,GIO,5,MEDIUM,-0.04297368421052624,1.5622105263157913,20,11.0,30.0
2021,Hungarian Grand Prix,GIO,6,HARD,0.00021960784313716957,0.6803703081232478,35,2.0,36.0
2021,Hungarian Grand Prix,HAM,3,MEDIUM,-0.09778571428571384,2.794489010989011,13,5.0,17.0
2021,Hungarian Grand Prix,HAM,4,HARD,-0.016128888888888977,1.5165227350427417,26,2.0,27.0
2021,Hungarian Grand Prix,HAM,5,MEDIUM,0.05299774138904568,1.4566645962732885,22,2.0,23.0
2021,Hungarian Grand Prix,LAT,3,MEDIUM,-0.051185758513931666,0.9502837977296181,18,2.0,19.0
2021,Hungarian Grand Prix,LAT,4,HARD,-0.0005967930928153312,0.6490344742522345,46,2.0,47.0
2021,Hungarian Grand Prix,MSC,3,MEDIUM,-0.05811527093596054,2.023533990147776,29,2.0,30.0
2021,Hungarian Grand Prix,MSC,4,HARD,0.008362261268143512,0.5489158135981712,34,2.0,35.0
2021,Hungarian Grand Prix,OCO,3,MEDIUM,-0.05544574780058648,1.8073005865102694,32,2.0,33.0
2021,Hungarian Grand Prix,OCO,4,HARD,-0.012531524926686312,0.6492391862170042,32,2.0,33.0
2021,Hungarian Grand Prix,RAI,3,MEDIUM,-0.14692121212121217,1.5203878787878817,10,2.0,11.0
2021,Hungarian Grand Prix,RAI,4,HARD,-0.005558172458172414,0.7257454740454744,36,2.0,37.0
2021,Hungarian Grand Prix,RAI,5,SOFT,0.040707142857143004,0.2417023809523816,15,2.0,16.0
2021,Hungarian Grand Prix,RIC,3,MEDIUM,-0.15173571428571447,2.7260214285714337,15,2.0,16.0
2021,Hungarian Grand Prix,RIC,4,HARD,0.019499891445939974,0.6864611014618567,48,2.0,49.0
2021,Hungarian Grand Prix,RUS,3,MEDIUM,-0.10011764705882345,1.7081176470588273,16,2.0,17.0
2021,Hungarian Grand Prix,RUS,4,HARD,-0.04381144159791581,2.308025094080192,48,2.0,49.0
2021,Hungarian Grand Prix,SAI,3,MEDIUM,-0.1422857142857142,4.215693121693125,27,2.0,28.0
2021,Hungarian Grand Prix,SAI,4,HARD,0.024505689900426737,0.13837268847794945,37,2.0,38.0
2021,Hungarian Grand Prix,TSU,3,MEDIUM,-0.07148284313725466,1.3018284313725483,17,2.0,18.0
2021,Hungarian Grand Prix,TSU,4,HARD,0.026590541165587386,0.3479385985198861,47,2.0,48.0
2021,Hungarian Grand Prix,VER,4,MEDIUM,-0.2022000000000001,3.2744000000000058,15,2.0,16.0
2021,Hungarian Grand Prix,VER,5,HARD,-0.047921568627451276,1.757398692810464,18,2.0,19.0
2021,Hungarian Grand Prix,VER,6,MEDIUM,0.04354137931034494,0.4017344827586254,29,7.0,35.0
2021,Hungarian Grand Prix,VET,3,MEDIUM,-0.052803629032258124,1.7395649193548448,31,2.0,32.0
2021,Hungarian Grand Prix,VET,4,HARD,-0.010764371657754021,0.6249708110516915,33,2.0,34.0
2021,Italian Grand Prix,ALO,1,MEDIUM,0.015107848673065843,0.1822258610954235,22,3.0,24.0
2021,Italian Grand Prix,ALO,2,HARD,-0.07277046835895612,2.1405012513407295,20,6.0,28.0
2021,Italian Grand Prix,BOT,1,HARD,-0.020654347826086925,1.0633753623188336,24,2.0,25.0
2021,Italian Grand Prix,BOT,2,MEDIUM,-0.05760644055565575,2.0520570088399808,22,5.0,27.0
2021,Italian Grand Prix,GIO,2,HARD,0.013753246753246752,0.10103896103896622,22,2.0,23.0
2021,Italian Grand Prix,GIO,3,MEDIUM,-0.08376285405015327,2.573990077575316,22,6.0,28.0
2021,Italian Grand Prix,HAM,1,HARD,0.030461885940146698,0.44694635798983273,22,3.0,24.0
2021,Italian Grand Prix,KUB,1,HARD,-0.01794,0.7301899999999979,24,2.0,25.0
2021,Italian Grand Prix,KUB,2,MEDIUM,-0.049415659390222015,1.9426582175717109,22,5.0,27.0
2021,Italian Grand Prix,LAT,1,MEDIUM,0.023648051948052137,0.3069852813852835,21,2.0,22.0
2021,Italian Grand Prix,LAT,2,HARD,-0.05104591109603003,1.7217909060061087,23,2.0,30.0
2021,Italian Grand Prix,LEC,1,MEDIUM,0.04504841897233208,0.14545256916996607,23,3.0,25.0
2021,Italian Grand Prix,LEC,2,HARD,-0.0730310301280896,1.972357297492332,22,5.0,27.0
2021,Italian Grand Prix,MAZ,1,MEDIUM,0.04964675324675328,0.1163064935064912,21,3.0,23.0
2021,Italian Grand Prix,MAZ,3,HARD,-0.3223571428571421,3.482321428571428,8,3.0,10.0
2021,Italian Grand Prix,MSC,1,MEDIUM,0.03447012987012988,0.28412034632034916,21,2.0,22.0
2021,Italian Grand Prix,MSC,2,HARD,-0.03749637941517894,1.3106049416837184,20,8.0,30.0
2021,Italian Grand Prix,NOR,1,MEDIUM,0.03233512322731681,0.2568536417458372,19,3.0,23.0
2021,Italian Grand Prix,NOR,2,HARD,-0.054466192170818634,1.864115065243177,21,8.0,29.0
2021,Italian Grand Prix,OCO,1,MEDIUM,-0.0038596837944662996,0.4702529644268782,23,3.0,25.0
2021,Italian Grand Prix,OCO,2,HARD,-0.06419132238859807,2.0026346743640575,22,5.0,27.0
2021,Italian Grand Prix,PER,1,MEDIUM,0.015556324110671838,0.3742549407114611,23,3.0,25.0
2021,Italian Grand Prix,PER,2,HARD,-0.05901673331930122,1.7274169648495006,21,5.0,27.0
2021,Italian Grand Prix,RIC,1,MEDIUM,0.03702786032689466,-0.12729680534918766,17,3.0,21.0
2021,Italian Grand Prix,RIC,2,HARD,-0.04043956307446408,1.7751552684161522,24,2.0,31.0
2021,Italian Grand Prix,RUS,1,MEDIUM,-0.013658695652173963,0.8527673913043448,24,2.0,25.0
2021,Italian Grand Prix,RUS,2,HARD,-0.06812467439603688,1.7514886868583794,20,5.0,27.0
2021,Italian Grand Prix,SAI,1,MEDIUM,0.027684782608695745,0.36832608695651536,23,3.0,25.0
2021,Italian Grand Prix,SAI,2,HARD,-0.05290618798484581,1.5017802633952775,22,5.0,27.0
2021,Italian Grand Prix,STR,1,MEDIUM,0.023621682665160966,0.4454093732354608,22,5.0,26.0
2021,Italian Grand Prix,STR,2,HARD,-0.05346482049431722,1.5830620602561845,22,8.0,30.0
2021,Italian Grand Prix,VER,1,MEDIUM,0.053391729323308136,0.20785338345864063,20,3.0,22.0
2021,Italian Grand Prix,VET,1,MEDIUM,0.019501503759398485,0.48567969924812643,20,4.0,23.0
2021,Italian Grand Prix,VET,3,MEDIUM,-0.08314188671535833,2.1541063384238206,20,5.0,27.0
2021,Mexico City Grand Prix,ALO,1,MEDIUM,-0.06416088617265087,2.4236061115355207,34,5.0,38.0
2021,Mexico City Grand Prix,ALO,2,HARD,-0.006884538375973452,0.7275948832035635,30,2.0,31.0
2021,Mexico City Grand Prix,BOT,2,HARD,-0.09461512605042006,4.404631932773107,35,4.0,38.0
2021,Mexico City Grand Prix,BOT,3,MEDIUM,0.15448701298701287,-0.14017748917748482,21,2.0,22.0
2021,Mexico City Grand Prix,GAS,1,MEDIUM,-0.019833162393162566,0.955887521367519,26,8.0,33.0
2021,Mexico City Grand Prix,GAS,2,HARD,-0.005813360323886702,0.7389267206477701,39,2.0,40.0
2021,Mexico City Grand Prix,GIO,1,MEDIUM,-0.14963636363636396,2.545727272727277,11,9.0,19.0
2021,Mexico City Grand Prix,GIO,2,HARD,-0.0402803580067731,2.224095307208516,53,2.0,54.0
2021,Mexico City Grand Prix,HAM,1,MEDIUM,-0.015264347826086905,0.8304881159420248,24,8.0,31.0
2021,Mexico City Grand Prix,HAM,2,HARD,-0.0032461672473867833,0.7092449477351993,41,2.0,42.0
2021,Mexico City Grand Prix,LAT,1,MEDIUM,0.14408571428571262,-0.24347619047618277,6,5.0,10.0
2021,Mexico City Grand Prix,LAT,2,HARD,-0.012675289575289666,1.386695924495933,36,2.0,37.0
2021,Mexico City Grand Prix,LAT,3,MEDIUM,-0.004682456140350645,0.27113508771928874,19,4.0,22.0
2021,Mexico City Grand Prix,LEC,1,MEDIUM,-0.053115384615384474,1.7218984615384585,25,10.0,34.0
2021,Mexico City Grand Prix,LEC,2,HARD,0.00240075046904306,0.7848838649155682,40,2.0,41.0
2021,Mexico City Grand Prix,MAZ,1,MEDIUM,0.1643928571428564,-0.4397142857142831,8,5.0,12.0
2021,Mexico City Grand Prix,MAZ,2,HARD,0.012383423886626546,1.4689871965204522,42,2.0,44.0
2021,Mexico City Grand Prix,MAZ,3,MEDIUM,0.11540000000000089,0.27782222222221337,9,2.0,10.0
2021,Mexico City Grand Prix,NOR,1,MEDIUM,-0.07343036437246962,2.9507993252361686,39,8.0,46.0
2021,Mexico City Grand Prix,NOR,2,HARD,0.011000000000000072,0.3393999999999944,25,2.0,26.0
2021,Mexico City Grand Prix,OCO,1,SOFT,-0.3291333333333331,4.337977777777771,9,5.0,13.0
2021,Mexico City Grand Prix,OCO,2,HARD,-0.03106774891774891,2.150928354978357,55,2.0,56.0
2021,Mexico City Grand Prix,PER,1,MEDIUM,-0.021252941176470568,1.3826663865546238,35,8.0,42.0
2021,Mexico City Grand Prix,PER,2,HARD,0.015813348164627337,0.42964642195031355,30,2.0,31.0
2021,Mexico City Grand Prix,RAI,1,MEDIUM,-0.07681379731379738,2.4078304843304794,27,8.0,34.0
2021,Mexico City Grand Prix,RAI,2,HARD,-0.019250118539592166,1.1128402086296882,37,2.0,38.0
2021,Mexico City Grand Prix,RIC,2,HARD,-0.08849665775401058,3.035630124777179,33,4.0,36.0
2021,Mexico City Grand Prix,RIC,3,MEDIUM,0.0056548387096773236,0.5681709677419355,31,4.0,34.0
2021,Mexico City Grand Prix,RUS,1,MEDIUM,-0.0985696969696977,1.80801212121212,10,5.0,14.0
2021,Mexico City Grand Prix,RUS,2,HARD,0.01169690372520556,1.1824489598451815,53,2.0,54.0
2021,Mexico City Grand Prix,SAI,1,MEDIUM,-0.043890706495969524,2.2406424845898436,37,10.0,46.0
2021,Mexico City Grand Prix,SAI,2,HARD,0.0667148962148962,0.31342470492470226,27,2.0,28.0
2021,Mexico City Grand Prix,STR,1,MEDIUM,-0.26864285714285746,3.8248571428571485,7,7.0,13.0
2021,Mexico City Grand Prix,STR,2,HARD,0.038992481203007426,0.06748646616540939,20,2.0,21.0
2021,Mexico City Grand Prix,STR,3,MEDIUM,-0.006231016042780679,1.171382887700527,34,4.0,37.0
2021,Mexico City Grand Prix,VER,1,MEDIUM,0.0023990147783250707,0.5709926108374367,28,8.0,35.0
2021,Mexico City Grand Prix,VER,2,HARD,0.0044054054054052895,1.145540540540548,37,2.0,38.0
2021,Mexico City Grand Prix,VET,1,MEDIUM,-0.058751505199781125,1.966443076081006,28,8.0,35.0
2021,Mexico City Grand Prix,VET,2,HARD,-0.015343629343629428,1.2040341055341133,36,2.0,37.0
2021,Monaco Grand Prix,ALO,1,MEDIUM,-0.053473421926910326,2.335795681063118,43,2.0,44.0
2021,Monaco Grand Prix,ALO,2,SOFT,-0.03161935483870983,1.6428516129032318,31,2.0,32.0
2021,Monaco Grand Prix,BOT,1,SOFT,-0.03451450465243562,1.5723330596606422,28,7.0,34.0
2021,Monaco Grand Prix,GAS,1,SOFT,-0.054637794471889885,2.0524447188992796,27,8.0,35.0
2021,Monaco Grand Prix,GAS,2,HARD,-0.024943223866789946,1.324857192414424,47,2.0,48.0
2021,Monaco Grand Prix,GIO,1,SOFT,-0.034526209677419366,1.8893830645161251,31,7.0,37.0
2021,Monaco Grand Prix,GIO,2,HARD,0.04008667141404637,0.6669197299324808,42,2.0,44.0
2021,Monaco Grand Prix,HAM,1,SOFT,-0.06553540903540907,2.2309875864875877,27,6.0,32.0
2021,Monaco Grand Prix,HAM,2,HARD,-0.05251404269355822,2.1273104707601003,35,2.0,37.0
2021,Monaco Grand Prix,HAM,3,SOFT,0.4268909090909082,-2.231854545454539,10,6.0,15.0
2021,Monaco Grand Prix,LAT,1,MEDIUM,-0.03742229965156803,2.70375400696865,41,2.0,42.0
2021,Monaco Grand Prix,LAT,2,HARD,0.02220491626794247,0.23133398325359691,31,3.0,34.0
2021,Monaco Grand Prix,MAZ,1,SOFT,0.036167780377153506,0.7232743605319913,30,2.0,33.0
2021,Monaco Grand Prix,MAZ,2,HARD,-0.05508100731678986,2.3815473655685016,35,2.0,41.0
2021,Monaco Grand Prix,MSC,1,SOFT,0.09601218259082517,1.177803633007071,33,2.0,36.0
2021,Monaco Grand Prix,MSC,2,HARD,-0.011614800514800492,1.3835756327756343,36,3.0,38.0
2021,Monaco Grand Prix,NOR,1,SOFT,-0.037111937091784106,1.7222691646613995,26,7.0,34.0
2021,Monaco Grand Prix,NOR,2,HARD,-0.0028702590194264626,0.8940117946345958,47,2.0,48.0
2021,Monaco Grand Prix,OCO,1,SOFT,-0.052582352941176455,2.450178991596633,35,2.0,36.0
2021,Monaco Grand Prix,OCO,2,MEDIUM,0.04671578947368427,0.6887632928475,39,2.0,40.0
2021,Monaco Grand Prix,PER,1,SOFT,-0.10462733957219252,4.528883355614964,33,7.0,39.0
2021,Monaco Grand Prix,PER,2,HARD,-0.010813467304108267,0.8621363476757745,42,2.0,43.0
2021,Monaco Grand Prix,RAI,1,MEDIUM,-0.0629986062717771,2.6380668989547083,41,2.0,42.0
2021,Monaco Grand Prix,RAI,2,HARD,0.015551136363636402,1.4002007575757554,33,2.0,34.0
2021,Monaco Grand Prix,RIC,1,MEDIUM,-0.06766218487394948,2.265368067226894,34,2.0,35.0
2021,Monaco Grand Prix,RIC,2,HARD,0.03655186592950934,0.9879208707671017,39,2.0,41.0
2021,Monaco Grand Prix,RUS,1,MEDIUM,-0.046226108374384206,1.6625487684729066,29,2.0,30.0
2021,Monaco Grand Prix,RUS,2,HARD,-0.003131868888789079,1.0744118563107363,44,2.0,46.0
2021,Monaco Grand Prix,SAI,1,SOFT,-0.03350812013348166,1.564899369669999,30,8.0,37.0
2021,Monaco Grand Prix,SAI,2,HARD,0.014149143610013253,0.36899833113746505,45,2.0,46.0
2021,Monaco Grand Prix,STR,1,HARD,-0.053330210213398434,2.9602481420532976,55,2.0,57.0
2021,Monaco Grand Prix,STR,2,SOFT,-0.04658617131062961,1.764599243206048,18,2.0,19.0
2021,Monaco Grand Prix,TSU,1,HARD,-0.06067835490972263,4.195013460264924,61,2.0,63.0
2021,Monaco Grand Prix,TSU,2,SOFT,0.22042456608811725,0.4496395193591412,11,2.0,13.0
2021,Monaco Grand Prix,VER,1,SOFT,-0.04063214809384163,2.1075670821114354,32,7.0,38.0
2021,Monaco Grand Prix,VER,2,HARD,-0.0033440048323769562,0.7377958320749013,43,2.0,44.0
2021,Monaco Grand Prix,VET,1,SOFT,-0.09385221674876867,2.97355172413794,29,7.0,35.0
2021,Monaco Grand Prix,VET,2,HARD,-0.0051934628430466085,0.8716746222633349,46,2.0,47.0
2021,Portuguese Grand Prix,ALO,3,MEDIUM,-0.10051609628156852,3.5692734464232854,32,7.0,39.0
2021,Portuguese Grand Prix,ALO,4,HARD,-0.0639253846153848,1.9745153846153916,25,2.0,26.0
2021,Portuguese Grand Prix,BOT,3,MEDIUM,-0.04640837438423632,2.0284162561576258,29,11.0,39.0
2021,Portuguese Grand Prix,BOT,4,HARD,-0.014503076923076957,0.8419461538461549,25,3.0,27.0
2021,Portuguese Grand Prix,GAS,3,SOFT,-0.16465196078431402,4.0895049019607885,17,11.0,27.0
2021,Portuguese Grand Prix,GAS,4,MEDIUM,-0.02206335790384976,1.3430574930066652,38,2.0,42.0
2021,Portuguese Grand Prix,GIO,3,MEDIUM,-0.24056428571428537,4.433699999999998,15,7.0,21.0
2021,Portuguese Grand Prix,GIO,4,HARD,-0.022959646706101677,1.330044431839666,42,2.0,43.0
2021,Portuguese Grand Prix,HAM,3,MEDIUM,-0.054591768631813156,2.406690100111236,30,11.0,40.0
2021,Portuguese Grand Prix,HAM,4,HARD,-0.006974001094690719,0.6052495894909616,28,3.0,30.0
2021,Portuguese Grand Prix,LAT,3,MEDIUM,-0.1828823529411765,3.8470000000000035,17,7.0,23.0
2021,Portuguese Grand Prix,LAT,4,HARD,0.005726312554136707,1.45277652351281,38,2.0,40.0
2021,Portuguese Grand Prix,LEC,3,MEDIUM,-0.11118059855521137,2.968535603715165,18,12.0,29.0
2021,Portuguese Grand Prix,LEC,4,HARD,-0.027681613508442882,1.510054690431526,40,2.0,41.0
2021,Portuguese Grand Prix,MAZ,3,MEDIUM,-0.10162495382342075,3.244908200960468,22,7.0,30.0
2021,Portuguese Grand Prix,MAZ,4,HARD,0.14407878787878747,0.3483878787878773,10,2.0,11.0
2021,Portuguese Grand Prix,MAZ,5,SOFT,0.020561654135338326,0.9884909774436038,20,2.0,21.0
2021,Portuguese Grand Prix,MSC,3,MEDIUM,-0.13889244818089583,4.265425423974489,23,7.0,31.0
2021,Portuguese Grand Prix,MSC,4,HARD,0.010877016129032187,1.5708649193548443,31,2.0,32.0
2021,Portuguese Grand Prix,NOR,3,SOFT,-0.048584782608695684,1.558430434782616,14,11.0,25.0
2021,Portuguese Grand Prix,NOR,4,MEDIUM,-0.038525067955300536,1.6872160978556352,43,2.0,44.0
2021,Portuguese Grand Prix,OCO,3,SOFT,-0.17090714285714273,3.526154761904756,15,10.0,24.0
2021,Portuguese Grand Prix,OCO,4,HARD,-0.02864799154334028,1.3826014799154354,43,2.0,44.0
2021,Portuguese Grand Prix,PER,3,MEDIUM,-0.04242734319943631,2.6162433403805574,44,13.0,56.0
2021,Portuguese Grand Prix,PER,4,SOFT,0.004782417582417647,1.1927912087912087,14,6.0,19.0
2021,Portuguese Grand Prix,RIC,3,MEDIUM,-0.08556455309396482,3.077708174178761,34,7.0,40.0
2021,Portuguese Grand Prix,RIC,4,HARD,-0.022783478260869686,0.913910289855079,24,2.0,25.0
2021,Portuguese Grand Prix,RUS,3,MEDIUM,-0.05959740259740277,2.6001558441558448,21,7.0,27.0
2021,Portuguese Grand Prix,RUS,4,HARD,-0.02275611325611329,1.7186053196053248,36,2.0,37.0
2021,Portuguese Grand Prix,SAI,3,SOFT,-0.16649230769230763,4.043250549450549,14,12.0,25.0
2021,Portuguese Grand Prix,SAI,4,MEDIUM,-0.012415010570824524,1.102275475687101,44,2.0,45.0
2021,Portuguese Grand Prix,STR,3,SOFT,-0.09453776610910483,3.3972249691123366,31,7.0,38.0
2021,Portuguese Grand Prix,STR,4,MEDIUM,0.034249230769230886,0.4597907692307688,25,2.0,26.0
2021,Portuguese Grand Prix,TSU,3,MEDIUM,-0.37921844660194215,6.747891585760513,12,7.0,20.0
2021,Portuguese Grand Prix,TSU,4,HARD,-0.031673210510419776,2.0562280277861595,43,2.0,44.0
2021,Portuguese Grand Prix,VER,3,MEDIUM,-0.05261111337933278,2.247578246846037,27,12.0,39.0
2021,Portuguese Grand Prix,VER,4,HARD,-0.032536630036630314,1.251160561660572,27,2.0,28.0
2021,Portuguese Grand Prix,VET,3,SOFT,-0.1768214285714284,3.7528976190476104,15,10.0,24.0
2021,Portuguese Grand Prix,VET,4,MEDIUM,-0.012085622346800388,1.0317414867137016,40,2.0,43.0
2021,Qatar Grand Prix,ALO,1,SOFT,-0.13417662337662345,3.880173160173156,21,5.0,25.0
2021,Qatar Grand Prix,ALO,2,HARD,-0.06689037193025933,2.352278034127156,29,2.0,34.0
2021,Qatar Grand Prix,BOT,1,MEDIUM,-0.14066612903225814,4.502612903225808,31,5.0,35.0
2021,Qatar Grand Prix,BOT,2,HARD,0.05440219780219753,0.517224175824183,14,2.0,15.0
2021,Qatar Grand Prix,GAS,1,SOFT,0.10222905027933075,-0.41435754189944946,9,5.0,15.0
2021,Qatar Grand Prix,GAS,2,MEDIUM,-0.04295112781954881,1.2409413533834512,20,5.0,24.0
2021,Qatar Grand Prix,GAS,3,MEDIUM,0.051967131156259984,-0.1796535474949542,18,7.0,26.0
2021,Qatar Grand Prix,GIO,1,SOFT,-0.06156043956043935,1.2932527472527406,13,2.0,14.0
2021,Qatar Grand Prix,GIO,2,MEDIUM,0.06404642857142853,0.1745821428571388,15,2.0,16.0
2021,Qatar Grand Prix,GIO,3,MEDIUM,0.06986391437308852,0.12927471967381052,18,2.0,24.0
2021,Qatar Grand Prix,HAM,1,MEDIUM,-0.1505544117647059,2.7529926470588264,16,5.0,20.0
2021,Qatar Grand Prix,HAM,2,HARD,-0.04667363071710894,1.198465838509317,22,2.0,23.0
2021,Qatar Grand Prix,HAM,3,MEDIUM,0.008318181818181865,0.7817727272727252,11,2.0,12.0
2021,Qatar Grand Prix,LAT,1,SOFT,-0.06943235294117656,1.2927323529411758,16,2.0,17.0
2021,Qatar Grand Prix,LAT,2,HARD,-0.015823387096774253,1.1565459677419367,31,2.0,32.0
2021,Qatar Grand Prix,LEC,1,MEDIUM,-0.08310230769230781,2.0015123076923085,25,2.0,26.0
2021,Qatar Grand Prix,LEC,2,HARD,-0.05268447761194033,1.7712731343283532,26,2.0,30.0
2021,Qatar Grand Prix,MAZ,1,MEDIUM,-0.01312955665024638,1.3696935960591203,29,2.0,30.0
2021,Qatar Grand Prix,MAZ,2,SOFT,-0.18864593329432394,6.210083850204793,21,5.0,27.0
2021,Qatar Grand Prix,MSC,1,SOFT,-0.09014962406015033,2.4802195488721734,20,5.0,24.0
2021,Qatar Grand Prix,MSC,2,MEDIUM,-0.04222447934448629,1.6111753158074396,30,4.0,36.0
2021,Qatar Grand Prix,NOR,1,SOFT,-0.055443675889327894,1.8424901185770757,23,5.0,27.0
2021,Qatar Grand Prix,NOR,2,HARD,-0.08733653303218543,2.035843026538688,22,2.0,23.0
2021,Qatar Grand Prix,OCO,1,SOFT,-0.0766572557876906,2.0989147374364774,22,5.0,26.0
2021,Qatar Grand Prix,OCO,2,HARD,-0.044188025354829887,1.6942672591980112,28,2.0,33.0
2021,Qatar Grand Prix,PER,1,MEDIUM,-0.14105882352941201,2.9200000000000013,17,2.0,18.0
2021,Qatar Grand Prix,PER,2,HARD,-0.0508330827067672,1.4396804511278174,20,2.0,21.0
2021,Qatar Grand Prix,PER,3,MEDIUM,-0.03334871099050221,0.9626653098145653,12,5.0,19.0
2021,Qatar Grand Prix,RAI,1,SOFT,-0.000964285714285449,0.8626785714285731,8,2.0,9.0
2021,Qatar Grand Prix,RAI,2,MEDIUM,-0.04394840041279693,1.232569315445476,18,2.0,19.0
2021,Qatar Grand Prix,RAI,3,HARD,-0.09609144240236311,2.947153224483096,23,2.0,26.0
2021,Qatar Grand Prix,RIC,1,MEDIUM,-0.06546999999999996,1.8980533333333278,24,2.0,25.0
2021,Qatar Grand Prix,RIC,2,HARD,-0.08085002405212766,2.99922073293393,27,2.0,30.0
2021,Qatar Grand Prix,RUS,1,SOFT,-0.05379642857142865,1.2751678571428575,15,2.0,16.0
2021,Qatar Grand Prix,RUS,2,HARD,-0.03157530589543934,1.5075592139414127,30,2.0,31.0
2021,Qatar Grand Prix,SAI,1,MEDIUM,-0.08562230769230754,2.691779230769226,25,5.0,29.0
2021,Qatar Grand Prix,SAI,2,HARD,-0.07888452736318402,2.4749661691542335,26,2.0,30.0
2021,Qatar Grand Prix,STR,1,MEDIUM,-0.11180259740259747,2.407726406926401,21,2.0,22.0
2021,Qatar Grand Prix,STR,2,HARD,-0.04172772277227716,1.3948135313531402,30,2.0,34.0
2021,Qatar Grand Prix,TSU,1,SOFT,0.11175000000000129,-0.2698571428571537,7,5.0,11.0
2021,Qatar Grand Prix,TSU,2,MEDIUM,-0.05975098814229258,1.393458498023713,23,2.0,24.0
2021,Qatar Grand Prix,TSU,3,HARD,-0.07301596754703935,1.752545744864484,19,2.0,22.0
2021,Qatar Grand Prix,VER,1,MEDIUM,-0.12212857142857143,2.0577428571428613,15,5.0,19.0
2021,Qatar Grand Prix,VER,2,HARD,-0.02974138904573679,0.9605855448898892,22,2.0,23.0
2021,Qatar Grand Prix,VER,3,MEDIUM,-0.0993251748251747,2.605688811188804,12,2.0,13.0
2021,Qatar Grand Prix,VET,1,SOFT,-0.14450102586796484,3.9105853884217647,22,5.0,28.0
2021,Qatar Grand Prix,VET,2,MEDIUM,-0.09150153846153854,2.76069538461539,26,2.0,27.0
2021,Russian Grand Prix,ALO,1,HARD,-0.09777402597402601,3.3270841864018355,34,2.0,35.0
2021,Russian Grand Prix,ALO,2,MEDIUM,0.7013112781954892,-2.191843609022569,11,2.0,13.0
2021,Russian Grand Prix,BOT,1,HARD,-0.0886704273504272,2.602836581196583,26,2.0,27.0
2021,Russian Grand Prix,BOT,2,MEDIUM,0.18636656346749253,0.3708801857585165,16,2.0,18.0
2021,Russian Grand Prix,GAS,1,HARD,-0.07768024193548388,2.5296608870967767,31,2.0,32.0
2021,Russian Grand Prix,GAS,2,MEDIUM,0.8617153846153845,-3.6818461538461507,14,2.0,16.0
2021,Russian Grand Prix,GIO,1,HARD,-0.09276638655462183,3.3301781512605033,34,2.0,35.0
2021,Russian Grand Prix,GIO,2,MEDIUM,1.8492237762237764,-8.313844988344998,12,2.0,13.0
2021,Russian Grand Prix,HAM,1,MEDIUM,-0.08650826086956502,3.0111531884057934,24,2.0,25.0
2021,Russian Grand Prix,HAM,2,HARD,0.23778051948051931,-1.2124614718614737,21,2.0,22.0
2021,Russian Grand Prix,LAT,1,MEDIUM,-0.011009090909091123,1.3407000000000044,11,2.0,12.0
2021,Russian Grand Prix,LAT,2,HARD,-0.047450696480938304,1.7842934384164193,32,2.0,33.0
2021,Russian Grand Prix,LEC,1,HARD,-0.09547994652406443,3.0755784313725543,33,2.0,34.0
2021,Russian Grand Prix,LEC,2,MEDIUM,0.8588406593406587,-3.710802197802188,13,2.0,14.0
2021,Russian Grand Prix,MAZ,1,MEDIUM,-0.004590909090908667,1.310681818181809,12,2.0,13.0
2021,Russian Grand Prix,MAZ,2,HARD,0.1307890989988876,-0.5903868001483054,30,2.0,31.0
2021,Russian Grand Prix,MSC,1,MEDIUM,-0.0875922953451042,2.0672102728731967,17,2.0,19.0
2021,Russian Grand Prix,MSC,2,HARD,0.2568848484848482,-0.7553515151515097,10,2.0,11.0
2021,Russian Grand Prix,NOR,1,MEDIUM,-0.06249572649572646,1.7358034188034144,26,2.0,27.0
2021,Russian Grand Prix,NOR,2,HARD,0.42282781954887244,-2.1176699248120348,20,2.0,21.0
2021,Russian Grand Prix,OCO,1,MEDIUM,-0.10073076923076918,1.1814615384615383,13,2.0,14.0
2021,Russian Grand Prix,OCO,2,HARD,0.18633115184728077,-1.8612742558226387,32,2.0,34.0
2021,Russian Grand Prix,PER,1,HARD,-0.10382414056531708,3.7585407181054267,34,2.0,35.0
2021,Russian Grand Prix,PER,2,MEDIUM,0.869503759398497,-3.98248120300753,11,2.0,13.0
2021,Russian Grand Prix,RAI,1,MEDIUM,-0.10181318681318627,1.203736263736253,13,2.0,14.0
2021,Russian Grand Prix,RAI,2,HARD,0.007430033370411609,0.5769377827215411,30,2.0,31.0
2021,Russian Grand Prix,RIC,1,MEDIUM,-0.06357819548872182,1.3672992481203,20,2.0,21.0
2021,Russian Grand Prix,RIC,2,HARD,0.09334478260869558,0.027637101449281193,24,2.0,25.0
2021,Russian Grand Prix,RUS,1,MEDIUM,-0.07472727272727252,0.9032727272727288,11,2.0,12.0
2021,Russian Grand Prix,RUS,2,HARD,-0.012822445727942623,0.8828591913961322,31,2.0,33.0
2021,Russian Grand Prix,SAI,1,MEDIUM,0.15448601398601405,-0.2920617715617736,12,2.0,13.0
2021,Russian Grand Prix,SAI,2,HARD,-0.010539772727272783,1.6946647727272774,32,2.0,33.0
2021,Russian Grand Prix,STR,1,MEDIUM,-0.08327272727272736,0.9332727272727307,10,2.0,11.0
2021,Russian Grand Prix,STR,2,HARD,0.061495798319327624,-0.088848739495797,34,2.0,35.0
2021,Russian Grand Prix,TSU,1,MEDIUM,-0.012781818181818425,1.4781090909090904,11,2.0,12.0
2021,Russian Grand Prix,TSU,2,HARD,-0.027535373900293255,1.6602127932551376,32,2.0,33.0
2021,Russian Grand Prix,VER,1,HARD,-0.11810826086956507,3.2062531884057983,24,2.0,25.0
2021,Russian Grand Prix,VER,2,MEDIUM,0.10978571428571424,0.8792142857142848,20,2.0,21.0
2021,Russian Grand Prix,VET,1,MEDIUM,-0.09323521739130429,2.252383768115938,24,2.0,25.0
2021,Russian Grand Prix,VET,2,HARD,0.41125917560700176,-2.419648785996614,22,2.0,23.0
2021,Saudi Arabian Grand Prix,ALO,1,MEDIUM,0.14500000000000005,0.07085714285714707,7,2.0,8.0
2021,Saudi Arabian Grand Prix,ALO,4,HARD,-0.14355331533659532,4.666187025476632,18,8.0,33.0
2021,Saudi Arabian Grand Prix,BOT,1,MEDIUM,-0.05825000000000084,1.001500000000007,8,9.0,16.0
2021,Saudi Arabian Grand Prix,BOT,4,MEDIUM,-0.07064600402472335,3.005261175794165,22,3.0,35.0
2021,Saudi Arabian Grand Prix,GAS,1,MEDIUM,-0.03770238095238093,1.018404761904756,8,9.0,16.0
2021,Saudi Arabian Grand Prix,GAS,3,HARD,-0.07421398725940136,2.73760805534626,23,5.0,37.0
2021,Saudi Arabian Grand Prix,GIO,1,MEDIUM,-0.1474642857142848,2.176214285714273,8,8.0,15.0
2021,Saudi Arabian Grand Prix,GIO,3,HARD,-0.04926279197205289,1.9858153983149578,23,5.0,37.0
2021,Saudi Arabian Grand Prix,HAM,1,MEDIUM,-0.11051190476190395,1.9942976190476018,8,11.0,18.0
2021,Saudi Arabian Grand Prix,HAM,4,HARD,-0.006163557342128825,1.6822161238232725,23,8.0,40.0
2021,Saudi Arabian Grand Prix,LAT,1,MEDIUM,-0.5606785714285731,4.205535714285726,7,2.0,8.0
2021,Saudi Arabian Grand Prix,LAT,4,HARD,-0.11896730467427762,4.366227082499916,25,6.0,38.0
2021,Saudi Arabian Grand Prix,LEC,1,MEDIUM,-0.1267500000000005,1.661250000000012,8,7.0,14.0
2021,Saudi Arabian Grand Prix,LEC,4,HARD,-0.10096893622850885,3.9790632577573812,23,8.0,40.0
2021,Saudi Arabian Grand Prix,MAZ,1,MEDIUM,-0.38449999999999845,2.863214285714273,7,2.0,8.0
2021,Saudi Arabian Grand Prix,MSC,1,MEDIUM,-0.5426428571428574,3.980785714285712,7,2.0,8.0
2021,Saudi Arabian Grand Prix,NOR,1,SOFT,-0.01747619047619153,0.3752738095238257,8,6.0,13.0
2021,Saudi Arabian Grand Prix,NOR,4,HARD,-0.14451686309505485,5.207172369757204,25,8.0,40.0
2021,Saudi Arabian Grand Prix,OCO,1,MEDIUM,-0.10669047619047574,1.6088809523809433,8,9.0,16.0
2021,Saudi Arabian Grand Prix,OCO,3,HARD,-0.05355932873364954,2.412915408940638,22,5.0,37.0
2021,Saudi Arabian Grand Prix,PER,1,MEDIUM,-0.0774880952380942,1.3899761904761738,8,9.0,16.0
2021,Saudi Arabian Grand Prix,RAI,1,MEDIUM,-0.34392857142857153,2.5706428571428606,7,2.0,8.0
2021,Saudi Arabian Grand Prix,RAI,3,HARD,-0.26509729729729853,3.188762162162169,6,5.0,12.0
2021,Saudi Arabian Grand Prix,RAI,4,MEDIUM,0.08879479377958117,-0.36700642325897287,16,12.0,28.0
2021,Saudi Arabian Grand Prix,RIC,1,HARD,-0.23417857142857088,1.9028571428571357,8,2.0,9.0
2021,Saudi Arabian Grand Prix,RIC,3,MEDIUM,-0.02507154664366816,1.379652077044705,22,5.0,37.0
2021,Saudi Arabian Grand Prix,RUS,1,MEDIUM,-0.541714285714286,3.7348571428571473,7,2.0,8.0
2021,Saudi Arabian Grand Prix,SAI,1,HARD,-0.2504523809523803,2.25548809523809,8,2.0,9.0
2021,Saudi Arabian Grand Prix,SAI,3,MEDIUM,-0.07825404137269655,3.247594030413037,23,8.0,40.0
2021,Saudi Arabian Grand Prix,STR,1,MEDIUM,-0.6054285714285726,4.133285714285723,7,2.0,8.0
2021,Saudi Arabian Grand Prix,STR,4,MEDIUM,-0.08535410961011802,3.020908822352834,25,3.0,35.0
2021,Saudi Arabian Grand Prix,TSU,1,MEDIUM,-0.28692857142857287,4.294428571428586,7,9.0,15.0
2021,Saudi Arabian Grand Prix,TSU,4,HARD,-0.0324003403933433,1.0860654311648994,17,4.0,28.0
2021,Saudi Arabian Grand Prix,VER,1,MEDIUM,-0.11264285714285735,1.3161071428571471,8,6.0,13.0
2021,Saudi Arabian Grand Prix,VER,3,MEDIUM,0.018978027593255033,0.7084124297393954,24,3.0,35.0
2021,Saudi Arabian Grand Prix,VET,1,HARD,-0.45674999999999966,3.576785714285705,7,3.0,9.0
2021,Saudi Arabian Grand Prix,VET,3,MEDIUM,-0.06406208874641475,2.234451661886283,18,3.0,28.0
2021,São Paulo Grand Prix,ALO,3,MEDIUM,-0.08380380084068445,2.707514948789293,20,10.0,33.0
2021,São Paulo Grand Prix,ALO,4,HARD,0.058853781512605,-0.05510756302520704,35,2.0,36.0
2021,São Paulo Grand Prix,BOT,3,MEDIUM,-0.02601236263736247,1.4021964285714223,17,10.0,29.0
2021,São Paulo Grand Prix,BOT,4,HARD,0.06136666666666741,0.05946666666666573,9,2.0,10.0
2021,São Paulo Grand Prix,BOT,5,HARD,0.019536453201970425,0.3893133004926129,29,2.0,30.0
2021,São Paulo Grand Prix,GAS,3,MEDIUM,-0.1163440366972472,2.8613593272171185,12,10.0,24.0
2021,São Paulo Grand Prix,GAS,4,HARD,-0.008190645735556149,0.5706876517235856,23,2.0,25.0
2021,São Paulo Grand Prix,GAS,5,HARD,-0.056822497420020504,1.6840251117991005,18,2.0,19.0
2021,São Paulo Grand Prix,GIO,3,MEDIUM,-0.060707504263786224,2.216801023308694,16,10.0,28.0
2021,São Paulo Grand Prix,GIO,4,HARD,0.26993636363636303,-0.6025545454545461,11,2.0,12.0
2021,São Paulo Grand Prix,GIO,5,MEDIUM,0.025537851037851,0.5267100122100097,27,2.0,28.0
2021,São Paulo Grand Prix,HAM,3,MEDIUM,-0.02390327293980143,0.9572837521917075,13,10.0,25.0
2021,São Paulo Grand Prix,HAM,4,HARD,0.02270356906807652,0.0718730998017136,13,2.0,16.0
2021,São Paulo Grand Prix,HAM,5,HARD,0.0505329923786603,0.10303088648215128,26,2.0,28.0
2021,São Paulo Grand Prix,LAT,4,HARD,0.03381629454044943,0.23719119896008867,23,2.0,25.0
2021,São Paulo Grand Prix,LAT,5,HARD,-0.038432258064516216,1.2016322580645173,30,2.0,31.0
2021,São Paulo Grand Prix,LEC,3,MEDIUM,-0.056665457019732544,1.5142626445906067,14,10.0,26.0
2021,São Paulo Grand Prix,LEC,4,MEDIUM,0.017293127629733517,0.2570561009817642,22,2.0,24.0
2021,São Paulo Grand Prix,LEC,5,HARD,0.03185345717234237,0.027427588579291323,18,2.0,19.0
2021,São Paulo Grand Prix,MAZ,3,MEDIUM,-0.028156059439938815,1.8958879284826273,20,10.0,33.0
2021,São Paulo Grand Prix,MAZ,4,HARD,0.01377860962566856,1.1426545454545491,34,2.0,35.0
2021,São Paulo Grand Prix,MSC,4,HARD,0.19066785714285714,0.008988095238091496,15,3.0,17.0
2021,São Paulo Grand Prix,MSC,5,MEDIUM,0.018999353746730233,0.9343900292352724,29,2.0,31.0
2021,São Paulo Grand Prix,MSC,6,MEDIUM,0.09150310559006129,-0.011099378881988637,6,2.0,8.0
2021,São Paulo Grand Prix,NOR,5,HARD,-0.067803006329114,2.438295232526139,23,9.0,35.0
2021,São Paulo Grand Prix,NOR,6,HARD,-0.005382607655502343,1.2409822727272766,31,38.0,69.0
2021,São Paulo Grand Prix,OCO,3,MEDIUM,-0.06395386904761918,1.8671651785714265,17,10.0,29.0
2021,São Paulo Grand Prix,OCO,4,HARD,0.017007489878542417,0.3885863022941933,39,2.0,40.0
2021,São Paulo Grand Prix,PER,3,MEDIUM,0.005263383297644748,0.5672376873661603,15,10.0,27.0
2021,São Paulo Grand Prix,PER,4,HARD,0.009206060606060036,0.04184848484848762,10,4.0,13.0
2021,São Paulo Grand Prix,PER,5,HARD,0.016321538461538627,0.5898584615384548,25,2.0,26.0
2021,São Paulo Grand Prix,RAI,3,MEDIUM,-0.1514089935760167,3.890882940756598,15,10.0,27.0
2021,São Paulo Grand Prix,RAI,4,HARD,-0.003137662337662185,1.0528848484848399,21,3.0,23.0
2021,São Paulo Grand Prix,RAI,5,MEDIUM,0.0648136222910218,0.4807154798761639,16,2.0,18.0
2021,São Paulo Grand Prix,RIC,3,MEDIUM,-0.07025240384615396,2.1760937500000086,17,10.0,29.0
2021,São Paulo Grand Prix,RIC,4,HARD,0.01707352941176511,0.31238235294117445,17,2.0,18.0
2021,São Paulo Grand Prix,RUS,4,HARD,-0.06351831884490551,2.1959616833936573,27,4.0,34.0
2021,São Paulo Grand Prix,RUS,5,HARD,0.005882594417077266,0.7084983579638714,28,2.0,29.0
2021,São Paulo Grand Prix,SAI,3,MEDIUM,-0.07629661016949142,2.0856525423728804,13,10.0,25.0
2021,São Paulo Grand Prix,SAI,4,MEDIUM,-0.010469616724738577,0.635728641114983,24,2.0,26.0
2021,São Paulo Grand Prix,SAI,5,HARD,0.00708088235294113,0.2843676470588288,17,2.0,18.0
2021,São Paulo Grand Prix,STR,3,MEDIUM,-0.1360258620689652,3.4011408045976954,9,12.0,23.0
2021,São Paulo Grand Prix,STR,4,HARD,0.02209945133477799,0.3710765364931593,22,4.0,26.0
2021,São Paulo Grand Prix,TSU,5,HARD,-0.030579032903290455,1.5128860136013689,25,6.0,34.0
2021,São Paulo Grand Prix,TSU,6,HARD,-0.0245719688542826,1.4275374860956689,30,2.0,31.0
2021,São Paulo Grand Prix,VER,3,MEDIUM,0.02419029258335222,-0.15655772283963815,14,10.0,26.0
2021,São Paulo Grand Prix,VER,4,HARD,0.0407695530726248,0.010125698324028673,9,2.0,12.0
2021,São Paulo Grand Prix,VER,5,HARD,0.06424550071417232,-0.22705375337248368,29,2.0,31.0
2021,São Paulo Grand Prix,VET,3,MEDIUM,-0.03558458244111358,1.4338936473947226,15,12.0,29.0
2021,São Paulo Grand Prix,VET,4,HARD,-0.031209565217391173,1.1582911594202807,24,5.0,28.0
2021,São Paulo Grand Prix,VET,5,MEDIUM,-0.005085714285714289,0.27482857142857114,14,4.0,17.0
2021,Spanish Grand Prix,ALO,1,SOFT,-0.018302384393063503,0.7777543352601198,15,5.0,23.0
2021,Spanish Grand Prix,ALO,2,MEDIUM,0.037507276507276574,-0.013188642083384194,38,2.0,39.0
2021,Spanish Grand Prix,BOT,1,SOFT,-0.037790902919212555,0.9994256619144635,18,5.0,25.0
2021,Spanish Grand Prix,BOT,2,MEDIUM,0.03043431855500827,0.49373234811166133,28,2.0,29.0
2021,Spanish Grand Prix,BOT,3,SOFT,-0.04979720279720273,2.4910372960372893,12,5.0,16.0
2021,Spanish Grand Prix,GAS,1,SOFT,-0.032146508443633086,1.1093318119580087,13,2.0,17.0
2021,Spanish Grand Prix,GAS,2,MEDIUM,-0.011095848595848666,1.2929192104192049,27,2.0,28.0
2021,Spanish Grand Prix,GAS,3,SOFT,0.06800245098039209,0.8930343137254896,17,2.0,18.0
2021,Spanish Grand Prix,GIO,1,SOFT,-0.4278571428571442,2.6441904761904858,6,2.0,7.0
2021,Spanish Grand Prix,GIO,2,MEDIUM,0.044063218390804536,0.08544581280788062,28,6.0,33.0
2021,Spanish Grand Prix,GIO,3,SOFT,0.03178615384615377,0.12143538461537888,25,5.0,29.0
2021,Spanish Grand Prix,HAM,1,SOFT,0.011038582223360674,0.2317802894467181,23,6.0,31.0
2021,Spanish Grand Prix,HAM,2,MEDIUM,0.060912587412587975,-0.05642773892773572,12,2.0,13.0
2021,Spanish Grand Prix,HAM,3,MEDIUM,0.041513833992094754,-0.13250197628458912,23,8.0,30.0
2021,Spanish Grand Prix,LAT,1,SOFT,-0.38691428571428577,2.500780952380947,6,2.0,7.0
2021,Spanish Grand Prix,LAT,2,MEDIUM,-0.13894411764705852,2.1065941176470537,16,2.0,17.0
2021,Spanish Grand Prix,LAT,3,MEDIUM,0.10382207792207786,-0.22472207792207083,21,2.0,22.0
2021,Spanish Grand Prix,LAT,4,SOFT,0.15234725274725228,-1.016564835164831,14,5.0,18.0
2021,Spanish Grand Prix,LEC,1,SOFT,-0.008065189549180138,0.5414919313524513,23,5.0,30.0
2021,Spanish Grand Prix,LEC,2,MEDIUM,0.009402025177887425,0.32894718117131516,28,2.0,29.0
2021,Spanish Grand Prix,LEC,3,SOFT,0.36835714285714444,-1.8297142857143045,7,5.0,11.0
2021,Spanish Grand Prix,MAZ,1,SOFT,-0.03155701568461209,1.20764306909708,16,2.0,21.0
2021,Spanish Grand Prix,MAZ,2,MEDIUM,0.04686480908152744,0.7019195046439602,18,2.0,19.0
2021,Spanish Grand Prix,MAZ,3,MEDIUM,0.11558441558441554,-0.02548917748918367,21,2.0,22.0
2021,Spanish Grand Prix,MSC,1,SOFT,-0.0341934826883912,1.4445852002715591,18,2.0,22.0
2021,Spanish Grand Prix,MSC,2,MEDIUM,0.0419923076923076,0.20382769230769004,25,2.0,26.0
2021,Spanish Grand Prix,MSC,3,MEDIUM,0.161208791208791,-0.07428571428571451,13,2.0,14.0
2021,Spanish Grand Prix,NOR,1,SOFT,-0.04208486082824142,1.4727042317266308,18,5.0,25.0
2021,Spanish Grand Prix,NOR,2,MEDIUM,-0.023806495726495944,1.1264249572649645,26,2.0,27.0
2021,Spanish Grand Prix,NOR,3,SOFT,0.0927802197802203,0.5301868131868113,13,5.0,17.0
2021,Spanish Grand Prix,OCO,1,SOFT,-0.00391242362525489,0.660031455080342,18,5.0,25.0
2021,Spanish Grand Prix,OCO,2,MEDIUM,0.05291811846689906,0.024264808362359915,41,2.0,42.0
2021,Spanish Grand Prix,PER,1,SOFT,-0.005426820583936016,1.1794560548705024,22,5.0,29.0
2021,Spanish Grand Prix,PER,2,MEDIUM,-0.010539408866995233,1.0833251231527161,28,2.0,29.0
2021,Spanish Grand Prix,PER,3,SOFT,-0.04946428571428626,2.2473214285714325,8,5.0,12.0
2021,Spanish Grand Prix,RAI,1,MEDIUM,-0.025755044561904524,1.7039287009529653,32,2.0,36.0
2021,Spanish Grand Prix,RAI,2,SOFT,0.013901709401709449,0.7153632478632524,27,2.0,28.0
2021,Spanish Grand Prix,RIC,1,SOFT,-0.00773041474654403,0.5780748847926279,20,5.0,27.0
2021,Spanish Grand Prix,RIC,2,MEDIUM,-0.003235087719298238,0.31732280701754045,19,2.0,20.0
2021,Spanish Grand Prix,RIC,3,SOFT,-0.050878947368420836,1.20544210526316,19,3.0,21.0
2021,Spanish Grand Prix,RUS,1,SOFT,-0.4564285714285719,2.7274285714285784,6,2.0,7.0
2021,Spanish Grand Prix,RUS,2,MEDIUM,-0.09721078431372539,1.8918725490196038,17,2.0,18.0
2021,Spanish Grand Prix,RUS,3,MEDIUM,0.07847966537966534,-0.06471458601458198,36,2.0,37.0
2021,Spanish Grand Prix,SAI,1,SOFT,-0.013360591042584254,0.8622700073421479,17,5.0,24.0
2021,Spanish Grand Prix,SAI,2,MEDIUM,-0.033980237154150314,1.2327984189723338,22,2.0,23.0
2021,Spanish Grand Prix,SAI,3,SOFT,-0.04981403508771939,1.551817543859653,19,5.0,23.0
2021,Spanish Grand Prix,STR,1,SOFT,-0.03832470631424404,0.9527597283406805,17,2.0,21.0
2021,Spanish Grand Prix,STR,2,MEDIUM,-0.0011857142857141614,0.6942047619047635,15,2.0,16.0
2021,Spanish Grand Prix,STR,3,SOFT,0.024967472894078458,0.6561684737281064,24,5.0,29.0
2021,Spanish Grand Prix,VER,1,SOFT,0.010806671673550846,0.12568237576668453,19,5.0,26.0
2021,Spanish Grand Prix,VER,2,MEDIUM,0.02011352177234542,0.44757631779984386,34,2.0,35.0
2021,Spanish Grand Prix,VET,1,SOFT,-0.03196275395033846,1.1336388261850956,16,2.0,20.0
2021,Spanish Grand Prix,VET,2,MEDIUM,0.03561785714285718,0.6643726190476188,15,2.0,16.0
2021,Spanish Grand Prix,VET,3,SOFT,0.02830632478632486,0.592331623931629,26,5.0,30.0
2021,Styrian Grand Prix,ALO,1,SOFT,-0.020357692307692334,0.939080769230767,25,5.0,29.0
2021,Styrian Grand Prix,ALO,2,HARD,-0.006805445263754972,0.6441701374821105,42,2.0,43.0
2021,Styrian Grand Prix,BOT,1,MEDIUM,-0.04967846153846155,1.6029738461538419,25,5.0,29.0
2021,Styrian Grand Prix,BOT,2,HARD,0.023988372093023198,0.25112790697674464,43,2.0,44.0
2021,Styrian Grand Prix,GIO,1,MEDIUM,-0.024392207792207923,0.8337541125541151,21,2.0,22.0
2021,Styrian Grand Prix,GIO,2,HARD,0.011161332099907552,0.4887430157261791,46,2.0,47.0
2021,Styrian Grand Prix,HAM,1,MEDIUM,-0.004535655833528251,0.45307318213701187,25,6.0,31.0
2021,Styrian Grand Prix,HAM,2,HARD,0.026830182649937834,0.17911894110128473,37,2.0,40.0
2021,Styrian Grand Prix,LAT,2,SOFT,-0.033904573687182415,1.8203980801806916,22,2.0,23.0
2021,Styrian Grand Prix,LAT,3,HARD,-0.027296248278097422,1.6039989195905262,42,2.0,43.0
2021,Styrian Grand Prix,LEC,2,HARD,0.01982047364400306,0.1946447669977043,34,2.0,35.0
2021,Styrian Grand Prix,LEC,3,MEDIUM,-0.015190118620089264,0.7357350092501898,28,2.0,33.0
2021,Styrian Grand Prix,MAZ,1,MEDIUM,-0.016577192982456135,0.8507175438596506,19,2.0,20.0
2021,Styrian Grand Prix,MAZ,2,HARD,0.027232202423378444,0.5785985174625878,45,2.0,47.0
2021,Styrian Grand Prix,MSC,1,MEDIUM,-0.021269354838709606,1.4961919354838706,31,2.0,32.0
2021,Styrian Grand Prix,MSC,2,HARD,0.006738935574229658,0.880188795518212,35,2.0,36.0
2021,Styrian Grand Prix,NOR,1,SOFT,-0.014221870924396278,0.7311700588863013,27,5.0,33.0
2021,Styrian Grand Prix,NOR,2,HARD,-0.027829959514170065,1.2450404858299546,38,2.0,39.0
2021,Styrian Grand Prix,OCO,1,MEDIUM,-0.04031703590527121,1.616894576012221,34,2.0,35.0
2021,Styrian Grand Prix,OCO,2,HARD,0.006167112299465231,0.38768894830660156,33,2.0,34.0
2021,Styrian Grand Prix,PER,1,SOFT,-0.0300404347826086,0.9877088405797053,24,5.0,28.0
2021,Styrian Grand Prix,PER,2,HARD,-0.01094153846153847,0.6535753846153873,26,2.0,27.0
2021,Styrian Grand Prix,PER,3,MEDIUM,0.04432352941176433,0.26380147058823245,16,2.0,17.0
2021,Styrian Grand Prix,RAI,1,HARD,-0.03700580595874715,1.551283880825055,34,2.0,35.0
2021,Styrian Grand Prix,RAI,2,MEDIUM,-0.012092721741165496,1.01076747016148,31,2.0,34.0
2021,Styrian Grand Prix,RIC,1,MEDIUM,-0.04453238866396755,2.179257085020236,39,2.0,40.0
2021,Styrian Grand Prix,RIC,2,HARD,0.03903585112205789,0.05862287903666872,28,2.0,29.0
2021,Styrian Grand Prix,RUS,1,MEDIUM,-0.03319762845849832,0.9263952569170042,23,2.0,24.0
2021,Styrian Grand Prix,RUS,3,HARD,0.07540476190476143,-0.02313095238094519,8,3.0,10.0
2021,Styrian Grand Prix,SAI,1,MEDIUM,-0.06682874493927134,2.788916464237524,39,2.0,40.0
2021,Styrian Grand Prix,SAI,2,HARD,-0.020571428571428563,0.9221428571428619,28,2.0,29.0
2021,Styrian Grand Prix,STR,1,SOFT,-0.012434471273938597,0.5944762697751917,22,5.0,30.0
2021,Styrian Grand Prix,STR,2,HARD,-0.001841645328410824,0.49592066634907217,39,2.0,42.0
2021,Styrian Grand Prix,TSU,1,SOFT,-0.03292347826086972,1.139154057971015,24,5.0,28.0
2021,Styrian Grand Prix,TSU,2,HARD,-0.010423040249767921,0.8063256096531864,41,3.0,44.0
2021,Styrian Grand Prix,VER,1,MEDIUM,0.003357142857142866,0.18770899470900196,27,7.0,33.0
2021,Styrian Grand Prix,VER,2,HARD,0.01016968641114986,0.5815595818815348,41,2.0,42.0
2021,Styrian Grand Prix,VET,1,MEDIUM,-0.04141769230769213,1.1503676923076938,25,2.0,26.0
2021,Styrian Grand Prix,VET,2,HARD,0.00410488756268986,0.42047918426776626,40,2.0,43.0
2021,Turkish Grand Prix,ALO,1,INTERMEDIATE,-0.09380268199233723,2.945405856595516,28,2.0,29.0
2021,Turkish Grand Prix,ALO,2,INTERMEDIATE,-0.10242461538461543,3.309618461538468,26,2.0,27.0
2021,Turkish Grand Prix,BOT,1,INTERMEDIATE,-0.022660504201680615,1.2530638655462158,35,2.0,36.0
2021,Turkish Grand Prix,BOT,2,INTERMEDIATE,-0.13165037593984952,4.630629323308265,20,2.0,21.0
2021,Turkish Grand Prix,GAS,1,INTERMEDIATE,-0.037677809388335766,1.9426372688478002,37,2.0,38.0
2021,Turkish Grand Prix,GAS,2,INTERMEDIATE,-0.03525386996904015,1.4095545235638158,18,2.0,19.0
2021,Turkish Grand Prix,GIO,1,INTERMEDIATE,-0.056922967501914855,2.345368202210309,38,2.0,39.0
2021,Turkish Grand Prix,GIO,2,INTERMEDIATE,-0.1380294117647058,3.4501544117647094,16,2.0,17.0
2021,Turkish Grand Prix,HAM,1,INTERMEDIATE,-0.0021213091619626317,1.5991142169633752,48,2.0,49.0
2021,Turkish Grand Prix,HAM,2,INTERMEDIATE,-0.19582142857142962,2.1005357142857117,7,2.0,8.0
2021,Turkish Grand Prix,LAT,1,INTERMEDIATE,-0.04622653958944281,2.2467144428152537,32,2.0,33.0
2021,Turkish Grand Prix,LAT,2,INTERMEDIATE,-0.0625640880858275,1.7610056465273907,22,2.0,23.0
2021,Turkish Grand Prix,LEC,1,INTERMEDIATE,0.02312266139657439,0.9105894598155532,45,2.0,46.0
2021,Turkish Grand Prix,LEC,2,INTERMEDIATE,-0.21716969696969587,2.8257030303030266,10,2.0,11.0
2021,Turkish Grand Prix,MAZ,1,INTERMEDIATE,0.007111631016042849,1.5518694295900142,33,2.0,34.0
2021,Turkish Grand Prix,MAZ,2,INTERMEDIATE,0.10946992481203008,0.8899458646616506,20,2.0,21.0
2021,Turkish Grand Prix,MSC,1,INTERMEDIATE,-0.03741820768136546,2.6229587482219068,37,2.0,38.0
2021,Turkish Grand Prix,MSC,2,INTERMEDIATE,-0.01507058823529356,2.3472955882352853,16,2.0,17.0
2021,Turkish Grand Prix,NOR,1,INTERMEDIATE,-0.057400843108504414,2.4846710043988307,32,2.0,33.0
2021,Turkish Grand Prix,NOR,2,INTERMEDIATE,-0.05752470355731233,2.175777667984193,23,2.0,24.0
2021,Turkish Grand Prix,OCO,1,INTERMEDIATE,0.006847949419002,1.0977176349965811,56,2.0,57.0
2021,Turkish Grand Prix,PER,1,INTERMEDIATE,0.003224929971988688,1.3556691876750688,35,2.0,36.0
2021,Turkish Grand Prix,PER,2,INTERMEDIATE,-0.04787819548872203,2.0353992481202994,20,2.0,21.0
2021,Turkish Grand Prix,RAI,1,INTERMEDIATE,-0.036252941176470675,2.1140344537815188,35,2.0,36.0
2021,Turkish Grand Prix,RAI,2,INTERMEDIATE,-0.041161403508772086,2.5131964912280726,19,2.0,20.0
2021,Turkish Grand Prix,RIC,1,INTERMEDIATE,-0.1688438596491228,3.5188614035087675,19,2.0,20.0
2021,Turkish Grand Prix,RIC,2,INTERMEDIATE,0.09218515406162466,0.24159635854342057,35,2.0,36.0
2021,Turkish Grand Prix,RUS,1,INTERMEDIATE,-0.045560828877005376,2.1989737076648854,33,2.0,34.0
2021,Turkish Grand Prix,RUS,2,INTERMEDIATE,-0.18348181818181797,3.8884008658008624,21,2.0,22.0
2021,Turkish Grand Prix,SAI,1,INTERMEDIATE,-0.0707825821237585,2.9641836516424678,34,2.0,35.0
2021,Turkish Grand Prix,SAI,2,INTERMEDIATE,-0.1864779220779219,3.888877922077914,21,2.0,22.0
2021,Turkish Grand Prix,STR,1,INTERMEDIATE,-0.049280227596017065,2.6754153627311554,37,2.0,38.0
2021,Turkish Grand Prix,STR,2,INTERMEDIATE,-0.20461713106295157,4.150590987272099,18,2.0,19.0
2021,Turkish Grand Prix,TSU,1,INTERMEDIATE,0.01067947860962567,1.5357087789661363,33,2.0,34.0
2021,Turkish Grand Prix,TSU,2,INTERMEDIATE,-0.16680389610389598,4.116313419913425,21,2.0,22.0
2021,Turkish Grand Prix,VER,1,INTERMEDIATE,-0.018883269671504988,1.2685463712757863,34,2.0,35.0
2021,Turkish Grand Prix,VER,2,INTERMEDIATE,-0.08024545454545429,2.306183549783546,21,2.0,22.0
2021,Turkish Grand Prix,VET,1,INTERMEDIATE,-0.047589304812834306,1.927931550802146,34,2.0,35.0
2021,Turkish Grand Prix,VET,3,INTERMEDIATE,-0.18059824561403517,3.5065807017543817,19,2.0,20.0
2021,United States Grand Prix,ALO,2,HARD,0.04438080495356026,0.2899459924320607,18,2.0,19.0
2021,United States Grand Prix,ALO,3,HARD,0.05833333333333356,0.4512222222222238,9,2.0,10.0
2021,United States Grand Prix,ALO,4,MEDIUM,0.00634523809523831,0.3249761904761918,8,2.0,9.0
2021,United States Grand Prix,BOT,1,MEDIUM,-0.2402087912087909,4.502450549450537,13,5.0,17.0
2021,United States Grand Prix,BOT,2,HARD,-0.06626718266253831,1.3152009287925617,16,2.0,18.0
2021,United States Grand Prix,BOT,3,HARD,0.0757324675324677,-0.19517056277056943,21,2.0,22.0
2021,United States Grand Prix,GAS,1,MEDIUM,-0.14296428571428607,2.4300714285714293,8,5.0,12.0
2021,United States Grand Prix,GIO,1,MEDIUM,-0.5122285714285713,3.079028571428572,6,2.0,7.0
2021,United States Grand Prix,GIO,2,MEDIUM,0.09358382352941189,-0.38973529411765295,16,5.0,20.0
2021,United States Grand Prix,GIO,3,HARD,0.046624542124542236,0.21267399267399498,27,3.0,29.0
2021,United States Grand Prix,HAM,1,MEDIUM,0.038336363636363294,0.23218181818182543,11,5.0,15.0
2021,United States Grand Prix,HAM,2,HARD,0.023837902264600738,0.3528164481525603,21,2.0,23.0
2021,United States Grand Prix,HAM,3,HARD,0.015323013415892492,0.642330581355353,18,2.0,19.0
2021,United States Grand Prix,LAT,2,HARD,0.07063157894736845,-0.10063157894736773,18,2.0,19.0
2021,United States Grand Prix,LAT,3,HARD,0.04742673992673987,0.6703943833943858,27,3.0,29.0
2021,United States Grand Prix,LEC,1,MEDIUM,-0.09785454545454499,1.6032181818181794,10,5.0,14.0
2021,United States Grand Prix,LEC,2,HARD,0.03421566335476297,0.08149532437170907,16,2.0,19.0
2021,United States Grand Prix,LEC,3,HARD,0.07353853754940724,0.3836511857707517,23,2.0,24.0
2021,United States Grand Prix,MAZ,2,HARD,0.11424160500853749,0.9431540978941375,20,2.0,22.0
2021,United States Grand Prix,MAZ,3,MEDIUM,-0.038870833333333264,0.6567874999999993,9,3.0,12.0
2021,United States Grand Prix,MAZ,4,MEDIUM,0.04124285714285727,1.1245952380952406,15,4.0,18.0
2021,United States Grand Prix,MSC,1,MEDIUM,-0.145983333333334,1.379455555555564,9,2.0,10.0
2021,United States Grand Prix,MSC,2,HARD,0.04611945271515706,0.4111368921026513,19,2.0,22.0
2021,United States Grand Prix,MSC,3,MEDIUM,0.06928493311200057,0.9659926764964424,18,2.0,20.0
2021,United States Grand Prix,NOR,1,MEDIUM,-0.005357142857140998,0.791285714285703,8,5.0,12.0
2021,United States Grand Prix,NOR,2,HARD,-0.005861423220973747,0.7791273408239637,17,2.0,19.0
2021,United States Grand Prix,NOR,3,HARD,0.029805384615384525,0.3597646153846214,25,2.0,26.0
2021,United States Grand Prix,OCO,2,HARD,0.046580339588919044,0.17685594280607897,19,2.0,21.0
2021,United States Grand Prix,OCO,3,MEDIUM,0.07488461538461534,-0.2287564102564109,12,6.0,17.0
2021,United States Grand Prix,PER,1,MEDIUM,0.060963636363636164,-0.04785454545454502,10,5.0,14.0
2021,United States Grand Prix,PER,2,MEDIUM,0.07467314634823691,0.008591224659806256,14,5.0,20.0
2021,United States Grand Prix,PER,3,HARD,0.04188307692307687,0.4892369230769228,25,2.0,26.0
2021,United States Grand Prix,RAI,1,MEDIUM,-0.3340000000000002,3.5872,10,2.0,11.0
2021,United States Grand Prix,RAI,2,MEDIUM,-0.03575749423520394,1.2504254419677203,15,2.0,18.0
2021,United States Grand Prix,RAI,3,HARD,0.15569129923937913,-0.7280788448457134,20,3.0,24.0
2021,United States Grand Prix,RIC,1,MEDIUM,-0.018366666666666486,0.5815222222222217,9,5.0,13.0
2021,United States Grand Prix,RIC,2,HARD,-0.018089249492899962,0.5883590263691693,16,2.0,18.0
2021,United States Grand Prix,RIC,3,HARD,0.004617692307692354,0.7081123076923076,25,2.0,26.0
2021,United States Grand Prix,RUS,1,MEDIUM,-0.3267500000000006,2.510178571428571,7,2.0,8.0
2021,United States Grand Prix,RUS,2,HARD,0.07540568475452225,0.4355012919896586,18,2.0,21.0
2021,United States Grand Prix,RUS,3,HARD,0.046052977712824246,0.5371198392400396,22,2.0,24.0
2021,United States Grand Prix,SAI,1,SOFT,-0.041133333333332696,1.2053111111111063,9,5.0,13.0
2021,United States Grand Prix,SAI,2,HARD,0.015779611211572835,0.3199981916817358,15,2.0,17.0
2021,United States Grand Prix,SAI,3,HARD,0.05198119658119664,0.11538803418803674,26,2.0,27.0
2021,United States Grand Prix,STR,1,MEDIUM,-0.1077676470588237,2.0662926470588188,16,2.0,17.0
2021,United States Grand Prix,STR,2,MEDIUM,0.03808556405353738,0.469344168260035,11,2.0,15.0
2021,United States Grand Prix,STR,3,HARD,0.07238347895154915,0.18435710881652403,19,2.0,21.0
2021,United States Grand Prix,TSU,1,SOFT,-0.14571428571428463,1.7769999999999906,7,5.0,11.0
2021,United States Grand Prix,TSU,2,HARD,-0.00919426433915226,0.8183720698254446,19,3.0,22.0
2021,United States Grand Prix,TSU,3,HARD,0.009801242236024976,0.6185753811406011,22,2.0,23.0
2021,United States Grand Prix,VER,1,MEDIUM,0.03349999999999985,0.09049999999999998,7,5.0,12.0
2021,United States Grand Prix,VER,2,HARD,0.04690588235294099,0.2500191176470584,16,2.0,17.0
2021,United States Grand Prix,VER,3,HARD,-0.04191076923076921,1.380975384615381,26,2.0,27.0
2021,United States Grand Prix,VET,1,MEDIUM,-0.1250357142857144,2.82039285714286,15,4.0,18.0
2021,United States Grand Prix,VET,2,MEDIUM,-0.044595937896689544,1.1728358558734493,18,4.0,22.0
2021,United States Grand Prix,VET,3,HARD,0.052400000000000904,0.2317999999999977,14,2.0,16.0
2022,Abu Dhabi Grand Prix,ALB,1,MEDIUM,-0.013448484848484899,0.7311151515151574,10,2.0,11.0
2022,Abu Dhabi Grand Prix,ALB,2,HARD,0.0008299875903350036,0.6239136433316301,20,2.0,22.0
2022,Abu Dhabi Grand Prix,ALB,3,MEDIUM,0.2253688311688312,-1.1214735930735864,21,2.0,22.0
2022,Abu Dhabi Grand Prix,ALO,1,MEDIUM,0.07935244961494335,0.05727314435523323,16,2.0,18.0
2022,Abu Dhabi Grand Prix,ALO,2,HARD,-0.1261142857142849,1.08384761904762,6,2.0,7.0
2022,Abu Dhabi Grand Prix,BOT,1,HARD,0.005356048166392899,1.2293741105637634,28,2.0,29.0
2022,Abu Dhabi Grand Prix,BOT,2,MEDIUM,-0.011653333333333203,1.254973333333328,26,2.0,27.0
2022,Abu Dhabi Grand Prix,GAS,1,SOFT,-0.018933566433566244,0.6694184149184116,12,2.0,13.0
2022,Abu Dhabi Grand Prix,GAS,2,HARD,0.02744615224042938,0.25063849901944846,38,2.0,42.0
2022,Abu Dhabi Grand Prix,HAM,1,MEDIUM,0.0663893129770993,0.8069443838604089,14,2.0,17.0
2022,Abu Dhabi Grand Prix,HAM,2,HARD,0.004327261613691935,0.4266520782396124,34,2.0,36.0
2022,Abu Dhabi Grand Prix,LAT,1,MEDIUM,0.019994505494505627,0.5617362637362633,13,2.0,14.0
2022,Abu Dhabi Grand Prix,LAT,2,HARD,0.018793506493506338,0.2103350649350645,21,2.0,22.0
2022,Abu Dhabi Grand Prix,LAT,3,MEDIUM,0.2692714285714282,-0.9259761904761834,15,2.0,16.0
2022,Abu Dhabi Grand Prix,LEC,1,MEDIUM,0.04777516607051594,0.23498007153806316,18,2.0,20.0
2022,Abu Dhabi Grand Prix,LEC,2,HARD,-0.0063375804375804595,0.4938883740883804,36,2.0,37.0
2022,Abu Dhabi Grand Prix,MAG,1,HARD,0.03624478299478283,0.28601470751470964,25,2.0,27.0
2022,Abu Dhabi Grand Prix,MAG,2,MEDIUM,0.02429075680526485,0.5955955728387653,27,2.0,29.0
2022,Abu Dhabi Grand Prix,MSC,1,MEDIUM,-0.048472727272727084,1.1684181818181776,11,3.0,13.0
2022,Abu Dhabi Grand Prix,MSC,2,HARD,0.025177502579979246,0.3266917784657723,18,2.0,19.0
2022,Abu Dhabi Grand Prix,MSC,3,MEDIUM,0.11404460756634667,0.7666696781479422,22,2.0,23.0
2022,Abu Dhabi Grand Prix,NOR,1,MEDIUM,0.10809288824383137,-0.10276632801161105,12,2.0,14.0
2022,Abu Dhabi Grand Prix,NOR,2,HARD,0.01947615384615388,0.20373384615384788,25,2.0,26.0
2022,Abu Dhabi Grand Prix,NOR,3,MEDIUM,0.21219642857142834,-0.5759678571428591,15,2.0,16.0
2022,Abu Dhabi Grand Prix,OCO,1,MEDIUM,0.1147587412587415,-0.06377389277389968,12,2.0,13.0
2022,Abu Dhabi Grand Prix,OCO,2,HARD,-0.013005384615384571,0.49099538461538217,25,2.0,26.0
2022,Abu Dhabi Grand Prix,OCO,3,HARD,0.023722058823529207,0.001077941176473765,16,2.0,17.0
2022,Abu Dhabi Grand Prix,PER,1,MEDIUM,0.0841888111888109,-0.013416083916086886,12,2.0,13.0
2022,Abu Dhabi Grand Prix,PER,2,HARD,-0.005673529411764962,0.7741485294117652,16,2.0,17.0
2022,Abu Dhabi Grand Prix,PER,3,HARD,0.005610616604628365,0.2679223175271169,23,2.0,25.0
2022,Abu Dhabi Grand Prix,RIC,1,MEDIUM,0.07559803921568634,-0.013627450980389462,17,2.0,18.0
2022,Abu Dhabi Grand Prix,RIC,2,HARD,-0.004878870773607553,0.5806484298063259,38,2.0,39.0
2022,Abu Dhabi Grand Prix,RUS,1,MEDIUM,0.04085714285714294,0.42752747252747136,13,2.0,14.0
2022,Abu Dhabi Grand Prix,RUS,2,HARD,-0.01683254437869834,0.8633869822485172,21,2.0,23.0
2022,Abu Dhabi Grand Prix,RUS,3,MEDIUM,0.14771723426212588,-0.8501420708634326,18,2.0,19.0
2022,Abu Dhabi Grand Prix,SAI,1,MEDIUM,0.02680652173913115,0.26301086956520886,14,2.0,16.0
2022,Abu Dhabi Grand Prix,SAI,2,HARD,-0.03111291364003262,0.7132140435835421,19,2.0,21.0
2022,Abu Dhabi Grand Prix,SAI,3,HARD,0.04268627450980404,0.08629411764705232,18,2.0,19.0
2022,Abu Dhabi Grand Prix,STR,1,MEDIUM,0.0768818181818184,-0.00789999999999666,11,2.0,12.0
2022,Abu Dhabi Grand Prix,STR,2,HARD,-0.019443043478260952,0.7093255072463738,24,4.0,27.0
2022,Abu Dhabi Grand Prix,STR,3,MEDIUM,0.06883248463564526,-0.03170904302019834,16,3.0,19.0
2022,Abu Dhabi Grand Prix,TSU,1,MEDIUM,0.08769230769230758,0.02330769230769277,12,2.0,13.0
2022,Abu Dhabi Grand Prix,TSU,2,HARD,-0.02859740259740245,0.8466493506493489,22,2.0,23.0
2022,Abu Dhabi Grand Prix,TSU,3,SOFT,0.1468824561403508,-0.36307543859649427,19,2.0,20.0
2022,Abu Dhabi Grand Prix,VER,1,MEDIUM,0.08151496388028916,0.0256484348125146,18,2.0,19.0
2022,Abu Dhabi Grand Prix,VER,2,HARD,-0.023926268373636816,1.1728496917970652,37,2.0,38.0
2022,Abu Dhabi Grand Prix,VET,1,MEDIUM,0.07720485606280904,0.12321236793642082,21,2.0,24.0
2022,Abu Dhabi Grand Prix,VET,2,HARD,-0.0009054252199413957,0.7776253665689179,32,3.0,34.0
2022,Abu Dhabi Grand Prix,ZHO,1,MEDIUM,0.00816483516483467,0.5686813186813263,13,2.0,14.0
2022,Abu Dhabi Grand Prix,ZHO,2,HARD,0.016070876162506114,0.334381742535484,26,2.0,28.0
2022,Abu Dhabi Grand Prix,ZHO,3,SOFT,0.050797202797202706,1.0150209790209828,12,2.0,13.0
2022,Australian Grand Prix,ALB,1,HARD,-0.09994564445076025,5.394108938468096,45,2.0,56.0
2022,Australian Grand Prix,ALO,1,HARD,-0.05918371570350925,2.3777116758272325,29,2.0,38.0
2022,Australian Grand Prix,ALO,2,MEDIUM,0.21641258741258773,-0.8090944055944087,12,2.0,13.0
2022,Australian Grand Prix,BOT,1,MEDIUM,-0.07625060240963838,1.9620704819277162,16,2.0,21.0
2022,Australian Grand Prix,BOT,2,HARD,-0.11477029871136869,4.664145183325336,30,5.0,36.0
2022,Australian Grand Prix,GAS,1,MEDIUM,-0.014086816109422053,0.8362387917933042,15,2.0,20.0
2022,Australian Grand Prix,GAS,2,HARD,-0.07608377949267067,3.1510513483242932,30,6.0,37.0
2022,Australian Grand Prix,HAM,1,MEDIUM,-0.0570162650602405,1.5004030120481828,16,2.0,21.0
2022,Australian Grand Prix,HAM,2,HARD,-0.08772820588561085,2.7709405284988162,30,5.0,36.0
2022,Australian Grand Prix,LAT,1,MEDIUM,-0.1888695652173909,2.9920434782608574,7,2.0,12.0
2022,Australian Grand Prix,LAT,2,HARD,-0.022511904761904664,0.4609523809523835,8,3.0,10.0
2022,Australian Grand Prix,LAT,3,HARD,-0.06426453480242725,2.125347632763773,29,4.0,34.0
2022,Australian Grand Prix,LEC,1,MEDIUM,0.0008632530120485503,0.452249397590353,16,2.0,21.0
2022,Australian Grand Prix,LEC,2,HARD,-0.06158401949562453,2.9724558702260886,30,5.0,36.0
2022,Australian Grand Prix,MAG,1,HARD,-0.06041270388749185,2.7400181801998174,29,2.0,38.0
2022,Australian Grand Prix,MAG,2,MEDIUM,0.0743749999999997,-0.10079411764705343,17,4.0,20.0
2022,Australian Grand Prix,MSC,1,MEDIUM,-0.05097619047619084,2.227113095238101,8,4.0,15.0
2022,Australian Grand Prix,MSC,2,HARD,-0.02987721839913073,2.2697608354460943,36,2.0,43.0
2022,Australian Grand Prix,NOR,1,MEDIUM,-0.0329978160640621,0.7037590390681814,14,2.0,19.0
2022,Australian Grand Prix,NOR,2,HARD,-0.07199067264388712,2.995665465024991,31,2.0,38.0
2022,Australian Grand Prix,OCO,1,MEDIUM,-0.03652320441988954,1.0022922651933714,11,2.0,16.0
2022,Australian Grand Prix,OCO,2,HARD,-0.07489169908780464,3.18708775835079,34,2.0,41.0
2022,Australian Grand Prix,PER,1,MEDIUM,0.004969667556417839,0.49901334627518523,14,2.0,19.0
2022,Australian Grand Prix,PER,2,HARD,-0.0779506672726522,3.249848572491021,31,2.0,38.0
2022,Australian Grand Prix,RIC,1,MEDIUM,-0.030456876899695985,0.8024842325227908,15,2.0,20.0
2022,Australian Grand Prix,RIC,2,HARD,-0.09138260163202011,3.1305024554148435,30,6.0,37.0
2022,Australian Grand Prix,RUS,1,MEDIUM,-0.052948188405797146,1.188345652173918,17,2.0,22.0
2022,Australian Grand Prix,RUS,2,HARD,-0.08758461027212633,3.012150155694218,30,4.0,35.0
2022,Australian Grand Prix,STR,3,HARD,-0.09501029411764725,1.9382955882353015,16,3.0,18.0
2022,Australian Grand Prix,STR,4,HARD,-0.040433814570025484,1.8598480719762722,30,8.0,39.0
2022,Australian Grand Prix,TSU,1,MEDIUM,-0.03875867768595038,1.4059719008264469,12,2.0,17.0
2022,Australian Grand Prix,TSU,2,HARD,-0.04954261739277846,2.469133073402273,32,2.0,39.0
2022,Australian Grand Prix,VER,1,MEDIUM,0.01719256198347094,0.42943305785123714,12,2.0,17.0
2022,Australian Grand Prix,VER,2,HARD,-0.060529411764706116,2.1937254901960737,15,2.0,20.0
2022,Australian Grand Prix,VET,1,HARD,-0.15923599033816485,3.7242490338164416,17,3.0,23.0
2022,Australian Grand Prix,ZHO,1,MEDIUM,-0.06623100303951371,2.1916747720364773,15,2.0,20.0
2022,Australian Grand Prix,ZHO,2,HARD,-0.06853254809289964,3.241856293615925,30,6.0,37.0
2022,Austrian Grand Prix,ALB,1,MEDIUM,-0.11056666666666613,0.9905111111111052,9,2.0,10.0
2022,Austrian Grand Prix,ALB,2,HARD,0.04444598974094822,0.18579608524886287,26,2.0,29.0
2022,Austrian Grand Prix,ALO,1,HARD,0.004649230769230882,0.6721107692307641,25,2.0,26.0
2022,Austrian Grand Prix,ALO,2,HARD,-0.01618664477285164,0.999464422550632,28,2.0,29.0
2022,Austrian Grand Prix,ALO,4,MEDIUM,0.03361818181818098,0.3790363636363624,11,2.0,12.0
2022,Austrian Grand Prix,BOT,2,HARD,0.03985564516129029,0.40342177419354897,31,2.0,32.0
2022,Austrian Grand Prix,GAS,1,MEDIUM,-0.057095945945946476,0.920406756756761,9,2.0,11.0
2022,Austrian Grand Prix,GAS,2,HARD,0.052758425695543905,0.1232985749830428,21,2.0,27.0
2022,Austrian Grand Prix,HAM,1,MEDIUM,-0.023601294636505975,1.2447488974249548,23,2.0,27.0
2022,Austrian Grand Prix,HAM,2,HARD,0.02646440864656478,0.2391846344485724,19,2.0,22.0
2022,Austrian Grand Prix,LAT,1,MEDIUM,-0.06504193548387156,0.8091451612903263,9,2.0,11.0
2022,Austrian Grand Prix,LAT,2,HARD,0.11723636363636332,-0.0887411255411229,21,2.0,22.0
2022,Austrian Grand Prix,LEC,1,MEDIUM,0.034415009041591435,0.19785654008438913,21,2.0,25.0
2022,Austrian Grand Prix,LEC,2,HARD,0.06405324675324679,0.39807532467532825,21,2.0,22.0
2022,Austrian Grand Prix,LEC,4,MEDIUM,0.13065454545454605,-0.05541818181818666,11,3.0,13.0
2022,Austrian Grand Prix,MAG,1,MEDIUM,0.04900549450549477,0.20395604395604794,13,2.0,14.0
2022,Austrian Grand Prix,MAG,2,HARD,0.04401230753116151,0.5338899654341717,21,2.0,25.0
2022,Austrian Grand Prix,MSC,1,MEDIUM,0.04851104294478519,0.5673742331288375,11,2.0,15.0
2022,Austrian Grand Prix,MSC,2,HARD,0.019615384615384635,0.6079846153846162,25,2.0,26.0
2022,Austrian Grand Prix,NOR,1,MEDIUM,-0.018386363636364082,0.6192045454545441,8,2.0,13.0
2022,Austrian Grand Prix,NOR,2,HARD,0.030348436002439708,0.5647866747988655,24,2.0,28.0
2022,Austrian Grand Prix,OCO,1,MEDIUM,0.022608791208791466,0.1793252747252699,14,2.0,15.0
2022,Austrian Grand Prix,OCO,2,HARD,0.01667042735042745,0.45377880341880633,26,2.0,27.0
2022,Austrian Grand Prix,PER,2,HARD,0.06819964202120317,0.4518463444857485,19,2.0,22.0
2022,Austrian Grand Prix,RIC,1,MEDIUM,-0.025745454545454727,0.584745454545452,10,2.0,11.0
2022,Austrian Grand Prix,RIC,2,HARD,0.024744498611957468,0.6303974879815814,28,2.0,31.0
2022,Austrian Grand Prix,RUS,1,MEDIUM,0.024283333333333705,0.2179666666666671,9,2.0,10.0
2022,Austrian Grand Prix,RUS,2,HARD,0.043532967032967,0.3040054945054984,27,2.0,28.0
2022,Austrian Grand Prix,RUS,3,UNKNOWN,-0.03422088173964859,1.5147518617813516,27,5.0,34.0
2022,Austrian Grand Prix,SAI,1,MEDIUM,0.027008743477647715,0.07355781977154496,22,2.0,26.0
2022,Austrian Grand Prix,SAI,2,HARD,0.0481665854846567,0.20584266926448425,20,2.0,22.0
2022,Austrian Grand Prix,STR,1,MEDIUM,0.010802709359605844,0.5430344827586194,25,4.0,30.0
2022,Austrian Grand Prix,STR,2,HARD,0.09034803921568603,-0.2719460784313746,17,3.0,19.0
2022,Austrian Grand Prix,STR,3,MEDIUM,0.003299999999999765,0.20306250000000156,16,4.0,24.0
2022,Austrian Grand Prix,TSU,1,HARD,0.006486859112451421,0.3900542869452823,21,2.0,25.0
2022,Austrian Grand Prix,TSU,2,MEDIUM,0.07418369453044318,0.4001823185414568,18,2.0,19.0
2022,Austrian Grand Prix,VER,1,MEDIUM,0.11410909090909051,-0.29310909090908643,10,2.0,11.0
2022,Austrian Grand Prix,VER,2,HARD,0.061582203969883634,-0.10470130047912789,19,2.0,22.0
2022,Austrian Grand Prix,VER,3,HARD,0.03245714285714293,0.3912428571428573,20,2.0,21.0
2022,Austrian Grand Prix,VET,1,HARD,-0.03836873315363874,1.0976021563342273,16,3.0,20.0
2022,Austrian Grand Prix,VET,2,MEDIUM,0.17736144578313248,-0.7637602409638546,20,4.0,25.0
2022,Austrian Grand Prix,ZHO,1,HARD,0.0016265488975026586,0.5542096333481625,18,2.0,23.0
2022,Austrian Grand Prix,ZHO,2,HARD,0.07963267359946317,0.28687051325058793,18,2.0,21.0
2022,Azerbaijan Grand Prix,ALB,1,MEDIUM,0.009500000000000206,0.544500000000002,7,2.0,8.0
2022,Azerbaijan Grand Prix,ALB,2,HARD,0.048024767801857486,0.06129549363605135,18,2.0,19.0
2022,Azerbaijan Grand Prix,ALB,3,HARD,0.005003292806484392,0.33913424518744173,17,2.0,21.0
2022,Azerbaijan Grand Prix,ALO,1,MEDIUM,-0.003460972017672783,0.9134506627393204,14,2.0,17.0
2022,Azerbaijan Grand Prix,ALO,2,HARD,-0.04921050889431033,1.9246786401696678,30,2.0,33.0
2022,Azerbaijan Grand Prix,BOT,1,HARD,-0.06049728141717095,2.40912479172148,29,2.0,32.0
2022,Azerbaijan Grand Prix,BOT,2,MEDIUM,-0.053027941176470354,1.1282029411764642,16,2.0,17.0
2022,Azerbaijan Grand Prix,GAS,1,MEDIUM,0.026892857142858658,0.18653571428570886,7,2.0,8.0
2022,Azerbaijan Grand Prix,GAS,2,HARD,-0.04421416816863887,1.977476765143794,38,2.0,42.0
2022,Azerbaijan Grand Prix,HAM,1,MEDIUM,0.15728571428571414,-0.0995714285714283,7,2.0,8.0
2022,Azerbaijan Grand Prix,HAM,2,HARD,-0.11353077357425201,2.7507255787690625,22,2.0,23.0
2022,Azerbaijan Grand Prix,HAM,3,HARD,0.06458088235294113,0.21125735294117942,16,4.0,19.0
2022,Azerbaijan Grand Prix,LAT,2,MEDIUM,0.06188865096359795,0.07399143468949858,10,5.0,16.0
2022,Azerbaijan Grand Prix,LAT,3,HARD,0.008243156853294008,1.3108104721073632,29,2.0,33.0
2022,Azerbaijan Grand Prix,LEC,1,MEDIUM,0.012321428571427998,0.15782142857142564,7,2.0,8.0
2022,Azerbaijan Grand Prix,LEC,2,HARD,-0.00921666666666704,0.6882999999999962,9,2.0,10.0
2022,Azerbaijan Grand Prix,MAG,1,MEDIUM,-0.1357142857142857,1.254571428571433,7,4.0,10.0
2022,Azerbaijan Grand Prix,MAG,2,HARD,0.03830389610389655,1.0367818181818118,21,2.0,22.0
2022,Azerbaijan Grand Prix,MSC,1,HARD,-0.24835714285714225,1.9543571428571416,7,2.0,8.0
2022,Azerbaijan Grand Prix,MSC,2,MEDIUM,0.21604195804195786,-0.802565268065267,12,4.0,15.0
2022,Azerbaijan Grand Prix,MSC,3,HARD,-0.049102305385480445,1.9382391290765992,23,2.0,27.0
2022,Azerbaijan Grand Prix,NOR,1,MEDIUM,0.009865853658536596,0.539487804878044,16,2.0,19.0
2022,Azerbaijan Grand Prix,NOR,2,HARD,-0.07799256124150315,2.2479470950365514,28,2.0,31.0
2022,Azerbaijan Grand Prix,OCO,1,HARD,-0.02222821479727561,1.0148252798971014,29,2.0,32.0
2022,Azerbaijan Grand Prix,OCO,2,MEDIUM,0.030995098039216122,0.24040196078431209,17,2.0,18.0
2022,Azerbaijan Grand Prix,PER,1,MEDIUM,0.1463664688427302,-0.5133872403560906,12,2.0,15.0
2022,Azerbaijan Grand Prix,PER,2,HARD,0.03317499999999962,0.25675833333333303,15,2.0,16.0
2022,Azerbaijan Grand Prix,PER,3,HARD,0.017085294117646838,1.0832294117647028,16,3.0,18.0
2022,Azerbaijan Grand Prix,RIC,1,HARD,-0.031957452717121256,1.4234960682861244,29,2.0,32.0
2022,Azerbaijan Grand Prix,RIC,2,MEDIUM,-0.0016813725490199705,0.432284313725498,17,2.0,18.0
2022,Azerbaijan Grand Prix,RUS,1,MEDIUM,0.00589285714285637,0.15667857142857494,7,2.0,8.0
2022,Azerbaijan Grand Prix,RUS,2,HARD,-0.03223489553924358,1.040208921513279,22,2.0,23.0
2022,Azerbaijan Grand Prix,RUS,3,HARD,0.01766764705882331,0.32907205882352636,16,4.0,19.0
2022,Azerbaijan Grand Prix,SAI,1,MEDIUM,0.02392857142857198,0.057642857142858536,7,2.0,8.0
2022,Azerbaijan Grand Prix,STR,1,HARD,-0.06555329536208308,2.246692432872261,26,3.0,30.0
2022,Azerbaijan Grand Prix,STR,2,MEDIUM,0.13780000000000017,-0.19252727272727113,11,6.0,16.0
2022,Azerbaijan Grand Prix,TSU,1,MEDIUM,-0.04117857142857223,0.574892857142867,7,2.0,8.0
2022,Azerbaijan Grand Prix,TSU,2,HARD,-0.05681440123219096,2.149781350275963,24,2.0,28.0
2022,Azerbaijan Grand Prix,TSU,3,SOFT,0.017218181818182278,0.3100909090909064,11,5.0,15.0
2022,Azerbaijan Grand Prix,VER,1,MEDIUM,0.02893225331369672,0.19578645066273295,14,2.0,17.0
2022,Azerbaijan Grand Prix,VER,2,HARD,0.005604395604395888,0.6873186813186835,13,2.0,14.0
2022,Azerbaijan Grand Prix,VER,3,HARD,0.020776470588235185,0.542597058823536,16,3.0,18.0
2022,Azerbaijan Grand Prix,VET,1,MEDIUM,0.0036428571428571404,0.3070000000000052,7,3.0,9.0
2022,Azerbaijan Grand Prix,VET,2,HARD,-0.08157482126147217,3.3342426418729825,38,3.0,43.0
2022,Azerbaijan Grand Prix,ZHO,1,MEDIUM,-0.1878214285714291,1.624535714285725,7,2.0,8.0
2022,Azerbaijan Grand Prix,ZHO,2,HARD,0.07991608391608408,0.6249627039627027,12,2.0,13.0
2022,Bahrain Grand Prix,ALB,1,SOFT,0.2334909090909084,-0.20525454545454327,11,2.0,12.0
2022,Bahrain Grand Prix,ALB,2,MEDIUM,0.0720887218045114,0.5410796992481227,20,2.0,21.0
2022,Bahrain Grand Prix,ALB,3,MEDIUM,0.03557142857142786,-0.08514285714285738,7,4.0,10.0
2022,Bahrain Grand Prix,ALB,4,SOFT,0.3933214285714293,-3.455964285714295,7,8.0,14.0
2022,Bahrain Grand Prix,ALO,1,SOFT,0.24026666666666607,-1.3290666666666555,9,5.0,13.0
2022,Bahrain Grand Prix,ALO,2,MEDIUM,0.06459790209790217,0.4232657342657349,12,2.0,13.0
2022,Bahrain Grand Prix,ALO,3,HARD,0.13550989010988984,0.10895164835164801,14,2.0,15.0
2022,Bahrain Grand Prix,ALO,4,SOFT,0.09470995670995638,0.03336796536796404,8,2.0,15.0
2022,Bahrain Grand Prix,BOT,1,SOFT,0.006440559440559534,0.4465407925407905,12,5.0,16.0
2022,Bahrain Grand Prix,BOT,2,MEDIUM,0.01916541353383479,0.647097744360896,20,2.0,21.0
2022,Bahrain Grand Prix,BOT,3,MEDIUM,0.3022857142857138,-0.5157142857142885,7,2.0,8.0
2022,Bahrain Grand Prix,BOT,4,SOFT,0.06646428571428642,-0.10810714285715214,7,8.0,14.0
2022,Bahrain Grand Prix,GAS,1,SOFT,0.12554545454545424,-0.648560606060608,12,5.0,16.0
2022,Bahrain Grand Prix,GAS,2,MEDIUM,0.09451176470588246,-0.17461176470588136,16,2.0,17.0
2022,Bahrain Grand Prix,GAS,3,HARD,0.032281818181817204,0.9114818181818263,11,2.0,12.0
2022,Bahrain Grand Prix,HAM,1,SOFT,0.2734000000000002,-1.4243111111111098,9,4.0,12.0
2022,Bahrain Grand Prix,HAM,2,HARD,0.03324835164835147,0.3277120879120848,14,3.0,16.0
2022,Bahrain Grand Prix,HAM,3,MEDIUM,0.054331606217616735,0.5832538860103641,14,2.0,16.0
2022,Bahrain Grand Prix,HAM,4,SOFT,0.06689285714285842,-0.6127500000000123,7,10.0,16.0
2022,Bahrain Grand Prix,HUL,1,SOFT,0.1643455882352941,0.2643088235294056,17,2.0,18.0
2022,Bahrain Grand Prix,HUL,2,SOFT,0.1779455882352939,-0.32142058823529895,16,2.0,17.0
2022,Bahrain Grand Prix,HUL,4,SOFT,0.3786071428571439,-2.979785714285716,7,7.0,13.0
2022,Bahrain Grand Prix,LAT,1,SOFT,0.13172377622377615,-0.20951165501166127,12,2.0,13.0
2022,Bahrain Grand Prix,LAT,2,SOFT,0.17909264705882336,0.1735573529411759,16,2.0,17.0
2022,Bahrain Grand Prix,LAT,3,MEDIUM,0.08682424242424212,0.23944242424242868,10,2.0,11.0
2022,Bahrain Grand Prix,LAT,4,SOFT,0.2464285714285717,-2.348714285714294,7,9.0,15.0
2022,Bahrain Grand Prix,LEC,1,SOFT,0.1228461538461539,0.003307692307698093,13,2.0,14.0
2022,Bahrain Grand Prix,LEC,2,SOFT,0.14254725274725277,-0.9130791208791232,14,5.0,18.0
2022,Bahrain Grand Prix,LEC,3,MEDIUM,0.0865219780219776,-0.20509890109889664,13,2.0,14.0
2022,Bahrain Grand Prix,LEC,4,SOFT,0.250035714285716,-1.9452500000000121,7,8.0,14.0
2022,Bahrain Grand Prix,MAG,1,SOFT,0.131951048951049,0.687367132867135,12,2.0,13.0
2022,Bahrain Grand Prix,MAG,2,SOFT,0.14586274509803945,-0.5620915032679803,18,5.0,22.0
2022,Bahrain Grand Prix,MAG,3,MEDIUM,0.12854999999999975,0.16403333333332915,9,2.0,10.0
2022,Bahrain Grand Prix,MAG,4,SOFT,0.07035714285714183,-0.3176428571428517,7,8.0,14.0
2022,Bahrain Grand Prix,MSC,1,SOFT,0.2857090909090908,-0.4911090909090849,10,2.0,11.0
2022,Bahrain Grand Prix,MSC,2,MEDIUM,0.11602987012987008,0.7529272727272709,21,2.0,22.0
2022,Bahrain Grand Prix,MSC,3,SOFT,0.12365138592750535,-0.1153891257995752,15,4.0,24.0
2022,Bahrain Grand Prix,NOR,1,MEDIUM,0.035615584415584704,0.45428311688310974,21,3.0,23.0
2022,Bahrain Grand Prix,NOR,2,HARD,0.11804285714285753,-0.06885238095237871,15,2.0,16.0
2022,Bahrain Grand Prix,NOR,4,SOFT,0.5519285714285709,-5.341857142857134,7,9.0,15.0
2022,Bahrain Grand Prix,OCO,1,SOFT,0.10782167832167737,-0.2350792540792513,12,2.0,13.0
2022,Bahrain Grand Prix,OCO,2,MEDIUM,0.0439186813186817,0.6881912087912128,14,2.0,15.0
2022,Bahrain Grand Prix,OCO,3,HARD,0.06808181818181784,-0.10048181818181585,11,2.0,12.0
2022,Bahrain Grand Prix,OCO,4,SOFT,0.08428571428571521,-0.643142857142867,7,11.0,17.0
2022,Bahrain Grand Prix,PER,1,SOFT,0.09693406593406598,-0.2528901098901094,13,5.0,17.0
2022,Bahrain Grand Prix,PER,2,MEDIUM,0.16973676470588228,-0.08443676470588268,16,2.0,17.0
2022,Bahrain Grand Prix,PER,3,SOFT,0.15142857142857039,-0.6208928571428572,8,5.0,12.0
2022,Bahrain Grand Prix,PER,4,SOFT,0.033371428571429884,-0.19484761904763556,6,11.0,16.0
2022,Bahrain Grand Prix,RIC,1,MEDIUM,0.05836785714285726,0.2138226190476235,15,2.0,16.0
2022,Bahrain Grand Prix,RIC,2,SOFT,0.11997582417582464,-0.09729450549451296,14,2.0,15.0
2022,Bahrain Grand Prix,RIC,3,HARD,0.04261666666666653,0.31796666666666223,9,2.0,10.0
2022,Bahrain Grand Prix,RIC,4,SOFT,0.38899999999999996,-3.097428571428566,7,7.0,13.0
2022,Bahrain Grand Prix,RUS,1,SOFT,0.08304395604395622,-0.006483516483513964,13,5.0,17.0
2022,Bahrain Grand Prix,RUS,2,HARD,0.10750000000000001,-0.2922499999999984,16,3.0,18.0
2022,Bahrain Grand Prix,RUS,3,MEDIUM,0.12182424242424267,-0.13415757575757017,10,2.0,11.0
2022,Bahrain Grand Prix,RUS,4,SOFT,0.03417857142857176,-0.03139285714286826,7,8.0,14.0
2022,Bahrain Grand Prix,SAI,1,SOFT,0.12350699300699285,-0.4884067599067593,12,5.0,16.0
2022,Bahrain Grand Prix,SAI,2,SOFT,0.12611764705882347,-0.156588235294113,17,2.0,18.0
2022,Bahrain Grand Prix,SAI,3,MEDIUM,0.08743333333333467,-0.025933333333335137,9,2.0,10.0
2022,Bahrain Grand Prix,SAI,4,SOFT,0.03857142857142905,-0.20028571428571587,7,10.0,16.0
2022,Bahrain Grand Prix,STR,1,SOFT,0.061422058823529274,0.4373029411764727,16,2.0,17.0
2022,Bahrain Grand Prix,STR,2,SOFT,0.08115376676986566,0.5296632266941922,18,2.0,19.0
2022,Bahrain Grand Prix,STR,4,SOFT,0.4081071428571417,-2.5179642857142763,7,6.0,12.0
2022,Bahrain Grand Prix,TSU,1,SOFT,0.06711538461538502,0.06407692307692243,13,2.0,14.0
2022,Bahrain Grand Prix,TSU,2,MEDIUM,0.08607610146862482,0.15399198931908525,11,2.0,13.0
2022,Bahrain Grand Prix,TSU,3,SOFT,0.02779120879120915,0.5024395604395532,13,2.0,14.0
2022,Bahrain Grand Prix,TSU,4,SOFT,0.08982142857142986,-0.5955357142857316,7,10.0,16.0
2022,Bahrain Grand Prix,VER,1,SOFT,0.13146853146853177,-0.273752913752914,12,5.0,16.0
2022,Bahrain Grand Prix,VER,2,SOFT,0.1333274725274722,0.165002197802197,14,2.0,15.0
2022,Bahrain Grand Prix,VER,3,MEDIUM,0.12896363636363709,-0.29783636363636273,11,2.0,12.0
2022,Bahrain Grand Prix,ZHO,1,SOFT,0.05063736263736287,0.6495934065933994,13,2.0,14.0
2022,Bahrain Grand Prix,ZHO,2,MEDIUM,0.06615714285714303,0.5097428571428546,20,2.0,21.0
2022,Bahrain Grand Prix,ZHO,3,MEDIUM,0.2586285714285703,-0.6578285714285663,6,2.0,7.0
2022,Bahrain Grand Prix,ZHO,4,SOFT,-0.16535714285714295,2.800714285714283,7,9.0,15.0
2022,Belgian Grand Prix,ALB,2,HARD,0.13511428571428583,0.2737428571428544,14,2.0,15.0
2022,Belgian Grand Prix,ALB,3,MEDIUM,0.0382328431372544,0.7480833333333304,17,2.0,18.0
2022,Belgian Grand Prix,ALO,1,MEDIUM,0.25474285714285705,-1.329238095238099,6,5.0,10.0
2022,Belgian Grand Prix,ALO,2,MEDIUM,0.018034965034964812,0.8917377622377682,12,2.0,13.0
2022,Belgian Grand Prix,ALO,3,HARD,-0.0012559339525281333,0.5037984176126621,18,2.0,19.0
2022,Belgian Grand Prix,GAS,2,HARD,0.1953030303030301,-0.05876969696969817,10,2.0,11.0
2022,Belgian Grand Prix,GAS,3,SOFT,0.04137662337662347,0.47948051948052356,21,2.0,22.0
2022,Belgian Grand Prix,LAT,2,MEDIUM,0.22767352941176544,-0.449794117647059,9,3.0,12.0
2022,Belgian Grand Prix,LAT,3,HARD,0.10020343137254885,-0.0592696078431345,17,2.0,18.0
2022,Belgian Grand Prix,LAT,4,SOFT,0.12258333333333228,-0.2858333333333274,8,2.0,9.0
2022,Belgian Grand Prix,LEC,2,MEDIUM,-0.03976766917293221,1.395278195488715,20,2.0,21.0
2022,Belgian Grand Prix,LEC,3,MEDIUM,0.06381071428571462,0.38210357142856405,15,2.0,16.0
2022,Belgian Grand Prix,MAG,1,MEDIUM,0.4451999999999999,-2.3199999999999923,6,5.0,10.0
2022,Belgian Grand Prix,MAG,2,HARD,0.14443736263736284,-0.2830747252747262,14,2.0,15.0
2022,Belgian Grand Prix,MAG,3,MEDIUM,0.09528214285714348,0.06046071428571634,15,2.0,16.0
2022,Belgian Grand Prix,MSC,1,MEDIUM,0.13526666666666642,0.24237777777777517,9,5.0,13.0
2022,Belgian Grand Prix,MSC,2,HARD,0.1251164835164834,0.3076527472527469,14,2.0,15.0
2022,Belgian Grand Prix,MSC,3,MEDIUM,0.2226181818181821,-0.8484909090909113,11,3.0,13.0
2022,Belgian Grand Prix,NOR,1,MEDIUM,0.13279761904761855,-0.5671547619047529,8,5.0,12.0
2022,Belgian Grand Prix,NOR,2,HARD,0.1369472527472526,0.5317340659340668,14,2.0,15.0
2022,Belgian Grand Prix,NOR,3,MEDIUM,0.18671208791208774,0.7462329670329715,14,2.0,15.0
2022,Belgian Grand Prix,OCO,1,MEDIUM,0.20175000000000076,-0.5248571428571519,7,5.0,11.0
2022,Belgian Grand Prix,OCO,2,HARD,0.000232198142414947,1.1319508083935321,18,2.0,19.0
2022,Belgian Grand Prix,OCO,3,MEDIUM,0.13512727272727287,-0.09961818181818224,11,2.0,12.0
2022,Belgian Grand Prix,PER,1,MEDIUM,0.3615166666666669,-1.8749833333333343,9,5.0,13.0
2022,Belgian Grand Prix,PER,2,MEDIUM,0.20275454545454602,-0.10419090909091044,11,2.0,12.0
2022,Belgian Grand Prix,PER,3,HARD,0.1210647058823535,0.21326029411764746,16,2.0,17.0
2022,Belgian Grand Prix,RIC,1,MEDIUM,0.1594642857142854,0.004571428571424917,7,5.0,11.0
2022,Belgian Grand Prix,RIC,2,HARD,0.0031805985552115124,1.1914926040591631,18,2.0,19.0
2022,Belgian Grand Prix,RIC,3,MEDIUM,0.189090909090909,-0.22490909090908692,11,2.0,12.0
2022,Belgian Grand Prix,RUS,1,MEDIUM,0.19949999999999973,-0.7760000000000007,8,5.0,12.0
2022,Belgian Grand Prix,RUS,2,MEDIUM,0.04905494505494557,0.027175824175821976,14,2.0,15.0
2022,Belgian Grand Prix,RUS,3,HARD,0.14171208791208828,0.044947252747243975,14,2.0,15.0
2022,Belgian Grand Prix,SAI,1,SOFT,0.5818571428571436,-4.290809523809524,6,7.0,12.0
2022,Belgian Grand Prix,SAI,2,MEDIUM,0.1554615384615386,-0.15812820512820017,12,2.0,13.0
2022,Belgian Grand Prix,SAI,3,HARD,0.014885448916408726,0.2939250085999266,18,2.0,19.0
2022,Belgian Grand Prix,STR,1,MEDIUM,0.20049090909090866,-0.9244545454545331,10,6.0,15.0
2022,Belgian Grand Prix,STR,2,MEDIUM,0.26516666666666705,-0.7405000000000012,9,3.0,11.0
2022,Belgian Grand Prix,STR,3,HARD,0.0914705882352944,0.2442941176470574,17,2.0,18.0
2022,Belgian Grand Prix,TSU,1,HARD,-0.006186813186813522,1.1635164835164893,13,5.0,17.0
2022,Belgian Grand Prix,TSU,2,MEDIUM,-0.0029333333333340836,0.3016666666666652,10,2.0,11.0
2022,Belgian Grand Prix,TSU,3,SOFT,0.18437912087912053,-0.07218681318681582,13,2.0,14.0
2022,Belgian Grand Prix,VER,1,SOFT,0.07163030303030297,0.8868121212121256,10,5.0,14.0
2022,Belgian Grand Prix,VER,2,MEDIUM,0.14298351648351648,0.311824175824176,13,2.0,14.0
2022,Belgian Grand Prix,VER,3,MEDIUM,0.2122747252747251,0.6403406593406633,13,2.0,14.0
2022,Belgian Grand Prix,VET,1,MEDIUM,0.22325000000000056,-1.3979444444444493,9,6.0,14.0
2022,Belgian Grand Prix,VET,2,HARD,0.02479166666666635,0.707612745098037,17,2.0,18.0
2022,Belgian Grand Prix,VET,3,MEDIUM,-0.016393243243243517,0.5236378378378398,9,3.0,12.0
2022,Belgian Grand Prix,ZHO,1,MEDIUM,0.06940000000000056,0.2513999999999971,9,5.0,13.0
2022,Belgian Grand Prix,ZHO,2,MEDIUM,0.30411888111888047,0.027275058275057773,12,2.0,13.0
2022,Belgian Grand Prix,ZHO,3,SOFT,0.18422142857142898,0.04954047619048038,15,2.0,16.0
2022,British Grand Prix,ALO,2,MEDIUM,-0.055437931034482774,1.594686206896554,29,3.0,31.0
2022,British Grand Prix,ALO,4,SOFT,-0.06104848484848515,0.9774121212121277,10,4.0,13.0
2022,British Grand Prix,BOT,2,MEDIUM,-0.059011764705882215,1.0958735294117687,16,3.0,18.0
2022,British Grand Prix,GAS,2,SOFT,0.0378261146496823,0.6308337579617788,11,3.0,14.0
2022,British Grand Prix,GAS,3,HARD,0.018988095238094367,0.1372023809523824,8,3.0,10.0
2022,British Grand Prix,HAM,2,MEDIUM,-0.07776305418719212,2.3716270935960635,29,3.0,31.0
2022,British Grand Prix,HAM,4,SOFT,-0.13988484848484867,2.4849212121212125,10,4.0,13.0
2022,British Grand Prix,LAT,2,SOFT,-0.06983214285714269,1.107988095238094,15,3.0,17.0
2022,British Grand Prix,LAT,3,MEDIUM,0.04407241728561741,0.4326709993247796,15,2.0,18.0
2022,British Grand Prix,LAT,4,SOFT,0.08910303030303018,-0.06967878787878702,10,5.0,14.0
2022,British Grand Prix,LEC,2,MEDIUM,-0.05088181818181795,1.3498445887445814,21,3.0,23.0
2022,British Grand Prix,LEC,3,HARD,-0.007853446540036333,0.814988891871943,21,2.0,27.0
2022,British Grand Prix,MAG,2,MEDIUM,-0.0584757367886181,1.4897248475609812,17,5.0,22.0
2022,British Grand Prix,MAG,3,MEDIUM,-0.05521161398915287,2.1819752197493916,23,2.0,30.0
2022,British Grand Prix,MSC,2,MEDIUM,-0.07712500000000064,1.4318500000000103,15,3.0,17.0
2022,British Grand Prix,MSC,3,HARD,-0.05630637254901914,1.5560049019607736,17,2.0,18.0
2022,British Grand Prix,MSC,4,SOFT,-0.0005757575757577117,0.670793939393944,10,4.0,13.0
2022,British Grand Prix,NOR,2,MEDIUM,-0.05283337041156837,1.587350685947341,30,4.0,33.0
2022,British Grand Prix,NOR,4,SOFT,0.026666666666665933,0.39440000000000847,10,3.0,12.0
2022,British Grand Prix,OCO,2,SOFT,-0.06553457172342607,1.2824809081527293,18,3.0,20.0
2022,British Grand Prix,OCO,3,HARD,-0.061356043956044166,1.1858835164835129,14,2.0,15.0
2022,British Grand Prix,PER,3,MEDIUM,-0.050793988269794685,1.9290012829911933,32,3.0,34.0
2022,British Grand Prix,PER,4,SOFT,-0.07204242424242309,1.210860606060598,10,4.0,13.0
2022,British Grand Prix,RIC,2,MEDIUM,-0.07832941176470565,1.305788235294111,16,4.0,19.0
2022,British Grand Prix,RIC,3,HARD,-0.01058181818181771,0.3437818181818179,10,2.0,11.0
2022,British Grand Prix,RIC,5,SOFT,0.0632909090909093,-0.007363636363635115,10,5.0,14.0
2022,British Grand Prix,SAI,2,MEDIUM,-0.041126470588235514,1.081077941176469,16,3.0,18.0
2022,British Grand Prix,SAI,3,HARD,-0.03783823529411793,1.0238529411764707,17,2.0,18.0
2022,British Grand Prix,SAI,4,SOFT,0.058515151515151596,-0.07507878787879167,10,4.0,13.0
2022,British Grand Prix,STR,2,MEDIUM,-0.12586363636363612,1.8889090909090893,11,5.0,15.0
2022,British Grand Prix,STR,3,HARD,-0.07550129870129844,1.8265645021645036,21,3.0,23.0
2022,British Grand Prix,STR,4,MEDIUM,-0.17563382352941134,2.8189235294117547,9,6.0,15.0
2022,British Grand Prix,TSU,2,SOFT,0.04752527472527438,0.798509890109888,14,3.0,16.0
2022,British Grand Prix,TSU,3,HARD,-0.07397420020639824,1.9625366357069134,18,3.0,20.0
2022,British Grand Prix,TSU,4,SOFT,-0.05090303030303073,0.8312787878787994,10,5.0,14.0
2022,British Grand Prix,VER,2,MEDIUM,-0.016071428571428657,0.24996428571429363,8,3.0,10.0
2022,British Grand Prix,VER,3,MEDIUM,0.03224999999999908,0.2886111111111101,9,2.0,10.0
2022,British Grand Prix,VER,4,HARD,-0.04931868131868145,0.8487802197802253,13,2.0,14.0
2022,British Grand Prix,VER,5,SOFT,0.053661764705882374,0.04119117647059115,9,4.0,13.0
2022,British Grand Prix,VET,3,MEDIUM,-0.04022983870967746,1.5852056451612884,31,4.0,34.0
2022,British Grand Prix,VET,4,MEDIUM,-0.12392727272727319,2.0470363636363635,10,6.0,15.0
2022,Canadian Grand Prix,ALB,1,MEDIUM,-0.005456553755522534,0.6441944035346086,14,2.0,17.0
2022,Canadian Grand Prix,ALB,2,HARD,0.010521367521367399,0.24388034188034588,27,3.0,29.0
2022,Canadian Grand Prix,ALB,3,HARD,-0.07710588235294107,1.7117852941176528,16,7.0,22.0
2022,Canadian Grand Prix,ALO,1,MEDIUM,0.04193306045340054,0.6546358942065524,23,2.0,27.0
2022,Canadian Grand Prix,ALO,2,HARD,-0.002743859649122581,0.4289192982456119,19,2.0,20.0
2022,Canadian Grand Prix,ALO,3,MEDIUM,-0.04200588235294112,1.1485794117647017,16,6.0,21.0
2022,Canadian Grand Prix,BOT,1,HARD,-0.03482653967485018,1.6634475538792448,43,2.0,48.0
2022,Canadian Grand Prix,BOT,2,MEDIUM,-0.04987647058823536,1.2813323529411718,16,6.0,21.0
2022,Canadian Grand Prix,GAS,2,HARD,0.043746260522012886,-0.14976170290074975,23,2.0,30.0
2022,Canadian Grand Prix,GAS,3,HARD,-0.02759135939973033,1.3835937042030568,25,2.0,34.0
2022,Canadian Grand Prix,HAM,1,MEDIUM,-0.21353571428571627,1.6932500000000121,7,2.0,8.0
2022,Canadian Grand Prix,HAM,2,HARD,-0.006636086897915088,0.5674025094356525,31,2.0,34.0
2022,Canadian Grand Prix,HAM,3,HARD,-0.016074875207987074,0.6552545757071605,19,2.0,26.0
2022,Canadian Grand Prix,LAT,2,HARD,0.03817071461933691,0.27163439981316806,24,2.0,27.0
2022,Canadian Grand Prix,LAT,3,HARD,0.002531425659398419,0.7892192538143112,25,2.0,33.0
2022,Canadian Grand Prix,LEC,1,HARD,-0.0492442220502046,2.2001100851487365,35,2.0,40.0
2022,Canadian Grand Prix,LEC,2,MEDIUM,-0.09217299828518667,2.9905428703337336,20,2.0,29.0
2022,Canadian Grand Prix,MAG,2,HARD,0.02791951788060551,0.47131498458896975,50,4.0,63.0
2022,Canadian Grand Prix,MSC,1,MEDIUM,-0.03620625819134978,0.9050096657929194,15,2.0,18.0
2022,Canadian Grand Prix,NOR,1,HARD,-0.02496346657929268,0.7807655635648821,15,2.0,18.0
2022,Canadian Grand Prix,NOR,2,HARD,0.04909090909090916,0.3029090909090917,21,2.0,22.0
2022,Canadian Grand Prix,NOR,3,MEDIUM,0.0022886121332199635,1.0128809321634107,19,2.0,28.0
2022,Canadian Grand Prix,OCO,1,MEDIUM,-0.07025950196592395,1.2712123197902934,15,2.0,18.0
2022,Canadian Grand Prix,OCO,2,HARD,-0.001368910782703806,0.4517895457033415,28,2.0,29.0
2022,Canadian Grand Prix,OCO,3,MEDIUM,-0.03904411764705881,0.9515955882352951,16,6.0,21.0
2022,Canadian Grand Prix,PER,1,HARD,-0.35365714285714306,2.4727904761904846,6,2.0,7.0
2022,Canadian Grand Prix,RIC,1,MEDIUM,-0.042308158584534544,1.1315021297509809,15,2.0,18.0
2022,Canadian Grand Prix,RIC,2,HARD,0.009322954822954903,0.21434086284086104,27,2.0,28.0
2022,Canadian Grand Prix,RIC,3,HARD,-0.026608823529411643,0.9729691176470568,16,6.0,21.0
2022,Canadian Grand Prix,RUS,1,MEDIUM,-0.11526433516776133,2.0304857092135653,14,2.0,18.0
2022,Canadian Grand Prix,RUS,2,HARD,-0.03160913043478243,0.9485982608695673,24,2.0,25.0
2022,Canadian Grand Prix,RUS,3,HARD,-0.035851001575512374,1.0164186360567173,18,2.0,25.0
2022,Canadian Grand Prix,SAI,1,MEDIUM,-0.06917644006227301,1.363874675661656,16,2.0,19.0
2022,Canadian Grand Prix,SAI,2,HARD,0.0180439560439559,0.10852584452585128,27,2.0,28.0
2022,Canadian Grand Prix,SAI,3,HARD,-0.03565147058823564,0.9214823529411877,16,6.0,21.0
2022,Canadian Grand Prix,STR,1,HARD,-0.03119288249129995,1.5797835586855804,41,2.0,46.0
2022,Canadian Grand Prix,STR,2,MEDIUM,-0.08936617647058835,2.2348544117647005,16,9.0,24.0
2022,Canadian Grand Prix,TSU,1,MEDIUM,-0.41660714285714384,3.2727500000000105,7,2.0,8.0
2022,Canadian Grand Prix,TSU,2,HARD,0.023372066127486334,0.39807714609358535,34,2.0,37.0
2022,Canadian Grand Prix,VER,1,MEDIUM,-0.20382142857142685,1.594107142857131,7,2.0,8.0
2022,Canadian Grand Prix,VER,2,HARD,0.01081257780963508,0.10708819054087028,30,2.0,33.0
2022,Canadian Grand Prix,VER,3,HARD,-0.04503641985913081,1.1909936437038344,20,2.0,27.0
2022,Canadian Grand Prix,VET,2,HARD,0.025231884057970177,0.1461014492753665,9,2.0,13.0
2022,Canadian Grand Prix,VET,3,HARD,-0.004028088341216579,0.9875564014809144,43,2.0,51.0
2022,Canadian Grand Prix,ZHO,1,MEDIUM,-0.03148689384010477,0.8710347313237181,15,2.0,18.0
2022,Canadian Grand Prix,ZHO,2,HARD,-0.0021410256410256383,0.6270413105413063,27,2.0,28.0
2022,Canadian Grand Prix,ZHO,3,HARD,-0.054475000000000474,1.7429750000000064,16,6.0,21.0
2022,Dutch Grand Prix,ALB,1,MEDIUM,-0.008433333333333353,0.5342929824561448,19,2.0,20.0
2022,Dutch Grand Prix,ALB,2,MEDIUM,-0.02051052631578957,0.5857736842105199,19,2.0,20.0
2022,Dutch Grand Prix,ALB,3,HARD,-0.017339622641508956,0.8728113207547117,7,2.0,12.0
2022,Dutch Grand Prix,ALB,5,SOFT,0.048674825174824986,0.08715617715617516,12,6.0,17.0
2022,Dutch Grand Prix,ALO,1,SOFT,-0.07128484848484858,1.1281515151515111,10,2.0,11.0
2022,Dutch Grand Prix,ALO,2,HARD,0.0051554144385028,0.3375964795008898,33,2.0,34.0
2022,Dutch Grand Prix,ALO,4,SOFT,-0.003545454545454739,0.5103030303030315,12,14.0,25.0
2022,Dutch Grand Prix,BOT,1,SOFT,-0.04392307692307693,0.9358461538461565,14,2.0,15.0
2022,Dutch Grand Prix,BOT,2,SOFT,0.024308823529411498,0.2070661764705834,16,2.0,17.0
2022,Dutch Grand Prix,BOT,3,MEDIUM,0.05290783182192914,0.300103050288545,14,2.0,19.0
2022,Dutch Grand Prix,GAS,1,SOFT,0.07716666666666652,-0.22005555555556214,9,5.0,13.0
2022,Dutch Grand Prix,GAS,2,MEDIUM,0.027594736842105123,0.09975789473683921,19,3.0,21.0
2022,Dutch Grand Prix,GAS,3,HARD,0.009580524344569559,0.2589513108614188,18,3.0,23.0
2022,Dutch Grand Prix,GAS,5,SOFT,0.07391258741258674,-0.003165501165499919,12,5.0,16.0
2022,Dutch Grand Prix,HAM,1,MEDIUM,-0.008478021978021848,0.48242958892958376,27,2.0,28.0
2022,Dutch Grand Prix,HAM,2,HARD,-0.049316176470588245,1.1792794117647072,17,2.0,18.0
2022,Dutch Grand Prix,HAM,4,MEDIUM,0.04631468531468537,0.19017832167832402,12,13.0,24.0
2022,Dutch Grand Prix,LAT,1,SOFT,0.04660909090909064,0.3734636363636382,11,2.0,12.0
2022,Dutch Grand Prix,LAT,2,MEDIUM,0.021615384615384294,0.24430769230769733,10,2.0,12.0
2022,Dutch Grand Prix,LAT,3,HARD,-0.029144837602323885,1.688629522049115,23,2.0,27.0
2022,Dutch Grand Prix,LAT,5,SOFT,-0.16524825174825197,2.9934382284382286,12,6.0,17.0
2022,Dutch Grand Prix,LEC,1,SOFT,0.04693214285714284,-0.024652380952376058,15,5.0,19.0
2022,Dutch Grand Prix,LEC,2,MEDIUM,0.006187763713080208,0.21527742616033851,24,2.0,27.0
2022,Dutch Grand Prix,LEC,5,SOFT,0.046304195804196126,-0.15852331002331027,12,8.0,19.0
2022,Dutch Grand Prix,MAG,1,MEDIUM,-0.1796153846153844,2.612782051282055,12,2.0,13.0
2022,Dutch Grand Prix,MAG,2,MEDIUM,0.034537667698658285,0.32307671138630617,18,2.0,19.0
2022,Dutch Grand Prix,MAG,3,HARD,0.01621212121212119,0.40932121212121564,10,2.0,11.0
2022,Dutch Grand Prix,MAG,4,SOFT,0.015714285714285615,-0.03452380952381108,6,5.0,10.0
2022,Dutch Grand Prix,MAG,5,SOFT,-0.030034965034964892,1.0947867132867115,12,17.0,28.0
2022,Dutch Grand Prix,MSC,1,MEDIUM,-0.020890909090909245,0.5313272727272716,11,2.0,12.0
2022,Dutch Grand Prix,MSC,2,MEDIUM,0.03508788121990363,0.4492873194221519,17,2.0,19.0
2022,Dutch Grand Prix,MSC,3,HARD,-0.19957272727272743,2.3244636363636415,11,2.0,12.0
2022,Dutch Grand Prix,MSC,4,SOFT,-0.0710285714285722,0.8786857142857186,6,4.0,9.0
2022,Dutch Grand Prix,MSC,5,SOFT,0.04566783216783245,-0.16510839160840382,12,16.0,27.0
2022,Dutch Grand Prix,NOR,1,MEDIUM,-0.005778571428571582,0.4998738095238084,15,2.0,16.0
2022,Dutch Grand Prix,NOR,2,HARD,0.007576902025177825,0.2530580186097379,28,2.0,29.0
2022,Dutch Grand Prix,NOR,4,SOFT,-0.0028041958041957406,0.742219114219109,12,7.0,18.0
2022,Dutch Grand Prix,OCO,1,SOFT,0.013739705882352883,0.17453529411765298,16,2.0,17.0
2022,Dutch Grand Prix,OCO,2,HARD,-0.0067161193698691375,0.5646560128688786,31,3.0,36.0
2022,Dutch Grand Prix,OCO,4,SOFT,-0.021286713286713527,0.732203962703963,12,8.0,19.0
2022,Dutch Grand Prix,PER,1,SOFT,0.05930769230769221,-0.3856794871794917,12,7.0,18.0
2022,Dutch Grand Prix,PER,2,MEDIUM,0.06838739130434782,-0.24360478260869167,24,2.0,25.0
2022,Dutch Grand Prix,PER,3,HARD,-0.03034170040485884,0.7257692307692337,11,2.0,15.0
2022,Dutch Grand Prix,PER,5,MEDIUM,0.04072377622377698,0.5854836829836801,12,5.0,16.0
2022,Dutch Grand Prix,RIC,1,SOFT,-0.036050000000000595,0.5897444444444501,9,2.0,10.0
2022,Dutch Grand Prix,RIC,2,MEDIUM,-0.023762637362637225,0.5851252747252786,14,2.0,15.0
2022,Dutch Grand Prix,RIC,3,HARD,0.02331372549019624,0.754980392156866,17,2.0,18.0
2022,Dutch Grand Prix,RIC,4,SOFT,-0.010600000000000248,0.28253333333333785,6,2.0,7.0
2022,Dutch Grand Prix,RIC,6,SOFT,0.06196853146853146,-0.1938881118881087,12,6.0,17.0
2022,Dutch Grand Prix,RUS,1,MEDIUM,-0.004245812807881676,0.581933004926102,29,2.0,30.0
2022,Dutch Grand Prix,RUS,2,HARD,-0.03948214285714266,0.9005392857142825,15,2.0,16.0
2022,Dutch Grand Prix,RUS,4,SOFT,0.004734265734266082,0.5998892773892667,12,6.0,17.0
2022,Dutch Grand Prix,SAI,1,SOFT,0.05332517482517488,-0.07799766899766977,12,5.0,16.0
2022,Dutch Grand Prix,SAI,2,MEDIUM,-4.884004883994101e-05,0.5449918599918654,27,2.0,28.0
2022,Dutch Grand Prix,SAI,3,HARD,0.03491256830601076,0.34517759562841155,8,2.0,12.0
2022,Dutch Grand Prix,SAI,4,SOFT,0.01539510489510465,0.389477855477859,12,7.0,18.0
2022,Dutch Grand Prix,STR,1,SOFT,-0.0010945054945053297,0.47258901098900763,14,2.0,15.0
2022,Dutch Grand Prix,STR,2,MEDIUM,-0.009794736842105295,0.37918421052631773,20,3.0,22.0
2022,Dutch Grand Prix,STR,3,HARD,-0.0023828623518690802,0.44073290793071795,12,3.0,17.0
2022,Dutch Grand Prix,STR,5,SOFT,-0.006353146853146703,0.6431841491841408,12,8.0,19.0
2022,Dutch Grand Prix,TSU,1,SOFT,0.06199090909090882,0.054272727272732135,11,5.0,15.0
2022,Dutch Grand Prix,TSU,2,MEDIUM,0.006247863247863236,0.26544159544158985,27,3.0,29.0
2022,Dutch Grand Prix,VER,1,SOFT,0.009604411764706297,0.16044558823529553,16,2.0,17.0
2022,Dutch Grand Prix,VER,2,MEDIUM,-0.0002798718431962867,0.5422602713908729,27,2.0,29.0
2022,Dutch Grand Prix,VER,5,SOFT,0.08868531468531492,-0.8092517482517504,12,8.0,19.0
2022,Dutch Grand Prix,VET,1,SOFT,-0.1494999999999988,1.1316428571428518,7,2.0,8.0
2022,Dutch Grand Prix,VET,2,MEDIUM,-0.037105731225296354,1.1902816205533544,23,4.0,26.0
2022,Dutch Grand Prix,VET,3,HARD,-0.07091666666666631,1.1703055555555608,9,3.0,11.0
2022,Dutch Grand Prix,VET,5,SOFT,-0.05552097902097907,1.618888111888112,12,13.0,24.0
2022,Dutch Grand Prix,ZHO,1,SOFT,0.052587878787879995,0.1188787878787842,10,2.0,11.0
2022,Dutch Grand Prix,ZHO,2,SOFT,0.018707509881422765,0.3850276679841909,23,5.0,27.0
2022,Dutch Grand Prix,ZHO,3,MEDIUM,0.036163801820020006,0.48949848331648577,12,2.0,17.0
2022,Dutch Grand Prix,ZHO,5,SOFT,0.047811188811188746,-0.1894289044289016,12,9.0,20.0
2022,Emilia Romagna Grand Prix,ALB,1,INTERMEDIATE,0.005958041958042094,1.6649405594405506,12,5.0,16.0
2022,Emilia Romagna Grand Prix,ALB,2,MEDIUM,-0.07171606765327697,2.723395771670184,44,2.0,45.0
2022,Emilia Romagna Grand Prix,BOT,1,INTERMEDIATE,0.0001813186813190193,1.8543131868131797,13,5.0,17.0
2022,Emilia Romagna Grand Prix,BOT,2,MEDIUM,-0.06745158562367873,2.5724758985200906,44,2.0,45.0
2022,Emilia Romagna Grand Prix,GAS,1,INTERMEDIATE,-0.046821678321676996,2.01637762237761,12,5.0,16.0
2022,Emilia Romagna Grand Prix,GAS,2,MEDIUM,-0.08387512332628627,3.1347472163495507,44,2.0,45.0
2022,Emilia Romagna Grand Prix,HAM,1,INTERMEDIATE,0.1155439560439561,1.1049395604395535,13,5.0,17.0
2022,Emilia Romagna Grand Prix,HAM,2,MEDIUM,-0.053474025974025986,2.438297946239811,43,2.0,44.0
2022,Emilia Romagna Grand Prix,LAT,1,INTERMEDIATE,-0.013967166979361392,2.160060975609747,12,5.0,17.0
2022,Emilia Romagna Grand Prix,LAT,2,MEDIUM,-0.08986303231652064,3.3809892781637,43,2.0,44.0
2022,Emilia Romagna Grand Prix,LEC,1,INTERMEDIATE,0.031202439024390658,1.058787804878044,13,5.0,18.0
2022,Emilia Romagna Grand Prix,LEC,2,MEDIUM,-0.0915073891625616,2.3741502463054163,28,2.0,29.0
2022,Emilia Romagna Grand Prix,LEC,4,SOFT,-0.0928499999999999,1.2436555555555553,9,2.0,10.0
2022,Emilia Romagna Grand Prix,MAG,1,INTERMEDIATE,0.22012087912087921,-0.1734065934066004,13,5.0,17.0
2022,Emilia Romagna Grand Prix,MAG,2,MEDIUM,-0.06619689922480632,2.782248202959835,44,4.0,47.0
2022,Emilia Romagna Grand Prix,MSC,1,INTERMEDIATE,-0.056066164604625886,2.4994502420656177,12,5.0,17.0
2022,Emilia Romagna Grand Prix,MSC,2,MEDIUM,-0.1478817475599229,4.359248575791784,30,4.0,35.0
2022,Emilia Romagna Grand Prix,MSC,3,SOFT,0.20493333333333377,-0.15959999999999888,9,2.0,10.0
2022,Emilia Romagna Grand Prix,NOR,1,INTERMEDIATE,0.011734065934065988,1.0784153846153877,14,5.0,18.0
2022,Emilia Romagna Grand Prix,NOR,2,MEDIUM,-0.047161733615221905,1.9984408033826557,43,2.0,44.0
2022,Emilia Romagna Grand Prix,OCO,1,INTERMEDIATE,-0.020532967032967076,1.859862637362636,13,5.0,17.0
2022,Emilia Romagna Grand Prix,OCO,2,MEDIUM,-0.055858501963153104,2.0301408939897314,43,2.0,44.0
2022,Emilia Romagna Grand Prix,PER,1,INTERMEDIATE,0.10465934065934059,0.11667032967033346,13,5.0,17.0
2022,Emilia Romagna Grand Prix,PER,2,MEDIUM,-0.12098724769206697,3.1649246596776726,29,2.0,31.0
2022,Emilia Romagna Grand Prix,PER,3,SOFT,0.1630944055944053,-0.16795804195803926,12,2.0,13.0
2022,Emilia Romagna Grand Prix,RIC,2,INTERMEDIATE,-0.010363636363636448,2.002000000000002,11,5.0,15.0
2022,Emilia Romagna Grand Prix,RIC,3,MEDIUM,-0.5350769230769237,6.109910256410266,12,2.0,13.0
2022,Emilia Romagna Grand Prix,RIC,4,HARD,-0.02288128593186174,1.4052095607908826,30,2.0,32.0
2022,Emilia Romagna Grand Prix,RUS,1,INTERMEDIATE,0.05112637362637378,1.6993021978021992,13,5.0,17.0
2022,Emilia Romagna Grand Prix,RUS,2,MEDIUM,-0.058600352360817565,2.3830855532064814,44,2.0,45.0
2022,Emilia Romagna Grand Prix,STR,1,INTERMEDIATE,0.15061538461538468,0.5869999999999926,13,5.0,17.0
2022,Emilia Romagna Grand Prix,STR,2,MEDIUM,-0.05627786167321053,2.23592328601631,43,4.0,46.0
2022,Emilia Romagna Grand Prix,TSU,1,INTERMEDIATE,0.15557692307692292,0.13065384615385134,13,5.0,17.0
2022,Emilia Romagna Grand Prix,TSU,2,MEDIUM,-0.08553424947145889,3.3644866807611047,44,2.0,45.0
2022,Emilia Romagna Grand Prix,VER,1,INTERMEDIATE,0.13599560439560393,-0.437378021978018,14,5.0,18.0
2022,Emilia Romagna Grand Prix,VER,2,MEDIUM,-0.08418153503893222,2.314528661475711,30,2.0,31.0
2022,Emilia Romagna Grand Prix,VER,3,SOFT,0.02319999999999995,1.1860545454545457,11,2.0,12.0
2022,Emilia Romagna Grand Prix,VET,1,INTERMEDIATE,0.17785180240320383,0.31824966622163653,11,5.0,16.0
2022,Emilia Romagna Grand Prix,VET,2,MEDIUM,-0.08695362318840567,3.5782164251207713,45,4.0,48.0
2022,Emilia Romagna Grand Prix,ZHO,1,INTERMEDIATE,0.0007692307692313062,1.6509230769230752,13,5.0,17.0
2022,Emilia Romagna Grand Prix,ZHO,2,MEDIUM,-0.08589006342494708,3.233564482029595,43,2.0,44.0
2022,French Grand Prix,ALB,1,MEDIUM,0.01107352941176464,0.5394264705882347,16,2.0,17.0
2022,French Grand Prix,ALB,2,HARD,-0.018696568904412143,1.1303918023524588,30,3.0,35.0
2022,French Grand Prix,ALO,1,MEDIUM,0.010851470588235192,0.8180985294117604,16,2.0,17.0
2022,French Grand Prix,ALO,2,HARD,-0.04040325633310681,1.8043689216733017,31,3.0,35.0
2022,French Grand Prix,BOT,1,HARD,0.02726470588235285,0.596485294117641,16,2.0,17.0
2022,French Grand Prix,BOT,2,HARD,-0.0458821428571431,0.8501547619047618,15,3.0,17.0
2022,French Grand Prix,BOT,3,MEDIUM,0.025278000471586907,0.36073213864655224,14,2.0,17.0
2022,French Grand Prix,GAS,1,HARD,-0.038432352941176376,0.7931073529411807,16,2.0,17.0
2022,French Grand Prix,GAS,2,MEDIUM,-0.05045331039087776,2.007262699676406,30,3.0,35.0
2022,French Grand Prix,HAM,1,MEDIUM,0.008429411764705488,0.3810455882352925,16,2.0,17.0
2022,French Grand Prix,HAM,2,HARD,0.010098694644382249,0.4826336464560114,32,3.0,35.0
2022,French Grand Prix,LAT,1,MEDIUM,-0.03420147058823555,0.8706014705882433,16,2.0,17.0
2022,French Grand Prix,LAT,2,HARD,-0.03290588235294126,0.8496000000000032,16,2.0,18.0
2022,French Grand Prix,LEC,1,MEDIUM,0.032498529411764975,0.45270147058823745,16,2.0,17.0
2022,French Grand Prix,MAG,1,MEDIUM,-0.01188571428571419,0.497819047619042,6,2.0,7.0
2022,French Grand Prix,MAG,2,HARD,0.16497619047619064,-0.0818690476190482,8,2.0,9.0
2022,French Grand Prix,MAG,3,HARD,0.03355637254901928,0.15458578431372552,17,3.0,19.0
2022,French Grand Prix,MSC,1,MEDIUM,-0.12157142857142693,1.277857142857132,7,2.0,8.0
2022,French Grand Prix,MSC,2,HARD,0.17671428571428552,-0.3501428571428584,7,2.0,8.0
2022,French Grand Prix,MSC,3,HARD,-0.07502285742016895,2.5185448898379152,31,3.0,35.0
2022,French Grand Prix,NOR,1,MEDIUM,0.018748529411764716,0.11845147058823817,16,2.0,17.0
2022,French Grand Prix,NOR,2,HARD,-0.012162921195281982,0.7317402141047556,29,3.0,35.0
2022,French Grand Prix,OCO,1,MEDIUM,0.008005882352941416,0.4300691176470627,16,2.0,17.0
2022,French Grand Prix,OCO,2,HARD,-0.02643351451033678,1.4076613607687103,31,3.0,35.0
2022,French Grand Prix,PER,1,MEDIUM,0.021567790615420634,0.32428153737326293,14,2.0,17.0
2022,French Grand Prix,PER,2,HARD,-0.0013348539260410839,0.6904792778802306,31,3.0,35.0
2022,French Grand Prix,RIC,1,MEDIUM,0.018819117647058972,0.33190588235294183,16,2.0,17.0
2022,French Grand Prix,RIC,2,HARD,-0.007379501116179802,0.744743181597598,31,3.0,35.0
2022,French Grand Prix,RUS,1,MEDIUM,0.004736764705882403,0.602063235294114,16,2.0,17.0
2022,French Grand Prix,RUS,2,HARD,-0.022346598078229484,1.3209105115014987,31,4.0,36.0
2022,French Grand Prix,SAI,1,HARD,-0.0034794117647056685,0.5725544117647078,16,2.0,17.0
2022,French Grand Prix,SAI,2,MEDIUM,0.009072306391833072,0.3114564015865825,20,3.0,23.0
2022,French Grand Prix,SAI,3,MEDIUM,0.00776415094339636,0.3873490566037687,8,2.0,11.0
2022,French Grand Prix,STR,1,MEDIUM,0.03814263110307411,0.15036460216998038,15,4.0,19.0
2022,French Grand Prix,STR,2,HARD,-0.017958956129282735,0.9328573837717159,31,4.0,36.0
2022,French Grand Prix,TSU,1,MEDIUM,0.16776666666666787,-0.3683777777777792,9,2.0,10.0
2022,French Grand Prix,VER,1,MEDIUM,0.07410460392687868,0.13365335138794535,13,2.0,15.0
2022,French Grand Prix,VER,2,HARD,0.01566662969822661,0.19814659465214507,32,5.0,37.0
2022,French Grand Prix,VET,1,MEDIUM,0.04047647058823521,0.2260205882352913,16,4.0,19.0
2022,French Grand Prix,VET,2,HARD,-0.02322589294380274,1.1600452780743502,31,3.0,35.0
2022,French Grand Prix,ZHO,1,MEDIUM,-0.2652499999999999,1.843535714285717,7,2.0,8.0
2022,French Grand Prix,ZHO,2,HARD,0.024957671957671953,0.16724867724867487,8,2.0,12.0
2022,French Grand Prix,ZHO,3,HARD,0.09856391304347831,-0.1434044927536192,24,2.0,25.0
2022,Hungarian Grand Prix,ALB,2,MEDIUM,0.14476225490196068,-0.3740931372548964,17,2.0,18.0
2022,Hungarian Grand Prix,ALB,3,MEDIUM,0.07929901960784295,0.2907745098039251,17,2.0,18.0
2022,Hungarian Grand Prix,ALB,4,SOFT,0.15281199364167766,-0.31138262742282397,25,2.0,29.0
2022,Hungarian Grand Prix,ALO,1,MEDIUM,0.04459803921568624,0.3083529411764659,17,4.0,20.0
2022,Hungarian Grand Prix,ALO,2,HARD,-0.011545350404702507,1.4697793141752913,45,2.0,48.0
2022,Hungarian Grand Prix,BOT,1,MEDIUM,0.02995878035008469,0.41746132128740854,22,4.0,25.0
2022,Hungarian Grand Prix,BOT,2,HARD,0.01597844403107565,0.7307840026261107,38,2.0,39.0
2022,Hungarian Grand Prix,GAS,1,SOFT,0.09571678321678309,0.01144055944056357,12,4.0,15.0
2022,Hungarian Grand Prix,GAS,2,MEDIUM,-0.004992337164750955,0.547809797482205,28,2.0,29.0
2022,Hungarian Grand Prix,GAS,3,SOFT,0.04632852292020383,1.063089134125636,20,2.0,23.0
2022,Hungarian Grand Prix,HAM,1,MEDIUM,0.03826195652173894,0.462907608695655,14,4.0,18.0
2022,Hungarian Grand Prix,HAM,2,MEDIUM,0.02807178565593851,0.06095948374448418,29,2.0,31.0
2022,Hungarian Grand Prix,HAM,3,SOFT,0.18326321070234103,-0.9589973244147102,16,4.0,21.0
2022,Hungarian Grand Prix,LAT,1,MEDIUM,0.09111868131868125,-0.20467472527471522,14,4.0,17.0
2022,Hungarian Grand Prix,LAT,2,MEDIUM,0.01992631578947388,0.49207368421052244,19,2.0,20.0
2022,Hungarian Grand Prix,LAT,3,SOFT,0.09190000000000015,0.19679999999999787,14,2.0,16.0
2022,Hungarian Grand Prix,LAT,4,SOFT,0.46551020408163224,-1.9172653061224398,8,3.0,13.0
2022,Hungarian Grand Prix,LEC,1,MEDIUM,0.017911764705882655,0.36964705882353066,17,4.0,20.0
2022,Hungarian Grand Prix,LEC,2,MEDIUM,0.0006058823529412204,0.6083691176470571,16,2.0,17.0
2022,Hungarian Grand Prix,LEC,3,HARD,0.001752747252747103,1.2346703296703274,13,2.0,14.0
2022,Hungarian Grand Prix,LEC,4,SOFT,0.10923147468818789,-0.5323510638297868,13,5.0,19.0
2022,Hungarian Grand Prix,MAG,2,HARD,0.009755799755799698,0.6315518925518887,27,2.0,28.0
2022,Hungarian Grand Prix,MAG,3,MEDIUM,0.027492103228656604,0.5718471081986577,27,2.0,30.0
2022,Hungarian Grand Prix,MSC,1,MEDIUM,0.06014950980392159,0.1406176470588298,17,4.0,20.0
2022,Hungarian Grand Prix,MSC,2,HARD,-0.014474716202270399,0.9259845201238337,18,2.0,19.0
2022,Hungarian Grand Prix,MSC,3,MEDIUM,0.08201352231033271,0.0051696058705193336,25,2.0,28.0
2022,Hungarian Grand Prix,NOR,1,SOFT,0.38363636363636344,-3.1666181818181816,10,7.0,16.0
2022,Hungarian Grand Prix,NOR,2,MEDIUM,0.047932991452991305,0.4286639316239361,26,2.0,27.0
2022,Hungarian Grand Prix,NOR,3,HARD,0.17192079236222266,-0.9699184198490777,25,2.0,28.0
2022,Hungarian Grand Prix,OCO,1,MEDIUM,0.04758421052631576,0.3371421052631586,19,4.0,22.0
2022,Hungarian Grand Prix,OCO,2,HARD,-0.008557831876503342,1.25485607882825,43,2.0,46.0
2022,Hungarian Grand Prix,PER,1,SOFT,0.03898241758241776,0.423898901098895,14,4.0,17.0
2022,Hungarian Grand Prix,PER,2,MEDIUM,0.04807453416149038,0.17425014116319,22,2.0,23.0
2022,Hungarian Grand Prix,PER,3,MEDIUM,0.013370990649780947,0.5760164516510862,25,2.0,28.0
2022,Hungarian Grand Prix,RIC,1,SOFT,0.19650000000000026,-1.3089545454545422,11,6.0,16.0
2022,Hungarian Grand Prix,RIC,2,MEDIUM,0.03041083743842372,0.03421970443349877,29,2.0,30.0
2022,Hungarian Grand Prix,RIC,3,HARD,0.006153053132434738,1.6299603489294232,19,2.0,23.0
2022,Hungarian Grand Prix,RUS,1,SOFT,0.09826923076923157,-0.694448717948728,12,7.0,18.0
2022,Hungarian Grand Prix,RUS,2,MEDIUM,0.03888441558441544,0.24133939393939,21,2.0,22.0
2022,Hungarian Grand Prix,RUS,3,MEDIUM,0.037111111111111025,0.26055555555555204,28,2.0,31.0
2022,Hungarian Grand Prix,SAI,1,MEDIUM,0.08902197802197791,-0.029758241758241585,13,4.0,16.0
2022,Hungarian Grand Prix,SAI,2,MEDIUM,0.019770935960591093,0.20165763546798138,28,2.0,29.0
2022,Hungarian Grand Prix,SAI,3,SOFT,0.14176457272212786,-0.6988627617430662,20,5.0,26.0
2022,Hungarian Grand Prix,STR,1,SOFT,0.13901212121212117,-0.9395393939393936,10,7.0,16.0
2022,Hungarian Grand Prix,STR,2,MEDIUM,0.009309010011123586,0.7380923248053302,30,3.0,32.0
2022,Hungarian Grand Prix,STR,3,SOFT,0.19399264289756665,-0.25256465761176977,20,2.0,23.0
2022,Hungarian Grand Prix,TSU,1,SOFT,0.1871500000000001,-0.8698666666666739,9,4.0,12.0
2022,Hungarian Grand Prix,TSU,2,MEDIUM,0.013611971104231074,0.530407636738904,18,2.0,19.0
2022,Hungarian Grand Prix,TSU,3,SOFT,0.04751029411764692,0.3278397058823586,16,2.0,17.0
2022,Hungarian Grand Prix,TSU,4,SOFT,0.42274479311302404,-1.298957234101633,14,5.0,20.0
2022,Hungarian Grand Prix,VER,1,SOFT,0.01847552447552483,0.28517365967366287,12,5.0,16.0
2022,Hungarian Grand Prix,VER,2,MEDIUM,0.03048646616541351,0.2347556390977513,20,2.0,21.0
2022,Hungarian Grand Prix,VER,3,MEDIUM,0.029046414546414396,0.6022541662541652,29,2.0,32.0
2022,Hungarian Grand Prix,VET,1,SOFT,0.11315454545454552,-0.4694818181818198,11,4.0,14.0
2022,Hungarian Grand Prix,VET,2,MEDIUM,-0.0032071803604371563,0.47195675464736425,28,3.0,31.0
2022,Hungarian Grand Prix,VET,3,MEDIUM,0.07804470854555745,0.34018138087153643,20,2.0,23.0
2022,Hungarian Grand Prix,ZHO,1,MEDIUM,0.034913043478260526,0.10765217391304407,23,4.0,26.0
2022,Hungarian Grand Prix,ZHO,2,HARD,0.103312252964427,-0.37985770750988435,22,2.0,23.0
2022,Hungarian Grand Prix,ZHO,3,SOFT,0.02288871349644848,0.3925911602209965,13,2.0,15.0
2022,Italian Grand Prix,ALO,1,MEDIUM,0.006034728687944482,0.4035197013146606,27,2.0,30.0
2022,Italian Grand Prix,BOT,1,MEDIUM,-0.04008423755947881,1.6705838595633073,31,2.0,34.0
2022,Italian Grand Prix,BOT,2,SOFT,-0.00246666666666683,0.5233333333333308,10,2.0,11.0
2022,Italian Grand Prix,DEV,1,SOFT,0.0033043835616439446,0.29596958904109094,13,2.0,17.0
2022,Italian Grand Prix,DEV,2,MEDIUM,0.01314290598290602,0.3053124786324819,26,2.0,27.0
2022,Italian Grand Prix,GAS,1,MEDIUM,0.007477419354838825,0.3085603686635934,14,2.0,17.0
2022,Italian Grand Prix,GAS,2,HARD,-0.0016282051282051028,0.4938660968660922,27,3.0,29.0
2022,Italian Grand Prix,HAM,1,MEDIUM,-0.048988115449915,1.645562648556881,30,2.0,32.0
2022,Italian Grand Prix,HAM,2,SOFT,-0.08593006993006995,1.1584755244755263,12,2.0,13.0
2022,Italian Grand Prix,LAT,1,MEDIUM,-0.1467510121457491,2.1665910931174093,12,2.0,14.0
2022,Italian Grand Prix,LAT,2,HARD,0.028732369299221322,0.13171590656284768,30,2.0,31.0
2022,Italian Grand Prix,LEC,1,SOFT,-0.037872727272726836,0.7346727272727278,10,2.0,11.0
2022,Italian Grand Prix,LEC,2,MEDIUM,0.022494736842105508,0.15113684210526596,19,2.0,20.0
2022,Italian Grand Prix,LEC,3,SOFT,0.013307692307692413,0.29169230769230947,13,2.0,14.0
2022,Italian Grand Prix,MAG,1,MEDIUM,-0.013775903614458166,0.8026792644261307,19,2.0,23.0
2022,Italian Grand Prix,MAG,2,HARD,0.002752631578947389,0.5278947368421035,20,2.0,21.0
2022,Italian Grand Prix,MSC,1,MEDIUM,-0.049549219738506865,1.7739676086039586,29,2.0,32.0
2022,Italian Grand Prix,MSC,2,SOFT,-0.033206293706294035,1.2791305361305365,12,2.0,13.0
2022,Italian Grand Prix,NOR,1,MEDIUM,-0.02615524575710821,0.9529785430901434,31,2.0,34.0
2022,Italian Grand Prix,NOR,2,SOFT,-0.03858181818181809,0.5835454545454524,10,4.0,13.0
2022,Italian Grand Prix,OCO,1,SOFT,-0.016913622291021575,0.7770845201238321,16,2.0,18.0
2022,Italian Grand Prix,OCO,2,HARD,-0.00417435897435908,0.4673743589743564,26,2.0,27.0
2022,Italian Grand Prix,PER,2,HARD,-0.025457100364121167,1.197954433560701,30,2.0,34.0
2022,Italian Grand Prix,RIC,1,MEDIUM,0.013884520123839153,0.35732786377709447,16,2.0,18.0
2022,Italian Grand Prix,RIC,2,HARD,-0.003427608122771647,0.5669996899705525,23,2.0,26.0
2022,Italian Grand Prix,RUS,1,SOFT,0.006069815195071963,0.5568501026694078,19,2.0,22.0
2022,Italian Grand Prix,RUS,2,HARD,-0.010283455674760028,0.6460886504799586,22,2.0,23.0
2022,Italian Grand Prix,SAI,1,MEDIUM,-0.024790266606785613,0.9855737965949486,27,2.0,29.0
2022,Italian Grand Prix,SAI,2,SOFT,-0.06821428571428553,1.049,14,2.0,16.0
2022,Italian Grand Prix,STR,1,MEDIUM,-0.0016799999999998025,0.49655999999999634,15,3.0,18.0
2022,Italian Grand Prix,STR,2,HARD,-0.0172281059063136,0.6337148676171064,18,3.0,21.0
2022,Italian Grand Prix,TSU,1,MEDIUM,-0.07119845201238359,1.2438972136222848,16,2.0,18.0
2022,Italian Grand Prix,TSU,2,HARD,0.00476410256410254,0.29627179487179656,26,3.0,28.0
2022,Italian Grand Prix,VER,1,SOFT,-0.002939569988579241,0.5550674313521036,20,2.0,24.0
2022,Italian Grand Prix,VER,2,MEDIUM,-0.000318181818181654,0.20077056277055658,21,2.0,22.0
2022,Italian Grand Prix,VET,1,MEDIUM,-0.06881666666666648,1.17260555555555,9,3.0,11.0
2022,Italian Grand Prix,ZHO,1,MEDIUM,-0.004256999999999958,0.4777320000000011,15,2.0,17.0
2022,Italian Grand Prix,ZHO,2,HARD,0.015965201465201542,0.5245590150590114,27,2.0,28.0
2022,Japanese Grand Prix,ALO,3,INTERMEDIATE,0.12261188811188774,0.6488275058275031,12,2.0,13.0
2022,Japanese Grand Prix,BOT,3,INTERMEDIATE,0.05005064935064932,1.8489636363636426,21,2.0,22.0
2022,Japanese Grand Prix,GAS,4,INTERMEDIATE,0.2634000000000005,0.09999999999999805,10,2.0,11.0
2022,Japanese Grand Prix,GAS,5,INTERMEDIATE,0.7757857142857135,-1.5133214285714236,8,2.0,9.0
2022,Japanese Grand Prix,HAM,3,INTERMEDIATE,0.13218045112781932,1.0701834586466201,20,5.0,24.0
2022,Japanese Grand Prix,LAT,3,INTERMEDIATE,0.1074263128176174,0.06508018068887934,22,2.0,23.0
2022,Japanese Grand Prix,LEC,3,INTERMEDIATE,0.21581954887218044,1.2852751879699194,20,2.0,21.0
2022,Japanese Grand Prix,MAG,3,INTERMEDIATE,0.09129473684210523,1.048010526315786,20,2.0,21.0
2022,Japanese Grand Prix,MSC,3,INTERMEDIATE,0.2688529411764705,0.5890220588235284,16,2.0,17.0
2022,Japanese Grand Prix,NOR,3,INTERMEDIATE,0.07165974025974041,0.6739402597402594,21,2.0,22.0
2022,Japanese Grand Prix,OCO,3,INTERMEDIATE,0.1139330827067667,0.7059195488721834,20,2.0,21.0
2022,Japanese Grand Prix,PER,3,INTERMEDIATE,0.1659323308270676,0.03737819548871902,20,2.0,21.0
2022,Japanese Grand Prix,RIC,3,INTERMEDIATE,0.06179473684210502,0.9502052631578947,19,2.0,20.0
2022,Japanese Grand Prix,RUS,3,INTERMEDIATE,-0.021972932330826887,1.7173345864661569,20,4.0,23.0
2022,Japanese Grand Prix,STR,3,INTERMEDIATE,0.19069696969696986,-0.36483030303030806,10,2.0,11.0
2022,Japanese Grand Prix,STR,4,INTERMEDIATE,0.52354761904762,-0.3390119047619068,8,2.0,9.0
2022,Japanese Grand Prix,TSU,3,INTERMEDIATE,0.19883636363636334,-0.13439999999999913,11,2.0,12.0
2022,Japanese Grand Prix,TSU,4,INTERMEDIATE,0.12724999999999972,0.9777499999999982,7,2.0,8.0
2022,Japanese Grand Prix,VER,3,INTERMEDIATE,0.17523157894736824,0.14813684210526323,20,2.0,21.0
2022,Japanese Grand Prix,VET,3,INTERMEDIATE,0.05999717673630727,1.0902625635234324,22,2.0,23.0
2022,Japanese Grand Prix,ZHO,3,INTERMEDIATE,0.8952857142857139,-1.596428571428565,7,2.0,8.0
2022,Japanese Grand Prix,ZHO,4,INTERMEDIATE,0.6775333333333329,-0.2574222222222225,9,2.0,10.0
2022,Mexico City Grand Prix,ALB,1,MEDIUM,-0.03317142857142853,1.261065079365082,36,2.0,37.0
2022,Mexico City Grand Prix,ALB,2,SOFT,0.026670617201518938,0.20480069273463322,30,2.0,32.0
2022,Mexico City Grand Prix,ALO,1,MEDIUM,-0.01641043877885985,0.8410718897034646,38,2.0,39.0
2022,Mexico City Grand Prix,ALO,2,HARD,0.1480461238148354,-0.2000406581148878,21,2.0,23.0
2022,Mexico City Grand Prix,BOT,1,MEDIUM,-0.014256282598387914,0.8325580844001843,37,2.0,38.0
2022,Mexico City Grand Prix,BOT,2,HARD,-0.004816728675761411,1.0580938404299303,28,2.0,31.0
2022,Mexico City Grand Prix,GAS,1,MEDIUM,-0.01630988073093334,1.0065104497209778,38,2.0,39.0
2022,Mexico City Grand Prix,GAS,2,SOFT,0.026601556816528395,0.6103326785974097,28,2.0,30.0
2022,Mexico City Grand Prix,HAM,1,MEDIUM,0.008633699633699579,0.14816117216116664,27,2.0,28.0
2022,Mexico City Grand Prix,HAM,2,HARD,0.00798779283639889,0.41492614714424114,39,2.0,42.0
2022,Mexico City Grand Prix,LAT,1,SOFT,-0.020044155844155608,0.8948155844155828,21,2.0,22.0
2022,Mexico City Grand Prix,LAT,2,HARD,-0.004949328449328572,0.7369806674806736,27,2.0,28.0
2022,Mexico City Grand Prix,LAT,3,SOFT,0.10616409952606644,0.4053907977883069,15,2.0,17.0
2022,Mexico City Grand Prix,LEC,1,SOFT,0.03432874406798393,-0.08807030129124471,25,4.0,29.0
2022,Mexico City Grand Prix,LEC,2,MEDIUM,0.02524877129750981,0.08724672346003172,41,2.0,43.0
2022,Mexico City Grand Prix,MAG,1,MEDIUM,-0.03468725868725863,1.5147348777348812,36,2.0,37.0
2022,Mexico City Grand Prix,MAG,2,SOFT,-0.020228101919140994,1.1072903924302235,29,5.0,35.0
2022,Mexico City Grand Prix,MSC,1,SOFT,-0.0019983060417842727,0.749288537549406,22,7.0,28.0
2022,Mexico City Grand Prix,MSC,2,MEDIUM,-0.004146321796303244,0.9280039697307993,44,2.0,46.0
2022,Mexico City Grand Prix,NOR,1,MEDIUM,-0.01573300492610841,0.7320384236453232,29,2.0,30.0
2022,Mexico City Grand Prix,NOR,2,HARD,-0.0038729622790820177,0.8003763650751764,36,2.0,39.0
2022,Mexico City Grand Prix,OCO,1,MEDIUM,-0.01794193548387094,0.6390774193548312,31,2.0,32.0
2022,Mexico City Grand Prix,OCO,2,HARD,0.00515763526560134,0.7243609136847318,34,2.0,37.0
2022,Mexico City Grand Prix,PER,1,SOFT,0.008166233766233814,0.30079220779220844,21,5.0,25.0
2022,Mexico City Grand Prix,PER,2,MEDIUM,0.006180629943110819,0.7783802969335323,45,2.0,48.0
2022,Mexico City Grand Prix,RIC,1,MEDIUM,-0.016326148610323356,0.8513145342084689,42,2.0,43.0
2022,Mexico City Grand Prix,RIC,2,SOFT,-0.011351886520737216,1.252423171082941,23,2.0,26.0
2022,Mexico City Grand Prix,RUS,1,MEDIUM,-0.012160740469208243,0.6555942082111479,32,2.0,33.0
2022,Mexico City Grand Prix,RUS,2,HARD,0.006111748525548877,0.5866019849333385,31,2.0,34.0
2022,Mexico City Grand Prix,SAI,1,SOFT,0.02799389499389491,-0.08837159137158301,27,5.0,31.0
2022,Mexico City Grand Prix,SAI,2,MEDIUM,0.009899442147641381,0.6631770775035649,40,2.0,42.0
2022,Mexico City Grand Prix,STR,1,MEDIUM,-0.00911428571428551,0.9662761904761918,15,3.0,17.0
2022,Mexico City Grand Prix,STR,2,SOFT,0.03457142857142872,0.10433333333333056,21,2.0,22.0
2022,Mexico City Grand Prix,STR,3,SOFT,0.0692953586497891,0.26410864978903476,28,2.0,30.0
2022,Mexico City Grand Prix,TSU,1,SOFT,-0.01460805860805851,0.5135282865282871,27,2.0,28.0
2022,Mexico City Grand Prix,TSU,2,MEDIUM,-0.019356140350877123,0.9068122807017489,19,2.0,20.0
2022,Mexico City Grand Prix,VER,1,SOFT,0.016401185770751132,0.05949407114623836,23,5.0,27.0
2022,Mexico City Grand Prix,VER,2,MEDIUM,0.007107349443093515,0.24525018386858902,43,2.0,46.0
2022,Mexico City Grand Prix,VET,1,SOFT,-0.010313899613899618,0.6715377091377103,36,2.0,37.0
2022,Mexico City Grand Prix,VET,2,MEDIUM,0.014405833994074078,0.8723167383048895,30,3.0,33.0
2022,Mexico City Grand Prix,ZHO,1,MEDIUM,-0.009525672002416122,0.7457416188462651,43,2.0,44.0
2022,Mexico City Grand Prix,ZHO,2,SOFT,0.027711786658373403,1.3082132638780886,23,2.0,25.0
2022,Miami Grand Prix,ALB,1,MEDIUM,-0.09466373626373639,1.6760703296703343,14,2.0,15.0
2022,Miami Grand Prix,ALB,2,HARD,-0.025302061310782085,1.737687367864686,33,2.0,41.0
2022,Miami Grand Prix,ALO,1,MEDIUM,-0.04999569661108125,0.8536304464765996,12,2.0,14.0
2022,Miami Grand Prix,ALO,2,HARD,-0.03348470336562422,2.029221907551685,33,3.0,43.0
2022,Miami Grand Prix,BOT,1,MEDIUM,-0.06056391304347849,1.8904878260869624,24,2.0,25.0
2022,Miami Grand Prix,BOT,2,HARD,0.0005382775119617721,0.7547655502392364,23,2.0,31.0
2022,Miami Grand Prix,GAS,1,MEDIUM,-0.06533406593406582,1.202553846153845,14,2.0,15.0
2022,Miami Grand Prix,GAS,2,HARD,0.01438991735537176,0.397042479338851,21,2.0,23.0
2022,Miami Grand Prix,HAM,1,MEDIUM,-0.04034586466165398,1.2267774436090138,20,2.0,21.0
2022,Miami Grand Prix,HAM,2,HARD,-0.013708978795550223,1.0311010288687088,27,2.0,35.0
2022,Miami Grand Prix,LAT,1,HARD,-0.06281543255131967,2.6753013196480944,32,2.0,33.0
2022,Miami Grand Prix,LAT,2,MEDIUM,-0.08668431001890367,2.1932608695652216,14,2.0,23.0
2022,Miami Grand Prix,LEC,1,MEDIUM,-0.05907340485601339,1.8700993788819802,22,2.0,23.0
2022,Miami Grand Prix,LEC,2,HARD,-0.030428376730507224,1.6147604189082594,26,2.0,33.0
2022,Miami Grand Prix,MAG,1,MEDIUM,-0.10396363636363593,1.712963636363629,10,2.0,11.0
2022,Miami Grand Prix,MAG,2,HARD,-0.036991089555605504,1.7713084818407367,25,2.0,27.0
2022,Miami Grand Prix,MAG,3,MEDIUM,-0.09875757575757625,2.5074969696969793,10,5.0,14.0
2022,Miami Grand Prix,MSC,1,MEDIUM,-0.034650349650349514,0.9758776223776247,12,2.0,13.0
2022,Miami Grand Prix,MSC,2,HARD,-0.017448958607528278,1.4169871018689044,31,2.0,39.0
2022,Miami Grand Prix,NOR,1,MEDIUM,-0.056057352941176454,1.1258573529411722,16,2.0,17.0
2022,Miami Grand Prix,NOR,2,HARD,-0.06710075187969951,2.0971586466165437,20,2.0,21.0
2022,Miami Grand Prix,OCO,1,HARD,-0.07543199474778411,2.671171681803255,38,2.0,39.0
2022,Miami Grand Prix,OCO,2,SOFT,-0.22900000000000006,3.51436363636364,11,6.0,16.0
2022,Miami Grand Prix,PER,1,MEDIUM,-0.011283076923076809,1.0500030769230724,25,2.0,26.0
2022,Miami Grand Prix,PER,2,HARD,-0.01002727272727283,0.5121000000000011,11,2.0,12.0
2022,Miami Grand Prix,PER,3,MEDIUM,-0.18308181818181812,3.030536363636362,11,6.0,16.0
2022,Miami Grand Prix,RIC,1,MEDIUM,-0.08709770114942535,2.498621510673237,28,2.0,29.0
2022,Miami Grand Prix,RIC,2,HARD,-0.17960714285714308,1.6577142857142875,8,2.0,9.0
2022,Miami Grand Prix,RIC,3,SOFT,-0.1387636363636362,2.8766727272727257,11,6.0,16.0
2022,Miami Grand Prix,RUS,1,HARD,-0.0962326293905242,3.568505744611011,38,2.0,39.0
2022,Miami Grand Prix,RUS,2,MEDIUM,-0.23418181818181819,4.036000000000006,11,7.0,17.0
2022,Miami Grand Prix,SAI,1,MEDIUM,-0.036834615384615514,1.2817246153846151,25,2.0,26.0
2022,Miami Grand Prix,SAI,2,HARD,-0.04922013666637845,1.9686239079664352,23,2.0,30.0
2022,Miami Grand Prix,STR,1,HARD,-0.08286453660137874,3.3873731261626068,38,4.0,41.0
2022,Miami Grand Prix,STR,2,MEDIUM,-0.24436363636363637,4.961090909090912,11,9.0,19.0
2022,Miami Grand Prix,TSU,1,MEDIUM,0.06695000000000001,0.6355222222222182,9,2.0,10.0
2022,Miami Grand Prix,TSU,2,HARD,-0.07348901098901102,2.5722981277981276,27,2.0,28.0
2022,Miami Grand Prix,TSU,3,SOFT,-0.0068545454545455775,0.8590545454545488,11,9.0,19.0
2022,Miami Grand Prix,VER,1,MEDIUM,-0.061588695652173966,1.6130307246376834,24,2.0,25.0
2022,Miami Grand Prix,VER,2,HARD,-0.04649167604049497,1.7987814023247068,24,2.0,31.0
2022,Miami Grand Prix,VET,1,HARD,-0.07041149916844858,3.6931608458066023,37,4.0,41.0
2022,Miami Grand Prix,VET,2,MEDIUM,-0.280964285714286,3.9390357142857186,7,8.0,14.0
2022,Monaco Grand Prix,ALB,1,WET,-0.8262833464877665,13.260802683504346,13,3.0,16.0
2022,Monaco Grand Prix,ALB,4,MEDIUM,-0.29903611971104194,7.232465428276573,18,9.0,26.0
2022,Monaco Grand Prix,ALO,1,WET,-0.7552033023735804,14.197282421740617,18,3.0,20.0
2022,Monaco Grand Prix,ALO,3,MEDIUM,-0.16370986070381233,6.433663673020525,32,3.0,34.0
2022,Monaco Grand Prix,BOT,1,WET,-0.8578627450980396,15.700078431372555,17,3.0,19.0
2022,Monaco Grand Prix,BOT,3,HARD,-0.16461326979472138,6.462665689149564,32,13.0,44.0
2022,Monaco Grand Prix,GAS,2,INTERMEDIATE,-0.4822156862745098,10.066725490196072,17,3.0,19.0
2022,Monaco Grand Prix,GAS,4,HARD,-0.1825386562178832,6.7905708247687695,31,11.0,42.0
2022,Monaco Grand Prix,HAM,1,WET,-0.991707518796992,12.820269924812031,11,3.0,14.0
2022,Monaco Grand Prix,HAM,4,MEDIUM,-0.15620656158357757,5.0637901392961835,32,3.0,34.0
2022,Monaco Grand Prix,LAT,3,HARD,-0.48574232293214437,9.313009658246656,17,2.0,20.0
2022,Monaco Grand Prix,LEC,1,WET,-0.7641142857142865,12.379276190476201,15,3.0,17.0
2022,Monaco Grand Prix,LEC,4,HARD,-0.02714937683284463,2.506076612903232,32,12.0,43.0
2022,Monaco Grand Prix,MAG,1,WET,-0.87700294117647,14.818905882352926,16,3.0,18.0
2022,Monaco Grand Prix,MSC,2,INTERMEDIATE,-0.4914909090909088,5.83543636363636,11,2.0,12.0
2022,Monaco Grand Prix,NOR,1,WET,-0.8148967032967037,12.006661538461545,14,3.0,16.0
2022,Monaco Grand Prix,NOR,4,HARD,-0.23980392156862723,6.403065359477115,18,11.0,28.0
2022,Monaco Grand Prix,NOR,5,MEDIUM,-0.11081818181818162,2.08980303030303,12,2.0,13.0
2022,Monaco Grand Prix,OCO,1,WET,-0.8757347781217744,16.33356105951152,18,3.0,20.0
2022,Monaco Grand Prix,OCO,3,MEDIUM,-0.16240579178885614,4.78144464809384,32,3.0,34.0
2022,Monaco Grand Prix,PER,1,WET,-0.8428846153846153,12.182499999999987,13,3.0,15.0
2022,Monaco Grand Prix,PER,4,MEDIUM,-0.011138563049853367,2.178813416422283,32,3.0,34.0
2022,Monaco Grand Prix,RIC,1,WET,-0.7710794117647062,13.158958823529415,16,3.0,18.0
2022,Monaco Grand Prix,RIC,3,HARD,-0.1704820381231674,6.93222012463344,32,14.0,45.0
2022,Monaco Grand Prix,RUS,1,WET,-0.7079957576561047,13.589950417605731,16,3.0,20.0
2022,Monaco Grand Prix,RUS,3,MEDIUM,-0.028645711143695022,1.9588519061583598,32,3.0,34.0
2022,Monaco Grand Prix,SAI,1,WET,-0.6725737874096999,11.884598555211552,18,3.0,20.0
2022,Monaco Grand Prix,SAI,3,HARD,-0.017782272942289283,2.104202542573309,31,12.0,43.0
2022,Monaco Grand Prix,STR,3,INTERMEDIATE,-0.7348847322142289,16.838501358912865,19,2.0,21.0
2022,Monaco Grand Prix,STR,5,UNKNOWN,-0.17193041753486127,6.28774739541593,33,8.0,41.0
2022,Monaco Grand Prix,TSU,2,INTERMEDIATE,-0.48654945054945037,8.899164835164827,13,2.0,14.0
2022,Monaco Grand Prix,TSU,4,MEDIUM,-0.31622226142742554,7.32739406575781,24,2.0,26.0
2022,Monaco Grand Prix,TSU,5,SOFT,-1.0792857142857144,7.88495238095238,6,2.0,7.0
2022,Monaco Grand Prix,VER,1,WET,-0.8216321428571426,13.591721428571432,15,3.0,17.0
2022,Monaco Grand Prix,VER,4,MEDIUM,-0.02486986803519044,2.4105925586510155,32,3.0,34.0
2022,Monaco Grand Prix,VET,2,INTERMEDIATE,-0.8041000000000005,15.100700000000003,15,2.0,16.0
2022,Monaco Grand Prix,VET,4,HARD,-0.1731409457478007,6.410766312316711,32,11.0,42.0
2022,Monaco Grand Prix,ZHO,1,WET,-0.739281004709576,12.985007849293563,15,3.0,18.0
2022,Monaco Grand Prix,ZHO,3,MEDIUM,-0.151331422833954,5.292819897084047,32,2.0,34.0
2022,Saudi Arabian Grand Prix,ALB,1,MEDIUM,-0.08503683035714281,1.2955993303571374,9,2.0,12.0
2022,Saudi Arabian Grand Prix,ALB,2,HARD,-0.11268298716253694,3.6687338678722283,25,2.0,34.0
2022,Saudi Arabian Grand Prix,ALO,1,MEDIUM,-0.014962637362637326,0.7401824175824184,14,2.0,15.0
2022,Saudi Arabian Grand Prix,ALO,2,HARD,-0.1976678571428566,3.6475476190476095,15,5.0,19.0
2022,Saudi Arabian Grand Prix,BOT,1,MEDIUM,-0.034338461538461575,1.0705912087912097,14,2.0,15.0
2022,Saudi Arabian Grand Prix,BOT,2,HARD,-0.20007252747252763,3.5730483516483553,14,5.0,18.0
2022,Saudi Arabian Grand Prix,GAS,1,MEDIUM,-0.03051648351648345,1.0002087912087883,13,2.0,14.0
2022,Saudi Arabian Grand Prix,GAS,2,HARD,-0.11128994053018852,3.7795717669589726,27,6.0,35.0
2022,Saudi Arabian Grand Prix,HAM,1,HARD,-0.1021740477781489,4.123964926495157,31,3.0,38.0
2022,Saudi Arabian Grand Prix,HAM,2,MEDIUM,0.14230000000000043,0.2984222222222198,9,2.0,10.0
2022,Saudi Arabian Grand Prix,HUL,1,HARD,-0.08060998827667047,3.3493014302461837,30,3.0,37.0
2022,Saudi Arabian Grand Prix,HUL,2,MEDIUM,0.1344848484848483,-0.31500606060605685,10,5.0,14.0
2022,Saudi Arabian Grand Prix,LAT,1,MEDIUM,-0.07596952104499244,1.365665215287855,12,2.0,14.0
2022,Saudi Arabian Grand Prix,LEC,1,MEDIUM,0.020215384615384815,0.11416923076922628,14,2.0,15.0
2022,Saudi Arabian Grand Prix,LEC,2,HARD,-0.05036626984126974,2.243379365079363,25,5.0,34.0
2022,Saudi Arabian Grand Prix,MAG,1,HARD,-0.08648473335312158,3.5968104877807408,29,4.0,38.0
2022,Saudi Arabian Grand Prix,MAG,2,MEDIUM,-0.04905454545454645,0.9626727272727401,10,6.0,15.0
2022,Saudi Arabian Grand Prix,NOR,1,MEDIUM,-0.03677412116679157,0.7462326103216164,13,2.0,15.0
2022,Saudi Arabian Grand Prix,NOR,2,HARD,-0.12107700836609223,4.3217309747001345,27,5.0,34.0
2022,Saudi Arabian Grand Prix,OCO,1,MEDIUM,0.024417736289381424,0.5727203422792647,12,2.0,15.0
2022,Saudi Arabian Grand Prix,OCO,2,HARD,-0.09514927930652162,3.4475565971172335,27,5.0,34.0
2022,Saudi Arabian Grand Prix,PER,1,MEDIUM,0.04636813186813236,-0.0738681318681338,13,2.0,14.0
2022,Saudi Arabian Grand Prix,PER,2,HARD,-0.08332021912350604,2.797885956175299,25,6.0,35.0
2022,Saudi Arabian Grand Prix,RIC,1,MEDIUM,-0.22257142857142828,1.5925714285714312,6,2.0,7.0
2022,Saudi Arabian Grand Prix,RIC,2,HARD,-0.06091162540365991,2.1237667384284213,21,2.0,27.0
2022,Saudi Arabian Grand Prix,RUS,1,MEDIUM,-0.0850131868131866,1.2478263736263708,14,2.0,15.0
2022,Saudi Arabian Grand Prix,RUS,2,HARD,-0.05244501562342503,2.115541780062495,27,5.0,34.0
2022,Saudi Arabian Grand Prix,SAI,1,MEDIUM,-0.013692307692307202,0.5492417582417549,14,2.0,15.0
2022,Saudi Arabian Grand Prix,SAI,2,HARD,-0.0765500221690165,2.5991177263456557,26,5.0,34.0
2022,Saudi Arabian Grand Prix,STR,1,MEDIUM,0.055309090909090905,0.21407272727272122,11,3.0,13.0
2022,Saudi Arabian Grand Prix,STR,2,HARD,-0.07474243161861503,3.078175564811314,26,3.0,37.0
2022,Saudi Arabian Grand Prix,VER,1,MEDIUM,0.02448351648351648,0.13274725274725319,14,2.0,15.0
2022,Saudi Arabian Grand Prix,VER,2,HARD,-0.06061080074487911,2.3159962756052126,26,5.0,34.0
2022,Saudi Arabian Grand Prix,ZHO,1,MEDIUM,-0.11272325915290668,1.8473424264177927,13,2.0,15.0
2022,Saudi Arabian Grand Prix,ZHO,2,HARD,-0.44497142857142813,4.2306190476190455,6,5.0,10.0
2022,Saudi Arabian Grand Prix,ZHO,3,HARD,-0.01336478171696459,0.9297111046000521,17,13.0,34.0
2022,São Paulo Grand Prix,ALB,2,MEDIUM,-0.03517750257997949,1.1430412796697598,18,3.0,20.0
2022,São Paulo Grand Prix,ALB,3,MEDIUM,0.04055112781954879,0.38901203007518376,20,2.0,21.0
2022,São Paulo Grand Prix,ALB,4,MEDIUM,0.010681818181817989,0.8721666666666693,15,2.0,24.0
2022,São Paulo Grand Prix,ALO,1,MEDIUM,-0.2631428571428566,3.6439999999999904,7,7.0,13.0
2022,São Paulo Grand Prix,ALO,2,MEDIUM,0.017298245614035163,0.7319824561403533,19,2.0,20.0
2022,São Paulo Grand Prix,ALO,3,MEDIUM,0.011664285714285513,0.22688809523809578,15,2.0,16.0
2022,São Paulo Grand Prix,ALO,4,SOFT,-0.011513986013986005,0.7368554778554781,12,8.0,19.0
2022,São Paulo Grand Prix,BOT,1,SOFT,-0.05687254901960766,1.4977941176470593,17,7.0,23.0
2022,São Paulo Grand Prix,BOT,2,MEDIUM,0.04887017543859631,0.41879649122806806,19,2.0,20.0
2022,São Paulo Grand Prix,BOT,3,SOFT,-0.04330655893536133,1.2763849809886012,17,2.0,26.0
2022,São Paulo Grand Prix,GAS,1,SOFT,-0.011905594405594579,0.5247365967365997,12,7.0,18.0
2022,São Paulo Grand Prix,GAS,2,MEDIUM,0.0585978021978028,0.1502043956043969,14,2.0,15.0
2022,São Paulo Grand Prix,GAS,3,SOFT,0.0395107142857146,-0.04755000000000413,15,7.0,21.0
2022,São Paulo Grand Prix,GAS,4,MEDIUM,-0.1498916083916083,2.7682867132867135,12,8.0,19.0
2022,São Paulo Grand Prix,HAM,1,SOFT,0.017540259740259873,0.5690848484848416,21,8.0,28.0
2022,São Paulo Grand Prix,HAM,2,MEDIUM,0.049612745098039306,0.20046078431372835,17,2.0,18.0
2022,São Paulo Grand Prix,HAM,3,SOFT,-0.002526169950738951,0.47437243431856,15,8.0,29.0
2022,São Paulo Grand Prix,LAT,1,MEDIUM,-0.05160989010988982,1.7823901098901116,13,7.0,19.0
2022,São Paulo Grand Prix,LAT,2,HARD,0.11736969696969658,-0.1193030303030227,10,2.0,11.0
2022,São Paulo Grand Prix,LAT,3,MEDIUM,0.02652321981424182,0.15956174750602212,18,2.0,19.0
2022,São Paulo Grand Prix,LAT,4,SOFT,0.04474125874125942,-0.35234032634033446,12,8.0,19.0
2022,São Paulo Grand Prix,LEC,2,MEDIUM,0.17065734265734267,-0.035096736596739245,12,2.0,13.0
2022,São Paulo Grand Prix,LEC,3,SOFT,0.036107792207792026,0.1691350649350615,21,2.0,22.0
2022,São Paulo Grand Prix,LEC,4,SOFT,-0.03310254462590204,1.2463928345360187,18,3.0,28.0
2022,São Paulo Grand Prix,MSC,1,MEDIUM,0.057117647058823294,0.018529411764710173,17,7.0,23.0
2022,São Paulo Grand Prix,MSC,2,SOFT,0.03871353383458624,0.3528443609022517,20,2.0,21.0
2022,São Paulo Grand Prix,MSC,3,SOFT,0.025909388646288466,0.42176692139737015,16,6.0,29.0
2022,São Paulo Grand Prix,NOR,1,SOFT,0.076151960784314,-0.16692647058823137,17,7.0,23.0
2022,São Paulo Grand Prix,NOR,2,MEDIUM,0.056110526315789326,-0.07495263157894803,19,2.0,20.0
2022,São Paulo Grand Prix,OCO,1,SOFT,-0.054215686274510205,1.384411764705884,17,7.0,23.0
2022,São Paulo Grand Prix,OCO,2,MEDIUM,0.03845844155844144,0.48397489177488656,21,2.0,22.0
2022,São Paulo Grand Prix,OCO,3,SOFT,-0.01414911308203974,0.7466770140428598,15,5.0,27.0
2022,São Paulo Grand Prix,PER,1,SOFT,0.04086911764705862,-0.15566470588234918,16,7.0,22.0
2022,São Paulo Grand Prix,PER,2,MEDIUM,0.04453811405985349,0.013773574251833232,22,2.0,23.0
2022,São Paulo Grand Prix,PER,3,MEDIUM,0.006297995139732605,0.9201670716889447,16,2.0,24.0
2022,São Paulo Grand Prix,RUS,1,SOFT,0.037433823529411714,-0.21033088235294442,17,7.0,23.0
2022,São Paulo Grand Prix,RUS,2,MEDIUM,-0.0020553359683795286,0.49815415019763093,23,2.0,24.0
2022,São Paulo Grand Prix,RUS,3,SOFT,0.003113660062565228,0.4059718456725751,14,11.0,31.0
2022,São Paulo Grand Prix,SAI,1,MEDIUM,-0.03438787878787967,1.1952606060606135,10,7.0,16.0
2022,São Paulo Grand Prix,SAI,2,SOFT,0.03125490196078399,0.5354509803921556,17,2.0,18.0
2022,São Paulo Grand Prix,SAI,3,MEDIUM,0.09249999999999953,-0.08836666666666627,15,2.0,16.0
2022,São Paulo Grand Prix,SAI,4,SOFT,-0.03928321678321671,1.2191561771561727,12,13.0,24.0
2022,São Paulo Grand Prix,STR,1,MEDIUM,-0.0006388682055101082,1.0470357408786257,20,8.0,29.0
2022,São Paulo Grand Prix,STR,2,MEDIUM,0.04260752941176497,0.2431185882352891,16,3.0,19.0
2022,São Paulo Grand Prix,STR,3,SOFT,0.04122880095209735,0.06688872359416886,13,2.0,23.0
2022,São Paulo Grand Prix,TSU,1,MEDIUM,-0.0831868131868131,2.1583516483516454,13,7.0,19.0
2022,São Paulo Grand Prix,TSU,2,SOFT,0.05900722394220864,0.15109081527348053,18,2.0,19.0
2022,São Paulo Grand Prix,TSU,3,SOFT,0.06474545454545498,-0.007345454545461189,10,2.0,11.0
2022,São Paulo Grand Prix,TSU,4,MEDIUM,-0.2723356643356637,4.0775244755244735,12,5.0,16.0
2022,São Paulo Grand Prix,VER,2,MEDIUM,0.1417868131868135,-0.06497362637362317,14,2.0,15.0
2022,São Paulo Grand Prix,VER,3,SOFT,0.011116600790513659,0.24079841897233675,23,9.0,31.0
2022,São Paulo Grand Prix,VER,4,SOFT,-0.03758172492914042,1.166505061411805,14,2.0,23.0
2022,São Paulo Grand Prix,VET,1,SOFT,0.038049122807017416,0.31731929824562405,19,7.0,25.0
2022,São Paulo Grand Prix,VET,2,MEDIUM,0.01614950980392142,0.18706127450980267,17,3.0,19.0
2022,São Paulo Grand Prix,VET,3,MEDIUM,-0.016154637281909863,0.9823588613406702,16,3.0,27.0
2022,São Paulo Grand Prix,ZHO,1,SOFT,-0.19913333333333416,3.3938000000000055,9,7.0,15.0
2022,São Paulo Grand Prix,ZHO,2,MEDIUM,0.07666140350877196,0.35967192982455937,19,2.0,20.0
2022,São Paulo Grand Prix,ZHO,3,SOFT,-0.015538176537647242,1.0598010694316198,25,2.0,34.0
2022,Singapore Grand Prix,ALB,1,INTERMEDIATE,-0.24976030243171468,5.333450514270151,18,2.0,24.0
2022,Singapore Grand Prix,ALO,1,INTERMEDIATE,-0.1824406320541761,3.6125121896162593,16,2.0,20.0
2022,Singapore Grand Prix,BOT,1,INTERMEDIATE,-0.22889978795980462,7.285196552042045,23,2.0,32.0
2022,Singapore Grand Prix,BOT,2,SOFT,-0.14911052631578986,4.796173684210527,20,7.0,26.0
2022,Singapore Grand Prix,GAS,1,INTERMEDIATE,-0.19132325080731963,6.727524219590952,22,5.0,35.0
2022,Singapore Grand Prix,GAS,2,MEDIUM,-0.38174678040726456,9.196520528343417,21,2.0,26.0
2022,Singapore Grand Prix,HAM,1,INTERMEDIATE,0.03062830039525698,3.023264084321474,21,2.0,33.0
2022,Singapore Grand Prix,HAM,2,MEDIUM,-0.33616015037594005,7.6302323308270745,20,6.0,25.0
2022,Singapore Grand Prix,LEC,1,INTERMEDIATE,-0.127582326134337,5.036029522488604,22,2.0,33.0
2022,Singapore Grand Prix,LEC,2,MEDIUM,-0.2349112781954887,5.465524812030078,20,6.0,25.0
2022,Singapore Grand Prix,MAG,2,INTERMEDIATE,-0.20436613055818398,6.143891201513725,17,7.0,28.0
2022,Singapore Grand Prix,MAG,3,MEDIUM,-0.31231654135338405,7.456672932330841,20,7.0,26.0
2022,Singapore Grand Prix,MSC,1,INTERMEDIATE,-0.2325204476496199,7.572661250604648,23,2.0,33.0
2022,Singapore Grand Prix,MSC,3,SOFT,-0.5702499999999997,8.783874999999988,16,2.0,17.0
2022,Singapore Grand Prix,NOR,1,INTERMEDIATE,-0.13778865591846973,4.900393617909952,24,2.0,35.0
2022,Singapore Grand Prix,NOR,2,MEDIUM,-0.3040481203007515,6.309049624060141,20,4.0,23.0
2022,Singapore Grand Prix,OCO,1,INTERMEDIATE,-0.21780054914881902,5.1365968149368415,19,2.0,25.0
2022,Singapore Grand Prix,PER,1,INTERMEDIATE,-0.12453237410071959,4.880798561151087,23,2.0,34.0
2022,Singapore Grand Prix,PER,2,MEDIUM,-0.29337443609022584,6.321429323308266,20,5.0,24.0
2022,Singapore Grand Prix,RIC,1,INTERMEDIATE,-0.21398204047478858,7.334519602070232,25,2.0,35.0
2022,Singapore Grand Prix,RIC,2,SOFT,-0.29329624060150356,5.888799248120297,20,4.0,23.0
2022,Singapore Grand Prix,RUS,1,INTERMEDIATE,-0.2881435665914219,5.147383069977418,16,2.0,20.0
2022,Singapore Grand Prix,RUS,2,MEDIUM,-1.2002487437185918,16.272703517587935,7,2.0,13.0
2022,Singapore Grand Prix,RUS,4,SOFT,-1.0036785714285725,10.828857142857153,8,2.0,9.0
2022,Singapore Grand Prix,SAI,1,INTERMEDIATE,-0.11574207170125181,4.616131267461445,22,2.0,34.0
2022,Singapore Grand Prix,SAI,2,MEDIUM,-0.37592706766917333,7.958992481203011,20,5.0,24.0
2022,Singapore Grand Prix,STR,1,INTERMEDIATE,-0.23825344837061047,7.410840303346699,24,2.0,34.0
2022,Singapore Grand Prix,STR,2,MEDIUM,-0.3791887218045116,8.205886466165412,20,5.0,24.0
2022,Singapore Grand Prix,TSU,1,INTERMEDIATE,-0.19908896469069798,8.03028477920163,23,8.0,38.0
2022,Singapore Grand Prix,VER,1,INTERMEDIATE,-0.15095027613254366,5.267604610212907,23,2.0,34.0
2022,Singapore Grand Prix,VER,3,SOFT,-0.05622910216718292,2.180183350533202,18,2.0,19.0
2022,Singapore Grand Prix,VET,1,INTERMEDIATE,-0.19507941603271634,6.324084341057998,23,2.0,33.0
2022,Singapore Grand Prix,VET,2,MEDIUM,-0.34188872180451124,7.670075187969932,20,6.0,25.0
2022,Spanish Grand Prix,ALB,1,SOFT,0.08556666666666646,0.46515555555555393,9,2.0,10.0
2022,Spanish Grand Prix,ALB,2,MEDIUM,0.22865220293725008,0.008232977303064836,11,2.0,13.0
2022,Spanish Grand Prix,ALB,3,SOFT,0.1106459660297241,0.07381634819533456,16,2.0,19.0
2022,Spanish Grand Prix,ALB,4,MEDIUM,0.1615714285714292,-0.19828571428571956,7,2.0,8.0
2022,Spanish Grand Prix,ALB,5,SOFT,0.18809009009008953,-0.8037882882882885,8,5.0,13.0
2022,Spanish Grand Prix,ALO,1,SOFT,-0.08498809523809471,1.3775595238095146,8,2.0,9.0
2022,Spanish Grand Prix,ALO,2,MEDIUM,0.026611086175942378,0.4943074506283657,17,2.0,20.0
2022,Spanish Grand Prix,ALO,3,SOFT,-0.01061353383458612,0.9331556390977391,20,2.0,21.0
2022,Spanish Grand Prix,ALO,4,SOFT,0.17591818181818117,-0.9256272727272697,11,4.0,14.0
2022,Spanish Grand Prix,BOT,1,SOFT,0.045758741258741624,0.2052832167832152,12,5.0,16.0
2022,Spanish Grand Prix,BOT,2,MEDIUM,0.04311661506707946,0.020164430684559236,18,2.0,19.0
2022,Spanish Grand Prix,BOT,3,MEDIUM,0.07435362903225817,0.7301818548387109,31,2.0,32.0
2022,Spanish Grand Prix,GAS,1,SOFT,0.18810714285714245,-0.11196428571428449,8,2.0,9.0
2022,Spanish Grand Prix,GAS,2,MEDIUM,0.09268382352941171,0.055867647058828906,17,2.0,18.0
2022,Spanish Grand Prix,GAS,3,SOFT,0.12895000000000062,-0.7948666666666702,15,5.0,19.0
2022,Spanish Grand Prix,GAS,4,SOFT,0.11899690402476786,-0.5617915376676935,18,5.0,22.0
2022,Spanish Grand Prix,HAM,2,SOFT,0.11370350877192972,0.3026877192982441,18,4.0,22.0
2022,Spanish Grand Prix,HAM,3,MEDIUM,0.012924239960982013,0.7359600877906098,22,2.0,25.0
2022,Spanish Grand Prix,HAM,4,SOFT,0.4371593137254903,-2.845188725490198,17,5.0,21.0
2022,Spanish Grand Prix,LAT,1,SOFT,0.10021818181818126,0.19658181818182358,10,2.0,11.0
2022,Spanish Grand Prix,LAT,2,MEDIUM,0.15167832167832115,-0.13325407925408123,12,2.0,13.0
2022,Spanish Grand Prix,LAT,3,SOFT,0.03636645962732934,0.3771919819311112,22,2.0,23.0
2022,Spanish Grand Prix,LAT,4,SOFT,0.24084615384615424,-0.9564615384615354,13,5.0,17.0
2022,Spanish Grand Prix,LEC,1,SOFT,0.06960350877192971,0.25604561403509674,19,2.0,20.0
2022,Spanish Grand Prix,MAG,2,MEDIUM,0.12929059829059833,0.612786324786319,26,2.0,27.0
2022,Spanish Grand Prix,MAG,3,HARD,0.11610603514132921,-0.08690282658517497,34,2.0,35.0
2022,Spanish Grand Prix,MSC,1,SOFT,0.22599393939393977,-0.505648484848497,10,4.0,13.0
2022,Spanish Grand Prix,MSC,2,SOFT,0.07730294117647042,-0.05728676470588262,16,5.0,20.0
2022,Spanish Grand Prix,MSC,3,MEDIUM,0.0909434682964095,0.31675171886936027,34,2.0,35.0
2022,Spanish Grand Prix,NOR,1,SOFT,-0.009466666666666483,0.341533333333329,10,2.0,11.0
2022,Spanish Grand Prix,NOR,2,MEDIUM,-0.028387719298245618,0.9323701754385995,19,2.0,20.0
2022,Spanish Grand Prix,NOR,3,SOFT,0.05433970588235282,0.2840661764705906,16,5.0,20.0
2022,Spanish Grand Prix,NOR,4,SOFT,0.2525472527472528,-1.3615076923076925,14,5.0,18.0
2022,Spanish Grand Prix,OCO,1,SOFT,0.0320818181818179,0.4796090909090886,11,2.0,12.0
2022,Spanish Grand Prix,OCO,2,MEDIUM,0.06549849624060165,0.04711729323308753,20,2.0,21.0
2022,Spanish Grand Prix,OCO,3,SOFT,0.09533571428571412,-0.2952285714285729,15,5.0,19.0
2022,Spanish Grand Prix,OCO,4,SOFT,0.18077472527472482,-0.8973681318681282,13,5.0,17.0
2022,Spanish Grand Prix,PER,1,SOFT,0.12415000000000005,-0.3032666666666653,15,5.0,19.0
2022,Spanish Grand Prix,PER,2,MEDIUM,0.05860577915376691,0.26458376332989353,18,2.0,19.0
2022,Spanish Grand Prix,PER,3,MEDIUM,0.0823350785340314,-0.16019371727748732,13,2.0,15.0
2022,Spanish Grand Prix,PER,4,SOFT,0.09533916083916051,0.7186888111888109,12,5.0,16.0
2022,Spanish Grand Prix,RIC,1,SOFT,0.25535000000000063,-1.2005944444444507,9,5.0,13.0
2022,Spanish Grand Prix,RIC,2,SOFT,0.06257481940144459,0.22729549363604792,18,5.0,22.0
2022,Spanish Grand Prix,RIC,3,MEDIUM,0.06987857142857115,-0.06904047619047451,15,2.0,16.0
2022,Spanish Grand Prix,RIC,4,SOFT,0.1049588235294116,-0.326735294117643,16,5.0,20.0
2022,Spanish Grand Prix,RUS,1,SOFT,0.1672272727272723,-0.7610909090909067,11,5.0,15.0
2022,Spanish Grand Prix,RUS,2,MEDIUM,0.07539350649350661,0.12651601731601703,21,2.0,22.0
2022,Spanish Grand Prix,RUS,3,MEDIUM,0.05222527472527523,0.269120879120877,13,2.0,14.0
2022,Spanish Grand Prix,RUS,4,SOFT,0.33307252747252764,-1.190261538461532,14,4.0,17.0
2022,Spanish Grand Prix,SAI,1,SOFT,0.8405595238095245,-4.525880952380952,8,5.0,12.0
2022,Spanish Grand Prix,SAI,2,MEDIUM,0.039975438596491414,0.576796491228062,19,2.0,20.0
2022,Spanish Grand Prix,SAI,3,MEDIUM,0.1492762237762241,-0.436655011655008,12,2.0,13.0
2022,Spanish Grand Prix,SAI,4,SOFT,0.1182676691729324,-0.7369812030075173,20,5.0,24.0
2022,Spanish Grand Prix,STR,1,SOFT,0.001909090909091478,0.9292878787878774,12,5.0,16.0
2022,Spanish Grand Prix,STR,2,SOFT,0.17873636363636355,-0.8029090909090872,11,5.0,15.0
2022,Spanish Grand Prix,STR,3,MEDIUM,0.09478186274509814,0.022693627450972427,17,3.0,19.0
2022,Spanish Grand Prix,STR,4,SOFT,0.047912280701754094,0.7644210526315769,18,2.0,19.0
2022,Spanish Grand Prix,TSU,1,SOFT,0.09437837837837897,0.22732432432432573,8,2.0,10.0
2022,Spanish Grand Prix,TSU,2,MEDIUM,0.04624035087719306,0.33635614035087136,19,2.0,20.0
2022,Spanish Grand Prix,TSU,3,SOFT,-0.021711042311661537,0.8529879600963252,18,5.0,22.0
2022,Spanish Grand Prix,TSU,4,SOFT,0.07963636363636331,-0.33818181818181753,12,5.0,16.0
2022,Spanish Grand Prix,VER,1,SOFT,0.33264545454545463,-1.8773636363636403,11,5.0,15.0
2022,Spanish Grand Prix,VER,2,MEDIUM,0.07702177068214851,0.3227479438800194,12,2.0,14.0
2022,Spanish Grand Prix,VER,3,SOFT,0.0750021978021978,0.19533186813186834,14,5.0,18.0
2022,Spanish Grand Prix,VER,4,MEDIUM,0.07615974025974037,0.33341645021644595,21,2.0,22.0
2022,Spanish Grand Prix,VET,1,SOFT,0.027593220338982795,0.48696045197740023,18,5.0,23.0
2022,Spanish Grand Prix,VET,2,SOFT,0.00046929824561413997,0.6430307017543854,18,5.0,23.0
2022,Spanish Grand Prix,VET,3,MEDIUM,0.005843591191417313,0.8290660643704074,22,3.0,24.0
2022,Spanish Grand Prix,ZHO,1,SOFT,0.04701190476190437,0.5200595238095261,8,2.0,9.0
2022,Spanish Grand Prix,ZHO,2,MEDIUM,0.06847647058823496,0.7608485294117624,16,2.0,17.0
2022,United States Grand Prix,ALB,2,MEDIUM,0.2452142857142868,-0.2696428571428606,6,2.0,8.0
2022,United States Grand Prix,ALB,3,HARD,-0.01769516129032275,1.5901177419354837,31,8.0,38.0
2022,United States Grand Prix,ALO,1,HARD,-0.03478661844484627,0.9618137432188127,15,2.0,17.0
2022,United States Grand Prix,ALO,3,HARD,-0.06964758064516126,2.4950137096774156,31,4.0,34.0
2022,United States Grand Prix,BOT,1,MEDIUM,0.02039285714285669,0.9092142857142841,8,2.0,9.0
2022,United States Grand Prix,GAS,1,MEDIUM,0.008944862155388533,0.7510601503759426,8,2.0,10.0
2022,United States Grand Prix,GAS,2,HARD,-0.01712429378531096,1.065829378531082,10,3.0,20.0
2022,United States Grand Prix,GAS,3,HARD,0.01735855448898951,0.7296645962732832,22,4.0,25.0
2022,United States Grand Prix,HAM,1,MEDIUM,0.06847878787878749,0.1381878787878826,10,2.0,11.0
2022,United States Grand Prix,HAM,2,HARD,-0.07538180222352252,1.6321497952018662,12,2.0,21.0
2022,United States Grand Prix,HAM,3,HARD,0.05732594798779603,0.29419272119715534,19,2.0,22.0
2022,United States Grand Prix,LAT,2,MEDIUM,0.09476363636363636,0.2838363636363672,11,2.0,12.0
2022,United States Grand Prix,LAT,3,HARD,-0.029272983870967717,1.5848270161290328,31,8.0,38.0
2022,United States Grand Prix,LEC,1,MEDIUM,-0.05863970588235253,1.419764705882343,16,2.0,17.0
2022,United States Grand Prix,LEC,2,HARD,-0.07056666666666568,1.2414666666666554,9,8.0,16.0
2022,United States Grand Prix,LEC,3,MEDIUM,0.039909022556391234,0.4315962406015059,20,2.0,21.0
2022,United States Grand Prix,MAG,1,HARD,-0.058510294117647396,1.1802852941176456,16,2.0,17.0
2022,United States Grand Prix,MAG,2,MEDIUM,-0.00027986651835379807,0.821576863181309,30,9.0,38.0
2022,United States Grand Prix,MSC,1,HARD,-0.04430297892952311,1.285651005085984,14,2.0,17.0
2022,United States Grand Prix,MSC,2,MEDIUM,-0.09242857142857125,1.319571428571427,7,8.0,14.0
2022,United States Grand Prix,MSC,3,HARD,0.01683004002795593,0.5628660016519548,20,2.0,23.0
2022,United States Grand Prix,NOR,1,MEDIUM,-0.015185314685314673,0.9636398601398614,12,2.0,13.0
2022,United States Grand Prix,NOR,2,HARD,-0.04938095238095235,1.2487142857142863,10,2.0,19.0
2022,United States Grand Prix,NOR,3,HARD,-0.024226218487394913,1.004608067226887,20,2.0,22.0
2022,United States Grand Prix,OCO,1,HARD,-0.00923676470588198,0.9070617647058727,16,2.0,17.0
2022,United States Grand Prix,OCO,2,HARD,-0.060038596491228106,1.6303929824561434,19,8.0,26.0
2022,United States Grand Prix,OCO,3,MEDIUM,0.0849818181818186,-0.19358181818181575,10,2.0,11.0
2022,United States Grand Prix,PER,1,MEDIUM,0.07144968152866253,0.16101146496815288,11,2.0,13.0
2022,United States Grand Prix,PER,2,HARD,-0.015498042920772379,0.7493628019975759,14,2.0,23.0
2022,United States Grand Prix,PER,3,MEDIUM,0.05326444043321309,0.20597707581227268,15,2.0,18.0
2022,United States Grand Prix,RIC,1,MEDIUM,0.06459420289855042,0.4001449275362319,7,2.0,9.0
2022,United States Grand Prix,RIC,2,HARD,0.0007197249245219421,0.5465407581348508,14,2.0,24.0
2022,United States Grand Prix,RIC,3,HARD,0.0007466165413535213,0.5786639097744339,20,2.0,21.0
2022,United States Grand Prix,RUS,1,MEDIUM,0.030463636363636224,0.21239090909091404,11,2.0,12.0
2022,United States Grand Prix,RUS,2,HARD,-0.04627435387673956,1.2778704440026465,12,2.0,21.0
2022,United States Grand Prix,RUS,3,HARD,0.029433823529411846,0.37894117647059133,16,2.0,17.0
2022,United States Grand Prix,STR,1,MEDIUM,0.10439560439560433,0.021593406593409203,13,3.0,15.0
2022,United States Grand Prix,TSU,1,MEDIUM,0.034369047619047084,0.2180952380952401,8,2.0,9.0
2022,United States Grand Prix,TSU,2,MEDIUM,-0.00539097838310647,0.47830013744846056,12,2.0,22.0
2022,United States Grand Prix,TSU,3,HARD,0.03814285714285677,0.18189610389610505,22,2.0,23.0
2022,United States Grand Prix,VER,1,MEDIUM,0.07414545454545443,0.2857090909090933,11,2.0,12.0
2022,United States Grand Prix,VER,2,HARD,-0.055924453280318295,1.3078134526176288,12,2.0,21.0
2022,United States Grand Prix,VER,3,MEDIUM,0.03268722352328915,0.3019371151010525,18,2.0,21.0
2022,United States Grand Prix,VET,1,MEDIUM,0.013864705882352812,0.7635455882352871,16,3.0,18.0
2022,United States Grand Prix,VET,2,MEDIUM,-0.08081071428571432,2.088504761904765,15,9.0,23.0
2022,United States Grand Prix,VET,3,HARD,0.03320879120879138,0.2295164835164794,14,3.0,16.0
2022,United States Grand Prix,ZHO,1,MEDIUM,-0.025999999999999905,0.5014285714285744,7,2.0,8.0
2022,United States Grand Prix,ZHO,2,HARD,-0.004607142857141997,0.3744642857142827,7,2.0,8.0
2022,United States Grand Prix,ZHO,3,HARD,-0.02916100691631875,1.7596674870708413,28,3.0,33.0
2023,Abu Dhabi Grand Prix,ALB,1,MEDIUM,0.027189349112426254,0.0058520710059177215,12,4.0,16.0
2023,Abu Dhabi Grand Prix,ALB,2,HARD,-0.010811358140784436,0.5841227498656663,23,2.0,26.0
2023,Abu Dhabi Grand Prix,ALB,3,HARD,0.019525274725274773,0.6584637362637357,14,2.0,15.0
2023,Abu Dhabi Grand Prix,ALO,1,MEDIUM,0.00845454545454652,0.3031454545454494,10,2.0,11.0
2023,Abu Dhabi Grand Prix,ALO,2,HARD,-0.01946836410678556,0.6752761966364746,21,3.0,24.0
2023,Abu Dhabi Grand Prix,ALO,3,HARD,0.004787012987012856,0.49134025974026263,21,3.0,23.0
2023,Abu Dhabi Grand Prix,BOT,1,HARD,0.04338461538461549,0.18363817663817436,27,2.0,28.0
2023,Abu Dhabi Grand Prix,BOT,2,MEDIUM,0.017188644688644582,0.42479995929996167,27,2.0,28.0
2023,Abu Dhabi Grand Prix,GAS,1,MEDIUM,0.08357857142857136,-0.15120714285713774,15,2.0,16.0
2023,Abu Dhabi Grand Prix,GAS,2,HARD,0.005945054945054654,0.42505494505494795,13,2.0,14.0
2023,Abu Dhabi Grand Prix,GAS,3,HARD,-0.00711096578784337,0.6731138569560067,23,2.0,26.0
2023,Abu Dhabi Grand Prix,HAM,1,MEDIUM,0.0308426573426572,0.3614300699300696,12,2.0,13.0
2023,Abu Dhabi Grand Prix,HAM,2,HARD,-0.02226522187822486,0.8081737186102449,18,2.0,19.0
2023,Abu Dhabi Grand Prix,HAM,3,HARD,-0.004636928289102184,0.7804161490683239,22,2.0,23.0
2023,Abu Dhabi Grand Prix,HUL,1,MEDIUM,-0.03146753246753287,0.6827857142857173,10,2.0,12.0
2023,Abu Dhabi Grand Prix,HUL,2,HARD,0.047490196078431524,0.2866862745098049,18,2.0,19.0
2023,Abu Dhabi Grand Prix,HUL,3,HARD,-0.009756956521739168,0.7322605797101466,24,2.0,25.0
2023,Abu Dhabi Grand Prix,LEC,1,MEDIUM,-0.005971574903969691,0.31267477592829584,14,2.0,16.0
2023,Abu Dhabi Grand Prix,LEC,2,HARD,-0.023080648648648446,0.6699574054054076,14,2.0,17.0
2023,Abu Dhabi Grand Prix,LEC,3,HARD,0.036452286843591315,0.0048464144551107835,22,2.0,23.0
2023,Abu Dhabi Grand Prix,MAG,2,HARD,0.13882857142857166,-0.2873238095238098,15,2.0,16.0
2023,Abu Dhabi Grand Prix,MAG,3,HARD,-0.0017647058823529972,0.6821176470588262,34,2.0,35.0
2023,Abu Dhabi Grand Prix,NOR,1,MEDIUM,0.037133893919792625,0.3375595084087987,11,2.0,13.0
2023,Abu Dhabi Grand Prix,NOR,2,HARD,-0.03149692712906045,0.7636268656716335,16,2.0,18.0
2023,Abu Dhabi Grand Prix,NOR,3,HARD,-0.03326743306610201,1.134648010890938,23,2.0,25.0
2023,Abu Dhabi Grand Prix,OCO,1,MEDIUM,0.04075824175824175,0.2261648351648423,13,2.0,14.0
2023,Abu Dhabi Grand Prix,OCO,2,HARD,-0.0008553601815087442,0.47153131836965984,42,2.0,43.0
2023,Abu Dhabi Grand Prix,PER,1,MEDIUM,0.031753571428571326,0.32515119047619545,15,2.0,16.0
2023,Abu Dhabi Grand Prix,PER,2,HARD,-0.024246188594014575,0.7218046301524486,22,2.0,23.0
2023,Abu Dhabi Grand Prix,PER,3,HARD,0.015053571428571368,0.3317845238095283,15,2.0,16.0
2023,Abu Dhabi Grand Prix,PIA,1,MEDIUM,0.06930909090909072,0.22238181818182334,11,2.0,12.0
2023,Abu Dhabi Grand Prix,PIA,2,HARD,-0.01572959268495418,0.7186455527847,19,3.0,22.0
2023,Abu Dhabi Grand Prix,PIA,3,HARD,0.006541558441558318,0.47326320346320033,21,2.0,22.0
2023,Abu Dhabi Grand Prix,RIC,2,HARD,0.04736984754376051,0.21305872388481578,22,2.0,23.0
2023,Abu Dhabi Grand Prix,RIC,3,HARD,-0.059740854700854766,1.5819347008547033,26,2.0,27.0
2023,Abu Dhabi Grand Prix,RUS,1,MEDIUM,-0.009783216783216524,0.37487412587412466,12,2.0,13.0
2023,Abu Dhabi Grand Prix,RUS,2,HARD,-0.021467492260062206,0.5824086687306501,18,2.0,19.0
2023,Abu Dhabi Grand Prix,RUS,3,HARD,-0.008395562284146382,0.5671528126034937,22,2.0,24.0
2023,Abu Dhabi Grand Prix,SAI,1,HARD,0.015696940726577156,0.25787762906309547,20,2.0,22.0
2023,Abu Dhabi Grand Prix,SAI,2,HARD,0.002681346423562355,0.41985666199158855,30,2.0,32.0
2023,Abu Dhabi Grand Prix,SAR,1,MEDIUM,0.033316946959896315,0.22439586028461167,11,4.0,15.0
2023,Abu Dhabi Grand Prix,SAR,2,HARD,0.043483478260869596,-0.03377695652174504,24,2.0,25.0
2023,Abu Dhabi Grand Prix,SAR,3,HARD,0.027119117647059255,0.20243088235294,16,2.0,17.0
2023,Abu Dhabi Grand Prix,STR,1,HARD,-0.011442925659472167,0.7834256594724188,19,3.0,22.0
2023,Abu Dhabi Grand Prix,STR,2,HARD,0.03108381924198274,0.8178571428571432,17,3.0,20.0
2023,Abu Dhabi Grand Prix,STR,3,MEDIUM,0.11588214285714307,-0.1640726190476161,15,2.0,16.0
2023,Abu Dhabi Grand Prix,TSU,1,MEDIUM,0.018937549721559022,0.21108035003977224,17,2.0,21.0
2023,Abu Dhabi Grand Prix,TSU,2,HARD,-0.0043630252100841,0.7012689075630256,35,2.0,36.0
2023,Abu Dhabi Grand Prix,VER,1,MEDIUM,-0.007927472527472033,0.3457406593406605,14,2.0,15.0
2023,Abu Dhabi Grand Prix,VER,2,HARD,-0.027252643869891652,0.7494023686405301,24,2.0,26.0
2023,Abu Dhabi Grand Prix,VER,3,HARD,0.034382417582417994,0.5607494505494541,14,2.0,15.0
2023,Abu Dhabi Grand Prix,ZHO,1,MEDIUM,-0.024448484848484133,0.5731151515151436,10,2.0,11.0
2023,Abu Dhabi Grand Prix,ZHO,2,HARD,-0.005616036137775284,0.59074590626765,22,2.0,23.0
2023,Abu Dhabi Grand Prix,ZHO,3,MEDIUM,0.08556015037594003,-0.07869172932330604,20,2.0,21.0
2023,Australian Grand Prix,ALO,2,HARD,-0.08916611267516088,3.823339812855666,42,2.0,45.0
2023,Australian Grand Prix,BOT,3,HARD,-0.0925791337911364,4.284044217265269,41,9.0,51.0
2023,Australian Grand Prix,DEV,2,MEDIUM,-0.05632648843315354,2.1070987439682156,33,2.0,36.0
2023,Australian Grand Prix,DEV,3,SOFT,-0.12759999999999935,0.8125333333333223,6,2.0,7.0
2023,Australian Grand Prix,GAS,2,HARD,-0.0816262517794255,3.2893426917275663,42,2.0,45.0
2023,Australian Grand Prix,HAM,2,HARD,-0.0736207819927446,3.2107222096259704,41,3.0,45.0
2023,Australian Grand Prix,HUL,2,HARD,-0.06266367358184644,3.0262928890097767,42,2.0,45.0
2023,Australian Grand Prix,MAG,3,HARD,-0.08679763141169736,3.7118734169366467,41,3.0,45.0
2023,Australian Grand Prix,NOR,2,HARD,-0.08106909292574634,3.3198093127090695,42,2.0,45.0
2023,Australian Grand Prix,OCO,3,HARD,-0.10243718230853734,4.638961839934716,42,9.0,52.0
2023,Australian Grand Prix,PER,4,HARD,-0.11329503668353952,4.92974437383653,42,3.0,46.0
2023,Australian Grand Prix,PIA,2,HARD,-0.09488211461089312,3.9150376690675,42,2.0,45.0
2023,Australian Grand Prix,RUS,3,HARD,0.3131309523809529,0.7882738095237986,8,3.0,10.0
2023,Australian Grand Prix,SAI,3,HARD,-0.08566961854064152,3.8563201800089733,42,3.0,46.0
2023,Australian Grand Prix,SAR,4,MEDIUM,-0.08491032227930898,2.2716697804764214,24,2.0,27.0
2023,Australian Grand Prix,SAR,5,HARD,-0.002267857142857277,1.3340857142857132,15,9.0,23.0
2023,Australian Grand Prix,STR,2,HARD,-0.08673877858119307,3.508151969113061,42,2.0,45.0
2023,Australian Grand Prix,TSU,2,HARD,-0.07690707786269015,3.479732960270341,41,2.0,44.0
2023,Australian Grand Prix,VER,2,HARD,-0.07396784943981777,3.2765776915703064,41,2.0,45.0
2023,Australian Grand Prix,ZHO,3,HARD,-0.0838237858659764,4.059484177117079,41,9.0,51.0
2023,Austrian Grand Prix,ALB,2,MEDIUM,-0.04277575757575757,0.8995939393939479,10,4.0,13.0
2023,Austrian Grand Prix,ALB,3,HARD,-0.025052505490117796,0.6829103613495697,18,2.0,26.0
2023,Austrian Grand Prix,ALB,4,HARD,0.023211822660098552,0.08671428571428241,29,2.0,30.0
2023,Austrian Grand Prix,ALO,2,HARD,-0.03844047619047717,0.5625595238095287,8,6.0,13.0
2023,Austrian Grand Prix,ALO,3,MEDIUM,0.020329059829059765,0.13165669515669057,27,2.0,28.0
2023,Austrian Grand Prix,ALO,4,MEDIUM,0.004013675213675222,0.3025709401709361,26,2.0,27.0
2023,Austrian Grand Prix,BOT,2,HARD,0.02735814279048063,0.31829584694353175,13,4.0,20.0
2023,Austrian Grand Prix,BOT,3,MEDIUM,0.08466666666666661,-0.1519607843137292,17,2.0,18.0
2023,Austrian Grand Prix,BOT,4,HARD,0.02897241379310344,0.3086137931034504,29,2.0,30.0
2023,Austrian Grand Prix,DEV,2,MEDIUM,-0.1461024590163945,1.5972336065573822,7,4.0,11.0
2023,Austrian Grand Prix,DEV,3,HARD,0.03328571428571448,0.07502857142857397,20,4.0,24.0
2023,Austrian Grand Prix,DEV,4,MEDIUM,0.03649211876832845,0.11173167155424873,32,2.0,33.0
2023,Austrian Grand Prix,GAS,2,MEDIUM,-0.126638888888889,1.6843750000000062,8,4.0,13.0
2023,Austrian Grand Prix,GAS,3,HARD,0.040991903092126095,0.19918603761555226,21,3.0,29.0
2023,Austrian Grand Prix,GAS,4,MEDIUM,0.05363931623931618,-0.12173162393162927,26,2.0,27.0
2023,Austrian Grand Prix,HAM,3,HARD,0.03003813504823146,0.4821394855305428,24,3.0,27.0
2023,Austrian Grand Prix,HAM,4,MEDIUM,0.02002681992337157,0.2765842911877427,28,2.0,29.0
2023,Austrian Grand Prix,LEC,2,MEDIUM,0.042485294117647635,-0.21611764705883418,8,4.0,13.0
2023,Austrian Grand Prix,LEC,3,MEDIUM,0.04924951664876478,0.07933555316862993,29,2.0,31.0
2023,Austrian Grand Prix,LEC,4,HARD,0.01372233201581021,0.16908794466403734,23,2.0,24.0
2023,Austrian Grand Prix,MAG,3,HARD,0.0048515306415484755,0.8556504508644006,26,2.0,31.0
2023,Austrian Grand Prix,MAG,4,HARD,0.05496975113845174,-0.1461115882399963,31,3.0,37.0
2023,Austrian Grand Prix,NOR,2,MEDIUM,-0.01176969696969762,0.4494424242424298,10,4.0,13.0
2023,Austrian Grand Prix,NOR,3,HARD,0.027935624184428087,0.18911526750761215,22,3.0,26.0
2023,Austrian Grand Prix,NOR,4,HARD,0.03638182559087202,0.28028810105949203,27,2.0,30.0
2023,Austrian Grand Prix,OCO,2,MEDIUM,-0.07736969696969666,1.2484424242424281,10,4.0,13.0
2023,Austrian Grand Prix,OCO,3,HARD,0.0018510638297871054,0.35979331306990936,21,2.0,25.0
2023,Austrian Grand Prix,OCO,4,HARD,0.0010810339126281576,0.4807925377521424,27,2.0,30.0
2023,Austrian Grand Prix,PER,2,MEDIUM,-0.05931037009893743,1.6649336753389505,15,4.0,24.0
2023,Austrian Grand Prix,PER,3,MEDIUM,-0.010732213438735169,0.41691007905138866,23,2.0,24.0
2023,Austrian Grand Prix,PER,4,HARD,0.0330735550277115,0.6483627078384796,19,2.0,21.0
2023,Austrian Grand Prix,PIA,2,MEDIUM,-0.08896129032258043,1.335019354838711,9,4.0,13.0
2023,Austrian Grand Prix,PIA,3,HARD,0.1446285714285717,0.324504761904766,6,2.0,7.0
2023,Austrian Grand Prix,PIA,4,HARD,0.05977696078431367,0.04375980392156687,17,2.0,18.0
2023,Austrian Grand Prix,PIA,5,MEDIUM,0.04412315270935961,0.15209113300492977,28,2.0,29.0
2023,Austrian Grand Prix,RUS,2,MEDIUM,-0.056557575757575786,0.9041393939393997,10,4.0,13.0
2023,Austrian Grand Prix,RUS,3,HARD,-0.00791615384615397,0.5251061538461618,25,2.0,26.0
2023,Austrian Grand Prix,RUS,4,MEDIUM,0.013872413793103371,0.21028275862068865,29,2.0,30.0
2023,Austrian Grand Prix,SAI,3,MEDIUM,0.03416361416361426,0.2515303215303216,27,3.0,29.0
2023,Austrian Grand Prix,SAI,4,HARD,0.027963846153846263,0.18550615384615746,25,2.0,26.0
2023,Austrian Grand Prix,SAR,2,MEDIUM,-0.05393333333333348,1.1461333333333361,10,4.0,13.0
2023,Austrian Grand Prix,SAR,3,HARD,0.004783882783882688,0.39035286935286667,27,2.0,28.0
2023,Austrian Grand Prix,SAR,4,HARD,0.016615215293691976,0.43012290435411443,23,2.0,27.0
2023,Austrian Grand Prix,STR,2,MEDIUM,-0.08653130287647999,1.1168324873096396,8,4.0,13.0
2023,Austrian Grand Prix,STR,3,HARD,-0.02575397667020141,0.7719225874867407,17,2.0,20.0
2023,Austrian Grand Prix,STR,4,HARD,0.010117647058823441,0.1102573529411697,16,2.0,17.0
2023,Austrian Grand Prix,STR,5,MEDIUM,0.03641323529411825,0.11001176470588209,16,2.0,17.0
2023,Austrian Grand Prix,TSU,3,HARD,0.0620987903225806,-0.11850403225806737,10,3.0,20.0
2023,Austrian Grand Prix,TSU,4,HARD,0.08669556243550047,-0.1284145166838649,18,2.0,19.0
2023,Austrian Grand Prix,TSU,5,MEDIUM,0.03591527436180112,0.6064460181494362,21,2.0,27.0
2023,Austrian Grand Prix,VER,2,MEDIUM,0.014638829022988313,0.16442726293103446,17,4.0,23.0
2023,Austrian Grand Prix,VER,3,HARD,0.013743083003952295,0.3615573122529646,23,2.0,24.0
2023,Austrian Grand Prix,VER,4,MEDIUM,0.04776612903225765,-0.11053225806451969,16,2.0,19.0
2023,Austrian Grand Prix,ZHO,3,HARD,0.04303992736246605,0.208161176169305,26,2.0,29.0
2023,Austrian Grand Prix,ZHO,4,HARD,0.030870564516129052,0.20200685483870806,31,2.0,32.0
2023,Azerbaijan Grand Prix,ALB,2,HARD,-0.062112763308500164,3.194320337757789,39,2.0,44.0
2023,Azerbaijan Grand Prix,ALO,1,MEDIUM,-0.01820000000000001,0.9679777777777795,9,2.0,10.0
2023,Azerbaijan Grand Prix,ALO,2,HARD,-0.08117430791115007,3.3725107779844627,38,3.0,40.0
2023,Azerbaijan Grand Prix,BOT,3,HARD,-0.08746917293233072,1.8831954887217992,20,2.0,21.0
2023,Azerbaijan Grand Prix,BOT,4,MEDIUM,-0.011910714285713676,0.7426630952380865,15,2.0,16.0
2023,Azerbaijan Grand Prix,DEV,1,HARD,-0.08221428571428585,0.9944285714285643,8,2.0,9.0
2023,Azerbaijan Grand Prix,GAS,2,HARD,-0.05122996515679393,1.4482479674796764,12,2.0,17.0
2023,Azerbaijan Grand Prix,GAS,3,HARD,-0.03586630036630046,1.5051796906796862,27,2.0,28.0
2023,Azerbaijan Grand Prix,HAM,1,MEDIUM,-0.004428571428572297,0.2742857142857167,7,2.0,8.0
2023,Azerbaijan Grand Prix,HAM,2,HARD,-0.060688040266987583,2.554011051537362,38,5.0,42.0
2023,Azerbaijan Grand Prix,HUL,1,HARD,-0.0445841410135572,2.442453376844333,43,2.0,48.0
2023,Azerbaijan Grand Prix,LEC,1,MEDIUM,-0.09659999999999966,1.202933333333325,9,2.0,10.0
2023,Azerbaijan Grand Prix,LEC,2,HARD,-0.06544359339096174,2.710905678958302,38,3.0,40.0
2023,Azerbaijan Grand Prix,MAG,1,MEDIUM,-0.08322619047619205,0.8736190476190523,8,2.0,9.0
2023,Azerbaijan Grand Prix,MAG,2,HARD,-0.06546055367107993,3.1739150891782515,38,4.0,41.0
2023,Azerbaijan Grand Prix,NOR,1,MEDIUM,-0.027892857142857403,0.3178928571428598,7,2.0,8.0
2023,Azerbaijan Grand Prix,NOR,2,HARD,-0.06826425210635736,3.238709924499399,38,5.0,42.0
2023,Azerbaijan Grand Prix,OCO,1,HARD,-0.06754542881712006,3.613375344240166,44,2.0,49.0
2023,Azerbaijan Grand Prix,PER,1,MEDIUM,-0.14664999999999964,1.5997888888888918,9,2.0,10.0
2023,Azerbaijan Grand Prix,PER,2,HARD,-0.028659371922529847,1.338281759492287,38,3.0,40.0
2023,Azerbaijan Grand Prix,PIA,1,MEDIUM,-0.07799999999999926,0.8639999999999951,6,2.0,7.0
2023,Azerbaijan Grand Prix,PIA,2,HARD,-0.06605460115986432,3.505311412627203,38,6.0,43.0
2023,Azerbaijan Grand Prix,RUS,1,MEDIUM,-0.09223333333333268,1.0487333333333233,9,2.0,10.0
2023,Azerbaijan Grand Prix,RUS,2,HARD,-0.07272436974789917,2.493430252100834,35,3.0,37.0
2023,Azerbaijan Grand Prix,SAI,1,MEDIUM,-0.05086666666666629,0.7314222222222183,9,2.0,10.0
2023,Azerbaijan Grand Prix,SAI,2,HARD,-0.05989309552467441,2.6063068169383965,38,3.0,40.0
2023,Azerbaijan Grand Prix,SAR,1,MEDIUM,-0.042685714285715846,0.6730857142857254,6,2.0,7.0
2023,Azerbaijan Grand Prix,SAR,2,HARD,-0.07581146733778299,3.1972493708283105,38,6.0,43.0
2023,Azerbaijan Grand Prix,STR,1,MEDIUM,-0.011833333333333668,0.3893333333333427,9,2.0,10.0
2023,Azerbaijan Grand Prix,STR,2,HARD,-0.052552724088167524,2.274500166516601,37,6.0,43.0
2023,Azerbaijan Grand Prix,TSU,1,MEDIUM,-0.15388571428571332,1.0101523809523825,6,2.0,7.0
2023,Azerbaijan Grand Prix,TSU,2,HARD,-0.06218251449830385,3.2500505525768615,38,6.0,43.0
2023,Azerbaijan Grand Prix,VER,1,MEDIUM,-0.12302380952380908,1.1143809523809494,8,2.0,9.0
2023,Azerbaijan Grand Prix,VER,2,HARD,-0.03720614946930733,1.962901520954154,38,4.0,41.0
2023,Azerbaijan Grand Prix,ZHO,1,MEDIUM,-0.06635714285714356,0.6112142857142877,8,2.0,9.0
2023,Azerbaijan Grand Prix,ZHO,2,HARD,-0.12039130434782618,2.4962371541502026,22,3.0,24.0
2023,Bahrain Grand Prix,ALB,1,SOFT,0.12646666666666637,0.07308888888889459,9,2.0,10.0
2023,Bahrain Grand Prix,ALB,2,SOFT,0.10446703296703293,-0.0039670329670266685,13,2.0,14.0
2023,Bahrain Grand Prix,ALB,3,HARD,0.04287062937062958,0.21905361305360976,12,2.0,13.0
2023,Bahrain Grand Prix,ALB,4,SOFT,0.055905882352941354,-0.016355882352947826,16,2.0,17.0
2023,Bahrain Grand Prix,ALO,1,SOFT,0.1345314685314685,-0.48224708624707924,12,5.0,16.0
2023,Bahrain Grand Prix,ALO,2,HARD,0.0016150670794633172,0.5752084623322982,18,2.0,19.0
2023,Bahrain Grand Prix,ALO,3,HARD,0.021970217512548903,0.6410943669827038,21,2.0,23.0
2023,Bahrain Grand Prix,BOT,1,SOFT,0.09911677282377931,0.24718895966029245,8,2.0,10.0
2023,Bahrain Grand Prix,BOT,2,HARD,0.0534897058823533,0.7347852941176423,16,2.0,17.0
2023,Bahrain Grand Prix,BOT,3,HARD,0.012619103188002644,0.22834010328731433,25,2.0,28.0
2023,Bahrain Grand Prix,DEV,1,SOFT,0.09558333333333265,0.16083333333333197,9,2.0,10.0
2023,Bahrain Grand Prix,DEV,2,HARD,0.11023290453622218,-0.40583480027081426,13,2.0,15.0
2023,Bahrain Grand Prix,DEV,3,HARD,0.07140657070202522,0.09383507401689209,25,2.0,29.0
2023,Bahrain Grand Prix,GAS,1,SOFT,0.12153571428571404,-0.15853571428571392,7,2.0,8.0
2023,Bahrain Grand Prix,GAS,2,HARD,0.04772087912087917,-0.03998461538461795,14,2.0,15.0
2023,Bahrain Grand Prix,GAS,3,HARD,0.01422527472527483,0.22527472527472026,13,2.0,14.0
2023,Bahrain Grand Prix,GAS,4,SOFT,0.17448236600944184,-0.1312102193835013,14,2.0,17.0
2023,Bahrain Grand Prix,HAM,1,SOFT,0.1829030303030304,-1.0972787878787884,10,5.0,14.0
2023,Bahrain Grand Prix,HAM,2,HARD,-0.01930441176470599,0.383579411764706,16,2.0,17.0
2023,Bahrain Grand Prix,HAM,3,HARD,0.0332789646672141,0.6602699260476573,24,2.0,27.0
2023,Bahrain Grand Prix,HUL,1,SOFT,0.16928333333333279,-0.8435499999999921,9,5.0,13.0
2023,Bahrain Grand Prix,HUL,2,HARD,0.08958911819887458,0.047718574108820626,12,2.0,14.0
2023,Bahrain Grand Prix,HUL,3,HARD,0.10242727272727327,0.11891818181818353,11,2.0,12.0
2023,Bahrain Grand Prix,HUL,4,SOFT,0.09468025078369881,-0.058126175548588614,12,5.0,18.0
2023,Bahrain Grand Prix,LEC,1,SOFT,0.06691643709825532,-0.15752341597796282,10,2.0,12.0
2023,Bahrain Grand Prix,LEC,2,HARD,0.059297213622290505,0.07199036807706048,18,2.0,19.0
2023,Bahrain Grand Prix,MAG,1,HARD,0.02770879120879148,0.49225274725274903,13,2.0,14.0
2023,Bahrain Grand Prix,MAG,2,HARD,0.10810000000000003,-0.046427272727274295,11,2.0,12.0
2023,Bahrain Grand Prix,MAG,3,SOFT,0.06634999999999998,0.3897888888888961,9,2.0,10.0
2023,Bahrain Grand Prix,MAG,4,SOFT,0.16716071428571408,-0.17651309523809747,15,2.0,16.0
2023,Bahrain Grand Prix,NOR,1,SOFT,-0.03460245901639399,0.7045286885245859,7,2.0,9.0
2023,Bahrain Grand Prix,NOR,3,SOFT,0.05247619047619099,0.011702380952381086,8,5.0,12.0
2023,Bahrain Grand Prix,NOR,4,MEDIUM,0.23539285714285604,-0.5537857142857121,8,2.0,9.0
2023,Bahrain Grand Prix,NOR,5,HARD,-0.03393852459016301,0.7747827868852338,7,2.0,9.0
2023,Bahrain Grand Prix,OCO,1,SOFT,0.1189575757575756,-0.24109696969697397,10,5.0,14.0
2023,Bahrain Grand Prix,OCO,3,HARD,0.11040357142857167,-0.6387095238095284,15,5.0,19.0
2023,Bahrain Grand Prix,OCO,4,HARD,0.1245714285714277,-0.15723809523809107,6,2.0,7.0
2023,Bahrain Grand Prix,PER,1,SOFT,0.013917857142857426,0.3253857142857134,15,5.0,19.0
2023,Bahrain Grand Prix,PER,2,SOFT,0.0264535714285714,0.09234404761905086,15,4.0,18.0
2023,Bahrain Grand Prix,PER,3,HARD,0.022128915662650853,0.2744240963855451,20,2.0,23.0
2023,Bahrain Grand Prix,PIA,1,SOFT,0.07636363636363692,-0.10736363636364067,11,2.0,12.0
2023,Bahrain Grand Prix,RUS,1,SOFT,0.19954545454545386,-1.0429090909090886,11,5.0,15.0
2023,Bahrain Grand Prix,RUS,2,HARD,0.041973529411764604,0.5898764705882424,16,2.0,17.0
2023,Bahrain Grand Prix,RUS,3,HARD,0.013132402398011193,0.1864377833016518,22,2.0,26.0
2023,Bahrain Grand Prix,SAI,1,SOFT,0.16984545454545424,-1.020909090909094,11,5.0,15.0
2023,Bahrain Grand Prix,SAI,2,HARD,0.027964705882352763,0.10721029411764924,16,2.0,17.0
2023,Bahrain Grand Prix,SAI,3,HARD,0.020934155844155793,0.2888077922077972,24,2.0,26.0
2023,Bahrain Grand Prix,SAR,1,SOFT,0.09934545454545382,-0.14614545454545438,10,2.0,11.0
2023,Bahrain Grand Prix,SAR,2,SOFT,0.06758970588235326,0.37933529411764677,16,2.0,17.0
2023,Bahrain Grand Prix,SAR,3,HARD,0.03269047619047699,0.07470238095237683,8,2.0,9.0
2023,Bahrain Grand Prix,SAR,4,SOFT,0.1264821428571431,0.3863940476190419,15,2.0,16.0
2023,Bahrain Grand Prix,STR,1,SOFT,0.10859890109890102,-0.2425879120879171,13,5.0,17.0
2023,Bahrain Grand Prix,STR,2,HARD,0.07125274725274701,0.32459340659340286,13,2.0,14.0
2023,Bahrain Grand Prix,STR,3,HARD,0.03033640822045753,0.5093016113965408,24,2.0,27.0
2023,Bahrain Grand Prix,TSU,1,SOFT,0.08317857142857188,0.3243928571428528,8,2.0,9.0
2023,Bahrain Grand Prix,TSU,2,HARD,0.06172747252747205,0.0488879120879123,14,2.0,15.0
2023,Bahrain Grand Prix,TSU,3,HARD,0.036678321678321704,-0.0037540792540771903,12,2.0,13.0
2023,Bahrain Grand Prix,TSU,4,SOFT,0.08859852941176438,-0.26404411764705576,16,5.0,20.0
2023,Bahrain Grand Prix,VER,1,SOFT,0.059723776223776066,-0.4048496503496524,12,5.0,16.0
2023,Bahrain Grand Prix,VER,2,SOFT,0.0007383458646616811,0.24130902255639103,20,2.0,21.0
2023,Bahrain Grand Prix,VER,3,HARD,0.012668377530653217,0.4143125178214932,18,2.0,21.0
2023,Bahrain Grand Prix,ZHO,1,SOFT,0.13150303030303054,-0.22396969696970356,10,2.0,11.0
2023,Bahrain Grand Prix,ZHO,2,HARD,0.027331269349845425,0.12924389404885003,18,2.0,19.0
2023,Bahrain Grand Prix,ZHO,3,SOFT,0.07066356348590634,0.389712697181271,18,5.0,24.0
2023,Belgian Grand Prix,ALB,2,MEDIUM,0.2939274725274725,0.11011648351648293,14,2.0,15.0
2023,Belgian Grand Prix,ALB,3,MEDIUM,0.3601780821917797,-0.8938493150684887,7,2.0,9.0
2023,Belgian Grand Prix,ALB,4,SOFT,0.1654181818181821,0.7379818181818206,10,2.0,11.0
2023,Belgian Grand Prix,ALO,1,MEDIUM,-0.13073809523809526,1.0813095238095272,8,2.0,9.0
2023,Belgian Grand Prix,ALO,2,MEDIUM,0.05227450980392166,0.9134901960784315,17,2.0,18.0
2023,Belgian Grand Prix,ALO,3,SOFT,-0.044221978021977915,0.9295296703296653,14,2.0,15.0
2023,Belgian Grand Prix,BOT,2,MEDIUM,0.19716470588235305,-0.23893970588235092,16,2.0,17.0
2023,Belgian Grand Prix,BOT,3,MEDIUM,0.05758771929824571,0.9677456140350859,19,2.0,20.0
2023,Belgian Grand Prix,GAS,1,SOFT,0.07274545454545464,0.6780545454545386,21,2.0,22.0
2023,Belgian Grand Prix,GAS,2,MEDIUM,0.029469924812030264,1.0200458646616501,20,2.0,21.0
2023,Belgian Grand Prix,HAM,1,SOFT,0.13387878787878776,-0.11001212121211566,10,2.0,11.0
2023,Belgian Grand Prix,HAM,2,MEDIUM,0.0819945054945057,0.9558901098901142,13,2.0,14.0
2023,Belgian Grand Prix,HAM,3,SOFT,0.09727204502814263,0.189535647279549,12,2.0,14.0
2023,Belgian Grand Prix,HUL,1,MEDIUM,-0.08603225806451605,1.477419354838709,9,2.0,11.0
2023,Belgian Grand Prix,HUL,2,SOFT,0.16562424242424265,0.9306424242424236,10,2.0,11.0
2023,Belgian Grand Prix,HUL,3,SOFT,0.26291754385964916,0.41580175438596684,19,2.0,20.0
2023,Belgian Grand Prix,LEC,1,SOFT,0.11302727272727241,-0.15682727272727243,11,2.0,12.0
2023,Belgian Grand Prix,LEC,2,MEDIUM,-0.015071428571428172,1.4949560439560385,13,2.0,14.0
2023,Belgian Grand Prix,LEC,3,SOFT,0.13521428571428537,-0.15119523809524285,15,2.0,16.0
2023,Belgian Grand Prix,MAG,2,MEDIUM,0.1739938080495352,1.049620571035428,18,2.0,19.0
2023,Belgian Grand Prix,MAG,3,MEDIUM,0.16283281733746158,0.2669776401788787,18,2.0,19.0
2023,Belgian Grand Prix,NOR,2,HARD,0.26512727272727304,-0.5989272727272746,10,2.0,11.0
2023,Belgian Grand Prix,NOR,3,SOFT,-0.0012238594738595353,0.7331656676656666,25,2.0,27.0
2023,Belgian Grand Prix,OCO,2,MEDIUM,0.2249583333333331,-0.18858333333333313,17,2.0,18.0
2023,Belgian Grand Prix,OCO,3,SOFT,0.026685242518059923,1.0093605091159328,18,2.0,19.0
2023,Belgian Grand Prix,PER,1,SOFT,0.06160000000000022,-0.1005636363636431,11,2.0,12.0
2023,Belgian Grand Prix,PER,2,MEDIUM,-0.020215639810426313,1.4438246445497636,13,2.0,15.0
2023,Belgian Grand Prix,PER,3,SOFT,0.02309890109890093,0.622802197802191,14,2.0,15.0
2023,Belgian Grand Prix,RIC,2,MEDIUM,0.26158571428571437,-0.4578714285714256,15,2.0,16.0
2023,Belgian Grand Prix,RIC,3,MEDIUM,0.1225730063769642,0.23780987443297305,20,2.0,22.0
2023,Belgian Grand Prix,RUS,1,MEDIUM,0.04760075187969926,0.5843413533834619,20,2.0,21.0
2023,Belgian Grand Prix,RUS,2,SOFT,0.04324285714285713,0.5799904761904834,21,2.0,22.0
2023,Belgian Grand Prix,SAI,2,MEDIUM,0.30463473053892215,0.18977145708582188,12,2.0,15.0
2023,Belgian Grand Prix,SAR,1,SOFT,0.1162000000000014,0.560933333333332,6,2.0,7.0
2023,Belgian Grand Prix,SAR,2,MEDIUM,0.06475164835164811,0.6847538461538426,14,2.0,15.0
2023,Belgian Grand Prix,SAR,3,MEDIUM,0.30774999999999975,-0.2598928571428592,7,2.0,8.0
2023,Belgian Grand Prix,SAR,4,SOFT,0.22494047619047633,-0.3637380952380988,8,3.0,10.0
2023,Belgian Grand Prix,STR,1,MEDIUM,0.05432714138286896,0.42373168214654916,18,2.0,19.0
2023,Belgian Grand Prix,STR,2,SOFT,0.020256916996047668,0.8480513833992094,23,2.0,24.0
2023,Belgian Grand Prix,TSU,1,MEDIUM,-0.15357142857142747,1.2697142857142767,7,2.0,8.0
2023,Belgian Grand Prix,TSU,2,MEDIUM,0.31653396901072806,-0.13824791418355561,11,2.0,14.0
2023,Belgian Grand Prix,TSU,3,SOFT,0.042205263157894544,0.4234789473684169,19,2.0,20.0
2023,Belgian Grand Prix,VER,1,SOFT,-0.000972027972027881,0.6616235431235461,12,2.0,13.0
2023,Belgian Grand Prix,VER,2,MEDIUM,-0.01814695830485354,2.072650717703348,13,2.0,15.0
2023,Belgian Grand Prix,VER,3,SOFT,0.01599450549450534,1.1445824175824193,13,2.0,14.0
2023,Belgian Grand Prix,ZHO,2,MEDIUM,0.2445970588235298,-0.0632970588235291,16,2.0,17.0
2023,Belgian Grand Prix,ZHO,3,SOFT,0.05336222910216708,1.4823632610939084,18,2.0,19.0
2023,British Grand Prix,ALB,1,MEDIUM,-0.04887715537474567,1.5969110467845355,29,2.0,31.0
2023,British Grand Prix,ALB,2,SOFT,-0.023923076923076693,1.0415824175824173,14,11.0,24.0
2023,British Grand Prix,ALO,1,MEDIUM,-0.05084226918798657,1.6496730441230905,30,3.0,32.0
2023,British Grand Prix,ALO,2,SOFT,-0.0055868131868130055,0.6898813186813215,14,9.0,22.0
2023,British Grand Prix,BOT,1,HARD,-0.07178887652947723,2.036549796069706,30,2.0,31.0
2023,British Grand Prix,BOT,2,SOFT,-0.04738461538461519,1.0908351648351577,14,7.0,20.0
2023,British Grand Prix,DEV,1,SOFT,-0.06502298701298682,1.6012006493506439,24,2.0,26.0
2023,British Grand Prix,DEV,3,SOFT,-0.06288351648351695,1.2652131868131988,14,7.0,20.0
2023,British Grand Prix,GAS,1,MEDIUM,-0.03907536945812811,1.300102463054185,29,2.0,30.0
2023,British Grand Prix,GAS,2,SOFT,0.39121428571428585,-4.109714285714291,7,11.0,17.0
2023,British Grand Prix,HAM,1,MEDIUM,-0.052173748609566355,1.8781668520578447,30,2.0,31.0
2023,British Grand Prix,HAM,2,SOFT,0.047052747252746906,0.026468131868135902,14,9.0,22.0
2023,British Grand Prix,HUL,2,MEDIUM,-0.03839130434782623,0.9562173913043502,23,2.0,24.0
2023,British Grand Prix,HUL,3,SOFT,-0.044213186813187,1.0983780219780281,14,7.0,20.0
2023,British Grand Prix,LEC,1,MEDIUM,-0.01969558823529417,0.647295588235297,16,2.0,17.0
2023,British Grand Prix,LEC,2,HARD,-0.000604895104895201,0.35228671328671407,12,2.0,13.0
2023,British Grand Prix,LEC,3,MEDIUM,-0.030516483516483367,1.0637582417582443,14,7.0,20.0
2023,British Grand Prix,MAG,1,MEDIUM,-0.05872428776675899,1.9301607737323536,27,2.0,31.0
2023,British Grand Prix,NOR,1,MEDIUM,-0.018951733055969554,0.7108229837236124,29,2.0,32.0
2023,British Grand Prix,NOR,2,HARD,0.030213943950786172,0.15311961722487247,13,6.0,19.0
2023,British Grand Prix,OCO,1,SOFT,-0.09600000000000065,0.8231428571428585,7,2.0,8.0
2023,British Grand Prix,PER,1,MEDIUM,-0.06440205128205116,1.688445128205128,26,2.0,27.0
2023,British Grand Prix,PER,2,SOFT,-0.026223763570566945,1.041808805790106,16,2.0,24.0
2023,British Grand Prix,PIA,1,MEDIUM,-0.015222222222222272,0.7466666666666723,27,2.0,28.0
2023,British Grand Prix,PIA,2,HARD,-0.011958621774700999,0.6832905915670285,15,2.0,23.0
2023,British Grand Prix,RUS,1,SOFT,-0.03630681693839589,1.2426554327606987,25,5.0,30.0
2023,British Grand Prix,RUS,2,MEDIUM,-0.005558881770529794,0.46972568433314127,14,2.0,24.0
2023,British Grand Prix,SAI,1,MEDIUM,-0.03416956521739144,1.0548724637681222,24,2.0,25.0
2023,British Grand Prix,SAI,2,HARD,-0.020456832784406905,1.0452283893958219,18,2.0,26.0
2023,British Grand Prix,SAR,1,MEDIUM,-0.06311917013228084,1.7207060454406586,26,2.0,28.0
2023,British Grand Prix,SAR,2,SOFT,-0.019416614222781715,0.7685380742605442,15,2.0,23.0
2023,British Grand Prix,STR,1,MEDIUM,-0.030832396968440076,1.240786169450619,27,3.0,31.0
2023,British Grand Prix,STR,2,SOFT,-0.030917582417581708,1.1523626373626286,13,12.0,24.0
2023,British Grand Prix,TSU,1,SOFT,-0.05522727272727231,0.8202878787878809,12,2.0,13.0
2023,British Grand Prix,TSU,2,HARD,0.0117367647058822,0.13331323529412184,16,2.0,17.0
2023,British Grand Prix,TSU,3,SOFT,-0.010476923076922972,0.7172241758241724,14,7.0,20.0
2023,British Grand Prix,VER,1,MEDIUM,-0.0288439516129032,0.9309600806451556,31,2.0,32.0
2023,British Grand Prix,VER,2,SOFT,0.07721978021978036,-0.5485494505494574,14,9.0,22.0
2023,British Grand Prix,ZHO,1,MEDIUM,-0.0672648221343875,1.5801739130434789,22,2.0,23.0
2023,British Grand Prix,ZHO,2,HARD,0.08114285714285557,-0.0014761904761855019,6,2.0,7.0
2023,British Grand Prix,ZHO,4,SOFT,-0.07407252747252718,1.6318351648351561,14,6.0,19.0
2023,Canadian Grand Prix,ALB,1,MEDIUM,-0.022245283018867527,0.5765283018867916,8,3.0,12.0
2023,Canadian Grand Prix,ALB,2,HARD,-0.03647460112850727,2.073331141666146,53,5.0,58.0
2023,Canadian Grand Prix,ALO,1,MEDIUM,-0.0358666666666664,0.6619333333333376,9,2.0,11.0
2023,Canadian Grand Prix,ALO,2,HARD,0.00583086956521738,0.4473323188405768,24,5.0,28.0
2023,Canadian Grand Prix,ALO,3,HARD,0.00445707448399649,0.2738285970685039,27,2.0,29.0
2023,Canadian Grand Prix,BOT,1,HARD,-0.04439745659021674,1.622489495743624,27,2.0,35.0
2023,Canadian Grand Prix,BOT,2,MEDIUM,0.011504010695187247,0.3587459893048116,33,2.0,34.0
2023,Canadian Grand Prix,DEV,1,MEDIUM,-0.13970163934426263,1.3814262295081967,6,2.0,10.0
2023,Canadian Grand Prix,DEV,2,HARD,-0.010563318411914886,0.7062952976613778,32,6.0,38.0
2023,Canadian Grand Prix,DEV,3,HARD,-0.00011867905056795338,0.31774613003095814,18,2.0,19.0
2023,Canadian Grand Prix,GAS,1,SOFT,-0.07108648648648604,0.7937513513513476,6,2.0,9.0
2023,Canadian Grand Prix,GAS,2,HARD,-0.05542794117647056,1.302017647058818,16,7.0,22.0
2023,Canadian Grand Prix,GAS,3,HARD,-0.02086731016731033,0.9481625482625549,36,2.0,37.0
2023,Canadian Grand Prix,HAM,1,MEDIUM,-0.04090833333333469,0.48030833333333534,9,2.0,11.0
2023,Canadian Grand Prix,HAM,2,HARD,0.0168488142292489,0.2727667984189744,23,5.0,27.0
2023,Canadian Grand Prix,HAM,3,MEDIUM,0.019142857142857028,0.46430049261083933,29,2.0,30.0
2023,Canadian Grand Prix,HUL,1,MEDIUM,0.030166666666665926,0.4366666666666673,8,2.0,10.0
2023,Canadian Grand Prix,HUL,2,HARD,-0.05436703296703345,1.204230769230776,14,6.0,19.0
2023,Canadian Grand Prix,HUL,3,HARD,0.012697012802276015,0.38430298719772293,37,2.0,38.0
2023,Canadian Grand Prix,LEC,1,MEDIUM,-0.0496372808496291,1.9215122555630482,31,2.0,38.0
2023,Canadian Grand Prix,LEC,2,HARD,0.006833147942157996,0.2120197256210644,30,2.0,31.0
2023,Canadian Grand Prix,MAG,1,HARD,-0.00567479603087103,0.7747104299889815,26,2.0,34.0
2023,Canadian Grand Prix,MAG,2,MEDIUM,-0.049022058823529585,1.3118970588235344,16,2.0,17.0
2023,Canadian Grand Prix,MAG,3,MEDIUM,-0.008549999999999992,0.6810166666666632,15,2.0,16.0
2023,Canadian Grand Prix,NOR,1,MEDIUM,-0.029008333333333088,0.787608333333332,9,2.0,11.0
2023,Canadian Grand Prix,NOR,2,HARD,-0.025878224974200652,0.8590227038183772,18,5.0,22.0
2023,Canadian Grand Prix,NOR,3,HARD,-0.0045995989304813,0.7922711675579374,33,3.0,35.0
2023,Canadian Grand Prix,OCO,1,MEDIUM,-0.07311250000000041,0.9457125000000032,9,2.0,11.0
2023,Canadian Grand Prix,OCO,2,HARD,-0.038326315789473354,0.9130947368420997,19,5.0,23.0
2023,Canadian Grand Prix,OCO,3,HARD,0.0028716577540107875,0.3120071301247785,33,2.0,34.0
2023,Canadian Grand Prix,PER,1,HARD,-0.036946932543721674,1.4382578884056587,28,2.0,36.0
2023,Canadian Grand Prix,PER,2,MEDIUM,0.0032724137931035456,0.37484827586206415,29,2.0,30.0
2023,Canadian Grand Prix,PIA,1,MEDIUM,-0.07404583333333348,1.0161791666666653,9,2.0,11.0
2023,Canadian Grand Prix,PIA,2,HARD,-0.0561793223284104,1.2973551694179044,19,5.0,24.0
2023,Canadian Grand Prix,PIA,3,HARD,-0.011330645161290237,0.5870725806451614,31,2.0,32.0
2023,Canadian Grand Prix,RUS,1,MEDIUM,-0.05563749999999999,0.750370833333339,9,2.0,11.0
2023,Canadian Grand Prix,RUS,2,HARD,-0.04991228070175443,2.1220635372214383,37,5.0,41.0
2023,Canadian Grand Prix,SAI,1,MEDIUM,-0.044558698566566954,1.9697833453645515,29,2.0,37.0
2023,Canadian Grand Prix,SAI,2,HARD,-0.0047890787828260796,0.48028803668194836,30,2.0,32.0
2023,Canadian Grand Prix,STR,1,MEDIUM,-0.011287234042552729,0.5044574468085115,7,2.0,10.0
2023,Canadian Grand Prix,STR,2,HARD,-0.10267272727272796,1.5313636363636403,10,6.0,15.0
2023,Canadian Grand Prix,STR,3,HARD,-0.006381816708532416,0.7598765902277003,42,2.0,43.0
2023,Canadian Grand Prix,TSU,2,HARD,0.018145508684863462,0.14819444168734883,24,2.0,32.0
2023,Canadian Grand Prix,VER,1,MEDIUM,-0.051525000000000085,0.6466583333333301,9,2.0,11.0
2023,Canadian Grand Prix,VER,2,HARD,0.0247538461538461,-0.08305538461538312,25,5.0,29.0
2023,Canadian Grand Prix,VER,3,MEDIUM,-0.0007405372405372147,0.3939969474969516,27,2.0,28.0
2023,Canadian Grand Prix,ZHO,1,MEDIUM,-0.12546226415094278,1.404764150943386,8,2.0,11.0
2023,Canadian Grand Prix,ZHO,2,HARD,-0.04300000000000029,1.1690666666666696,15,5.0,19.0
2023,Canadian Grand Prix,ZHO,3,HARD,0.005328285339722495,0.4896236155689131,35,2.0,37.0
2023,Dutch Grand Prix,ALB,1,SOFT,-0.20062128972180185,6.908108049121174,32,6.0,43.0
2023,Dutch Grand Prix,ALB,2,MEDIUM,-0.0017321428571429826,0.715322619047618,15,2.0,16.0
2023,Dutch Grand Prix,ALB,5,INTERMEDIATE,-1.1189428571428586,14.563676190476203,6,9.0,14.0
2023,Dutch Grand Prix,ALO,2,INTERMEDIATE,-0.3948857142857128,2.994152380952372,6,2.0,7.0
2023,Dutch Grand Prix,ALO,3,SOFT,-0.05770997563661866,1.8680398046479558,30,2.0,37.0
2023,Dutch Grand Prix,ALO,4,SOFT,-0.029318181818181507,0.6701363636363579,11,4.0,14.0
2023,Dutch Grand Prix,ALO,6,INTERMEDIATE,-0.8286285714285714,11.137895238095231,6,9.0,14.0
2023,Dutch Grand Prix,BOT,1,SOFT,-1.4698484848484858,19.923709090909092,10,6.0,15.0
2023,Dutch Grand Prix,BOT,2,MEDIUM,-0.06623538461538477,2.1795969230769225,25,6.0,30.0
2023,Dutch Grand Prix,BOT,3,SOFT,0.09841212121212162,-0.05927878787878319,10,2.0,11.0
2023,Dutch Grand Prix,BOT,6,INTERMEDIATE,-1.5395714285714281,12.501047619047617,6,4.0,9.0
2023,Dutch Grand Prix,GAS,2,INTERMEDIATE,-0.5245410958904096,7.77640410958902,7,8.0,15.0
2023,Dutch Grand Prix,GAS,3,SOFT,-0.05182579255155425,1.604865189289004,27,2.0,34.0
2023,Dutch Grand Prix,GAS,4,SOFT,-0.007248251748251688,0.6252785547785518,12,2.0,13.0
2023,Dutch Grand Prix,GAS,6,INTERMEDIATE,-1.0263714285714296,11.266361904761913,6,7.0,12.0
2023,Dutch Grand Prix,HAM,3,SOFT,-0.050142114291840935,2.1727960491047513,28,2.0,35.0
2023,Dutch Grand Prix,HAM,4,SOFT,-0.021868131868132076,1.002868131868135,13,2.0,14.0
2023,Dutch Grand Prix,HAM,6,INTERMEDIATE,-1.043371428571428,13.860438095238083,6,9.0,14.0
2023,Dutch Grand Prix,HUL,1,SOFT,-1.5748727272727274,20.84336363636362,10,6.0,15.0
2023,Dutch Grand Prix,HUL,2,MEDIUM,-0.03914461538461524,1.3653292307692224,26,6.0,31.0
2023,Dutch Grand Prix,HUL,3,SOFT,0.02386666666666546,0.20366666666668093,10,2.0,11.0
2023,Dutch Grand Prix,HUL,6,INTERMEDIATE,-1.2327714285714286,14.924600000000002,6,8.0,13.0
2023,Dutch Grand Prix,LAW,2,INTERMEDIATE,-0.10721428571428493,2.5362857142856994,7,7.0,13.0
2023,Dutch Grand Prix,LAW,4,MEDIUM,-0.02250652173913065,1.1202326086956584,24,5.0,28.0
2023,Dutch Grand Prix,LAW,5,SOFT,0.042009090909091495,0.060118181818185346,11,2.0,12.0
2023,Dutch Grand Prix,LAW,8,INTERMEDIATE,-1.0559714285714286,16.109114285714277,6,11.0,16.0
2023,Dutch Grand Prix,LEC,2,INTERMEDIATE,-0.24663095238095353,2.833595238095246,8,2.0,9.0
2023,Dutch Grand Prix,LEC,3,SOFT,-0.01012743917128404,0.8432079017104318,22,2.0,29.0
2023,Dutch Grand Prix,MAG,2,INTERMEDIATE,-0.5241428571428552,4.175476190476184,6,2.0,7.0
2023,Dutch Grand Prix,MAG,3,SOFT,-0.0721239422598306,1.980338476854152,18,2.0,25.0
2023,Dutch Grand Prix,MAG,4,MEDIUM,0.0006847826086957101,0.8169239130434737,23,2.0,24.0
2023,Dutch Grand Prix,MAG,7,INTERMEDIATE,-1.191885714285715,13.442247619047624,6,7.0,12.0
2023,Dutch Grand Prix,NOR,3,SOFT,-0.02146257142857157,1.1984784761904814,24,3.0,32.0
2023,Dutch Grand Prix,NOR,4,SOFT,0.029073529411764658,0.5364558823529414,16,5.0,20.0
2023,Dutch Grand Prix,NOR,7,INTERMEDIATE,-1.095028571428571,20.759666666666647,6,15.0,20.0
2023,Dutch Grand Prix,OCO,2,INTERMEDIATE,-0.19397142857142727,2.0917047619047637,6,2.0,7.0
2023,Dutch Grand Prix,OCO,3,SOFT,-0.05079540354085286,1.6842644834178397,25,2.0,32.0
2023,Dutch Grand Prix,OCO,4,SOFT,0.046677941176470436,0.365997058823535,16,2.0,17.0
2023,Dutch Grand Prix,OCO,7,INTERMEDIATE,-1.1139999999999997,9.052333333333332,6,4.0,9.0
2023,Dutch Grand Prix,PER,2,INTERMEDIATE,-0.1323333333333331,1.747888888888893,9,2.0,10.0
2023,Dutch Grand Prix,PER,3,SOFT,-0.04575302026500401,1.4159789555728817,25,2.0,32.0
2023,Dutch Grand Prix,PER,4,SOFT,-0.023780219780219665,0.637098901098905,13,3.0,15.0
2023,Dutch Grand Prix,PER,7,INTERMEDIATE,-0.8067428571428567,11.23961904761904,6,10.0,15.0
2023,Dutch Grand Prix,PIA,1,SOFT,-2.046483333333334,25.477611111111113,9,6.0,14.0
2023,Dutch Grand Prix,PIA,2,SOFT,-0.08296565217391312,2.3254895652173935,24,7.0,30.0
2023,Dutch Grand Prix,PIA,3,MEDIUM,0.02715034965034905,0.1407890442890435,12,2.0,13.0
2023,Dutch Grand Prix,PIA,6,INTERMEDIATE,-1.0260285714285693,12.551466666666641,6,8.0,13.0
2023,Dutch Grand Prix,RUS,4,HARD,-0.07117551154393274,3.123773717036884,38,6.0,43.0
2023,Dutch Grand Prix,SAI,2,INTERMEDIATE,0.007685714285716497,0.7335809523809418,6,2.0,7.0
2023,Dutch Grand Prix,SAI,3,SOFT,-0.048633452054794524,1.3851137260273971,23,2.0,30.0
2023,Dutch Grand Prix,SAI,4,SOFT,0.008686274509803844,0.2760000000000023,17,4.0,20.0
2023,Dutch Grand Prix,SAI,6,INTERMEDIATE,-1.0403428571428575,11.772923809523807,6,7.0,12.0
2023,Dutch Grand Prix,SAR,1,SOFT,-2.3021666666666665,29.635249999999992,8,7.0,14.0
2023,Dutch Grand Prix,STR,4,MEDIUM,-0.04581118881118834,1.2194953379953348,12,6.0,17.0
2023,Dutch Grand Prix,STR,5,SOFT,0.01588260869565187,0.387084782608693,24,2.0,25.0
2023,Dutch Grand Prix,STR,8,INTERMEDIATE,-1.104257142857143,14.553790476190473,6,9.0,14.0
2023,Dutch Grand Prix,TSU,2,INTERMEDIATE,-0.6656071428571411,8.263499999999985,7,7.0,13.0
2023,Dutch Grand Prix,TSU,3,SOFT,-0.012213004684142232,1.1731632022499716,42,2.0,49.0
2023,Dutch Grand Prix,TSU,6,INTERMEDIATE,-1.3192857142857153,17.32128571428572,6,9.0,14.0
2023,Dutch Grand Prix,VER,2,INTERMEDIATE,-0.15092857142857258,2.0063571428571487,7,2.0,8.0
2023,Dutch Grand Prix,VER,3,SOFT,-0.05729067015225925,1.8874323430011468,30,2.0,37.0
2023,Dutch Grand Prix,VER,4,SOFT,0.0016727272727266407,0.2990545454545544,10,3.0,12.0
2023,Dutch Grand Prix,VER,7,INTERMEDIATE,-0.8436571428571424,9.310742857142856,6,7.0,12.0
2023,Dutch Grand Prix,ZHO,2,INTERMEDIATE,-0.48207142857143026,4.352357142857146,7,2.0,8.0
2023,Dutch Grand Prix,ZHO,3,MEDIUM,-0.061814926878466896,1.9247191124558805,19,2.0,26.0
2023,Dutch Grand Prix,ZHO,4,SOFT,-0.00876233766233765,0.6176718614718589,21,2.0,22.0
2023,Hungarian Grand Prix,ALB,1,MEDIUM,-0.2927714285714297,1.9146380952381006,6,2.0,7.0
2023,Hungarian Grand Prix,ALB,2,HARD,0.0249493506493504,0.3053311688311689,21,5.0,25.0
2023,Hungarian Grand Prix,ALB,3,HARD,-0.01907633949739224,0.7664457088667612,37,2.0,38.0
2023,Hungarian Grand Prix,ALO,1,MEDIUM,-0.075263157894737,1.5982748538011684,18,5.0,22.0
2023,Hungarian Grand Prix,ALO,2,HARD,-0.022948051948051947,0.8449783549783518,21,6.0,26.0
2023,Hungarian Grand Prix,ALO,3,HARD,0.022050598290598182,0.19295863247862957,26,2.0,27.0
2023,Hungarian Grand Prix,BOT,1,MEDIUM,-0.1733928571428574,1.8167142857142824,7,5.0,11.0
2023,Hungarian Grand Prix,BOT,2,HARD,0.022946798029556837,0.6469103448275879,29,7.0,35.0
2023,Hungarian Grand Prix,BOT,3,HARD,0.0022372742200328375,0.5561461412151106,28,5.0,32.0
2023,Hungarian Grand Prix,HAM,1,MEDIUM,-0.004164111498258066,0.7451634146341527,13,5.0,18.0
2023,Hungarian Grand Prix,HAM,2,HARD,-0.006732258064516218,0.6910935483871028,31,2.0,32.0
2023,Hungarian Grand Prix,HAM,3,MEDIUM,0.006503007518796861,0.725156390977445,20,5.0,24.0
2023,Hungarian Grand Prix,HUL,1,MEDIUM,-0.018571787508973713,0.6812677674084782,13,5.0,18.0
2023,Hungarian Grand Prix,HUL,2,HARD,0.014807518796992802,0.3072909774436114,20,5.0,24.0
2023,Hungarian Grand Prix,HUL,3,HARD,0.0525906562847609,0.05180088987764678,30,7.0,36.0
2023,Hungarian Grand Prix,LEC,1,MEDIUM,-0.010296428571428302,0.4685571428571356,15,5.0,19.0
2023,Hungarian Grand Prix,LEC,2,HARD,0.012943741475981164,0.34971234277920926,23,2.0,25.0
2023,Hungarian Grand Prix,LEC,3,HARD,0.06486735042735065,-0.3346998290598277,26,6.0,31.0
2023,Hungarian Grand Prix,MAG,1,MEDIUM,-0.07274825174825222,0.9089452214452312,12,2.0,13.0
2023,Hungarian Grand Prix,MAG,2,HARD,0.08640811881188128,-0.07441504950494764,24,5.0,29.0
2023,Hungarian Grand Prix,MAG,3,HARD,0.05932275358193388,0.01567150583546147,26,7.0,33.0
2023,Hungarian Grand Prix,NOR,1,MEDIUM,-0.020846428571428436,0.440084523809524,15,2.0,16.0
2023,Hungarian Grand Prix,NOR,2,HARD,0.04486153846153845,0.02723012820513226,24,2.0,26.0
2023,Hungarian Grand Prix,NOR,3,MEDIUM,0.03264649350649363,0.329784025974027,24,5.0,29.0
2023,Hungarian Grand Prix,PER,1,HARD,-0.07298250877391588,1.8731520434733386,21,5.0,26.0
2023,Hungarian Grand Prix,PER,2,MEDIUM,0.06047084086799269,-0.3546353978300162,15,8.0,23.0
2023,Hungarian Grand Prix,PER,3,MEDIUM,0.02849206349206336,0.10836507936507937,27,5.0,31.0
2023,Hungarian Grand Prix,PIA,1,MEDIUM,-0.012798529411764587,0.3973705882352955,16,4.0,19.0
2023,Hungarian Grand Prix,PIA,2,HARD,0.045563854808975846,0.02625446570465749,20,2.0,23.0
2023,Hungarian Grand Prix,PIA,3,MEDIUM,0.03103936827649341,0.6170439459830607,26,5.0,31.0
2023,Hungarian Grand Prix,RIC,1,MEDIUM,-0.09089999999999976,2.126599999999993,15,5.0,20.0
2023,Hungarian Grand Prix,RIC,2,HARD,0.1566499999999998,-0.7555166666666628,9,5.0,13.0
2023,Hungarian Grand Prix,RIC,3,MEDIUM,0.0030552631578947666,0.4372890688259115,39,5.0,43.0
2023,Hungarian Grand Prix,RUS,1,HARD,-0.026920341880341894,1.1904988034188089,26,2.0,27.0
2023,Hungarian Grand Prix,RUS,2,MEDIUM,-9.727036395117955e-05,0.7423550693240913,15,2.0,17.0
2023,Hungarian Grand Prix,RUS,3,MEDIUM,0.045877470355731385,0.24059288537548917,23,2.0,24.0
2023,Hungarian Grand Prix,SAI,1,SOFT,-0.03128021978021956,0.5841648351648309,13,2.0,14.0
2023,Hungarian Grand Prix,SAI,2,HARD,0.0021141636141636844,0.4695097680097659,27,2.0,28.0
2023,Hungarian Grand Prix,SAI,3,HARD,0.05698999999999999,-0.1580300000000016,25,5.0,29.0
2023,Hungarian Grand Prix,SAR,1,MEDIUM,-0.16413636363636316,1.8326818181818088,11,2.0,12.0
2023,Hungarian Grand Prix,SAR,2,HARD,0.0747698350353495,-0.1586410054988166,18,5.0,23.0
2023,Hungarian Grand Prix,SAR,3,HARD,0.03889596774193558,0.4582201612903254,31,2.0,32.0
2023,Hungarian Grand Prix,STR,1,SOFT,-0.12674999999999984,1.0564642857142812,7,2.0,8.0
2023,Hungarian Grand Prix,STR,2,HARD,0.0442574899525028,-0.0892698209718671,22,7.0,29.0
2023,Hungarian Grand Prix,STR,3,HARD,0.013549274255156504,0.36872956455309897,34,6.0,39.0
2023,Hungarian Grand Prix,TSU,1,SOFT,-0.1380357142857132,1.1318928571428475,7,2.0,8.0
2023,Hungarian Grand Prix,TSU,2,HARD,0.030044117647058693,0.23943716577540425,33,5.0,37.0
2023,Hungarian Grand Prix,TSU,3,MEDIUM,0.049389565217391365,0.5589908695652118,24,2.0,25.0
2023,Hungarian Grand Prix,VER,1,MEDIUM,-0.03924025974025977,1.0102229437229426,21,5.0,25.0
2023,Hungarian Grand Prix,VER,2,HARD,0.0006294017094017298,0.5512198290598324,26,2.0,27.0
2023,Hungarian Grand Prix,VER,3,MEDIUM,-0.04512693498451988,2.125102511179902,18,5.0,22.0
2023,Hungarian Grand Prix,ZHO,1,MEDIUM,-0.23535714285714315,2.604285714285724,8,5.0,12.0
2023,Hungarian Grand Prix,ZHO,2,HARD,0.0728082051282051,0.36593230769231316,26,7.0,32.0
2023,Hungarian Grand Prix,ZHO,3,HARD,0.005725027808676237,0.6039785687801248,30,7.0,36.0
2023,Italian Grand Prix,ALB,1,MEDIUM,0.08647252747252777,-0.4698901098901172,13,5.0,17.0
2023,Italian Grand Prix,ALB,2,HARD,0.014059103641456575,0.2670425770308171,35,5.0,39.0
2023,Italian Grand Prix,ALO,1,MEDIUM,0.010072091994692854,0.2688971693940695,18,2.0,20.0
2023,Italian Grand Prix,ALO,2,HARD,0.0024798029556650832,0.5811596059113253,29,5.0,33.0
2023,Italian Grand Prix,BOT,1,HARD,0.034616600790513825,0.14326482213438854,23,5.0,27.0
2023,Italian Grand Prix,BOT,2,MEDIUM,0.030810198736712452,0.30970328146664455,23,5.0,28.0
2023,Italian Grand Prix,GAS,1,MEDIUM,-0.16483333333333333,1.3113333333333368,8,2.0,9.0
2023,Italian Grand Prix,GAS,2,HARD,0.010998245614035257,0.12160350877192831,19,5.0,23.0
2023,Italian Grand Prix,GAS,3,MEDIUM,0.007532507739938196,0.7137420020639862,18,2.0,19.0
2023,Italian Grand Prix,HAM,1,HARD,0.019886923076922865,0.3032023076923097,25,5.0,29.0
2023,Italian Grand Prix,HAM,2,MEDIUM,-0.0015379180405085831,0.6921577955723085,21,2.0,24.0
2023,Italian Grand Prix,HUL,1,MEDIUM,0.09340209790209793,-0.3151386946386923,12,5.0,16.0
2023,Italian Grand Prix,HUL,2,HARD,0.06636561264822133,-0.620972332015811,23,7.0,29.0
2023,Italian Grand Prix,HUL,3,MEDIUM,-0.03292727272727259,0.7231090909090834,10,5.0,14.0
2023,Italian Grand Prix,LAW,1,MEDIUM,0.01117272727272732,0.2523636363636393,11,5.0,15.0
2023,Italian Grand Prix,LAW,2,HARD,0.019815273477812013,0.1415493636050965,18,5.0,22.0
2023,Italian Grand Prix,LAW,3,MEDIUM,0.019100000000000148,0.20787499999999978,16,5.0,20.0
2023,Italian Grand Prix,LEC,1,MEDIUM,0.09829824561403507,-0.02429824561402951,18,2.0,19.0
2023,Italian Grand Prix,LEC,2,HARD,0.03216762566672039,0.04963969613706498,29,2.0,31.0
2023,Italian Grand Prix,MAG,1,HARD,-0.0473878787878785,1.2150727272727204,10,6.0,15.0
2023,Italian Grand Prix,MAG,2,MEDIUM,-0.02131929824561404,0.6813017543859687,19,2.0,20.0
2023,Italian Grand Prix,MAG,3,MEDIUM,0.001488235294117666,0.540986764705877,16,2.0,17.0
2023,Italian Grand Prix,NOR,1,MEDIUM,0.03303019508057648,0.23422137404580573,19,2.0,21.0
2023,Italian Grand Prix,NOR,2,HARD,0.04184639714529004,-0.12119277401565585,27,6.0,33.0
2023,Italian Grand Prix,OCO,1,MEDIUM,0.06990909090909088,0.07163636363636033,22,2.0,23.0
2023,Italian Grand Prix,OCO,2,HARD,0.01584615384615377,0.12930769230769887,13,5.0,17.0
2023,Italian Grand Prix,PER,1,MEDIUM,0.02556913470115942,0.36416770740409987,18,2.0,20.0
2023,Italian Grand Prix,PER,2,HARD,0.01274538660091704,0.23283068151172318,27,2.0,30.0
2023,Italian Grand Prix,PIA,1,MEDIUM,0.024915584415584283,0.15153679653680346,21,2.0,22.0
2023,Italian Grand Prix,PIA,2,HARD,0.04516785714285661,-0.12668333333333096,15,7.0,21.0
2023,Italian Grand Prix,PIA,3,MEDIUM,0.06033333333333313,0.2586666666666645,8,5.0,12.0
2023,Italian Grand Prix,RUS,1,MEDIUM,0.07717710997442451,-0.12291432225064114,16,2.0,18.0
2023,Italian Grand Prix,RUS,2,HARD,0.00411733870967739,0.4081693548387155,31,5.0,35.0
2023,Italian Grand Prix,SAI,1,MEDIUM,0.10876715686274505,-0.3349068627450982,17,2.0,18.0
2023,Italian Grand Prix,SAI,2,HARD,0.04125592718934436,-0.01855692224943219,30,2.0,32.0
2023,Italian Grand Prix,SAR,1,MEDIUM,0.04463636363636409,0.008484848484841016,12,5.0,16.0
2023,Italian Grand Prix,SAR,2,HARD,0.024813539192399016,-0.006599762470309851,34,5.0,39.0
2023,Italian Grand Prix,STR,1,MEDIUM,0.006648090815273441,0.7141950464396337,18,2.0,19.0
2023,Italian Grand Prix,STR,2,HARD,0.07373349753694569,-0.602980295566504,29,6.0,34.0
2023,Italian Grand Prix,VER,1,MEDIUM,0.036261093911248876,0.37375851393188764,18,2.0,19.0
2023,Italian Grand Prix,VER,2,HARD,0.05097619577308119,-0.06404056358916686,30,2.0,31.0
2023,Italian Grand Prix,ZHO,1,MEDIUM,-0.08218333333333327,0.9439888888888851,9,2.0,10.0
2023,Italian Grand Prix,ZHO,2,HARD,0.029877443609022378,0.6042270676691761,20,5.0,24.0
2023,Italian Grand Prix,ZHO,3,MEDIUM,0.041836764705882226,0.232863235294116,16,2.0,17.0
2023,Japanese Grand Prix,ALB,2,MEDIUM,0.04139285714285704,0.4164285714285703,8,4.0,11.0
2023,Japanese Grand Prix,ALB,3,SOFT,0.06791184573002722,0.28600826446281136,10,2.0,12.0
2023,Japanese Grand Prix,ALO,2,HARD,0.2785939393939391,-0.7340484848484874,10,4.0,13.0
2023,Japanese Grand Prix,ALO,3,HARD,0.07091025641025653,-0.020061253561258915,27,2.0,28.0
2023,Japanese Grand Prix,GAS,1,MEDIUM,0.01901254089421984,0.12668593238823156,11,5.0,17.0
2023,Japanese Grand Prix,GAS,2,HARD,0.03858241758241791,1.1112637362637359,14,2.0,15.0
2023,Japanese Grand Prix,GAS,3,HARD,0.20204953560371522,-0.5711867905056717,18,2.0,19.0
2023,Japanese Grand Prix,HAM,1,MEDIUM,-0.02372510822510793,0.8754610389610366,10,5.0,15.0
2023,Japanese Grand Prix,HAM,2,HARD,0.026445588235294047,0.6645794117647031,16,2.0,17.0
2023,Japanese Grand Prix,HAM,3,HARD,0.11865196078431363,0.5289509803921529,17,2.0,18.0
2023,Japanese Grand Prix,HUL,2,MEDIUM,0.13962499999999956,0.30375,9,2.0,12.0
2023,Japanese Grand Prix,HUL,3,HARD,0.042050549450549375,0.08335604395604301,14,2.0,15.0
2023,Japanese Grand Prix,HUL,4,MEDIUM,0.004454945054945078,0.4922043956043946,14,2.0,15.0
2023,Japanese Grand Prix,LAW,2,MEDIUM,0.1561993197278912,-0.20593945578231815,11,2.0,14.0
2023,Japanese Grand Prix,LAW,3,HARD,0.0020704273504273114,0.38505572649573105,26,2.0,27.0
2023,Japanese Grand Prix,LEC,1,MEDIUM,0.0728997194950905,-0.2739789621318362,11,5.0,16.0
2023,Japanese Grand Prix,LEC,2,MEDIUM,0.04913214285714309,0.10441071428571516,15,2.0,16.0
2023,Japanese Grand Prix,LEC,3,HARD,0.07291229348882416,0.20297716229349466,17,2.0,19.0
2023,Japanese Grand Prix,MAG,1,MEDIUM,0.09235714285714286,-0.49607142857142483,6,5.0,11.0
2023,Japanese Grand Prix,MAG,2,HARD,0.12244705882352948,0.027430882352935455,16,3.0,18.0
2023,Japanese Grand Prix,MAG,3,HARD,0.07719473684210522,-0.045489473684208526,20,2.0,21.0
2023,Japanese Grand Prix,NOR,1,MEDIUM,0.12867601683029448,-0.23570126227208535,11,5.0,16.0
2023,Japanese Grand Prix,NOR,2,HARD,0.03306066656427609,0.8690846260175129,16,2.0,18.0
2023,Japanese Grand Prix,NOR,3,HARD,0.09499705882352925,0.18365294117647007,16,2.0,17.0
2023,Japanese Grand Prix,OCO,2,HARD,0.019286389233559364,0.5156835926314757,21,4.0,26.0
2023,Japanese Grand Prix,OCO,3,HARD,0.042821739130434855,0.1598231884057976,24,2.0,25.0
2023,Japanese Grand Prix,PER,2,HARD,0.0710285714285707,0.20400952380953224,6,3.0,8.0
2023,Japanese Grand Prix,PIA,1,MEDIUM,0.13623809523809527,-0.7605238095238107,8,5.0,12.0
2023,Japanese Grand Prix,PIA,2,HARD,0.0024564037319762984,0.49117065309583874,19,2.0,21.0
2023,Japanese Grand Prix,PIA,3,HARD,0.0356558132391335,0.30752587928121633,16,2.0,18.0
2023,Japanese Grand Prix,RUS,1,MEDIUM,-0.007393117072156537,0.8527515075899357,17,5.0,23.0
2023,Japanese Grand Prix,RUS,2,HARD,0.05709345465631675,-0.10116709270421276,26,2.0,29.0
2023,Japanese Grand Prix,SAI,1,MEDIUM,0.04545573294629893,-0.0867324625060486,12,5.0,17.0
2023,Japanese Grand Prix,SAI,2,MEDIUM,0.04119504643962834,0.2811186790505682,18,2.0,19.0
2023,Japanese Grand Prix,SAI,3,HARD,0.12455384615384589,-0.06313626373625729,14,2.0,15.0
2023,Japanese Grand Prix,SAR,3,MEDIUM,0.08574008810572684,0.8860425844346544,12,2.0,15.0
2023,Japanese Grand Prix,STR,1,SOFT,0.01039285714285533,0.22353571428573737,8,5.0,12.0
2023,Japanese Grand Prix,TSU,2,MEDIUM,0.09389326399207554,0.49507924715205576,17,2.0,20.0
2023,Japanese Grand Prix,TSU,3,HARD,0.06460143388210288,-0.18484691980881526,20,2.0,22.0
2023,Japanese Grand Prix,VER,1,MEDIUM,0.1368506493506491,0.0922337662337652,10,5.0,15.0
2023,Japanese Grand Prix,VER,2,MEDIUM,0.011610526315789542,0.2080210526315844,19,2.0,20.0
2023,Japanese Grand Prix,VER,3,HARD,0.1361535714285708,0.5970178571428567,15,2.0,16.0
2023,Japanese Grand Prix,ZHO,3,SOFT,0.06910863986313087,0.24675278015398497,15,2.0,18.0
2023,Japanese Grand Prix,ZHO,4,HARD,0.003658385093167559,0.5298610954263185,22,2.0,23.0
2023,Las Vegas Grand Prix,ALB,1,MEDIUM,-0.19806666666666625,3.247955555555548,9,7.0,15.0
2023,Las Vegas Grand Prix,ALB,2,HARD,-0.03909120697725983,2.00630959126857,29,2.0,34.0
2023,Las Vegas Grand Prix,ALO,2,HARD,-0.11415789473684242,4.138368421052638,19,7.0,25.0
2023,Las Vegas Grand Prix,ALO,3,HARD,-0.12178223297614937,2.7788045857817747,21,3.0,24.0
2023,Las Vegas Grand Prix,BOT,2,HARD,-0.046131469820303896,1.8463487943480188,16,6.0,22.0
2023,Las Vegas Grand Prix,BOT,3,MEDIUM,-0.1572382834556747,5.1248752117447784,22,5.0,26.0
2023,Las Vegas Grand Prix,GAS,1,MEDIUM,-0.08500000000000123,2.0180000000000162,10,7.0,16.0
2023,Las Vegas Grand Prix,GAS,2,HARD,-0.024170268107243053,1.842114245698285,28,2.0,33.0
2023,Las Vegas Grand Prix,HAM,1,HARD,-0.26073333333333315,4.726733333333327,10,7.0,16.0
2023,Las Vegas Grand Prix,HAM,2,MEDIUM,-0.2184642857142854,1.7886071428571444,7,2.0,8.0
2023,Las Vegas Grand Prix,HAM,3,HARD,-0.16371413757345304,3.87414771287015,21,3.0,24.0
2023,Las Vegas Grand Prix,HUL,2,HARD,0.023412587412587827,0.8612389277389191,12,2.0,13.0
2023,Las Vegas Grand Prix,HUL,3,HARD,-0.10468137254901998,2.212436274509812,17,3.0,19.0
2023,Las Vegas Grand Prix,LEC,1,MEDIUM,-0.14084395604395614,2.964679120879121,14,7.0,20.0
2023,Las Vegas Grand Prix,LEC,2,HARD,-0.11676594793877787,3.219740978661606,24,2.0,29.0
2023,Las Vegas Grand Prix,MAG,1,MEDIUM,-0.5345142857142856,6.424552380952375,6,7.0,12.0
2023,Las Vegas Grand Prix,MAG,2,HARD,-0.041084848484848266,0.7921515151515112,10,2.0,11.0
2023,Las Vegas Grand Prix,MAG,3,HARD,-0.07557142857142861,2.054077922077924,22,3.0,24.0
2023,Las Vegas Grand Prix,OCO,1,MEDIUM,-0.10747414965986422,2.376370068027209,11,7.0,19.0
2023,Las Vegas Grand Prix,OCO,2,HARD,-0.06006882511328574,1.9430957509686768,26,2.0,30.0
2023,Las Vegas Grand Prix,PER,2,HARD,-0.21638771929824596,4.510552631578959,19,6.0,24.0
2023,Las Vegas Grand Prix,PER,3,HARD,-0.09914963297571963,2.2061564088085857,22,3.0,24.0
2023,Las Vegas Grand Prix,PIA,1,HARD,-0.37015000000000015,5.939799999999998,9,8.0,16.0
2023,Las Vegas Grand Prix,PIA,2,HARD,-0.065160144901546,2.0502404146192736,22,3.0,27.0
2023,Las Vegas Grand Prix,PIA,3,MEDIUM,0.021628571428572278,0.23554285714285414,6,3.0,8.0
2023,Las Vegas Grand Prix,RIC,1,MEDIUM,-0.22964848484848513,3.7953575757575746,10,7.0,16.0
2023,Las Vegas Grand Prix,RIC,2,HARD,-0.07366706492519086,3.1414670486327942,29,2.0,33.0
2023,Las Vegas Grand Prix,RUS,1,MEDIUM,-0.3765238095238096,4.905500000000005,8,7.0,14.0
2023,Las Vegas Grand Prix,RUS,2,HARD,0.03245000000000055,0.9544111111111016,9,2.0,10.0
2023,Las Vegas Grand Prix,RUS,3,HARD,-0.16487972896668568,3.539330886504805,22,3.0,24.0
2023,Las Vegas Grand Prix,SAI,2,HARD,-0.12263859649122796,3.5289333333333333,19,4.0,22.0
2023,Las Vegas Grand Prix,SAI,3,HARD,-0.15842800677583294,3.6423235460192065,22,3.0,24.0
2023,Las Vegas Grand Prix,SAR,1,MEDIUM,-0.1491785714285707,2.8412499999999916,8,7.0,14.0
2023,Las Vegas Grand Prix,SAR,2,HARD,-0.03778590809251039,1.9238465265515339,30,2.0,35.0
2023,Las Vegas Grand Prix,STR,2,HARD,-0.158361591000402,3.366481920449989,18,5.0,23.0
2023,Las Vegas Grand Prix,STR,3,HARD,-0.11191360813099972,2.429879164313947,22,3.0,24.0
2023,Las Vegas Grand Prix,TSU,2,MEDIUM,0.11590000000000063,-0.2715111111111106,9,2.0,10.0
2023,Las Vegas Grand Prix,TSU,3,HARD,-0.1789002393060124,4.581689201316175,21,2.0,25.0
2023,Las Vegas Grand Prix,VER,1,MEDIUM,-0.18938333333333277,2.7457722222222127,9,7.0,15.0
2023,Las Vegas Grand Prix,VER,2,HARD,0.00900000000000021,0.5945000000000027,8,2.0,9.0
2023,Las Vegas Grand Prix,VER,3,HARD,-0.08764426877470338,2.2227430830039467,22,3.0,24.0
2023,Las Vegas Grand Prix,ZHO,1,HARD,-0.026947368421052827,1.7077894736842187,19,7.0,25.0
2023,Las Vegas Grand Prix,ZHO,2,MEDIUM,0.012419536984754205,1.2173817052512732,22,3.0,24.0
2023,Mexico City Grand Prix,ALB,1,HARD,0.02100181619467032,0.584691696936582,29,2.0,32.0
2023,Mexico City Grand Prix,ALB,3,MEDIUM,-0.02849691876750698,1.2689781512605063,35,4.0,38.0
2023,Mexico City Grand Prix,ALO,1,MEDIUM,-0.00284998856620158,0.8239538074548403,25,3.0,29.0
2023,Mexico City Grand Prix,ALO,3,HARD,-0.08510909090909154,1.8884727272727309,10,9.0,18.0
2023,Mexico City Grand Prix,BOT,1,MEDIUM,0.027638161524423797,0.8232087594958156,27,2.0,30.0
2023,Mexico City Grand Prix,BOT,3,HARD,0.053527450980392056,-0.11053137254901459,35,6.0,40.0
2023,Mexico City Grand Prix,GAS,1,MEDIUM,0.013717325227963578,0.7332462006078969,25,2.0,27.0
2023,Mexico City Grand Prix,GAS,3,HARD,-0.0001574229691878279,0.6694072829131645,35,9.0,43.0
2023,Mexico City Grand Prix,HAM,1,MEDIUM,0.019355513307984715,0.48238149556400756,21,2.0,23.0
2023,Mexico City Grand Prix,HAM,2,HARD,0.01739285714285647,0.39389285714285455,7,2.0,8.0
2023,Mexico City Grand Prix,HAM,3,MEDIUM,-0.00045966386554616883,1.2598890756302474,35,7.0,41.0
2023,Mexico City Grand Prix,HUL,1,MEDIUM,0.028263934312156114,0.783790411244873,20,2.0,22.0
2023,Mexico City Grand Prix,HUL,2,HARD,-0.01091666666666661,0.746916666666674,8,2.0,9.0
2023,Mexico City Grand Prix,HUL,3,MEDIUM,0.06687058823529421,-0.2240117647058775,35,3.0,37.0
2023,Mexico City Grand Prix,LEC,1,MEDIUM,0.006617145750126605,0.36420464645328327,28,2.0,30.0
2023,Mexico City Grand Prix,LEC,3,HARD,-0.005876470588235053,0.6623588235294126,35,6.0,40.0
2023,Mexico City Grand Prix,MAG,1,MEDIUM,0.04624114863762477,0.5838105726872145,19,2.0,22.0
2023,Mexico City Grand Prix,MAG,2,HARD,0.39959627329192576,-0.8028819875776433,6,2.0,8.0
2023,Mexico City Grand Prix,NOR,1,SOFT,-0.1201250000000002,1.8783750000000048,7,2.0,10.0
2023,Mexico City Grand Prix,NOR,2,HARD,0.023362406015037723,0.3778323308270721,20,2.0,21.0
2023,Mexico City Grand Prix,NOR,4,MEDIUM,-0.033476190476190375,1.6829999999999952,35,4.0,38.0
2023,Mexico City Grand Prix,OCO,1,HARD,0.005403898592379493,1.11309661728941,28,2.0,31.0
2023,Mexico City Grand Prix,OCO,2,MEDIUM,-0.009235854341736682,1.0330313725490194,35,3.0,37.0
2023,Mexico City Grand Prix,PIA,1,MEDIUM,0.033425452096960344,0.4411780492497163,22,2.0,24.0
2023,Mexico City Grand Prix,PIA,2,HARD,-0.015742857142856774,0.33000952380952336,6,2.0,7.0
2023,Mexico City Grand Prix,PIA,3,MEDIUM,-0.00773529411764704,0.737968907563019,35,6.0,40.0
2023,Mexico City Grand Prix,RIC,1,MEDIUM,0.02796277634961461,0.4611184233076221,24,2.0,26.0
2023,Mexico City Grand Prix,RIC,3,HARD,0.010258543417366896,0.3392764705882351,35,10.0,44.0
2023,Mexico City Grand Prix,RUS,1,MEDIUM,0.01626154565152746,0.6327614394357768,22,2.0,25.0
2023,Mexico City Grand Prix,RUS,3,MEDIUM,0.024748739495798328,-0.09111848739495897,35,8.0,42.0
2023,Mexico City Grand Prix,SAI,1,MEDIUM,0.021551800635953605,0.30348953634549136,26,2.0,29.0
2023,Mexico City Grand Prix,SAI,3,HARD,-0.012601680672268979,0.6918974789915954,35,7.0,41.0
2023,Mexico City Grand Prix,SAR,1,MEDIUM,0.007411858814118688,0.7867766223377629,18,2.0,21.0
2023,Mexico City Grand Prix,SAR,2,HARD,0.3427976190476196,-0.515761904761908,8,2.0,9.0
2023,Mexico City Grand Prix,SAR,3,MEDIUM,0.015819566257375118,0.5508882953277067,32,3.0,36.0
2023,Mexico City Grand Prix,STR,1,MEDIUM,-0.005062584432490831,0.9240855991943592,26,3.0,30.0
2023,Mexico City Grand Prix,STR,3,HARD,0.011528078817734112,0.42824433497536235,29,8.0,36.0
2023,Mexico City Grand Prix,TSU,2,HARD,0.08809486166007902,0.39081422924900905,22,2.0,23.0
2023,Mexico City Grand Prix,TSU,3,HARD,0.0500727701939855,0.017561668206230313,33,3.0,37.0
2023,Mexico City Grand Prix,VER,1,MEDIUM,0.011418318859577599,0.2523735867606024,16,2.0,18.0
2023,Mexico City Grand Prix,VER,2,HARD,0.031968531468531305,0.4601526806526782,12,2.0,13.0
2023,Mexico City Grand Prix,VER,4,HARD,0.013243977591036368,0.3149336134453752,35,4.0,38.0
2023,Mexico City Grand Prix,ZHO,1,MEDIUM,0.05561750866765743,0.43632342743932984,17,2.0,20.0
2023,Mexico City Grand Prix,ZHO,2,HARD,0.2115666666666667,-0.2742888888888892,9,2.0,10.0
2023,Mexico City Grand Prix,ZHO,3,HARD,-0.01596694677871141,1.2450806722689105,35,16.0,50.0
2023,Miami Grand Prix,ALB,1,MEDIUM,-0.021808270676691773,0.8637451127819539,20,2.0,21.0
2023,Miami Grand Prix,ALB,2,HARD,-0.005256428031909939,0.6880059494862715,32,2.0,35.0
2023,Miami Grand Prix,ALO,1,MEDIUM,-0.052390739695087285,1.4205477131563984,22,3.0,24.0
2023,Miami Grand Prix,ALO,2,HARD,-0.03626044721407624,1.9462245234604056,32,3.0,34.0
2023,Miami Grand Prix,BOT,1,MEDIUM,-0.11597802197802216,1.6872857142857207,13,2.0,14.0
2023,Miami Grand Prix,BOT,2,HARD,-0.020741463414634103,1.2920195121951263,41,2.0,42.0
2023,Miami Grand Prix,DEV,1,MEDIUM,-0.09814285714285675,1.2336813186813114,13,2.0,14.0
2023,Miami Grand Prix,DEV,2,HARD,-0.03994216027874557,2.132312891986062,41,2.0,42.0
2023,Miami Grand Prix,GAS,1,MEDIUM,-0.009060439560439879,0.5546373626373687,13,2.0,14.0
2023,Miami Grand Prix,GAS,2,HARD,-0.014292857142857215,0.820003832752611,41,2.0,42.0
2023,Miami Grand Prix,HAM,1,HARD,-0.04881372549019611,1.8154322128851577,35,2.0,36.0
2023,Miami Grand Prix,HAM,2,MEDIUM,-0.026115789473684443,1.006168421052636,19,2.0,20.0
2023,Miami Grand Prix,HUL,1,HARD,-0.03843870967741929,1.6485870967741891,31,2.0,32.0
2023,Miami Grand Prix,HUL,2,MEDIUM,0.03701976284584964,0.8358300395256956,23,2.0,24.0
2023,Miami Grand Prix,LEC,1,MEDIUM,-0.07466071428571455,1.5076797619047602,15,2.0,16.0
2023,Miami Grand Prix,LEC,2,HARD,-0.033364170040485835,1.5558014170040508,39,2.0,40.0
2023,Miami Grand Prix,MAG,1,MEDIUM,-0.05988811188811167,1.0098275058275086,12,2.0,13.0
2023,Miami Grand Prix,MAG,2,HARD,-0.017768746836644308,1.317178587245348,41,2.0,43.0
2023,Miami Grand Prix,NOR,2,HARD,-0.009436865021770744,0.9229368650217756,52,2.0,53.0
2023,Miami Grand Prix,OCO,1,HARD,-0.03135172759766719,1.6279311051190402,36,2.0,38.0
2023,Miami Grand Prix,OCO,2,MEDIUM,-0.02432352941176464,0.813058823529411,17,2.0,18.0
2023,Miami Grand Prix,PER,1,MEDIUM,-0.060088751289989376,1.6053763329893347,18,2.0,19.0
2023,Miami Grand Prix,PER,2,HARD,-0.022654182754182732,1.2905621192621155,36,2.0,37.0
2023,Miami Grand Prix,PIA,2,HARD,-0.023843361344537874,2.2962890756302525,50,2.0,51.0
2023,Miami Grand Prix,RUS,1,MEDIUM,-0.08107499999999983,1.3805416666666699,15,2.0,16.0
2023,Miami Grand Prix,RUS,2,HARD,-0.04337429149797584,1.8788344804318515,39,2.0,40.0
2023,Miami Grand Prix,SAI,1,MEDIUM,-0.05882352941176441,1.2608235294117596,16,2.0,17.0
2023,Miami Grand Prix,SAI,2,HARD,-0.036337650814068465,1.5378639249175265,37,2.0,39.0
2023,Miami Grand Prix,SAR,2,HARD,-0.014228601239643807,1.39728709615313,52,2.0,54.0
2023,Miami Grand Prix,STR,1,HARD,-0.04871864235543154,2.1668012652747093,39,3.0,42.0
2023,Miami Grand Prix,STR,2,MEDIUM,-0.02646153846153874,0.7939560439560507,14,3.0,16.0
2023,Miami Grand Prix,TSU,1,HARD,-0.04542123758594343,1.9862928953399575,34,2.0,35.0
2023,Miami Grand Prix,TSU,2,MEDIUM,-0.051754887218045394,1.4043812030075242,20,2.0,21.0
2023,Miami Grand Prix,VER,1,HARD,-0.053630172153427996,2.303493959528844,43,2.0,44.0
2023,Miami Grand Prix,VER,2,MEDIUM,-0.09678181818181825,1.518927272727276,11,2.0,12.0
2023,Miami Grand Prix,ZHO,1,HARD,-0.013521182266009752,1.0116492610837493,29,2.0,30.0
2023,Miami Grand Prix,ZHO,2,MEDIUM,-0.008194615384615437,0.502204615384612,25,2.0,26.0
2023,Monaco Grand Prix,ALB,1,MEDIUM,0.004105719237434705,1.0577677642980918,15,2.0,17.0
2023,Monaco Grand Prix,ALB,2,HARD,0.06885564516129032,0.8311314516129058,31,2.0,32.0
2023,Monaco Grand Prix,ALB,3,INTERMEDIATE,-0.81109435659502,19.68891757409337,21,2.0,25.0
2023,Monaco Grand Prix,ALO,1,HARD,0.003309140271493257,0.9877166214177899,51,3.0,53.0
2023,Monaco Grand Prix,ALO,3,INTERMEDIATE,-0.9359922077922076,21.27551774891776,21,3.0,23.0
2023,Monaco Grand Prix,BOT,1,HARD,-0.02361877551020414,2.0928432653061253,49,2.0,50.0
2023,Monaco Grand Prix,BOT,2,INTERMEDIATE,-0.6976753846153853,20.686615384615397,25,2.0,26.0
2023,Monaco Grand Prix,DEV,1,MEDIUM,-0.0008420814479637949,1.9710891402714856,51,2.0,52.0
2023,Monaco Grand Prix,DEV,2,INTERMEDIATE,-1.0050223325062035,23.04806265508686,20,3.0,24.0
2023,Monaco Grand Prix,GAS,1,HARD,-0.04891791831357041,2.4010078173034684,45,2.0,46.0
2023,Monaco Grand Prix,GAS,3,INTERMEDIATE,-0.9401928420484698,21.71847025763232,22,2.0,24.0
2023,Monaco Grand Prix,HAM,1,MEDIUM,-0.07738029556650239,2.2200847290640353,29,2.0,30.0
2023,Monaco Grand Prix,HAM,2,HARD,0.29358311688311656,-0.928854545454547,21,2.0,22.0
2023,Monaco Grand Prix,HAM,3,INTERMEDIATE,-0.9995919584455563,23.022592535590633,22,2.0,24.0
2023,Monaco Grand Prix,HUL,2,HARD,0.06481183673469386,0.7087742857142868,49,3.0,51.0
2023,Monaco Grand Prix,HUL,4,WET,-0.42866617647058763,9.696016176470575,16,2.0,17.0
2023,Monaco Grand Prix,LEC,1,HARD,-0.04672611619803917,2.0906947573130257,42,2.0,43.0
2023,Monaco Grand Prix,LEC,2,MEDIUM,2.3964833333333333,-8.975788888888887,9,2.0,10.0
2023,Monaco Grand Prix,LEC,3,INTERMEDIATE,-0.9630248447204977,20.915310559006215,22,2.0,23.0
2023,Monaco Grand Prix,MAG,1,HARD,0.020106082829694595,0.8296636051574667,49,2.0,52.0
2023,Monaco Grand Prix,MAG,2,WET,-0.05894755244755273,3.4803041958041914,12,3.0,14.0
2023,Monaco Grand Prix,NOR,1,MEDIUM,-0.040699305254016514,1.9662072839774256,48,2.0,49.0
2023,Monaco Grand Prix,NOR,3,INTERMEDIATE,-0.9324229593569575,20.05846552700102,21,2.0,23.0
2023,Monaco Grand Prix,OCO,1,MEDIUM,-0.08036897463824462,2.5817442663762176,29,2.0,31.0
2023,Monaco Grand Prix,OCO,2,HARD,0.2555185880250224,-1.480152815013408,19,2.0,21.0
2023,Monaco Grand Prix,OCO,3,INTERMEDIATE,-1.0034525779145826,23.471638995767616,22,2.0,24.0
2023,Monaco Grand Prix,PER,2,HARD,0.09567215627304403,1.1758312777432323,30,2.0,32.0
2023,Monaco Grand Prix,PER,3,MEDIUM,0.38387058823529396,-2.19226617647058,16,3.0,18.0
2023,Monaco Grand Prix,PER,5,WET,-0.6636121212121214,7.3228909090909085,10,3.0,12.0
2023,Monaco Grand Prix,PIA,1,HARD,0.037035772218902106,0.9939778024417258,52,2.0,53.0
2023,Monaco Grand Prix,PIA,2,INTERMEDIATE,-1.0277241494701617,22.54838438371445,21,2.0,23.0
2023,Monaco Grand Prix,RUS,1,HARD,-0.0005201912405020135,1.5999591052676496,52,2.0,53.0
2023,Monaco Grand Prix,RUS,2,INTERMEDIATE,-0.9032203557312256,21.244038537549404,23,2.0,24.0
2023,Monaco Grand Prix,SAI,1,HARD,-0.0778215162927786,2.357263413569119,30,2.0,32.0
2023,Monaco Grand Prix,SAI,2,MEDIUM,0.2598856700574969,-1.3503487394957978,18,2.0,20.0
2023,Monaco Grand Prix,SAI,3,INTERMEDIATE,-0.9634522868435915,21.15842631281762,22,2.0,23.0
2023,Monaco Grand Prix,SAR,1,MEDIUM,0.1373312693498454,0.009355005159953227,18,2.0,19.0
2023,Monaco Grand Prix,SAR,3,SOFT,0.2414957264957265,-1.5543618233618315,27,2.0,28.0
2023,Monaco Grand Prix,SAR,4,INTERMEDIATE,-0.7524705331054637,19.228343403715755,20,2.0,24.0
2023,Monaco Grand Prix,STR,1,HARD,-0.022168469387755123,2.194813979591833,49,3.0,51.0
2023,Monaco Grand Prix,TSU,1,MEDIUM,0.011789592760181022,1.040367269984909,51,2.0,52.0
2023,Monaco Grand Prix,TSU,2,INTERMEDIATE,-0.7713997182793363,20.00561555964893,21,2.0,23.0
2023,Monaco Grand Prix,VER,1,MEDIUM,0.03296858191752746,0.26467168957568765,52,2.0,53.0
2023,Monaco Grand Prix,VER,2,INTERMEDIATE,-0.9844268774703561,21.09442687747037,22,2.0,23.0
2023,Monaco Grand Prix,ZHO,2,HARD,0.021101416804566477,1.5106742836955904,47,2.0,49.0
2023,Monaco Grand Prix,ZHO,3,INTERMEDIATE,-0.9114751722399589,22.838849143001156,23,2.0,25.0
2023,Qatar Grand Prix,ALB,1,MEDIUM,-0.28703819095477356,4.736507537688439,11,5.0,17.0
2023,Qatar Grand Prix,ALB,2,MEDIUM,-0.13448917748917824,1.6569199134199153,10,2.0,12.0
2023,Qatar Grand Prix,ALB,3,HARD,-0.0902363636363642,1.1578363636363662,11,2.0,12.0
2023,Qatar Grand Prix,ALB,4,HARD,-0.01840909090909056,0.6456363636363619,11,3.0,13.0
2023,Qatar Grand Prix,ALO,2,MEDIUM,-0.13274953095684824,2.537952157598501,12,7.0,19.0
2023,Qatar Grand Prix,ALO,3,HARD,-0.0443400000000004,0.8684200000000035,15,2.0,17.0
2023,Qatar Grand Prix,ALO,4,MEDIUM,-0.05928321678321636,0.7663741258741207,12,2.0,13.0
2023,Qatar Grand Prix,BOT,2,MEDIUM,-0.15901591895803183,2.736081041968159,13,2.0,17.0
2023,Qatar Grand Prix,BOT,3,HARD,0.034997058823529686,0.3736529411764656,16,2.0,17.0
2023,Qatar Grand Prix,BOT,4,HARD,-0.03449509803921555,0.8425049019607819,17,3.0,19.0
2023,Qatar Grand Prix,GAS,2,MEDIUM,-0.021208998548621558,1.0134358974359043,12,7.0,19.0
2023,Qatar Grand Prix,GAS,3,HARD,-0.01092307692307712,1.0226923076923087,13,3.0,15.0
2023,Qatar Grand Prix,GAS,4,MEDIUM,-0.0478425135764165,1.0975818463925564,10,2.0,13.0
2023,Qatar Grand Prix,HUL,1,MEDIUM,-0.23217857142857098,4.409392857142842,8,12.0,19.0
2023,Qatar Grand Prix,HUL,2,HARD,-0.01663484646194982,0.6200874499332495,11,2.0,13.0
2023,Qatar Grand Prix,HUL,3,MEDIUM,0.12940606060606108,-0.9207757575757578,10,8.0,17.0
2023,Qatar Grand Prix,HUL,4,HARD,-0.016210714285714304,1.220029761904759,15,2.0,16.0
2023,Qatar Grand Prix,LAW,2,HARD,-0.1514298974108457,2.8437166585246754,13,2.0,17.0
2023,Qatar Grand Prix,LAW,3,HARD,-0.05790294117647047,1.2974529411764701,16,2.0,17.0
2023,Qatar Grand Prix,LAW,4,MEDIUM,-0.13114264705882392,2.770667647058825,16,2.0,17.0
2023,Qatar Grand Prix,LEC,1,MEDIUM,-0.20578571428571385,3.837571428571419,7,13.0,19.0
2023,Qatar Grand Prix,LEC,2,MEDIUM,-0.12671625344352605,2.687099173553719,10,9.0,19.0
2023,Qatar Grand Prix,LEC,3,HARD,-0.09076764705882334,1.4881676470588157,16,2.0,17.0
2023,Qatar Grand Prix,LEC,4,MEDIUM,0.04242857142857168,0.8907252747252689,13,2.0,14.0
2023,Qatar Grand Prix,MAG,2,MEDIUM,-0.07041428571428551,2.080542857142857,15,3.0,17.0
2023,Qatar Grand Prix,MAG,3,HARD,-0.08246911764705905,1.4933941176470582,16,2.0,17.0
2023,Qatar Grand Prix,MAG,4,HARD,0.05299705882352913,0.14640294117648095,16,2.0,17.0
2023,Qatar Grand Prix,NOR,1,MEDIUM,-0.36663095238095317,6.8271547619047785,8,12.0,19.0
2023,Qatar Grand Prix,NOR,2,MEDIUM,-0.18940209790209875,3.533511655011666,12,8.0,19.0
2023,Qatar Grand Prix,NOR,3,MEDIUM,-0.018865680473372417,0.7811621301775102,14,2.0,16.0
2023,Qatar Grand Prix,NOR,4,HARD,0.03625937904269096,0.027382923673996935,11,2.0,13.0
2023,Qatar Grand Prix,OCO,2,MEDIUM,-0.07009890109890125,1.625593406593406,13,7.0,19.0
2023,Qatar Grand Prix,OCO,3,HARD,-0.09008235294117663,1.9746573529411746,16,2.0,17.0
2023,Qatar Grand Prix,OCO,4,MEDIUM,0.0774395604395603,-0.0072087912087891014,13,2.0,14.0
2023,Qatar Grand Prix,PER,1,HARD,-0.36727068723702716,6.1963015427770065,11,5.0,16.0
2023,Qatar Grand Prix,PER,2,MEDIUM,-0.04297658862876234,0.922785953177251,9,8.0,19.0
2023,Qatar Grand Prix,PER,3,MEDIUM,-0.08551666666666745,1.6671000000000087,9,8.0,17.0
2023,Qatar Grand Prix,PER,4,MEDIUM,-0.050004048582995446,1.2716143724696332,12,2.0,14.0
2023,Qatar Grand Prix,PIA,1,MEDIUM,-0.04935714285714357,1.099714285714292,7,11.0,17.0
2023,Qatar Grand Prix,PIA,2,MEDIUM,-0.16872285714285756,3.0793142857142897,8,9.0,19.0
2023,Qatar Grand Prix,PIA,3,MEDIUM,-0.057370588235294145,1.018770588235301,16,2.0,17.0
2023,Qatar Grand Prix,PIA,4,HARD,0.01303846153846141,0.26269230769230234,13,2.0,14.0
2023,Qatar Grand Prix,RUS,2,MEDIUM,-0.4880517241379311,9.43091871921182,7,11.0,19.0
2023,Qatar Grand Prix,RUS,3,MEDIUM,-0.17916176470588227,3.104911764705875,16,2.0,17.0
2023,Qatar Grand Prix,RUS,4,HARD,-0.01365882352941178,0.5365088235294142,16,2.0,17.0
2023,Qatar Grand Prix,SAR,1,MEDIUM,-0.2951609589041093,3.3419280821917847,7,5.0,12.0
2023,Qatar Grand Prix,SAR,2,MEDIUM,0.03446363636363643,0.24575454545455003,11,2.0,12.0
2023,Qatar Grand Prix,SAR,3,HARD,0.07760526315789495,0.1755263157894689,11,2.0,13.0
2023,Qatar Grand Prix,STR,2,MEDIUM,-0.1681714285714282,2.7564095238095163,15,2.0,16.0
2023,Qatar Grand Prix,STR,3,HARD,0.027953422876949498,0.3190920710571919,15,2.0,17.0
2023,Qatar Grand Prix,STR,4,MEDIUM,-0.042686588235294295,1.1675496470588222,16,2.0,18.0
2023,Qatar Grand Prix,TSU,2,MEDIUM,0.026581818181817856,0.3350181818181866,11,2.0,12.0
2023,Qatar Grand Prix,TSU,3,HARD,0.031737999999999676,0.11086599999999659,15,2.0,17.0
2023,Qatar Grand Prix,TSU,4,HARD,0.0851999999999999,-0.1498666666666713,15,2.0,16.0
2023,Qatar Grand Prix,VER,1,MEDIUM,-0.12090209790209747,2.9400116550116486,12,8.0,19.0
2023,Qatar Grand Prix,VER,2,MEDIUM,-0.1309642857142854,2.6703714285714244,15,5.0,19.0
2023,Qatar Grand Prix,VER,3,HARD,0.000975000000000054,0.41682500000000344,15,2.0,16.0
2023,Qatar Grand Prix,ZHO,1,MEDIUM,-0.20151122019635306,3.2743527349228554,11,6.0,17.0
2023,Qatar Grand Prix,ZHO,2,HARD,-0.056528571428571886,1.32555714285715,15,2.0,16.0
2023,Qatar Grand Prix,ZHO,3,HARD,-0.07222499999999989,1.0872916666666594,15,2.0,16.0
2023,Saudi Arabian Grand Prix,ALB,1,MEDIUM,-0.10441793478260851,1.8655951086956493,14,2.0,16.0
2023,Saudi Arabian Grand Prix,ALO,1,MEDIUM,-0.050126470588235064,1.0045764705882367,16,2.0,17.0
2023,Saudi Arabian Grand Prix,ALO,2,HARD,-0.07947675194660735,2.7911865776789067,30,4.0,33.0
2023,Saudi Arabian Grand Prix,BOT,1,MEDIUM,0.06596428571428588,0.7088928571428653,7,2.0,8.0
2023,Saudi Arabian Grand Prix,BOT,2,HARD,0.010942857142856595,0.2335904761904744,6,2.0,7.0
2023,Saudi Arabian Grand Prix,BOT,3,MEDIUM,-0.1908285714285717,2.8941999999999997,14,4.0,17.0
2023,Saudi Arabian Grand Prix,BOT,4,SOFT,0.07363186813186842,0.627791208791208,13,2.0,14.0
2023,Saudi Arabian Grand Prix,DEV,1,MEDIUM,-0.1690214285714288,2.437192857142861,15,2.0,16.0
2023,Saudi Arabian Grand Prix,DEV,2,HARD,-0.110013125695217,3.7322094920281863,30,4.0,33.0
2023,Saudi Arabian Grand Prix,GAS,1,MEDIUM,-0.027216783216782666,0.7099592074592004,12,2.0,13.0
2023,Saudi Arabian Grand Prix,GAS,2,HARD,-0.08743036507153437,3.0580789097188013,31,2.0,36.0
2023,Saudi Arabian Grand Prix,HAM,1,HARD,-0.08579264705882383,1.834467647058829,16,2.0,17.0
2023,Saudi Arabian Grand Prix,HAM,2,MEDIUM,-0.0775098998887652,2.2831899147200554,30,3.0,32.0
2023,Saudi Arabian Grand Prix,HUL,1,MEDIUM,-0.1713558897243112,1.5557518796992496,8,2.0,10.0
2023,Saudi Arabian Grand Prix,HUL,2,HARD,-0.07895962318057223,3.1803164047720163,34,2.0,39.0
2023,Saudi Arabian Grand Prix,LEC,1,SOFT,-0.11434505494505504,1.980432967032972,14,2.0,15.0
2023,Saudi Arabian Grand Prix,LEC,2,HARD,-0.06854390212408817,2.5475114920266044,28,5.0,34.0
2023,Saudi Arabian Grand Prix,MAG,2,HARD,-0.05824513927249074,3.0156984079237446,36,2.0,42.0
2023,Saudi Arabian Grand Prix,NOR,2,HARD,0.028076923076923135,0.3517692307692334,13,2.0,14.0
2023,Saudi Arabian Grand Prix,NOR,3,MEDIUM,-0.07036696497454102,2.602271624749267,29,2.0,31.0
2023,Saudi Arabian Grand Prix,OCO,1,MEDIUM,0.025527472527472565,0.2320879120879132,14,2.0,15.0
2023,Saudi Arabian Grand Prix,OCO,2,HARD,-0.08093414905450522,2.8941825732295237,30,5.0,34.0
2023,Saudi Arabian Grand Prix,PER,1,MEDIUM,-0.08816617647058823,1.4043911764705888,16,2.0,17.0
2023,Saudi Arabian Grand Prix,PER,2,HARD,-0.02401101213331283,1.1297093841191814,29,3.0,32.0
2023,Saudi Arabian Grand Prix,PIA,2,HARD,-0.03267711143168185,2.223394137489068,43,2.0,49.0
2023,Saudi Arabian Grand Prix,RUS,1,MEDIUM,-0.05142058823529421,0.9153705882352999,16,2.0,17.0
2023,Saudi Arabian Grand Prix,RUS,2,HARD,-0.08679822024471623,2.8101688542825265,30,3.0,32.0
2023,Saudi Arabian Grand Prix,SAI,1,MEDIUM,-0.02610439560439541,0.8600659340659277,13,2.0,14.0
2023,Saudi Arabian Grand Prix,SAI,2,HARD,-0.09393481646273645,3.1412970708194297,30,6.0,35.0
2023,Saudi Arabian Grand Prix,SAR,1,HARD,-0.1411282608695653,2.1881195652173875,14,2.0,16.0
2023,Saudi Arabian Grand Prix,SAR,2,MEDIUM,-0.053553058954393794,2.065811865035231,30,3.0,32.0
2023,Saudi Arabian Grand Prix,STR,1,MEDIUM,-0.018581818181818643,0.5781818181818208,10,2.0,11.0
2023,Saudi Arabian Grand Prix,TSU,1,MEDIUM,-0.13887857142857155,2.089507142857145,15,2.0,16.0
2023,Saudi Arabian Grand Prix,TSU,2,HARD,-0.07818375973303672,2.5556662217278485,30,4.0,33.0
2023,Saudi Arabian Grand Prix,VER,1,MEDIUM,-0.1985502512562814,3.5316591289782173,15,2.0,17.0
2023,Saudi Arabian Grand Prix,VER,2,HARD,-0.04737754569190589,1.969484073107042,29,3.0,32.0
2023,Saudi Arabian Grand Prix,ZHO,1,MEDIUM,0.014450000000000136,0.409744444444444,9,2.0,10.0
2023,Saudi Arabian Grand Prix,ZHO,3,MEDIUM,-0.0894794339306649,2.875475347512976,29,3.0,32.0
2023,São Paulo Grand Prix,ALO,3,SOFT,0.04205714285714285,-0.10718571428571205,20,6.0,25.0
2023,São Paulo Grand Prix,ALO,4,MEDIUM,-0.013939097744361067,0.4386496240601582,20,2.0,21.0
2023,São Paulo Grand Prix,ALO,5,SOFT,-0.0044940711462451224,0.5683794466403231,23,2.0,24.0
2023,São Paulo Grand Prix,BOT,3,SOFT,-0.10797802197802207,1.8260989010989008,14,2.0,15.0
2023,São Paulo Grand Prix,BOT,4,MEDIUM,0.07858421052631594,0.31057368421053005,19,2.0,20.0
2023,São Paulo Grand Prix,GAS,3,SOFT,-0.0033060417843026493,0.9571981931112404,22,5.0,26.0
2023,São Paulo Grand Prix,GAS,4,MEDIUM,0.06928173374612989,0.13698624011007726,18,2.0,19.0
2023,São Paulo Grand Prix,GAS,5,SOFT,0.020456956521739088,0.21820608695652163,24,2.0,25.0
2023,São Paulo Grand Prix,HAM,3,SOFT,0.06425824175824198,-0.4084835164835237,13,6.0,18.0
2023,São Paulo Grand Prix,HAM,4,MEDIUM,0.00624649572649568,0.9339258119658068,26,2.0,27.0
2023,São Paulo Grand Prix,HAM,5,SOFT,-0.005819999999999866,0.7532799999999936,24,5.0,28.0
2023,São Paulo Grand Prix,HUL,3,SOFT,0.02067647058823528,1.1274411764705918,17,5.0,21.0
2023,São Paulo Grand Prix,HUL,4,SOFT,0.01777766798418976,0.8220355731225322,23,5.0,27.0
2023,São Paulo Grand Prix,HUL,5,SOFT,-0.07491205533596834,1.9349841897233173,23,5.0,27.0
2023,São Paulo Grand Prix,NOR,3,SOFT,0.019412196499153177,1.030162619988707,22,3.0,24.0
2023,São Paulo Grand Prix,NOR,4,MEDIUM,0.012638264738598477,0.3932352984797933,30,2.0,31.0
2023,São Paulo Grand Prix,NOR,5,SOFT,0.07132727272727234,0.31736363636363774,11,5.0,15.0
2023,São Paulo Grand Prix,OCO,3,SOFT,-0.1950727272727276,2.868290909090919,10,5.0,14.0
2023,São Paulo Grand Prix,OCO,4,MEDIUM,0.05151428571428598,0.36450476190476516,15,2.0,16.0
2023,São Paulo Grand Prix,OCO,5,SOFT,0.0868978328173374,-0.4830096319229415,18,5.0,22.0
2023,São Paulo Grand Prix,OCO,6,SOFT,0.07772342621259014,0.19668180254557802,18,2.0,19.0
2023,São Paulo Grand Prix,PER,3,SOFT,0.03702857142857129,0.057228571428575854,15,6.0,20.0
2023,São Paulo Grand Prix,PER,4,MEDIUM,0.0167382608695653,0.27711681159420815,24,2.0,25.0
2023,São Paulo Grand Prix,PER,5,SOFT,0.008546956521738983,0.5629752173913134,24,5.0,28.0
2023,São Paulo Grand Prix,PIA,3,MEDIUM,0.018763909774436163,0.4263511278195428,20,3.0,22.0
2023,São Paulo Grand Prix,PIA,4,SOFT,0.018684444444444417,0.3304068376068313,26,5.0,30.0
2023,São Paulo Grand Prix,PIA,5,SOFT,-0.047527941176470315,1.4592176470588172,16,7.0,22.0
2023,São Paulo Grand Prix,RIC,3,SOFT,0.023658949745906162,0.2604455110107335,22,6.0,27.0
2023,São Paulo Grand Prix,RIC,4,MEDIUM,0.013299755799755975,0.45587403337403404,27,2.0,28.0
2023,São Paulo Grand Prix,RIC,5,SOFT,-0.011764835164835025,1.0676439560439541,14,2.0,15.0
2023,São Paulo Grand Prix,RUS,3,SOFT,0.07624835164835127,-0.3764615384615305,14,6.0,19.0
2023,São Paulo Grand Prix,RUS,4,MEDIUM,0.027172173913043537,0.7028423188405799,24,2.0,25.0
2023,São Paulo Grand Prix,RUS,5,SOFT,-0.1946545454545463,2.696818181818194,10,5.0,14.0
2023,São Paulo Grand Prix,SAI,3,SOFT,0.028407792207792184,0.11087705627705362,21,7.0,27.0
2023,São Paulo Grand Prix,SAI,4,MEDIUM,0.03720059288537538,0.1027401185770746,23,2.0,24.0
2023,São Paulo Grand Prix,SAI,5,SOFT,0.0026368421052632937,0.39139999999999303,19,5.0,23.0
2023,São Paulo Grand Prix,SAR,3,SOFT,-0.12205494505494535,1.938131868131869,13,2.0,14.0
2023,São Paulo Grand Prix,SAR,4,SOFT,0.04586461538461523,0.15409538461538802,25,2.0,26.0
2023,São Paulo Grand Prix,SAR,5,SOFT,0.01103999999999971,0.2559200000000047,25,2.0,26.0
2023,São Paulo Grand Prix,STR,3,SOFT,0.05520588235294134,-0.18858823529411567,17,6.0,22.0
2023,São Paulo Grand Prix,STR,4,MEDIUM,0.019742200328407032,0.1579244663382651,28,2.0,29.0
2023,São Paulo Grand Prix,STR,5,SOFT,-0.017138286893704936,0.639395252837973,18,4.0,21.0
2023,São Paulo Grand Prix,TSU,3,SOFT,-0.0486809712027106,1.4252394127611505,22,2.0,23.0
2023,São Paulo Grand Prix,TSU,4,MEDIUM,0.021810134310134267,0.13284798534798117,27,2.0,28.0
2023,São Paulo Grand Prix,TSU,5,SOFT,0.00082500000000022,0.6666333333333351,15,5.0,19.0
2023,São Paulo Grand Prix,VER,3,SOFT,0.026136645962732897,0.12365443252400213,22,6.0,27.0
2023,São Paulo Grand Prix,VER,4,MEDIUM,0.0014859584859584923,0.6170069190069165,27,2.0,28.0
2023,São Paulo Grand Prix,VER,5,SOFT,-0.052465934065934056,1.0405318681318714,14,2.0,15.0
2023,São Paulo Grand Prix,ZHO,3,SOFT,-0.20076363636363695,2.3368909090909176,11,2.0,12.0
2023,Singapore Grand Prix,ALB,1,MEDIUM,-0.07635190918472662,1.6084172686618525,18,2.0,19.0
2023,Singapore Grand Prix,ALB,2,HARD,-0.06737218045112789,1.5671022556391034,20,3.0,22.0
2023,Singapore Grand Prix,ALB,3,MEDIUM,0.1399136828644505,0.026740409207160372,16,3.0,19.0
2023,Singapore Grand Prix,ALO,1,MEDIUM,-0.08037874097007215,1.3911434468524262,18,2.0,19.0
2023,Singapore Grand Prix,ALO,2,HARD,-0.05183139628732852,2.1080192897498025,19,3.0,22.0
2023,Singapore Grand Prix,ALO,3,SOFT,-0.10070588235294155,4.538823529411765,17,4.0,20.0
2023,Singapore Grand Prix,BOT,1,HARD,-0.00136495989589211,0.9696946081559584,35,2.0,39.0
2023,Singapore Grand Prix,BOT,2,MEDIUM,-0.06741596638655402,0.9693907563025128,8,2.0,11.0
2023,Singapore Grand Prix,GAS,1,MEDIUM,-0.05698513719512172,1.2173105945121925,17,2.0,19.0
2023,Singapore Grand Prix,GAS,2,HARD,-0.06082618126034967,3.310407515772148,37,3.0,42.0
2023,Singapore Grand Prix,HAM,1,MEDIUM,-0.09827657378740966,2.210681802545574,18,2.0,19.0
2023,Singapore Grand Prix,HAM,2,HARD,-0.06595987488829298,1.5291120643431644,19,3.0,22.0
2023,Singapore Grand Prix,HAM,3,MEDIUM,0.22206127450980384,-0.5942598039215713,17,2.0,18.0
2023,Singapore Grand Prix,HUL,1,MEDIUM,-0.06843962848297214,1.2916160990712078,18,2.0,19.0
2023,Singapore Grand Prix,HUL,2,HARD,0.023662283306934158,0.8780590901091155,35,3.0,42.0
2023,Singapore Grand Prix,LAW,1,MEDIUM,-0.05066769865841066,1.175288613691095,18,2.0,19.0
2023,Singapore Grand Prix,LAW,2,HARD,-0.013368611136509058,2.16741108164944,37,3.0,42.0
2023,Singapore Grand Prix,LEC,1,SOFT,-0.05126006191950459,1.4019552803577566,18,5.0,22.0
2023,Singapore Grand Prix,LEC,2,HARD,0.006460290119391326,1.3179239069861661,36,4.0,42.0
2023,Singapore Grand Prix,MAG,1,MEDIUM,-0.06970485036119729,1.3646787065703445,18,2.0,19.0
2023,Singapore Grand Prix,MAG,2,HARD,-0.011547970002585863,1.4087225239203482,18,3.0,22.0
2023,Singapore Grand Prix,MAG,3,SOFT,0.02070897832817298,0.7794843481252212,18,5.0,22.0
2023,Singapore Grand Prix,NOR,1,MEDIUM,-0.07042311661506688,1.4398871689026473,18,2.0,19.0
2023,Singapore Grand Prix,NOR,2,HARD,-0.04363990781450131,2.2573305671089563,38,3.0,42.0
2023,Singapore Grand Prix,OCO,1,MEDIUM,-0.07491021671826613,1.4138906088751324,18,2.0,19.0
2023,Singapore Grand Prix,OCO,2,HARD,-0.08226240601503773,2.048430075187965,20,3.0,22.0
2023,Singapore Grand Prix,PER,1,HARD,-0.006975403712831511,1.1077161268702054,34,2.0,38.0
2023,Singapore Grand Prix,PER,2,MEDIUM,0.06517864368018284,0.8184613422464573,18,2.0,23.0
2023,Singapore Grand Prix,PIA,1,MEDIUM,-0.07507946336429325,1.6310010319917445,18,2.0,19.0
2023,Singapore Grand Prix,PIA,2,HARD,-0.06681036339439007,3.2567562402852657,37,3.0,42.0
2023,Singapore Grand Prix,RUS,1,MEDIUM,-0.0552868937048504,1.2602346061231433,18,2.0,19.0
2023,Singapore Grand Prix,RUS,2,HARD,-0.05075584415584401,1.348873593073594,21,3.0,23.0
2023,Singapore Grand Prix,RUS,3,MEDIUM,0.21021900000000007,-0.6215169999999974,15,2.0,17.0
2023,Singapore Grand Prix,SAI,1,MEDIUM,-0.09814860681114566,2.185782593739246,18,2.0,19.0
2023,Singapore Grand Prix,SAI,2,HARD,-0.041134717434631846,2.6068064351808364,38,3.0,42.0
2023,Singapore Grand Prix,SAR,1,MEDIUM,-0.06533578431372565,1.4243578431372539,17,2.0,18.0
2023,Singapore Grand Prix,SAR,2,HARD,0.006031578947368627,0.23057368421052482,20,4.0,23.0
2023,Singapore Grand Prix,SAR,3,MEDIUM,0.19200825593395235,-1.1004200206398387,18,2.0,19.0
2023,Singapore Grand Prix,VER,1,HARD,-0.011765769485841616,0.9449797414817881,35,2.0,39.0
2023,Singapore Grand Prix,VER,2,MEDIUM,-0.035628676470587824,1.4562156862745017,18,2.0,22.0
2023,Singapore Grand Prix,ZHO,2,HARD,0.03413235294117643,0.38911764705882396,16,2.0,17.0
2023,Singapore Grand Prix,ZHO,3,MEDIUM,0.009661368646693747,1.7606320746091206,37,3.0,42.0
2023,Spanish Grand Prix,ALB,1,SOFT,-0.014351648351648412,0.5777032967032925,14,2.0,15.0
2023,Spanish Grand Prix,ALB,2,HARD,0.026205263157894874,0.17758421052631124,19,2.0,20.0
2023,Spanish Grand Prix,ALB,3,MEDIUM,-0.010136752136752138,0.5354586894586945,27,2.0,28.0
2023,Spanish Grand Prix,ALO,1,SOFT,-0.029117647058823352,1.0310588235294114,17,5.0,21.0
2023,Spanish Grand Prix,ALO,2,SOFT,-0.03760761320584516,1.1394847555475425,22,5.0,27.0
2023,Spanish Grand Prix,ALO,3,HARD,0.045770129870129864,0.18947272727272785,21,2.0,22.0
2023,Spanish Grand Prix,BOT,2,HARD,0.021233687683284413,1.2651292155425249,32,2.0,33.0
2023,Spanish Grand Prix,BOT,3,HARD,0.030126153846153827,1.3312738461538423,25,2.0,26.0
2023,Spanish Grand Prix,DEV,1,SOFT,-0.05592857142857065,0.7959285714285662,7,2.0,8.0
2023,Spanish Grand Prix,DEV,2,HARD,-0.017408424908424883,0.8363115588115647,27,2.0,28.0
2023,Spanish Grand Prix,DEV,3,MEDIUM,0.007660512820512884,0.5436533333333372,26,2.0,27.0
2023,Spanish Grand Prix,GAS,1,SOFT,-0.06271568627450953,1.391774509803911,17,5.0,21.0
2023,Spanish Grand Prix,GAS,2,MEDIUM,0.0388090815273475,0.518837977296187,18,2.0,19.0
2023,Spanish Grand Prix,GAS,3,HARD,0.021644102564102496,0.3281989743589752,26,2.0,27.0
2023,Spanish Grand Prix,HAM,1,SOFT,-0.027644833427442027,1.323540372670801,22,5.0,26.0
2023,Spanish Grand Prix,HAM,2,MEDIUM,-0.014787391304347879,0.5574214492753572,24,2.0,25.0
2023,Spanish Grand Prix,HAM,3,SOFT,0.07722857142857185,0.6391238095238001,15,5.0,19.0
2023,Spanish Grand Prix,HUL,1,SOFT,0.21320000000000006,-0.8533333333333324,6,5.0,10.0
2023,Spanish Grand Prix,HUL,2,MEDIUM,0.07585929648241224,0.9705611390284743,15,2.0,17.0
2023,Spanish Grand Prix,HUL,3,HARD,0.09323571428571478,-0.06792142857143649,15,2.0,16.0
2023,Spanish Grand Prix,HUL,4,MEDIUM,0.020622077922077705,0.13858268398269,21,2.0,22.0
2023,Spanish Grand Prix,LEC,1,HARD,-0.008580219780219413,0.8445032967032957,14,2.0,15.0
2023,Spanish Grand Prix,LEC,2,SOFT,-0.02076086956521733,0.7349782608695626,23,2.0,24.0
2023,Spanish Grand Prix,LEC,3,HARD,0.01682043478260865,-0.14021173913043256,24,27.0,50.0
2023,Spanish Grand Prix,MAG,1,SOFT,-0.04661594202898451,0.9463768115942004,7,2.0,9.0
2023,Spanish Grand Prix,MAG,2,MEDIUM,0.13653496503496462,-0.018595571095568666,12,2.0,13.0
2023,Spanish Grand Prix,MAG,3,HARD,0.1322710032626428,0.0030887030995098543,15,2.0,17.0
2023,Spanish Grand Prix,MAG,4,MEDIUM,0.14101298701298703,-0.2353896103896113,22,2.0,23.0
2023,Spanish Grand Prix,NOR,2,HARD,0.08771052631578921,0.2939210526315803,19,2.0,20.0
2023,Spanish Grand Prix,NOR,3,MEDIUM,0.0016659729159729444,0.5423432678432714,25,2.0,27.0
2023,Spanish Grand Prix,NOR,4,SOFT,0.12685054945054966,0.19843296703296326,14,5.0,18.0
2023,Spanish Grand Prix,OCO,1,SOFT,0.06013636363636417,0.07590909090908181,11,5.0,15.0
2023,Spanish Grand Prix,OCO,2,MEDIUM,0.01284060150375948,0.21763308270676154,20,2.0,21.0
2023,Spanish Grand Prix,OCO,3,HARD,-0.01942958843159068,0.7869882091212475,30,2.0,31.0
2023,Spanish Grand Prix,PER,1,MEDIUM,-0.03532153846153873,1.377341538461542,25,2.0,26.0
2023,Spanish Grand Prix,PER,2,HARD,0.0002363636363637437,0.5925445887445916,21,2.0,22.0
2023,Spanish Grand Prix,PER,3,SOFT,0.1287678571428574,0.09902261904762114,15,2.0,16.0
2023,Spanish Grand Prix,PIA,1,SOFT,-0.0702678571428568,1.4360130952380918,15,4.0,18.0
2023,Spanish Grand Prix,PIA,2,HARD,0.01493759398496248,0.6192676691729333,20,2.0,21.0
2023,Spanish Grand Prix,PIA,3,MEDIUM,0.004206923076923048,0.761063076923076,25,2.0,26.0
2023,Spanish Grand Prix,RUS,1,SOFT,-0.03472332015810273,0.8875335968379443,23,2.0,24.0
2023,Spanish Grand Prix,RUS,2,MEDIUM,0.03311867905056783,0.7689205366357093,18,2.0,19.0
2023,Spanish Grand Prix,RUS,3,SOFT,0.030505263157894733,0.0900736842105256,20,5.0,24.0
2023,Spanish Grand Prix,SAI,1,SOFT,0.010159340659340757,0.12093956043956307,13,5.0,17.0
2023,Spanish Grand Prix,SAI,2,MEDIUM,0.015587826086956559,0.3786476811594265,24,2.0,25.0
2023,Spanish Grand Prix,SAI,3,HARD,-0.015221739130434765,0.5765768115941969,24,2.0,25.0
2023,Spanish Grand Prix,SAR,1,MEDIUM,0.01549285714285722,0.5750976190476121,15,2.0,16.0
2023,Spanish Grand Prix,SAR,2,HARD,0.073232843137255,-0.1605049019607846,17,2.0,18.0
2023,Spanish Grand Prix,SAR,3,HARD,0.06279009304871377,0.03586070060207916,28,2.0,29.0
2023,Spanish Grand Prix,STR,1,SOFT,0.05417832167832226,-0.20195571095571682,12,5.0,16.0
2023,Spanish Grand Prix,STR,2,SOFT,0.016162022703818637,0.07509047127622445,18,5.0,22.0
2023,Spanish Grand Prix,STR,3,HARD,-0.02282419354838701,1.0128822580645205,31,2.0,32.0
2023,Spanish Grand Prix,TSU,1,SOFT,-0.09710714285714385,1.062714285714291,8,2.0,9.0
2023,Spanish Grand Prix,TSU,2,HARD,0.032728966685488574,0.38375155279503276,22,2.0,23.0
2023,Spanish Grand Prix,TSU,3,MEDIUM,-0.034352016129032215,1.1887907258064545,31,2.0,32.0
2023,Spanish Grand Prix,VER,1,MEDIUM,-0.019339565217391358,0.6227091304347828,24,2.0,25.0
2023,Spanish Grand Prix,VER,2,HARD,0.005171029100959374,0.25068452284181875,22,2.0,25.0
2023,Spanish Grand Prix,VER,3,SOFT,0.030321862348178154,1.0176740890688263,12,4.0,16.0
2023,Spanish Grand Prix,ZHO,1,SOFT,-0.0394642857142854,1.2533214285714205,7,2.0,8.0
2023,Spanish Grand Prix,ZHO,2,HARD,-0.014920000000000109,1.1068800000000072,25,2.0,26.0
2023,Spanish Grand Prix,ZHO,3,HARD,0.002506314743862743,0.3928284376330327,28,2.0,30.0
2023,United States Grand Prix,ALB,1,MEDIUM,-0.23197619047619103,2.6097976190476184,8,5.0,12.0
2023,United States Grand Prix,ALB,2,HARD,0.006900720838794382,0.31458617300130615,15,2.0,18.0
2023,United States Grand Prix,ALB,3,MEDIUM,0.031639973787680194,0.07727142857143429,22,8.0,33.0
2023,United States Grand Prix,ALO,1,MEDIUM,-0.11180714285714291,2.2392047619047664,15,3.0,17.0
2023,United States Grand Prix,ALO,2,MEDIUM,-0.003502597402597146,0.7272692640692651,21,2.0,22.0
2023,United States Grand Prix,BOT,1,MEDIUM,-0.2416785714285712,2.215607142857144,8,2.0,9.0
2023,United States Grand Prix,BOT,2,HARD,0.04373088235294113,0.23911911764706537,16,2.0,17.0
2023,United States Grand Prix,BOT,3,HARD,-0.005048229548229517,0.6131678876678934,27,2.0,28.0
2023,United States Grand Prix,GAS,1,MEDIUM,-0.048474999999999595,1.390949999999994,16,2.0,17.0
2023,United States Grand Prix,GAS,2,MEDIUM,0.04661967545638985,-0.08711663286005092,16,2.0,18.0
2023,United States Grand Prix,GAS,3,HARD,-0.013872033023735663,0.7779896800825515,18,2.0,19.0
2023,United States Grand Prix,HAM,1,MEDIUM,0.02465476019011979,0.3922909405156201,16,2.0,19.0
2023,United States Grand Prix,HAM,2,HARD,0.009427941176470498,0.24387205882353247,16,2.0,17.0
2023,United States Grand Prix,HAM,3,MEDIUM,-0.0054897058823526294,0.5175897058823526,16,2.0,17.0
2023,United States Grand Prix,HUL,1,HARD,-0.12633232251159487,2.0719675347841697,15,2.0,18.0
2023,United States Grand Prix,HUL,2,MEDIUM,0.0270439560439558,0.48441758241758115,13,2.0,14.0
2023,United States Grand Prix,HUL,3,MEDIUM,0.09566883116883146,-0.6479437229437235,21,8.0,28.0
2023,United States Grand Prix,LEC,1,MEDIUM,0.021085701280967623,0.3480672995643385,20,2.0,22.0
2023,United States Grand Prix,LEC,2,HARD,0.013482824920366223,0.3917313685539583,29,2.0,33.0
2023,United States Grand Prix,MAG,1,MEDIUM,-0.20443478260869602,1.9713478260869584,6,3.0,9.0
2023,United States Grand Prix,MAG,2,HARD,0.010481424148606555,0.765433436532504,16,2.0,18.0
2023,United States Grand Prix,MAG,3,MEDIUM,0.038368260869565046,0.3781534782608716,24,2.0,25.0
2023,United States Grand Prix,NOR,1,MEDIUM,0.03534945054945049,0.21024395604395882,14,2.0,15.0
2023,United States Grand Prix,NOR,2,HARD,0.08203928571428555,0.0857892857142879,14,2.0,16.0
2023,United States Grand Prix,NOR,3,HARD,0.032019480519480434,0.5141948051948072,21,2.0,22.0
2023,United States Grand Prix,PER,1,MEDIUM,-0.05211071428571433,1.3779964285714312,15,2.0,16.0
2023,United States Grand Prix,PER,2,MEDIUM,0.019376676986584258,0.09265600275197537,18,2.0,19.0
2023,United States Grand Prix,PER,3,HARD,0.030176832530765023,0.5519579989299164,17,2.0,19.0
2023,United States Grand Prix,PIA,1,MEDIUM,0.004583333333333852,0.4079166666666678,8,2.0,9.0
2023,United States Grand Prix,RIC,1,MEDIUM,-0.023641353383458432,0.9981255639097677,20,2.0,21.0
2023,United States Grand Prix,RIC,2,HARD,0.009497035573122344,0.8500167984189754,23,2.0,24.0
2023,United States Grand Prix,RIC,3,SOFT,0.4356071428571426,-0.2686071428571399,7,2.0,8.0
2023,United States Grand Prix,RUS,1,MEDIUM,-0.009912280701754235,1.1303128654970735,18,2.0,20.0
2023,United States Grand Prix,RUS,2,HARD,0.02923823529411775,0.32873676470588364,16,2.0,17.0
2023,United States Grand Prix,RUS,3,MEDIUM,0.03982500000000008,0.20734999999999798,16,2.0,17.0
2023,United States Grand Prix,SAI,1,MEDIUM,0.027235714285713912,0.26161190476190904,15,2.0,16.0
2023,United States Grand Prix,SAI,2,MEDIUM,0.021941176470588252,0.6730588235294116,16,2.0,17.0
2023,United States Grand Prix,SAI,3,HARD,0.01496616791354935,0.4682935993349917,19,2.0,21.0
2023,United States Grand Prix,SAR,1,MEDIUM,-0.14988333333333365,1.7089666666666663,9,2.0,10.0
2023,United States Grand Prix,SAR,2,HARD,0.04463859649122806,0.2751333333333274,19,2.0,20.0
2023,United States Grand Prix,SAR,3,MEDIUM,0.04230261234928753,0.04896556448666276,22,2.0,24.0
2023,United States Grand Prix,STR,1,HARD,-0.07873787409700689,1.68802545579635,18,2.0,19.0
2023,United States Grand Prix,STR,2,MEDIUM,-0.056838541666666915,1.112203125000007,17,2.0,19.0
2023,United States Grand Prix,STR,3,MEDIUM,0.013532142857142935,0.3008773809523787,15,2.0,16.0
2023,United States Grand Prix,TSU,1,MEDIUM,-0.02948934911242603,0.7034710059171548,14,2.0,16.0
2023,United States Grand Prix,TSU,2,HARD,0.031585714285714675,0.1557285714285724,15,2.0,16.0
2023,United States Grand Prix,TSU,3,MEDIUM,-0.05719401444788436,1.4561482628138973,18,2.0,19.0
2023,United States Grand Prix,VER,1,MEDIUM,-0.01095824175824173,0.6338593406593437,14,2.0,15.0
2023,United States Grand Prix,VER,2,MEDIUM,0.05137990196078426,0.010083333333337337,17,2.0,18.0
2023,United States Grand Prix,VER,3,HARD,0.008704511278195605,0.28524812030074514,20,2.0,21.0
2023,United States Grand Prix,ZHO,1,MEDIUM,-0.3551785714285728,2.615607142857145,7,2.0,8.0
2023,United States Grand Prix,ZHO,2,HARD,0.07389705882352898,-0.07077205882353094,16,2.0,17.0
2023,United States Grand Prix,ZHO,3,HARD,-0.0066050061050061245,0.8970750915750866,27,2.0,28.0
2024,Abu Dhabi Grand Prix,ALB,1,MEDIUM,0.07298809523809494,-0.07728571428571575,8,4.0,11.0
2024,Abu Dhabi Grand Prix,ALB,2,HARD,0.013338829001623963,0.26776085489163365,43,2.0,45.0
2024,Abu Dhabi Grand Prix,ALO,1,MEDIUM,0.24759459459459413,-1.3307027027027,8,5.0,13.0
2024,Abu Dhabi Grand Prix,ALO,2,HARD,0.008967250141163287,0.1961693958215704,22,3.0,24.0
2024,Abu Dhabi Grand Prix,ALO,3,HARD,-0.014739097744361048,0.6943887218045188,20,3.0,22.0
2024,Abu Dhabi Grand Prix,BOT,2,HARD,0.07142179559570865,-0.1947724449463575,22,2.0,23.0
2024,Abu Dhabi Grand Prix,COL,2,HARD,0.019311688311688276,0.8108787878787881,21,2.0,22.0
2024,Abu Dhabi Grand Prix,DOO,1,MEDIUM,0.04023929098966046,0.189032496307241,17,4.0,21.0
2024,Abu Dhabi Grand Prix,DOO,2,HARD,-0.013730511644429615,1.168919392755279,32,3.0,35.0
2024,Abu Dhabi Grand Prix,GAS,1,MEDIUM,0.07383030303030305,-0.16515757575758083,10,4.0,13.0
2024,Abu Dhabi Grand Prix,GAS,2,HARD,-0.004715342796738199,0.6038576462297363,42,2.0,44.0
2024,Abu Dhabi Grand Prix,HAM,1,HARD,-0.02614460511679651,0.9300751946607411,30,4.0,33.0
2024,Abu Dhabi Grand Prix,HAM,2,MEDIUM,-0.014814270250766742,0.6370075771242966,22,3.0,25.0
2024,Abu Dhabi Grand Prix,HUL,1,MEDIUM,0.1919166666666659,-0.733999999999992,9,4.0,12.0
2024,Abu Dhabi Grand Prix,HUL,2,HARD,0.0009804087385482494,0.5360513037350242,44,2.0,45.0
2024,Abu Dhabi Grand Prix,LAW,1,MEDIUM,0.044712456597222276,0.3462682291666658,17,4.0,22.0
2024,Abu Dhabi Grand Prix,LAW,4,HARD,-0.013529230769230769,0.9078646153846102,25,8.0,32.0
2024,Abu Dhabi Grand Prix,LEC,1,MEDIUM,0.011609597156397783,0.3503953396524548,15,4.0,19.0
2024,Abu Dhabi Grand Prix,LEC,2,HARD,-0.01962684722144185,0.9618139012193069,36,2.0,38.0
2024,Abu Dhabi Grand Prix,MAG,1,MEDIUM,0.22876190476190392,-0.4182142857142751,8,4.0,11.0
2024,Abu Dhabi Grand Prix,MAG,2,HARD,0.05139285714285756,-0.07040238095237651,15,2.0,16.0
2024,Abu Dhabi Grand Prix,MAG,4,SOFT,0.10936723035770961,0.9630033549440086,22,2.0,24.0
2024,Abu Dhabi Grand Prix,NOR,1,MEDIUM,0.009126482213438272,0.14225691699605345,22,4.0,25.0
2024,Abu Dhabi Grand Prix,NOR,2,HARD,-0.003062096774193526,0.6929588709677392,31,2.0,32.0
2024,Abu Dhabi Grand Prix,PIA,2,HARD,0.02837429537767768,0.3978329575347565,24,2.0,27.0
2024,Abu Dhabi Grand Prix,PIA,3,HARD,-0.01246405773857234,0.7473078107457886,24,2.0,26.0
2024,Abu Dhabi Grand Prix,RUS,1,MEDIUM,0.013548842461885808,0.23712930547713382,22,5.0,26.0
2024,Abu Dhabi Grand Prix,RUS,2,HARD,0.0025346021776772834,0.28356932175036703,29,2.0,32.0
2024,Abu Dhabi Grand Prix,SAI,1,MEDIUM,-0.0022075187969924875,0.29210150375939214,20,4.0,23.0
2024,Abu Dhabi Grand Prix,SAI,2,HARD,-0.010671554252199412,0.6205646994134904,32,2.0,33.0
2024,Abu Dhabi Grand Prix,STR,1,MEDIUM,0.14928571428571386,-0.4383571428571424,6,5.0,11.0
2024,Abu Dhabi Grand Prix,STR,2,HARD,0.017890168400198057,0.24710785042100014,17,3.0,21.0
2024,Abu Dhabi Grand Prix,STR,3,HARD,0.01855184002688621,0.41667165182322313,23,2.0,25.0
2024,Abu Dhabi Grand Prix,TSU,1,MEDIUM,0.06671323529411749,-0.30070955882353023,16,5.0,21.0
2024,Abu Dhabi Grand Prix,TSU,2,HARD,0.008870597974289162,0.37553386248538717,33,2.0,35.0
2024,Abu Dhabi Grand Prix,VER,1,MEDIUM,0.007451743119265926,0.4271820183486201,24,4.0,28.0
2024,Abu Dhabi Grand Prix,VER,2,HARD,-0.01675205254515604,0.7370853858784893,28,2.0,29.0
2024,Abu Dhabi Grand Prix,ZHO,1,MEDIUM,0.08897619047619122,-0.21482142857143496,8,4.0,11.0
2024,Abu Dhabi Grand Prix,ZHO,2,HARD,-0.009087692307692187,0.4931076923076919,25,2.0,26.0
2024,Abu Dhabi Grand Prix,ZHO,3,HARD,-0.023308823529411462,0.8337941176470561,17,2.0,18.0
2024,Australian Grand Prix,ALB,2,HARD,-0.0031508771929822164,0.7407707602339166,18,2.0,20.0
2024,Australian Grand Prix,ALB,3,HARD,-0.01569102353585118,1.2429608648056982,28,2.0,29.0
2024,Australian Grand Prix,ALO,1,HARD,-0.032025000000000046,0.9037833333333303,15,3.0,17.0
2024,Australian Grand Prix,ALO,2,MEDIUM,0.01998362507058173,0.5141756070016893,22,3.0,24.0
2024,Australian Grand Prix,ALO,3,HARD,-0.06521098901098928,1.2222901098901167,14,3.0,16.0
2024,Australian Grand Prix,BOT,1,MEDIUM,-0.10357142857142825,1.0711428571428552,6,3.0,8.0
2024,Australian Grand Prix,BOT,2,HARD,0.02144653179190763,0.3902304913294729,24,3.0,28.0
2024,Australian Grand Prix,BOT,3,HARD,-0.020779153766769958,0.9873477812177526,18,2.0,19.0
2024,Australian Grand Prix,GAS,1,MEDIUM,0.04518571428571429,0.36759523809524547,15,2.0,16.0
2024,Australian Grand Prix,GAS,2,HARD,0.029664031620553137,0.2180632411067168,22,2.0,23.0
2024,Australian Grand Prix,GAS,3,HARD,-0.0745769230769227,1.2180769230769175,13,2.0,14.0
2024,Australian Grand Prix,HAM,2,HARD,0.21161428571428534,-0.5494428571428556,6,2.0,8.0
2024,Australian Grand Prix,HUL,1,HARD,0.014828571428572086,0.40274285714285657,15,2.0,16.0
2024,Australian Grand Prix,HUL,2,MEDIUM,0.0630044117647057,0.1363955882352949,16,2.0,17.0
2024,Australian Grand Prix,HUL,3,HARD,0.005378195488721869,0.7032007518797032,20,2.0,21.0
2024,Australian Grand Prix,LEC,1,MEDIUM,-0.004392857142856323,0.2573928571428485,7,2.0,8.0
2024,Australian Grand Prix,LEC,2,HARD,-0.004014032496307167,0.34780748399803546,21,2.0,24.0
2024,Australian Grand Prix,LEC,3,HARD,-0.041278373800113025,1.2910705815923196,22,2.0,23.0
2024,Australian Grand Prix,MAG,2,HARD,0.004630103991435694,0.4750933628995332,23,2.0,25.0
2024,Australian Grand Prix,MAG,3,HARD,0.05184472049689431,0.45753190287973444,22,2.0,23.0
2024,Australian Grand Prix,NOR,1,MEDIUM,0.01259440559440528,0.0852086247086333,12,2.0,13.0
2024,Australian Grand Prix,NOR,2,HARD,-0.013603006491287916,0.5272463272975747,22,3.0,26.0
2024,Australian Grand Prix,NOR,3,HARD,-0.023519117647059377,0.6653882352941176,16,3.0,18.0
2024,Australian Grand Prix,OCO,1,MEDIUM,-0.1996785714285723,1.6803928571428577,7,2.0,8.0
2024,Australian Grand Prix,OCO,3,HARD,0.038630434782609,0.01148913043477547,24,2.0,25.0
2024,Australian Grand Prix,OCO,4,HARD,0.050454545454545585,-0.15542424242424532,12,9.0,20.0
2024,Australian Grand Prix,PER,1,MEDIUM,0.004499999999999919,0.46316666666666184,12,2.0,13.0
2024,Australian Grand Prix,PER,2,HARD,0.0027586161187698965,0.6518093849416722,17,2.0,20.0
2024,Australian Grand Prix,PER,3,HARD,0.02054060150375931,0.4601330827067632,20,2.0,21.0
2024,Australian Grand Prix,PIA,1,MEDIUM,-0.004392857142856861,0.23910714285713697,7,2.0,8.0
2024,Australian Grand Prix,PIA,2,HARD,0.016778813275226328,0.4084225276567247,26,3.0,30.0
2024,Australian Grand Prix,PIA,3,HARD,-0.03521617647058812,0.7314573529411773,16,3.0,18.0
2024,Australian Grand Prix,RIC,2,HARD,0.007264604626142974,0.45020995158687827,21,2.0,23.0
2024,Australian Grand Prix,RIC,3,HARD,-0.010663589743589719,1.2592758974358929,26,2.0,27.0
2024,Australian Grand Prix,RUS,1,MEDIUM,-0.08765714285714318,0.7987904761904806,6,2.0,7.0
2024,Australian Grand Prix,RUS,2,HARD,-0.03224133445764109,1.2654212745344342,33,2.0,36.0
2024,Australian Grand Prix,RUS,3,HARD,0.018151515151515266,0.29831515151514476,10,2.0,11.0
2024,Australian Grand Prix,SAI,1,MEDIUM,-0.035789010989011064,0.9564923076923053,14,2.0,15.0
2024,Australian Grand Prix,SAI,2,HARD,0.002736307171089769,0.42833258046301387,22,3.0,24.0
2024,Australian Grand Prix,SAI,3,HARD,0.028307142857142777,0.1996357142857097,15,2.0,16.0
2024,Australian Grand Prix,STR,1,MEDIUM,-0.09382857142857039,0.761057142857132,6,3.0,8.0
2024,Australian Grand Prix,STR,2,HARD,0.002643420516995624,0.4834621667005921,25,3.0,29.0
2024,Australian Grand Prix,STR,3,HARD,-0.06628173374612971,1.2788510491915943,18,3.0,20.0
2024,Australian Grand Prix,TSU,1,MEDIUM,-0.06946428571428603,0.8324642857142834,7,2.0,8.0
2024,Australian Grand Prix,TSU,2,HARD,0.01850359458697505,0.18531752184944705,23,2.0,26.0
2024,Australian Grand Prix,TSU,3,HARD,-0.03830877192982471,0.9983438596491244,19,2.0,20.0
2024,Australian Grand Prix,ZHO,2,HARD,-0.03302780149919356,1.2697183319100458,26,3.0,29.0
2024,Australian Grand Prix,ZHO,3,HARD,-0.04494385964912281,1.3985403508771939,19,2.0,20.0
2024,Austrian Grand Prix,ALB,1,MEDIUM,0.0030909090909087577,0.2781090909090973,10,2.0,11.0
2024,Austrian Grand Prix,ALB,2,HARD,0.04240615384615367,0.029713846153843405,25,2.0,26.0
2024,Austrian Grand Prix,ALB,3,HARD,0.03440289739074761,0.2791048663358366,29,2.0,31.0
2024,Austrian Grand Prix,ALO,1,MEDIUM,-0.019333333333333775,0.5014444444444567,9,5.0,13.0
2024,Austrian Grand Prix,ALO,2,MEDIUM,0.042693958215697256,0.09358610954262656,22,3.0,24.0
2024,Austrian Grand Prix,ALO,3,HARD,0.05448312385483329,-0.011659053650068186,29,3.0,33.0
2024,Austrian Grand Prix,BOT,1,MEDIUM,0.023789215686274724,0.2755784313725491,17,2.0,18.0
2024,Austrian Grand Prix,BOT,2,HARD,0.03196363636363628,0.1362935064935083,21,2.0,22.0
2024,Austrian Grand Prix,BOT,3,HARD,0.013617425354870323,0.6664670582476768,26,2.0,28.0
2024,Austrian Grand Prix,GAS,1,MEDIUM,0.08498452012383881,-0.13222635018919257,18,2.0,19.0
2024,Austrian Grand Prix,GAS,2,HARD,0.04617933817594835,0.25681275221953703,19,2.0,21.0
2024,Austrian Grand Prix,GAS,3,MEDIUM,0.04297351098963693,0.42081735565425465,26,2.0,29.0
2024,Austrian Grand Prix,HAM,1,MEDIUM,0.06610701754385966,0.08155964912280625,19,2.0,20.0
2024,Austrian Grand Prix,HAM,2,HARD,0.043137263626251254,-0.15976484983314418,30,2.0,31.0
2024,Austrian Grand Prix,HAM,3,MEDIUM,0.02561949152542376,0.17954491525423888,15,2.0,18.0
2024,Austrian Grand Prix,HUL,1,MEDIUM,0.19051666666666733,-0.1736555555555592,9,2.0,10.0
2024,Austrian Grand Prix,HUL,2,HARD,0.03176273504273495,0.49282495726496095,26,2.0,27.0
2024,Austrian Grand Prix,HUL,3,HARD,0.0029794299502335186,0.5074396621927306,29,2.0,32.0
2024,Austrian Grand Prix,LEC,2,HARD,0.13070879120879142,-0.2956703296703253,13,2.0,14.0
2024,Austrian Grand Prix,LEC,3,MEDIUM,-0.02599285714285699,0.7044023809523807,15,2.0,16.0
2024,Austrian Grand Prix,LEC,4,MEDIUM,0.07067373572593783,-0.16998368678629922,15,3.0,18.0
2024,Austrian Grand Prix,LEC,5,MEDIUM,0.030859351769253543,0.019089800773117272,18,8.0,26.0
2024,Austrian Grand Prix,MAG,1,MEDIUM,0.08827380952381007,-0.13913095238095693,8,2.0,9.0
2024,Austrian Grand Prix,MAG,2,HARD,0.0215264957264958,0.3665196581196576,26,2.0,27.0
2024,Austrian Grand Prix,MAG,3,HARD,0.024515014915479024,0.34749724892276923,30,2.0,33.0
2024,Austrian Grand Prix,NOR,1,MEDIUM,0.06814938626273162,0.22249242622094448,20,2.0,22.0
2024,Austrian Grand Prix,NOR,2,HARD,0.04568341880341909,0.03774427350426386,26,2.0,27.0
2024,Austrian Grand Prix,NOR,3,MEDIUM,0.17383580508474522,-0.047610169491525856,9,2.0,12.0
2024,Austrian Grand Prix,OCO,1,MEDIUM,0.08393872549019636,-0.039740196078431544,17,2.0,18.0
2024,Austrian Grand Prix,OCO,2,HARD,0.055695652173913195,0.13148616600790478,22,2.0,23.0
2024,Austrian Grand Prix,OCO,3,MEDIUM,0.054898921604265204,0.40214280867563146,26,2.0,28.0
2024,Austrian Grand Prix,PER,1,MEDIUM,0.063284210526316,0.20261052631578982,19,2.0,20.0
2024,Austrian Grand Prix,PER,2,HARD,0.0382780514504651,-0.02773836891078518,28,2.0,29.0
2024,Austrian Grand Prix,PER,3,MEDIUM,0.06624468315972214,-0.1885788845486142,17,7.0,25.0
2024,Austrian Grand Prix,PIA,1,MEDIUM,0.03984486166007909,0.22779940711462643,23,2.0,24.0
2024,Austrian Grand Prix,PIA,2,HARD,0.04031913043478264,0.36869173913042874,24,2.0,25.0
2024,Austrian Grand Prix,PIA,3,MEDIUM,0.03954116784754484,0.3173115074517415,17,2.0,20.0
2024,Austrian Grand Prix,RIC,1,MEDIUM,0.012595238095237642,0.26047619047619364,8,2.0,9.0
2024,Austrian Grand Prix,RIC,2,HARD,0.02205384615384625,0.09936615384615657,25,2.0,26.0
2024,Austrian Grand Prix,RIC,3,HARD,0.011774385677509967,0.26400499648958287,31,2.0,34.0
2024,Austrian Grand Prix,RUS,1,MEDIUM,0.06793759398496263,0.09916766917293392,20,2.0,21.0
2024,Austrian Grand Prix,RUS,2,MEDIUM,0.07302540937323546,-0.0451812535290798,22,2.0,23.0
2024,Austrian Grand Prix,RUS,3,HARD,0.017132332127693106,0.47238134926874986,23,2.0,25.0
2024,Austrian Grand Prix,SAI,1,MEDIUM,0.06783984962406037,-0.0158082706766904,20,2.0,21.0
2024,Austrian Grand Prix,SAI,2,HARD,0.05482608695652181,-0.1038695652173873,23,2.0,24.0
2024,Austrian Grand Prix,SAI,3,MEDIUM,0.024081918268333422,0.27159376749394093,22,2.0,24.0
2024,Austrian Grand Prix,SAR,2,MEDIUM,0.1152965686274512,-1.02221568627452,17,8.0,24.0
2024,Austrian Grand Prix,SAR,3,HARD,-0.0012527472527471817,1.3693097273097272,27,2.0,28.0
2024,Austrian Grand Prix,SAR,4,MEDIUM,0.08553851915257857,0.11513053712817987,17,3.0,21.0
2024,Austrian Grand Prix,STR,1,MEDIUM,0.06343240454076354,-0.07313931888544611,18,3.0,20.0
2024,Austrian Grand Prix,STR,2,MEDIUM,0.04759740259740254,0.002926406926405577,21,2.0,22.0
2024,Austrian Grand Prix,STR,3,HARD,0.07076196581196577,-0.09614188034188072,25,3.0,28.0
2024,Austrian Grand Prix,TSU,1,MEDIUM,0.07529824561403478,-0.2111754385964904,19,2.0,20.0
2024,Austrian Grand Prix,TSU,2,HARD,0.0374587469594371,0.05786384853067355,20,2.0,22.0
2024,Austrian Grand Prix,TSU,3,HARD,0.026416513761467923,0.499748623853212,24,2.0,26.0
2024,Austrian Grand Prix,VER,1,MEDIUM,0.08804025974025974,-0.21510216450216382,21,2.0,22.0
2024,Austrian Grand Prix,VER,2,HARD,0.0537524786324787,-0.1329494017093968,26,2.0,27.0
2024,Austrian Grand Prix,VER,3,MEDIUM,0.13641818181818197,-0.6058727272727322,10,5.0,14.0
2024,Austrian Grand Prix,ZHO,1,HARD,0.0725251844812164,-0.12457963439176716,25,2.0,27.0
2024,Austrian Grand Prix,ZHO,2,MEDIUM,0.03565064935064926,0.6561445887445954,21,2.0,22.0
2024,Austrian Grand Prix,ZHO,3,HARD,0.006729380053908652,0.3999900269541772,16,2.0,19.0
2024,Azerbaijan Grand Prix,ALB,1,HARD,-0.027934482758620774,1.2169862068965456,29,2.0,30.0
2024,Azerbaijan Grand Prix,ALB,2,MEDIUM,-0.0888676470588236,1.7208529411764693,17,2.0,18.0
2024,Azerbaijan Grand Prix,ALO,1,MEDIUM,-0.14425,1.6826388888888901,9,3.0,11.0
2024,Azerbaijan Grand Prix,ALO,2,HARD,-0.06434779516358455,2.88987126600284,37,3.0,39.0
2024,Azerbaijan Grand Prix,BEA,1,MEDIUM,-0.04171678321678326,0.9222925407925471,12,2.0,13.0
2024,Azerbaijan Grand Prix,BEA,2,HARD,-0.03635569136745597,2.1159332314744046,34,2.0,35.0
2024,Azerbaijan Grand Prix,BOT,1,MEDIUM,-0.21053333333333268,2.6323999999999925,9,3.0,11.0
2024,Azerbaijan Grand Prix,BOT,2,HARD,-0.006217117117116987,1.2780342342342255,36,3.0,38.0
2024,Azerbaijan Grand Prix,COL,1,MEDIUM,-0.17051190476190348,1.484190476190463,8,2.0,9.0
2024,Azerbaijan Grand Prix,COL,2,HARD,-0.04168782142466357,2.452626654995075,38,2.0,39.0
2024,Azerbaijan Grand Prix,GAS,1,HARD,-0.057948925314806755,3.049260095527572,48,2.0,49.0
2024,Azerbaijan Grand Prix,HAM,1,MEDIUM,-0.19812121212121211,2.267187878787877,10,2.0,11.0
2024,Azerbaijan Grand Prix,HAM,2,HARD,-0.03301029601029597,1.8388118833118792,36,2.0,37.0
2024,Azerbaijan Grand Prix,HUL,1,MEDIUM,-0.08758791208791265,1.5343956043956088,13,2.0,14.0
2024,Azerbaijan Grand Prix,HUL,2,HARD,-0.005329545454545564,0.8830227272727279,33,2.0,34.0
2024,Azerbaijan Grand Prix,LEC,1,MEDIUM,0.024096703296703062,0.5423208791208836,14,2.0,15.0
2024,Azerbaijan Grand Prix,LEC,2,HARD,-0.0006653225806452175,0.7955806451612993,32,2.0,33.0
2024,Azerbaijan Grand Prix,NOR,1,HARD,-0.05096694677871143,2.516029131652659,35,2.0,36.0
2024,Azerbaijan Grand Prix,NOR,2,MEDIUM,0.0232545454545455,0.35085454545454936,11,2.0,12.0
2024,Azerbaijan Grand Prix,OCO,1,HARD,-0.06408446882467397,3.2794318845458394,46,5.0,51.0
2024,Azerbaijan Grand Prix,PER,1,MEDIUM,-0.02887272727272692,1.0355636363636422,11,2.0,12.0
2024,Azerbaijan Grand Prix,PER,2,HARD,-0.008929691876750714,0.9783498599439722,35,2.0,36.0
2024,Azerbaijan Grand Prix,PIA,1,MEDIUM,0.04148901098901066,0.28901098901099753,13,2.0,14.0
2024,Azerbaijan Grand Prix,PIA,2,HARD,-0.013614973262032076,0.8984652406417096,34,2.0,35.0
2024,Azerbaijan Grand Prix,RIC,1,HARD,-0.06022190101757635,3.0953864477335857,47,3.0,49.0
2024,Azerbaijan Grand Prix,RUS,1,MEDIUM,0.03258787878787916,0.2824787878787868,10,2.0,11.0
2024,Azerbaijan Grand Prix,RUS,2,HARD,-0.06782818532818527,2.564010725010723,36,2.0,37.0
2024,Azerbaijan Grand Prix,SAI,1,MEDIUM,-0.003957142857143149,0.7621476190476242,15,2.0,16.0
2024,Azerbaijan Grand Prix,SAI,2,HARD,-0.02441975806451606,1.1122971774193533,31,2.0,32.0
2024,Azerbaijan Grand Prix,STR,2,HARD,0.027794736842105212,0.6999368421052637,19,3.0,21.0
2024,Azerbaijan Grand Prix,STR,3,HARD,0.016649350649350768,0.4593203463203488,21,3.0,23.0
2024,Azerbaijan Grand Prix,TSU,1,MEDIUM,-0.18578787878787859,2.4923090909090897,10,3.0,12.0
2024,Azerbaijan Grand Prix,VER,1,MEDIUM,-0.03188484848484945,0.8983515151515271,10,2.0,11.0
2024,Azerbaijan Grand Prix,VER,2,HARD,-0.03555881836794386,1.9317031880666857,34,2.0,36.0
2024,Azerbaijan Grand Prix,ZHO,1,HARD,-0.09092613636363632,3.2140397727272747,32,3.0,34.0
2024,Azerbaijan Grand Prix,ZHO,2,MEDIUM,0.0038065934065935254,0.4359802197802133,14,3.0,16.0
2024,Bahrain Grand Prix,ALB,1,SOFT,0.03267582417582402,0.05836263736264073,13,2.0,14.0
2024,Bahrain Grand Prix,ALB,2,HARD,0.021489473684210635,0.3277210526315832,19,2.0,20.0
2024,Bahrain Grand Prix,ALB,3,HARD,0.06269380328550635,-0.1507855063422727,17,2.0,20.0
2024,Bahrain Grand Prix,ALO,1,SOFT,0.03045604395604413,0.4132142857142875,13,5.0,17.0
2024,Bahrain Grand Prix,ALO,2,HARD,0.02171217391304344,0.20680231884057393,24,2.0,25.0
2024,Bahrain Grand Prix,ALO,3,HARD,0.02346428571428567,0.5822214285714299,15,2.0,16.0
2024,Bahrain Grand Prix,BOT,1,SOFT,0.06229090909090843,0.37390909090909497,10,2.0,11.0
2024,Bahrain Grand Prix,BOT,2,HARD,0.09920588235294113,0.5652941176470678,16,2.0,17.0
2024,Bahrain Grand Prix,BOT,3,HARD,0.017388461538461464,0.5916015384615403,25,2.0,26.0
2024,Bahrain Grand Prix,GAS,1,SOFT,0.02582424242424299,0.2762424242424223,10,2.0,11.0
2024,Bahrain Grand Prix,GAS,2,HARD,0.07210049019607837,-0.13218137254902554,17,2.0,18.0
2024,Bahrain Grand Prix,GAS,3,HARD,0.04177575757575793,0.1573575757575808,10,2.0,11.0
2024,Bahrain Grand Prix,GAS,4,SOFT,0.07828270676691652,0.07281353383458358,11,2.0,13.0
2024,Bahrain Grand Prix,HAM,1,SOFT,-0.006884848484847839,0.4638060606060567,10,5.0,14.0
2024,Bahrain Grand Prix,HAM,2,HARD,0.0004357171554841785,0.5998039373242283,18,2.0,20.0
2024,Bahrain Grand Prix,HAM,3,HARD,0.038392428398003886,0.20364354120768158,22,2.0,24.0
2024,Bahrain Grand Prix,HUL,2,HARD,0.030289215686274656,0.19651960784314298,17,2.0,18.0
2024,Bahrain Grand Prix,HUL,3,HARD,0.059014035087719005,-0.19973333333333082,19,2.0,20.0
2024,Bahrain Grand Prix,HUL,4,SOFT,0.0394989010989011,0.2839032967032951,14,3.0,16.0
2024,Bahrain Grand Prix,LEC,1,SOFT,0.08319819819819825,0.32566666666666777,8,5.0,13.0
2024,Bahrain Grand Prix,LEC,2,HARD,0.006476623376623325,0.3881376623376624,21,2.0,22.0
2024,Bahrain Grand Prix,LEC,3,HARD,0.059293619424054235,0.39096612083568505,22,2.0,23.0
2024,Bahrain Grand Prix,MAG,1,SOFT,0.05936666666666693,0.10591111111110851,9,2.0,10.0
2024,Bahrain Grand Prix,MAG,2,HARD,0.027838596491228444,0.7740912280701723,19,2.0,20.0
2024,Bahrain Grand Prix,MAG,3,HARD,0.0868982213438736,-0.1982420948616557,23,2.0,24.0
2024,Bahrain Grand Prix,NOR,1,SOFT,0.021047486033518893,-0.026622905027923565,9,5.0,15.0
2024,Bahrain Grand Prix,NOR,2,HARD,0.028691434468524356,0.04973993808049795,18,2.0,19.0
2024,Bahrain Grand Prix,NOR,3,HARD,0.06285804448006405,0.24159907834101427,22,2.0,24.0
2024,Bahrain Grand Prix,OCO,1,SOFT,0.07852380952380955,-0.07063095238095397,8,2.0,9.0
2024,Bahrain Grand Prix,OCO,2,HARD,0.06096491228070163,0.28981286549707896,18,2.0,19.0
2024,Bahrain Grand Prix,OCO,3,HARD,0.05892615384615395,0.03639384615384582,25,2.0,26.0
2024,Bahrain Grand Prix,PER,1,SOFT,0.07718787878787907,0.3405151515151488,10,5.0,14.0
2024,Bahrain Grand Prix,PER,2,HARD,0.018931677018633426,0.4382631281761779,22,2.0,23.0
2024,Bahrain Grand Prix,PER,3,SOFT,0.06663609022556372,-0.14311503759398628,20,2.0,21.0
2024,Bahrain Grand Prix,PIA,1,SOFT,0.0009393939393939673,0.21777575757576245,10,5.0,14.0
2024,Bahrain Grand Prix,PIA,2,HARD,0.030412781954887,0.1214030075187939,20,2.0,21.0
2024,Bahrain Grand Prix,PIA,3,HARD,0.05737814051451779,-0.213331126824135,19,2.0,23.0
2024,Bahrain Grand Prix,RIC,1,SOFT,0.005781818181818062,0.3358181818181817,11,5.0,15.0
2024,Bahrain Grand Prix,RIC,2,HARD,0.045226315789473705,0.25204736842105846,20,2.0,21.0
2024,Bahrain Grand Prix,RIC,3,SOFT,0.10617940717628725,-0.3118845553822151,17,2.0,19.0
2024,Bahrain Grand Prix,RUS,1,SOFT,0.14623333333333244,-0.15154444444444112,9,5.0,13.0
2024,Bahrain Grand Prix,RUS,2,HARD,-0.008950464396284698,0.8332576539387736,18,2.0,19.0
2024,Bahrain Grand Prix,RUS,3,HARD,0.04217302325581403,0.02733488372093052,24,2.0,26.0
2024,Bahrain Grand Prix,SAI,1,SOFT,0.023150349650349896,0.3421713286713293,12,5.0,16.0
2024,Bahrain Grand Prix,SAI,2,HARD,0.03830701754385959,0.3501491228070148,19,2.0,20.0
2024,Bahrain Grand Prix,SAI,3,HARD,0.02477922077922057,0.24731601731601463,21,2.0,22.0
2024,Bahrain Grand Prix,SAR,1,SOFT,0.1619880952380957,-0.3650595238095286,8,2.0,9.0
2024,Bahrain Grand Prix,SAR,2,HARD,-0.1321235294117648,2.4954235294117693,16,2.0,17.0
2024,Bahrain Grand Prix,SAR,3,HARD,0.0631696969696971,0.5496969696969654,10,2.0,11.0
2024,Bahrain Grand Prix,SAR,4,SOFT,0.17574725274725275,-0.2520659340659345,14,2.0,15.0
2024,Bahrain Grand Prix,STR,1,SOFT,0.14825000000000094,-0.17025000000000018,7,2.0,8.0
2024,Bahrain Grand Prix,STR,2,HARD,0.07094264705882353,0.5843573529411763,16,2.0,17.0
2024,Bahrain Grand Prix,STR,3,HARD,0.0363187192118226,0.2187625615763499,29,2.0,30.0
2024,Bahrain Grand Prix,TSU,1,SOFT,0.037387850467290394,-0.039093457943930855,11,2.0,13.0
2024,Bahrain Grand Prix,TSU,2,HARD,0.011387001477104891,0.20416986706056833,17,2.0,19.0
2024,Bahrain Grand Prix,TSU,3,HARD,0.05267532467532443,0.21189610389610877,21,2.0,22.0
2024,Bahrain Grand Prix,VER,1,SOFT,0.031692857142857,0.295619047619043,15,5.0,19.0
2024,Bahrain Grand Prix,VER,2,HARD,0.06081011351909188,-0.21856174750601742,18,2.0,19.0
2024,Bahrain Grand Prix,VER,3,SOFT,0.03194677926158678,1.749146897093477,18,2.0,20.0
2024,Bahrain Grand Prix,ZHO,1,SOFT,0.14671428571428582,-0.2502857142857131,7,2.0,8.0
2024,Bahrain Grand Prix,ZHO,2,HARD,0.06401470588235283,0.658205882352948,17,2.0,18.0
2024,Bahrain Grand Prix,ZHO,3,HARD,0.03957081807081802,0.8045858770858803,27,2.0,28.0
2024,Belgian Grand Prix,ALB,1,MEDIUM,0.028828571428571852,0.4117714285714259,6,2.0,7.0
2024,Belgian Grand Prix,ALB,2,MEDIUM,-0.002296703296703298,0.37698901098901144,13,2.0,14.0
2024,Belgian Grand Prix,ALB,3,HARD,0.004985714285714061,0.5526142857142922,20,2.0,21.0
2024,Belgian Grand Prix,ALO,1,MEDIUM,0.022072727272727636,0.43294545454545985,11,2.0,12.0
2024,Belgian Grand Prix,ALO,2,MEDIUM,-0.07347252502780875,2.263729996292175,30,2.0,31.0
2024,Belgian Grand Prix,BOT,1,MEDIUM,0.018550000000000767,0.4812555555555476,9,2.0,10.0
2024,Belgian Grand Prix,BOT,2,HARD,-0.067277244494636,1.7394201016374906,22,2.0,23.0
2024,Belgian Grand Prix,BOT,3,MEDIUM,0.08265476190476198,0.4182738095238044,8,2.0,9.0
2024,Belgian Grand Prix,GAS,1,MEDIUM,0.06625000000000063,0.23889285714285632,7,2.0,8.0
2024,Belgian Grand Prix,GAS,2,HARD,-0.04380637254901961,1.0085343137254832,17,2.0,18.0
2024,Belgian Grand Prix,GAS,3,HARD,0.019085714285714244,0.5188952380952326,15,2.0,16.0
2024,Belgian Grand Prix,HAM,1,MEDIUM,0.03149999999999888,0.28200000000001196,9,2.0,10.0
2024,Belgian Grand Prix,HAM,2,HARD,0.007335664335664367,0.20648018648018615,12,3.0,14.0
2024,Belgian Grand Prix,HAM,3,HARD,0.007203431372549075,0.36961274509803416,17,2.0,18.0
2024,Belgian Grand Prix,HUL,2,HARD,0.17619090909090857,-0.3217363636363641,10,2.0,12.0
2024,Belgian Grand Prix,HUL,3,MEDIUM,-0.017818181818181886,0.7737233201581112,23,2.0,24.0
2024,Belgian Grand Prix,LEC,1,MEDIUM,-0.027539393939394172,0.5930060606060635,10,2.0,11.0
2024,Belgian Grand Prix,LEC,2,HARD,0.045681818181817845,-0.06931818181818392,11,2.0,12.0
2024,Belgian Grand Prix,LEC,3,HARD,0.008628482972136016,0.2893453732370106,18,2.0,19.0
2024,Belgian Grand Prix,MAG,1,MEDIUM,-0.02875000000000019,1.0380833333333357,15,2.0,16.0
2024,Belgian Grand Prix,MAG,2,HARD,-0.05633975320032298,2.0212019374927936,25,2.0,27.0
2024,Belgian Grand Prix,NOR,1,MEDIUM,-0.03439160839160864,0.7889953379953463,12,3.0,14.0
2024,Belgian Grand Prix,NOR,2,HARD,-0.028959872611465348,0.6521554140127434,11,2.0,13.0
2024,Belgian Grand Prix,NOR,3,HARD,0.09265714285714315,0.5233428571428527,14,2.0,15.0
2024,Belgian Grand Prix,OCO,1,MEDIUM,0.04138181818181851,0.2872181818181836,10,2.0,11.0
2024,Belgian Grand Prix,OCO,2,HARD,-0.08012941176470575,1.5332294117647072,16,2.0,17.0
2024,Belgian Grand Prix,OCO,3,HARD,-0.08393406593406594,1.493857142857148,13,2.0,14.0
2024,Belgian Grand Prix,PER,1,MEDIUM,0.0027000000000003497,0.33902222222222195,9,2.0,10.0
2024,Belgian Grand Prix,PER,2,MEDIUM,0.10091666666666499,-0.18766666666666135,8,2.0,9.0
2024,Belgian Grand Prix,PER,3,HARD,0.03210175438596497,0.3889333333333343,19,2.0,20.0
2024,Belgian Grand Prix,PIA,1,MEDIUM,0.023816666666666486,0.08210000000000485,9,2.0,10.0
2024,Belgian Grand Prix,PIA,2,HARD,-0.03887745098039208,1.3717156862745095,17,2.0,18.0
2024,Belgian Grand Prix,PIA,3,HARD,-0.014027472527472717,0.9386043956043935,13,2.0,14.0
2024,Belgian Grand Prix,RIC,1,SOFT,-0.06917142857142831,1.0031047619047673,6,2.0,7.0
2024,Belgian Grand Prix,RIC,2,MEDIUM,0.020036363636364334,0.22138181818180752,11,2.0,12.0
2024,Belgian Grand Prix,RIC,3,SOFT,-0.028514963297571937,1.1509824957651014,22,2.0,23.0
2024,Belgian Grand Prix,RUS,1,MEDIUM,0.024095238095238277,0.09372619047618451,8,2.0,9.0
2024,Belgian Grand Prix,RUS,2,HARD,-0.05073696524064158,1.80217446524064,33,2.0,34.0
2024,Belgian Grand Prix,SAI,1,HARD,-0.09011356707317064,1.774809451219511,17,2.0,19.0
2024,Belgian Grand Prix,SAI,2,MEDIUM,0.014600000000001044,0.26979999999999393,6,2.0,7.0
2024,Belgian Grand Prix,SAI,3,HARD,-0.004189149560117231,0.7631202346041002,13,2.0,16.0
2024,Belgian Grand Prix,SAR,1,MEDIUM,-0.08682857142857058,1.0328952380952288,6,2.0,7.0
2024,Belgian Grand Prix,SAR,2,MEDIUM,0.13877582417582426,0.2237626373626389,14,2.0,15.0
2024,Belgian Grand Prix,SAR,3,HARD,-0.01948271798900239,1.2399190887666989,18,2.0,20.0
2024,Belgian Grand Prix,STR,1,MEDIUM,0.018249999999999298,0.4642500000000005,9,3.0,11.0
2024,Belgian Grand Prix,STR,2,MEDIUM,-0.04084879032258068,1.9183971774193518,31,2.0,32.0
2024,Belgian Grand Prix,TSU,1,MEDIUM,0.012445054945054424,0.4930549450549458,13,2.0,14.0
2024,Belgian Grand Prix,TSU,2,SOFT,-0.06398850574712653,2.3810361247947522,28,2.0,29.0
2024,Belgian Grand Prix,VER,1,MEDIUM,0.06476190476190304,-0.04869047619046912,8,2.0,9.0
2024,Belgian Grand Prix,VER,2,HARD,-0.03551176470588257,1.3001117647058864,16,2.0,17.0
2024,Belgian Grand Prix,VER,3,MEDIUM,0.07115357142857154,0.147617857142858,15,2.0,16.0
2024,British Grand Prix,ALB,1,MEDIUM,0.20241615384615386,-0.786746153846155,25,2.0,26.0
2024,British Grand Prix,ALB,2,INTERMEDIATE,-0.11184868421052684,3.580914473684216,7,2.0,10.0
2024,British Grand Prix,ALB,3,MEDIUM,-0.08593956043956043,1.2161318681318636,13,2.0,14.0
2024,British Grand Prix,ALO,1,MEDIUM,0.21786307692307702,-1.061523076923079,25,2.0,26.0
2024,British Grand Prix,ALO,2,INTERMEDIATE,-0.09828333333333303,2.985255555555556,9,2.0,10.0
2024,British Grand Prix,ALO,3,MEDIUM,0.032675824175824514,0.4002857142857188,13,2.0,14.0
2024,British Grand Prix,BOT,1,MEDIUM,0.17687130434782594,-0.46751260869565603,24,2.0,25.0
2024,British Grand Prix,BOT,2,INTERMEDIATE,0.2107000000000002,0.42268888888889095,9,2.0,10.0
2024,British Grand Prix,BOT,3,SOFT,-0.22406593406593436,3.054373626373627,13,2.0,14.0
2024,British Grand Prix,HAM,1,MEDIUM,0.16855224856909248,-0.6829080948487315,24,2.0,26.0
2024,British Grand Prix,HAM,2,INTERMEDIATE,0.05471666666666727,1.5160333333333318,9,2.0,10.0
2024,British Grand Prix,HAM,3,SOFT,-0.017368131868132058,0.48577472527472465,13,3.0,15.0
2024,British Grand Prix,HUL,1,MEDIUM,0.14743347826086955,-0.43347695652174273,24,2.0,25.0
2024,British Grand Prix,HUL,2,INTERMEDIATE,-0.18897272727272846,5.132627272727284,11,2.0,12.0
2024,British Grand Prix,HUL,3,SOFT,0.00758041958041973,0.4904055944055917,12,5.0,16.0
2024,British Grand Prix,LEC,1,MEDIUM,0.10300490196078414,-0.10087254901961144,17,2.0,18.0
2024,British Grand Prix,LEC,3,INTERMEDIATE,-0.13825000000000076,3.291000000000012,8,2.0,9.0
2024,British Grand Prix,LEC,4,SOFT,0.028021978021978387,0.4472857142857071,13,2.0,14.0
2024,British Grand Prix,MAG,1,MEDIUM,0.18260384615384642,-0.7332938461538487,25,2.0,26.0
2024,British Grand Prix,MAG,2,INTERMEDIATE,0.34416666666666773,0.31008333333333427,8,2.0,9.0
2024,British Grand Prix,MAG,3,SOFT,-0.02606373626373641,1.41575604395604,14,2.0,15.0
2024,British Grand Prix,NOR,1,MEDIUM,0.14670178217821797,-0.06431617161716248,24,2.0,26.0
2024,British Grand Prix,NOR,2,INTERMEDIATE,-0.11610303030303057,4.081369696969704,10,2.0,11.0
2024,British Grand Prix,NOR,3,SOFT,0.1233461538461536,-0.3102051282051275,12,4.0,15.0
2024,British Grand Prix,OCO,1,SOFT,0.2616372549019608,-1.0899019607843075,17,2.0,18.0
2024,British Grand Prix,OCO,4,INTERMEDIATE,0.00018181818181883629,2.1190181818181744,10,2.0,11.0
2024,British Grand Prix,OCO,5,MEDIUM,0.11675454545454592,0.23280909090908744,11,2.0,12.0
2024,British Grand Prix,PER,1,HARD,0.11545098039215683,-0.21562745098039737,17,2.0,18.0
2024,British Grand Prix,PER,2,INTERMEDIATE,1.2262857142857142,-1.0602857142857092,7,2.0,8.0
2024,British Grand Prix,PER,3,INTERMEDIATE,0.292785714285715,1.6289285714285704,7,2.0,8.0
2024,British Grand Prix,PER,4,MEDIUM,-0.38330952380952343,3.0497023809523793,8,2.0,9.0
2024,British Grand Prix,PIA,1,MEDIUM,0.27749641025641025,-1.3495825641025647,26,2.0,27.0
2024,British Grand Prix,PIA,2,INTERMEDIATE,-0.03641666666666687,2.8819166666666627,8,2.0,9.0
2024,British Grand Prix,PIA,3,MEDIUM,-0.01597802197802191,0.7736703296703248,13,2.0,14.0
2024,British Grand Prix,RIC,1,MEDIUM,0.2020256521739129,-0.8648046376811608,24,2.0,25.0
2024,British Grand Prix,RIC,2,INTERMEDIATE,0.20305520169851368,-0.24058811040339256,8,2.0,10.0
2024,British Grand Prix,RIC,3,SOFT,0.13785164835164807,0.11880219780220096,13,2.0,14.0
2024,British Grand Prix,RUS,1,MEDIUM,0.18077112019623873,-0.9817600327064601,24,2.0,26.0
2024,British Grand Prix,SAI,1,MEDIUM,0.12129304347826082,-0.41670608695652767,24,2.0,25.0
2024,British Grand Prix,SAI,2,INTERMEDIATE,-0.3251757575757572,6.331218181818173,10,3.0,12.0
2024,British Grand Prix,SAI,3,HARD,-0.10506666666666663,0.9422888888888813,9,2.0,10.0
2024,British Grand Prix,SAR,1,MEDIUM,0.21924643086816717,-1.107262829581999,24,2.0,26.0
2024,British Grand Prix,SAR,2,INTERMEDIATE,0.11426666666666588,1.2337333333333425,9,2.0,10.0
2024,British Grand Prix,SAR,3,SOFT,0.10728021978021966,0.12583516483517015,13,2.0,14.0
2024,British Grand Prix,STR,1,MEDIUM,0.1733830434782607,-0.6478794202898498,24,2.0,25.0
2024,British Grand Prix,STR,2,INTERMEDIATE,-0.19903636363636365,4.975527272727269,11,2.0,12.0
2024,British Grand Prix,STR,3,MEDIUM,-0.00878671328671371,0.2228170163170132,12,2.0,13.0
2024,British Grand Prix,TSU,1,MEDIUM,0.20575615384615387,-1.1627461538461474,25,2.0,26.0
2024,British Grand Prix,TSU,2,INTERMEDIATE,-0.13343333333333326,3.3731555555555564,9,2.0,10.0
2024,British Grand Prix,TSU,3,SOFT,0.05294505494505485,0.5890549450549474,13,2.0,14.0
2024,British Grand Prix,VER,1,MEDIUM,0.17382869565217376,-0.8172707246376805,24,2.0,25.0
2024,British Grand Prix,VER,2,INTERMEDIATE,-0.07150909090909123,3.423709090909093,10,2.0,11.0
2024,British Grand Prix,VER,3,HARD,-0.03599999999999989,0.722923076923078,13,2.0,14.0
2024,British Grand Prix,ZHO,1,SOFT,0.3018848484848485,-0.7507515151515183,10,2.0,11.0
2024,British Grand Prix,ZHO,4,INTERMEDIATE,0.27263333333333384,0.40653333333333036,9,2.0,10.0
2024,British Grand Prix,ZHO,5,SOFT,-0.04033566433566411,1.0298531468531484,12,3.0,14.0
2024,Canadian Grand Prix,ALB,1,INTERMEDIATE,-0.6729032700036537,14.441578279137739,22,2.0,24.0
2024,Canadian Grand Prix,ALB,2,INTERMEDIATE,-0.4281871080139374,7.594110801393737,13,5.0,18.0
2024,Canadian Grand Prix,ALB,3,MEDIUM,-0.5408928571428584,4.900750000000009,7,2.0,8.0
2024,Canadian Grand Prix,ALO,1,INTERMEDIATE,-0.6239038652599709,12.917810569144159,22,2.0,24.0
2024,Canadian Grand Prix,ALO,2,INTERMEDIATE,-0.4521062079281972,8.181335078534028,13,5.0,18.0
2024,Canadian Grand Prix,ALO,3,HARD,-0.31127392232180995,7.465103798548874,19,2.0,26.0
2024,Canadian Grand Prix,BOT,1,INTERMEDIATE,-0.26179321975662123,10.5443543249821,34,2.0,41.0
2024,Canadian Grand Prix,BOT,2,MEDIUM,-0.2280206736767063,6.918890393869183,21,2.0,28.0
2024,Canadian Grand Prix,GAS,1,INTERMEDIATE,-0.6955770750988143,15.648893280632413,23,2.0,24.0
2024,Canadian Grand Prix,GAS,2,INTERMEDIATE,-0.5482848484848482,7.605606060606056,10,5.0,14.0
2024,Canadian Grand Prix,GAS,3,HARD,-0.2379523856153151,6.872978432764571,22,2.0,30.0
2024,Canadian Grand Prix,HAM,1,INTERMEDIATE,-0.6276081358462402,13.09166253032282,22,2.0,24.0
2024,Canadian Grand Prix,HAM,2,INTERMEDIATE,-0.5356978021978027,8.880368131868142,13,5.0,17.0
2024,Canadian Grand Prix,HAM,3,MEDIUM,-1.0256500000000002,9.152150000000002,8,2.0,10.0
2024,Canadian Grand Prix,HAM,4,HARD,-0.30406293706293686,4.83366083916084,12,5.0,16.0
2024,Canadian Grand Prix,HUL,1,WET,-0.35953939393939366,3.8234060606060556,10,2.0,11.0
2024,Canadian Grand Prix,HUL,2,INTERMEDIATE,-0.34974545454545475,3.9195454545454558,10,2.0,11.0
2024,Canadian Grand Prix,HUL,3,INTERMEDIATE,-0.3847667719021308,6.631680741910017,13,5.0,18.0
2024,Canadian Grand Prix,HUL,4,MEDIUM,-0.1977649167733674,5.546996927016636,19,2.0,26.0
2024,Canadian Grand Prix,LEC,1,INTERMEDIATE,-0.6137984189723321,13.110422924901181,23,2.0,24.0
2024,Canadian Grand Prix,LEC,4,INTERMEDIATE,-0.4449166666666676,4.603166666666673,8,2.0,9.0
2024,Canadian Grand Prix,MAG,2,INTERMEDIATE,-0.4008676470588233,5.843492647058815,16,2.0,17.0
2024,Canadian Grand Prix,MAG,3,INTERMEDIATE,-0.5317262737262736,8.026380619380618,10,5.0,15.0
2024,Canadian Grand Prix,MAG,4,MEDIUM,-0.9038833333333337,9.019966666666674,9,2.0,10.0
2024,Canadian Grand Prix,MAG,5,MEDIUM,-0.36968947368421057,5.439157894736847,11,5.0,16.0
2024,Canadian Grand Prix,NOR,1,INTERMEDIATE,-0.5851561264822139,12.526594861660085,23,2.0,24.0
2024,Canadian Grand Prix,NOR,2,INTERMEDIATE,-0.41946675191815824,7.8288593350383575,16,4.0,20.0
2024,Canadian Grand Prix,NOR,3,MEDIUM,-0.16970020685579199,3.878532210401886,17,2.0,23.0
2024,Canadian Grand Prix,OCO,1,INTERMEDIATE,-0.26073315719356577,11.089212360183458,37,2.0,43.0
2024,Canadian Grand Prix,OCO,2,MEDIUM,-0.21640870678617155,5.74804455825864,19,2.0,26.0
2024,Canadian Grand Prix,PER,1,INTERMEDIATE,-0.6839562331666023,14.375992400923435,22,2.0,24.0
2024,Canadian Grand Prix,PER,2,INTERMEDIATE,-0.5428299595141693,8.91282287449391,12,5.0,17.0
2024,Canadian Grand Prix,PER,3,MEDIUM,-1.1029642857142856,8.460107142857137,7,2.0,8.0
2024,Canadian Grand Prix,PIA,1,INTERMEDIATE,-0.6018616600790516,12.157853754940716,23,2.0,24.0
2024,Canadian Grand Prix,PIA,2,INTERMEDIATE,-0.47179999999999983,8.17948571428571,14,5.0,18.0
2024,Canadian Grand Prix,PIA,3,MEDIUM,-0.21924664031620547,5.192376284584978,20,2.0,26.0
2024,Canadian Grand Prix,RIC,1,INTERMEDIATE,-0.6868112648221343,14.263242094861656,23,2.0,24.0
2024,Canadian Grand Prix,RIC,2,INTERMEDIATE,-0.5475274725274729,8.060890109890112,13,4.0,16.0
2024,Canadian Grand Prix,RIC,3,MEDIUM,-0.2341649746192895,6.228954314720819,19,3.0,28.0
2024,Canadian Grand Prix,RUS,1,INTERMEDIATE,-0.413277566539924,9.040457541191381,21,3.0,24.0
2024,Canadian Grand Prix,RUS,2,INTERMEDIATE,-0.40258214285714283,7.6053857142857115,15,5.0,19.0
2024,Canadian Grand Prix,RUS,3,HARD,-0.7144161490683227,5.000844720496896,6,2.0,8.0
2024,Canadian Grand Prix,RUS,4,MEDIUM,-0.3149624838292367,4.7784191461837,11,5.0,16.0
2024,Canadian Grand Prix,SAI,1,INTERMEDIATE,-0.6425741106719368,13.4482895256917,23,2.0,24.0
2024,Canadian Grand Prix,SAI,2,INTERMEDIATE,-0.5278351648351643,8.364956043956031,13,5.0,17.0
2024,Canadian Grand Prix,SAI,3,MEDIUM,-0.5910833333333336,5.738833333333339,8,2.0,9.0
2024,Canadian Grand Prix,SAR,1,INTERMEDIATE,-0.5511713857428385,11.975527981345778,18,2.0,23.0
2024,Canadian Grand Prix,STR,1,INTERMEDIATE,-0.659894268774704,13.714016798418983,23,2.0,24.0
2024,Canadian Grand Prix,STR,2,INTERMEDIATE,-0.4226993031358886,7.395330313588855,13,5.0,18.0
2024,Canadian Grand Prix,STR,3,HARD,-0.2579613743064446,6.625548015364909,19,3.0,27.0
2024,Canadian Grand Prix,TSU,1,INTERMEDIATE,-0.2619903123127954,11.235679810090922,37,2.0,43.0
2024,Canadian Grand Prix,TSU,2,MEDIUM,-0.242650195671649,6.174800037719839,18,2.0,26.0
2024,Canadian Grand Prix,VER,1,INTERMEDIATE,-0.4579284800876874,9.651128699305804,22,2.0,24.0
2024,Canadian Grand Prix,VER,2,INTERMEDIATE,-0.39549285714285753,6.938847619047632,15,5.0,19.0
2024,Canadian Grand Prix,VER,3,MEDIUM,-0.21803739837398364,4.8835821138211335,19,2.0,25.0
2024,Canadian Grand Prix,ZHO,1,INTERMEDIATE,-0.6708633540372676,13.400019198193112,22,2.0,23.0
2024,Canadian Grand Prix,ZHO,2,INTERMEDIATE,-0.37803076923076967,6.649956043956046,14,6.0,19.0
2024,Canadian Grand Prix,ZHO,3,MEDIUM,-2.9780285714285686,18.984628571428562,6,2.0,7.0
2024,Canadian Grand Prix,ZHO,4,MEDIUM,-0.2522237762237763,4.730406759906758,12,6.0,17.0
2024,Chinese Grand Prix,ALB,1,MEDIUM,0.1276428571428581,-0.29278571428571565,7,2.0,8.0
2024,Chinese Grand Prix,ALB,2,MEDIUM,0.06578181818181866,0.3052181818181832,10,2.0,11.0
2024,Chinese Grand Prix,ALB,3,HARD,0.010353101045296218,0.4948570034843129,24,9.0,33.0
2024,Chinese Grand Prix,ALO,1,MEDIUM,0.29261666666666675,-0.28858888888889056,9,2.0,10.0
2024,Chinese Grand Prix,ALO,2,HARD,-0.0121666666666668,0.5024166666666668,8,2.0,9.0
2024,Chinese Grand Prix,ALO,3,SOFT,0.11672727272727271,-0.8271818181818155,11,9.0,19.0
2024,Chinese Grand Prix,ALO,4,MEDIUM,0.11570629370629326,0.8945361305361307,12,2.0,13.0
2024,Chinese Grand Prix,BOT,1,MEDIUM,0.07742857142857217,0.1181428571428508,7,2.0,8.0
2024,Chinese Grand Prix,BOT,2,HARD,0.11676666666666644,0.24617777777778227,9,2.0,10.0
2024,Chinese Grand Prix,GAS,1,MEDIUM,0.06678378378378363,0.01885135135135354,8,2.0,10.0
2024,Chinese Grand Prix,GAS,2,HARD,0.11391666666666644,0.16283333333333638,8,2.0,9.0
2024,Chinese Grand Prix,GAS,3,HARD,-0.19219999999999882,2.6251333333333227,6,9.0,14.0
2024,Chinese Grand Prix,GAS,4,MEDIUM,0.08902696078431409,0.2414178921568675,16,2.0,18.0
2024,Chinese Grand Prix,HAM,1,SOFT,0.059142857142856255,0.34757142857142936,7,2.0,8.0
2024,Chinese Grand Prix,HAM,2,MEDIUM,0.16312121212121122,-0.21318787878787956,10,2.0,11.0
2024,Chinese Grand Prix,HAM,3,HARD,0.032586923076923104,-0.3084992307692259,25,11.0,35.0
2024,Chinese Grand Prix,HUL,2,HARD,0.10662727272727256,-0.040209090909089945,11,2.0,12.0
2024,Chinese Grand Prix,HUL,3,HARD,0.030781538461538457,-0.06713230769230445,25,9.0,33.0
2024,Chinese Grand Prix,LEC,1,MEDIUM,-0.007884210526315789,0.4381473684210537,19,2.0,20.0
2024,Chinese Grand Prix,LEC,2,HARD,0.03998615384615381,-0.22456153846153626,25,11.0,35.0
2024,Chinese Grand Prix,MAG,1,HARD,0.020975000000000004,0.47789166666666566,15,2.0,16.0
2024,Chinese Grand Prix,MAG,3,MEDIUM,0.024178461538461687,0.44012615384615417,25,5.0,29.0
2024,Chinese Grand Prix,NOR,1,MEDIUM,0.02780175438596517,0.30186491228070444,19,2.0,20.0
2024,Chinese Grand Prix,NOR,2,HARD,0.057147692307692434,-0.2958892307692388,25,10.0,34.0
2024,Chinese Grand Prix,OCO,1,MEDIUM,0.17010714285714304,-0.4086785714285713,7,2.0,8.0
2024,Chinese Grand Prix,OCO,2,HARD,0.11069696969697003,0.06336969696970005,10,2.0,11.0
2024,Chinese Grand Prix,OCO,3,HARD,0.0166784615384615,0.1609123076923105,25,9.0,33.0
2024,Chinese Grand Prix,PER,1,MEDIUM,0.10138181818181825,0.016236363636362695,11,2.0,12.0
2024,Chinese Grand Prix,PER,2,HARD,-0.006085714285712515,0.6112190476190423,6,2.0,7.0
2024,Chinese Grand Prix,PER,3,HARD,0.0341892307692309,-0.2256138461538538,25,9.0,33.0
2024,Chinese Grand Prix,PIA,1,MEDIUM,0.09893626373626316,0.13532747252747773,14,2.0,15.0
2024,Chinese Grand Prix,PIA,3,HARD,0.03102923076923092,0.2562153846153771,25,8.0,32.0
2024,Chinese Grand Prix,RIC,1,MEDIUM,-0.0060069930069927705,0.4652191142191125,12,2.0,13.0
2024,Chinese Grand Prix,RIC,2,MEDIUM,0.18942692307692338,-0.28370384615384825,6,2.0,18.0
2024,Chinese Grand Prix,RUS,1,MEDIUM,0.2428666666666672,-0.5335333333333352,9,2.0,10.0
2024,Chinese Grand Prix,RUS,2,MEDIUM,0.09296428571428471,0.15332142857143882,8,2.0,9.0
2024,Chinese Grand Prix,RUS,3,HARD,0.00986230769230793,0.27237153846153767,25,9.0,33.0
2024,Chinese Grand Prix,SAI,1,MEDIUM,0.05819642857142893,0.13083214285714,15,2.0,16.0
2024,Chinese Grand Prix,SAI,2,HARD,0.0033078954641772083,0.5609122623836893,27,2.0,39.0
2024,Chinese Grand Prix,SAR,1,SOFT,-0.051358333333333096,0.8424916666666619,9,2.0,11.0
2024,Chinese Grand Prix,SAR,2,MEDIUM,0.2916785714285721,-0.23682142857142874,7,2.0,8.0
2024,Chinese Grand Prix,SAR,3,HARD,0.039183846153845896,0.4154430769230781,25,8.0,32.0
2024,Chinese Grand Prix,STR,1,SOFT,0.17353571428571418,-0.34739285714286466,7,2.0,8.0
2024,Chinese Grand Prix,STR,2,MEDIUM,0.08760606060606076,-0.00453939393939894,10,2.0,11.0
2024,Chinese Grand Prix,STR,5,HARD,0.1016090225563909,-0.6354488721804529,20,7.0,26.0
2024,Chinese Grand Prix,TSU,1,SOFT,0.10131428571428386,-0.020580952380944827,6,2.0,7.0
2024,Chinese Grand Prix,TSU,2,MEDIUM,0.09408181818181809,0.3300636363636369,11,2.0,12.0
2024,Chinese Grand Prix,VER,1,MEDIUM,0.11537272727272764,0.06775454545454715,11,2.0,12.0
2024,Chinese Grand Prix,VER,2,HARD,0.1253214285714286,-0.16346428571429297,7,2.0,8.0
2024,Chinese Grand Prix,VER,3,HARD,0.058807692307692117,-0.44700153846153984,25,9.0,33.0
2024,Chinese Grand Prix,ZHO,1,MEDIUM,-0.012228571428571358,0.600361904761908,6,2.0,7.0
2024,Chinese Grand Prix,ZHO,2,HARD,0.14950909090909073,-0.20510909090909116,11,2.0,12.0
2024,Chinese Grand Prix,ZHO,3,HARD,-0.10684523809523738,1.7919404761904658,8,9.0,16.0
2024,Chinese Grand Prix,ZHO,4,SOFT,0.15605000000000013,0.24935000000000382,15,2.0,16.0
2024,Dutch Grand Prix,ALB,1,MEDIUM,-0.12007272727272744,1.4984727272727272,10,2.0,11.0
2024,Dutch Grand Prix,ALB,2,HARD,0.006501594746716796,1.0826407129455926,40,2.0,41.0
2024,Dutch Grand Prix,ALB,3,MEDIUM,-0.05285441176470627,1.1365544117647124,16,2.0,17.0
2024,Dutch Grand Prix,ALO,1,MEDIUM,0.006529064039408917,0.5630866995073865,29,2.0,30.0
2024,Dutch Grand Prix,ALO,2,HARD,-0.014296356275303674,1.2861978407557402,39,2.0,40.0
2024,Dutch Grand Prix,BOT,1,SOFT,0.005417582417581721,0.7419670329670334,13,2.0,14.0
2024,Dutch Grand Prix,BOT,2,HARD,0.055998974358974565,0.24189948717949047,26,2.0,27.0
2024,Dutch Grand Prix,BOT,3,MEDIUM,-0.002611965811965833,0.7894119658119645,26,2.0,27.0
2024,Dutch Grand Prix,GAS,1,MEDIUM,0.02051590656284759,0.31998754171301336,30,2.0,31.0
2024,Dutch Grand Prix,GAS,2,HARD,-0.02061611834230063,1.2173646409535894,37,2.0,39.0
2024,Dutch Grand Prix,HAM,1,SOFT,-0.0031909090909091158,0.5971004329004291,21,2.0,22.0
2024,Dutch Grand Prix,HAM,2,HARD,-0.027702569169960535,0.9404812252964403,23,2.0,24.0
2024,Dutch Grand Prix,HAM,3,SOFT,0.04481126482213435,-0.05311166007905218,23,2.0,24.0
2024,Dutch Grand Prix,HUL,1,MEDIUM,0.06747902097902048,0.10482400932401803,12,2.0,13.0
2024,Dutch Grand Prix,HUL,2,HARD,-0.004304647983595412,0.785237115516069,56,2.0,57.0
2024,Dutch Grand Prix,LEC,1,MEDIUM,-0.0031287408243928284,0.4319728966685468,22,2.0,23.0
2024,Dutch Grand Prix,LEC,2,HARD,-0.012836031452358914,0.861964616096214,47,2.0,48.0
2024,Dutch Grand Prix,MAG,1,HARD,0.014216865480137645,0.6962084429030599,37,2.0,39.0
2024,Dutch Grand Prix,MAG,2,MEDIUM,0.0360829810901002,0.9719308120133529,30,2.0,31.0
2024,Dutch Grand Prix,NOR,1,MEDIUM,-0.028110769230769085,0.8076061538461594,26,2.0,27.0
2024,Dutch Grand Prix,NOR,2,HARD,0.0030726366656598975,0.8085154032014568,43,2.0,44.0
2024,Dutch Grand Prix,OCO,1,MEDIUM,0.0020038314176245137,0.6437977558839635,28,2.0,29.0
2024,Dutch Grand Prix,OCO,2,HARD,0.00955581613508443,0.6461249530956837,40,2.0,41.0
2024,Dutch Grand Prix,PER,1,MEDIUM,-0.00038583638583650437,0.2717505087505056,27,2.0,28.0
2024,Dutch Grand Prix,PER,2,HARD,-0.0015807471031520672,0.5790906193447294,42,2.0,43.0
2024,Dutch Grand Prix,PIA,1,MEDIUM,-0.01294637096774196,0.7405399193548358,31,2.0,32.0
2024,Dutch Grand Prix,PIA,2,HARD,0.013600503337345382,0.3822686289528457,38,2.0,39.0
2024,Dutch Grand Prix,RIC,1,MEDIUM,-0.01797557997557992,0.6773744403744468,27,2.0,28.0
2024,Dutch Grand Prix,RIC,2,HARD,-0.014257665505226528,0.9216686411149884,41,2.0,42.0
2024,Dutch Grand Prix,RUS,1,MEDIUM,0.00795059288537565,0.1859466403161977,23,2.0,24.0
2024,Dutch Grand Prix,RUS,2,HARD,-0.020584249084249044,1.1969859584859615,27,2.0,28.0
2024,Dutch Grand Prix,RUS,3,SOFT,0.02303431372549014,0.13808333333332823,17,5.0,21.0
2024,Dutch Grand Prix,SAI,1,MEDIUM,-0.018972085385878516,0.7670673234811088,28,2.0,29.0
2024,Dutch Grand Prix,SAI,2,HARD,-0.0032388099705173198,0.8631206110962167,40,2.0,42.0
2024,Dutch Grand Prix,SAR,1,MEDIUM,-0.006958646616541606,0.5591744360902211,20,2.0,21.0
2024,Dutch Grand Prix,SAR,2,HARD,0.01080400564481114,0.9216020227239804,48,2.0,49.0
2024,Dutch Grand Prix,STR,1,MEDIUM,0.019335796387520497,0.38533087027914176,28,2.0,29.0
2024,Dutch Grand Prix,STR,2,HARD,-0.0071726078799249846,0.7957610694183906,40,2.0,41.0
2024,Dutch Grand Prix,TSU,1,SOFT,0.001601398601398191,0.8304895104895109,12,2.0,13.0
2024,Dutch Grand Prix,TSU,2,MEDIUM,0.10139411764705872,0.2372558823529352,16,2.0,17.0
2024,Dutch Grand Prix,TSU,3,HARD,0.014167742641426725,0.8388507495349571,38,2.0,39.0
2024,Dutch Grand Prix,VER,1,MEDIUM,0.013317692307692298,0.23503230769230804,25,2.0,26.0
2024,Dutch Grand Prix,VER,2,HARD,0.005707892882311502,0.2240690627202309,44,2.0,45.0
2024,Dutch Grand Prix,ZHO,1,MEDIUM,-0.0294176470588233,0.6688426470588216,16,2.0,17.0
2024,Dutch Grand Prix,ZHO,2,HARD,0.05453911290322571,0.27625443548386663,31,2.0,32.0
2024,Dutch Grand Prix,ZHO,3,SOFT,0.006934022648941377,0.42727129492860316,17,2.0,19.0
2024,Emilia Romagna Grand Prix,ALB,1,MEDIUM,-0.11031428571428498,0.7509142857142829,6,2.0,7.0
2024,Emilia Romagna Grand Prix,ALB,3,MEDIUM,0.07024825174825083,-0.010445221445215697,12,2.0,13.0
2024,Emilia Romagna Grand Prix,ALB,5,MEDIUM,0.020967532467532645,0.09464935064934657,21,10.0,30.0
2024,Emilia Romagna Grand Prix,ALO,2,HARD,0.04628508064516123,0.3012233870967724,31,3.0,33.0
2024,Emilia Romagna Grand Prix,ALO,3,MEDIUM,0.15292892156862786,-0.040865196078433835,17,3.0,19.0
2024,Emilia Romagna Grand Prix,BOT,1,MEDIUM,-0.18037142857142777,1.221504761904752,6,2.0,7.0
2024,Emilia Romagna Grand Prix,BOT,2,HARD,0.0463320888752311,0.2143419388373927,52,2.0,54.0
2024,Emilia Romagna Grand Prix,GAS,1,SOFT,-0.14734285714285741,0.9295428571428569,6,2.0,7.0
2024,Emilia Romagna Grand Prix,GAS,2,HARD,0.08049097744360915,0.03430375939850048,20,2.0,21.0
2024,Emilia Romagna Grand Prix,GAS,3,MEDIUM,0.0373370967741936,0.4133016129032276,31,2.0,32.0
2024,Emilia Romagna Grand Prix,HAM,1,MEDIUM,0.023132173913043702,0.23938231884058245,24,2.0,25.0
2024,Emilia Romagna Grand Prix,HAM,2,HARD,-0.006571428571428578,0.7855714285714267,35,2.0,36.0
2024,Emilia Romagna Grand Prix,HUL,1,MEDIUM,0.05887272727272699,0.14434545454545328,11,2.0,12.0
2024,Emilia Romagna Grand Prix,HUL,2,HARD,0.011722499222143053,0.6109122474536449,46,2.0,49.0
2024,Emilia Romagna Grand Prix,LEC,1,MEDIUM,0.04459387351778636,-0.0638507905138339,23,2.0,24.0
2024,Emilia Romagna Grand Prix,LEC,2,HARD,0.007383295978905793,0.5589387079762652,36,2.0,38.0
2024,Emilia Romagna Grand Prix,MAG,1,MEDIUM,0.018202240896358503,0.4078145658263361,35,2.0,36.0
2024,Emilia Romagna Grand Prix,MAG,2,HARD,-0.022119130434782416,1.0167749275362283,24,2.0,25.0
2024,Emilia Romagna Grand Prix,NOR,1,MEDIUM,0.05859323308270663,0.0008278195488728027,20,2.0,21.0
2024,Emilia Romagna Grand Prix,NOR,2,HARD,-0.01645132351426508,0.9810688948398397,39,3.0,42.0
2024,Emilia Romagna Grand Prix,OCO,1,MEDIUM,0.04341106719367575,0.11887351778656507,23,2.0,24.0
2024,Emilia Romagna Grand Prix,OCO,2,HARD,0.020848005148005198,1.03454723294723,36,2.0,37.0
2024,Emilia Romagna Grand Prix,PER,1,HARD,0.015841174529858143,0.3937034971956429,34,2.0,36.0
2024,Emilia Romagna Grand Prix,PER,2,MEDIUM,-0.003102307692307556,0.847192307692298,25,2.0,26.0
2024,Emilia Romagna Grand Prix,PIA,1,MEDIUM,0.04823766233766226,0.2216718614718568,21,2.0,22.0
2024,Emilia Romagna Grand Prix,PIA,2,HARD,0.003785020242915005,0.7890885290148469,39,3.0,41.0
2024,Emilia Romagna Grand Prix,RIC,1,MEDIUM,0.006949999999999832,0.2616333333333363,9,2.0,10.0
2024,Emilia Romagna Grand Prix,RIC,2,HARD,0.01075068427370951,0.7504868667466953,50,2.0,51.0
2024,Emilia Romagna Grand Prix,RUS,1,MEDIUM,0.04558070175438592,0.05555964912280101,19,2.0,20.0
2024,Emilia Romagna Grand Prix,RUS,2,HARD,0.0005049261083745038,0.47854187192118286,29,2.0,30.0
2024,Emilia Romagna Grand Prix,RUS,3,MEDIUM,0.2051818181818184,-0.39874545454545507,10,4.0,13.0
2024,Emilia Romagna Grand Prix,SAI,1,MEDIUM,0.03174153846153856,0.19341846153846637,25,2.0,26.0
2024,Emilia Romagna Grand Prix,SAI,2,HARD,0.006638655462184911,0.564008403361344,35,2.0,36.0
2024,Emilia Romagna Grand Prix,SAR,1,HARD,0.02232512315270941,0.22693596059113388,29,2.0,30.0
2024,Emilia Romagna Grand Prix,SAR,2,MEDIUM,0.032677196885428375,0.6152262513904332,30,2.0,31.0
2024,Emilia Romagna Grand Prix,STR,1,MEDIUM,0.014688235294117715,0.12443529411764115,35,3.0,37.0
2024,Emilia Romagna Grand Prix,STR,2,HARD,0.020306153846153866,0.35796769230769854,25,3.0,27.0
2024,Emilia Romagna Grand Prix,TSU,1,MEDIUM,0.04296363636363701,0.2214363636363629,10,2.0,11.0
2024,Emilia Romagna Grand Prix,TSU,2,HARD,0.008530716734693859,1.3084938492516942,48,2.0,50.0
2024,Emilia Romagna Grand Prix,VER,1,MEDIUM,0.056714276510758936,-0.10413522741915336,19,2.0,23.0
2024,Emilia Romagna Grand Prix,VER,2,HARD,0.0006161505635190211,0.34434259765838626,38,2.0,39.0
2024,Emilia Romagna Grand Prix,ZHO,1,HARD,0.009592741935483774,0.34243951612903534,31,2.0,32.0
2024,Emilia Romagna Grand Prix,ZHO,2,MEDIUM,0.043198686371100116,0.729420361247942,28,2.0,29.0
2024,Hungarian Grand Prix,ALB,2,HARD,0.05095844155844153,0.22078441558441284,21,2.0,22.0
2024,Hungarian Grand Prix,ALB,3,HARD,0.04270668016194336,-0.08499412955466255,39,2.0,40.0
2024,Hungarian Grand Prix,ALO,2,MEDIUM,-0.023269293924466358,1.622014778325121,28,3.0,30.0
2024,Hungarian Grand Prix,ALO,3,HARD,0.032155608504398824,0.19496499266861814,32,3.0,34.0
2024,Hungarian Grand Prix,BOT,1,MEDIUM,-0.11381978021978015,1.773716483516478,14,3.0,16.0
2024,Hungarian Grand Prix,BOT,2,HARD,-0.0020976800976802434,1.5564281644281661,27,2.0,28.0
2024,Hungarian Grand Prix,BOT,3,HARD,0.06354347826086942,0.9901086956521736,23,2.0,24.0
2024,Hungarian Grand Prix,GAS,1,HARD,-0.018629621454585542,0.9540176580951298,25,2.0,27.0
2024,Hungarian Grand Prix,HAM,1,MEDIUM,0.013745054945055395,0.32088131868131065,14,2.0,15.0
2024,Hungarian Grand Prix,HAM,2,HARD,0.08533709768492406,-0.3930773574251836,22,2.0,23.0
2024,Hungarian Grand Prix,HAM,3,HARD,0.005426600985221739,0.66234679802955,29,2.0,30.0
2024,Hungarian Grand Prix,HUL,2,HARD,0.08861769230769227,0.6443523076923068,25,2.0,26.0
2024,Hungarian Grand Prix,HUL,3,HARD,0.05068259109311734,0.18387071524966606,39,2.0,40.0
2024,Hungarian Grand Prix,LEC,1,MEDIUM,0.010440259740259788,0.4105740259740207,21,2.0,22.0
2024,Hungarian Grand Prix,LEC,2,HARD,0.1379892857142858,-0.10703690476190672,15,2.0,16.0
2024,Hungarian Grand Prix,LEC,3,MEDIUM,0.0070399014778324545,0.6190512315270894,29,2.0,30.0
2024,Hungarian Grand Prix,MAG,2,HARD,0.03599726495726477,0.3941165811965903,26,2.0,27.0
2024,Hungarian Grand Prix,MAG,3,HARD,0.08583025210084023,-0.3374773109243655,34,2.0,35.0
2024,Hungarian Grand Prix,NOR,1,MEDIUM,0.02387857142857198,0.3301595238095238,15,2.0,16.0
2024,Hungarian Grand Prix,NOR,2,HARD,0.04478461538461562,0.1642615384615417,26,3.0,28.0
2024,Hungarian Grand Prix,NOR,3,MEDIUM,0.09169304347826081,-0.4186324637681174,24,3.0,26.0
2024,Hungarian Grand Prix,OCO,2,HARD,0.04898249576510431,0.5722642574816457,22,2.0,23.0
2024,Hungarian Grand Prix,OCO,3,HARD,0.03027126099706744,0.27025293255131655,32,2.0,33.0
2024,Hungarian Grand Prix,PER,1,HARD,-0.028201025641025668,1.6646071794871786,26,2.0,27.0
2024,Hungarian Grand Prix,PER,2,MEDIUM,-0.049754901960784366,1.4414313725490173,17,2.0,18.0
2024,Hungarian Grand Prix,PER,3,MEDIUM,0.12043647656691138,-0.19350141163184895,22,2.0,23.0
2024,Hungarian Grand Prix,PIA,1,MEDIUM,0.015864705882353277,0.17641029411763814,16,2.0,17.0
2024,Hungarian Grand Prix,PIA,2,HARD,0.05460378510378517,0.1112240537240569,26,3.0,29.0
2024,Hungarian Grand Prix,PIA,3,MEDIUM,0.04467419536984755,0.05308018068888299,22,3.0,24.0
2024,Hungarian Grand Prix,RIC,2,HARD,0.03910175438596478,0.3188807017543892,19,2.0,20.0
2024,Hungarian Grand Prix,RIC,3,HARD,0.04761575984990615,0.6706611632270162,40,2.0,41.0
2024,Hungarian Grand Prix,RUS,1,HARD,-0.013790725806451614,1.0867649193548359,31,2.0,32.0
2024,Hungarian Grand Prix,RUS,2,MEDIUM,0.01860165118679056,0.3560715514275901,18,2.0,19.0
2024,Hungarian Grand Prix,RUS,3,HARD,0.18836029411764682,0.24051470588234936,16,2.0,17.0
2024,Hungarian Grand Prix,SAI,1,MEDIUM,-0.004628070175438474,0.7710666666666597,19,2.0,20.0
2024,Hungarian Grand Prix,SAI,2,HARD,0.020783913043478253,0.46145884057970893,24,2.0,25.0
2024,Hungarian Grand Prix,SAI,3,MEDIUM,0.08993393562958774,0.0445076228119697,22,2.0,23.0
2024,Hungarian Grand Prix,SAR,1,MEDIUM,-0.2360285714285717,2.106628571428575,6,2.0,7.0
2024,Hungarian Grand Prix,SAR,2,HARD,0.02879743083003969,0.3555464426877451,23,2.0,24.0
2024,Hungarian Grand Prix,SAR,3,HARD,0.06260344827586223,-0.20338916256158257,28,2.0,29.0
2024,Hungarian Grand Prix,STR,1,SOFT,-0.15481468531468565,2.5894708624708613,12,5.0,16.0
2024,Hungarian Grand Prix,STR,2,MEDIUM,-0.022849261083744014,1.1637477832512324,29,3.0,31.0
2024,Hungarian Grand Prix,STR,3,HARD,0.06853608695652189,-0.12039826086956075,24,3.0,26.0
2024,Hungarian Grand Prix,TSU,1,MEDIUM,0.008908424908425062,0.8060032560032564,27,2.0,28.0
2024,Hungarian Grand Prix,TSU,2,HARD,-0.008917278396891963,0.795645905326653,39,2.0,41.0
2024,Hungarian Grand Prix,VER,1,MEDIUM,0.013371929824561495,0.40432982456140265,19,2.0,20.0
2024,Hungarian Grand Prix,VER,2,HARD,0.06453640989167295,0.03449132837290714,25,2.0,27.0
2024,Hungarian Grand Prix,VER,3,MEDIUM,0.11511188694929332,0.6925351620947626,19,2.0,21.0
2024,Hungarian Grand Prix,ZHO,2,HARD,0.07340354090354084,0.03694688644689056,27,2.0,28.0
2024,Hungarian Grand Prix,ZHO,3,HARD,0.03763049853372436,0.6968412756598293,32,2.0,33.0
2024,Italian Grand Prix,ALB,1,MEDIUM,-0.03129053254437883,0.8730964497041375,14,2.0,16.0
2024,Italian Grand Prix,ALB,2,HARD,-0.03134736456808194,1.396408857979495,33,2.0,36.0
2024,Italian Grand Prix,ALO,1,MEDIUM,-0.1278424242424251,1.4046181818181893,10,3.0,12.0
2024,Italian Grand Prix,ALO,2,HARD,-0.0030411089866155603,0.5733967495219808,20,3.0,23.0
2024,Italian Grand Prix,ALO,3,HARD,-0.01784068627450962,0.8299117647058777,17,4.0,20.0
2024,Italian Grand Prix,BOT,1,HARD,-0.009154435483870902,1.0318443548387066,31,3.0,33.0
2024,Italian Grand Prix,BOT,2,MEDIUM,-0.11306707946336406,2.6009380804953586,18,3.0,20.0
2024,Italian Grand Prix,COL,1,MEDIUM,-0.032202197802197775,0.8667186813186784,14,2.0,15.0
2024,Italian Grand Prix,COL,2,HARD,-0.011808494208494221,1.3774878592878654,36,2.0,37.0
2024,Italian Grand Prix,GAS,1,MEDIUM,0.010059523809523947,0.5600476190476239,8,2.0,9.0
2024,Italian Grand Prix,GAS,2,HARD,0.056727586206896434,0.06816724137931007,16,2.0,19.0
2024,Italian Grand Prix,GAS,3,HARD,-0.03785194805194787,1.362032900432902,21,2.0,22.0
2024,Italian Grand Prix,HAM,1,MEDIUM,-0.031373626373626624,0.7200659340659338,13,2.0,14.0
2024,Italian Grand Prix,HAM,2,HARD,-0.08796691729323315,1.6136195488721798,20,2.0,21.0
2024,Italian Grand Prix,HAM,3,HARD,0.02020357142857111,0.9960345238095262,15,2.0,16.0
2024,Italian Grand Prix,HUL,2,HARD,0.010191538461538393,0.36275846153845837,25,2.0,26.0
2024,Italian Grand Prix,HUL,3,HARD,0.003919298245613842,0.8932561403508722,19,2.0,20.0
2024,Italian Grand Prix,LEC,1,MEDIUM,0.019939560439560102,0.3511758241758312,13,2.0,14.0
2024,Italian Grand Prix,LEC,2,HARD,-0.008320293978188667,0.5653518255097203,37,2.0,38.0
2024,Italian Grand Prix,MAG,1,MEDIUM,-0.06401748251748232,0.8660477855477876,12,2.0,13.0
2024,Italian Grand Prix,MAG,2,HARD,-0.04093141640310985,1.9486715597948705,37,2.0,39.0
2024,Italian Grand Prix,NOR,1,MEDIUM,-0.041286713286713676,0.7436503496503487,12,2.0,13.0
2024,Italian Grand Prix,NOR,2,HARD,-0.09803214285714298,1.5698226190476257,15,2.0,16.0
2024,Italian Grand Prix,NOR,3,HARD,-0.05642330827067651,1.9172180451127787,20,2.0,21.0
2024,Italian Grand Prix,OCO,1,HARD,0.010648275862069078,0.7917655172413767,29,2.0,30.0
2024,Italian Grand Prix,OCO,2,MEDIUM,-0.0037368421052630116,0.6441736842105216,20,2.0,21.0
2024,Italian Grand Prix,PER,1,HARD,0.005045454545454513,0.7090735930735987,21,2.0,22.0
2024,Italian Grand Prix,PER,2,HARD,-0.022466666666666035,0.5519333333333303,10,2.0,11.0
2024,Italian Grand Prix,PER,3,MEDIUM,-0.02785049019607832,1.0296813725490142,17,2.0,18.0
2024,Italian Grand Prix,PIA,1,MEDIUM,-0.00945054945054908,0.692901098901096,14,2.0,15.0
2024,Italian Grand Prix,PIA,2,HARD,-0.03354812030075202,0.9150533834586463,20,2.0,21.0
2024,Italian Grand Prix,PIA,3,HARD,-0.005989010989011189,0.5662637362637389,14,2.0,15.0
2024,Italian Grand Prix,RIC,1,MEDIUM,-0.18078571428571524,1.5218214285714389,8,2.0,9.0
2024,Italian Grand Prix,RIC,2,HARD,-0.016889024390243947,1.1911548780487868,41,3.0,43.0
2024,Italian Grand Prix,RUS,1,MEDIUM,-0.09570000000000076,0.9715333333333329,9,2.0,10.0
2024,Italian Grand Prix,RUS,2,HARD,-0.0750046470062556,1.9837882037533452,19,2.0,21.0
2024,Italian Grand Prix,RUS,3,HARD,-0.08384035087719262,1.7594543859649079,19,2.0,20.0
2024,Italian Grand Prix,SAI,1,MEDIUM,0.01768298039215671,0.3126732549019655,16,2.0,18.0
2024,Italian Grand Prix,SAI,2,HARD,0.0039455213903743505,0.47755637254902567,33,2.0,34.0
2024,Italian Grand Prix,STR,1,HARD,-0.013955882352940983,1.0473382352941094,17,3.0,19.0
2024,Italian Grand Prix,STR,2,HARD,0.040092857142856694,0.05017857142857814,15,4.0,18.0
2024,Italian Grand Prix,STR,3,MEDIUM,0.11482117812061651,-0.2985140252454433,11,3.0,14.0
2024,Italian Grand Prix,VER,1,HARD,-0.005073684210526437,0.46094736842104783,20,2.0,21.0
2024,Italian Grand Prix,VER,2,HARD,0.009242647058823668,0.07180882352940372,17,2.0,18.0
2024,Italian Grand Prix,VER,3,MEDIUM,0.05740909090909042,0.6311363636363618,11,2.0,12.0
2024,Italian Grand Prix,ZHO,1,MEDIUM,-0.10032417582417587,1.815302197802204,13,3.0,15.0
2024,Italian Grand Prix,ZHO,2,HARD,0.03157258687258689,0.19873419133419126,36,3.0,38.0
2024,Japanese Grand Prix,ALO,2,SOFT,0.19863333333333316,-0.7240666666666676,9,4.0,12.0
2024,Japanese Grand Prix,ALO,3,MEDIUM,0.027436532507739787,0.2922497420020668,18,2.0,19.0
2024,Japanese Grand Prix,ALO,4,HARD,-0.003908771929824552,1.0957333333333326,19,2.0,20.0
2024,Japanese Grand Prix,BOT,3,HARD,0.15350769230769204,0.7383274725274707,14,2.0,15.0
2024,Japanese Grand Prix,BOT,4,HARD,0.016499999999999963,0.963517241379308,29,2.0,30.0
2024,Japanese Grand Prix,GAS,2,HARD,0.20160139860139806,-0.22611188811188201,12,3.0,14.0
2024,Japanese Grand Prix,GAS,3,MEDIUM,0.05168571428571459,0.06317142857143379,14,2.0,15.0
2024,Japanese Grand Prix,GAS,4,HARD,-0.0024877192982459277,1.1619438596491312,19,2.0,20.0
2024,Japanese Grand Prix,HAM,2,HARD,0.0695964912280702,0.016368421052627067,19,3.0,21.0
2024,Japanese Grand Prix,HAM,3,HARD,0.09067032967032936,0.1956593406593408,14,2.0,15.0
2024,Japanese Grand Prix,HAM,4,MEDIUM,0.1424249530956849,-0.4286454033771098,12,3.0,15.0
2024,Japanese Grand Prix,HUL,3,HARD,0.06608034188034191,1.3109504273504244,26,2.0,27.0
2024,Japanese Grand Prix,HUL,4,HARD,0.007930856553147623,0.7764482284141692,18,2.0,19.0
2024,Japanese Grand Prix,LEC,2,MEDIUM,-0.02765499717673622,1.028024280067753,22,3.0,24.0
2024,Japanese Grand Prix,LEC,3,HARD,-0.03970153846153838,1.4206338461538475,26,2.0,27.0
2024,Japanese Grand Prix,MAG,2,MEDIUM,-0.030611971104230994,0.9258710010319894,18,3.0,20.0
2024,Japanese Grand Prix,MAG,3,HARD,0.02047192118226608,0.8450354679802989,29,2.0,30.0
2024,Japanese Grand Prix,NOR,2,MEDIUM,0.2158928571428572,-0.7499642857142803,7,4.0,10.0
2024,Japanese Grand Prix,NOR,3,HARD,0.09705079825834544,0.6518563134978249,12,2.0,14.0
2024,Japanese Grand Prix,NOR,4,HARD,-0.031768547008546894,1.2158362393162316,26,2.0,27.0
2024,Japanese Grand Prix,OCO,2,HARD,0.08564642857142853,0.059735714285716744,15,3.0,17.0
2024,Japanese Grand Prix,OCO,3,HARD,0.027618881118881045,0.6696083916083979,12,2.0,13.0
2024,Japanese Grand Prix,OCO,4,MEDIUM,-0.057082559339525545,1.7829779841761304,18,2.0,19.0
2024,Japanese Grand Prix,PER,2,MEDIUM,0.1992757242757245,-0.7777642357642361,10,4.0,14.0
2024,Japanese Grand Prix,PER,3,MEDIUM,0.0043058823529407726,0.7923441176470594,16,2.0,17.0
2024,Japanese Grand Prix,PER,4,HARD,0.022156140350877065,0.731229824561411,19,2.0,20.0
2024,Japanese Grand Prix,PIA,2,MEDIUM,0.22125000000000014,-0.956000000000001,8,4.0,11.0
2024,Japanese Grand Prix,PIA,3,HARD,0.040023947951273564,0.3305826411960119,17,2.0,19.0
2024,Japanese Grand Prix,PIA,4,HARD,0.050301579384871106,0.4168822942643331,19,2.0,21.0
2024,Japanese Grand Prix,RUS,2,HARD,0.05927554179566582,0.2963312693498464,18,3.0,20.0
2024,Japanese Grand Prix,RUS,3,HARD,0.06242307692307671,0.8268461538461533,13,2.0,14.0
2024,Japanese Grand Prix,RUS,4,MEDIUM,0.085917857142857,-0.05737857142856595,15,3.0,17.0
2024,Japanese Grand Prix,SAI,2,MEDIUM,0.11289999999999994,-0.21901818181817542,11,3.0,13.0
2024,Japanese Grand Prix,SAI,3,MEDIUM,-0.0014045407636737188,0.5884299965600304,18,3.0,20.0
2024,Japanese Grand Prix,SAI,4,HARD,0.04435882352941165,0.46359117647059506,16,2.0,17.0
2024,Japanese Grand Prix,SAR,2,HARD,-0.04581063933626186,1.4102762323084421,17,3.0,20.0
2024,Japanese Grand Prix,SAR,3,HARD,-0.03619393939393969,1.4092606060606045,10,2.0,11.0
2024,Japanese Grand Prix,SAR,5,SOFT,0.052299999999999625,0.23008888888888598,9,2.0,10.0
2024,Japanese Grand Prix,STR,2,SOFT,-0.06052380952381021,0.7954047619047677,8,3.0,10.0
2024,Japanese Grand Prix,STR,3,MEDIUM,0.2282023809523818,-0.3412380952380984,8,2.0,9.0
2024,Japanese Grand Prix,STR,4,HARD,0.22476969696969656,-0.6291030303030243,10,2.0,11.0
2024,Japanese Grand Prix,STR,5,SOFT,0.09734313725490183,-0.1279019607843157,17,2.0,18.0
2024,Japanese Grand Prix,TSU,3,HARD,0.14602747252747245,0.5589340659340649,13,2.0,14.0
2024,Japanese Grand Prix,TSU,4,HARD,-0.014191133004926162,1.2314029556650257,29,2.0,30.0
2024,Japanese Grand Prix,VER,2,MEDIUM,0.14064685314685338,-0.45239510489510576,12,4.0,15.0
2024,Japanese Grand Prix,VER,3,MEDIUM,0.04548382352941175,0.4740911764705834,16,2.0,17.0
2024,Japanese Grand Prix,VER,4,HARD,0.017002063983488244,0.8420894392844817,18,2.0,19.0
2024,Las Vegas Grand Prix,ALB,1,MEDIUM,-0.4503571428571432,3.6363571428571455,7,2.0,8.0
2024,Las Vegas Grand Prix,ALB,2,HARD,0.023969230769231003,0.8454043956043986,14,2.0,15.0
2024,Las Vegas Grand Prix,ALO,2,HARD,0.04836222910216701,0.6317788097695262,18,3.0,20.0
2024,Las Vegas Grand Prix,ALO,3,HARD,-0.0007723076923077419,1.4000646153846188,25,3.0,27.0
2024,Las Vegas Grand Prix,BOT,1,HARD,0.16261428571428557,0.042671428571427326,15,2.0,16.0
2024,Las Vegas Grand Prix,BOT,2,MEDIUM,0.07200588235294078,0.15656911764706832,16,2.0,17.0
2024,Las Vegas Grand Prix,BOT,3,HARD,0.04026480086114097,0.5441302475780404,11,2.0,14.0
2024,Las Vegas Grand Prix,COL,1,HARD,0.12909450549450593,0.5128395604395625,14,2.0,15.0
2024,Las Vegas Grand Prix,COL,2,MEDIUM,-0.16920238095238124,1.364488095238097,8,2.0,9.0
2024,Las Vegas Grand Prix,COL,3,HARD,-0.0138873517786561,1.1760573122529592,23,2.0,24.0
2024,Las Vegas Grand Prix,GAS,1,MEDIUM,0.2824880952380946,-0.7550595238095147,8,2.0,9.0
2024,Las Vegas Grand Prix,HAM,1,MEDIUM,0.005954545454545845,0.8547727272727287,11,2.0,12.0
2024,Las Vegas Grand Prix,HAM,2,HARD,-0.05717658473479983,1.0929314359637736,11,3.0,14.0
2024,Las Vegas Grand Prix,HAM,3,HARD,0.01305609881626351,0.8484319351518236,20,3.0,24.0
2024,Las Vegas Grand Prix,HUL,1,MEDIUM,0.18080769230769214,-0.04830769230769756,12,2.0,13.0
2024,Las Vegas Grand Prix,HUL,2,HARD,0.03718137254901932,0.5197156862745113,17,2.0,18.0
2024,Las Vegas Grand Prix,HUL,3,HARD,-0.06870000000000011,1.4390250000000064,16,2.0,17.0
2024,Las Vegas Grand Prix,LAW,1,MEDIUM,0.12529999999999958,-0.004911111111107904,9,2.0,10.0
2024,Las Vegas Grand Prix,LAW,2,HARD,0.03143538461538483,0.34638923076923245,25,3.0,27.0
2024,Las Vegas Grand Prix,LAW,3,HARD,-0.0401173469387749,0.6571479591836659,9,3.0,13.0
2024,Las Vegas Grand Prix,LEC,1,MEDIUM,0.393892857142857,-0.8928928571428489,7,2.0,8.0
2024,Las Vegas Grand Prix,LEC,2,HARD,-0.08097443609022555,2.0310060150375966,20,2.0,21.0
2024,Las Vegas Grand Prix,LEC,3,HARD,-0.04690929203539812,1.2020140117994027,15,2.0,18.0
2024,Las Vegas Grand Prix,MAG,1,MEDIUM,0.14554999999999974,0.7399166666666653,15,2.0,16.0
2024,Las Vegas Grand Prix,MAG,2,HARD,-0.07583357771261,3.004837609970674,32,2.0,33.0
2024,Las Vegas Grand Prix,NOR,1,MEDIUM,0.09964285714285628,0.20021428571428765,7,2.0,8.0
2024,Las Vegas Grand Prix,NOR,2,HARD,-0.027380701754386193,1.249977192982457,19,2.0,20.0
2024,Las Vegas Grand Prix,NOR,3,HARD,-0.12550735294117651,2.173007352941175,16,2.0,17.0
2024,Las Vegas Grand Prix,OCO,1,MEDIUM,0.17341666666666697,-0.36116666666667313,9,2.0,10.0
2024,Las Vegas Grand Prix,OCO,3,HARD,0.03349879032258062,0.3267463709677486,31,2.0,32.0
2024,Las Vegas Grand Prix,PER,1,HARD,0.035617857142856965,0.9293726190476153,15,2.0,16.0
2024,Las Vegas Grand Prix,PER,2,MEDIUM,0.027774725274725028,0.22103296703297146,13,2.0,14.0
2024,Las Vegas Grand Prix,PER,3,HARD,-0.03565686274509825,1.2410980392156938,17,2.0,18.0
2024,Las Vegas Grand Prix,PIA,1,MEDIUM,0.22898809523809444,-0.3410595238095226,8,2.0,9.0
2024,Las Vegas Grand Prix,PIA,2,HARD,0.04179120879120934,0.4042857142857158,13,2.0,14.0
2024,Las Vegas Grand Prix,PIA,3,HARD,-0.032919733840304236,1.4478381749049425,23,2.0,25.0
2024,Las Vegas Grand Prix,RUS,1,MEDIUM,-0.02387272727272782,0.6557454545454623,10,3.0,12.0
2024,Las Vegas Grand Prix,RUS,2,HARD,-0.03171413828689387,0.7794348125215066,18,3.0,20.0
2024,Las Vegas Grand Prix,RUS,3,HARD,-0.006056969026548512,0.8078591445427717,15,3.0,19.0
2024,Las Vegas Grand Prix,SAI,1,MEDIUM,0.16864285714285737,-0.21853571428571894,8,2.0,9.0
2024,Las Vegas Grand Prix,SAI,2,HARD,-0.12713214285714286,1.9159226190476146,15,2.0,16.0
2024,Las Vegas Grand Prix,SAI,3,HARD,-0.05584649003004646,1.3181039333515445,20,2.0,22.0
2024,Las Vegas Grand Prix,STR,1,MEDIUM,-0.4146428571428556,3.718999999999991,7,3.0,9.0
2024,Las Vegas Grand Prix,STR,2,HARD,-0.009936274509803755,0.6650049019607777,17,3.0,19.0
2024,Las Vegas Grand Prix,STR,3,HARD,-0.050654723974250734,1.3729941478639704,20,3.0,23.0
2024,Las Vegas Grand Prix,TSU,1,MEDIUM,0.24933333333333443,-0.5428333333333366,8,2.0,9.0
2024,Las Vegas Grand Prix,TSU,2,HARD,-0.013588235294117915,1.0392352941176426,17,3.0,19.0
2024,Las Vegas Grand Prix,TSU,3,HARD,-0.058073684210526416,1.585921052631585,20,3.0,22.0
2024,Las Vegas Grand Prix,VER,1,MEDIUM,0.05414999999999998,0.40965555555556077,9,2.0,10.0
2024,Las Vegas Grand Prix,VER,2,HARD,-0.07256593406593445,1.0530659340659372,13,2.0,14.0
2024,Las Vegas Grand Prix,VER,3,HARD,-0.04719268651647211,1.3418727499150835,21,2.0,23.0
2024,Las Vegas Grand Prix,ZHO,1,MEDIUM,0.16925000000000076,-0.44530555555556073,9,3.0,11.0
2024,Las Vegas Grand Prix,ZHO,2,HARD,0.03079610389610396,0.2214601731601675,21,3.0,23.0
2024,Las Vegas Grand Prix,ZHO,3,HARD,-0.03914642857142879,1.1191845238095266,15,2.0,16.0
2024,Mexico City Grand Prix,ALO,1,MEDIUM,0.21286986301369867,-1.6473698630136933,7,8.0,15.0
2024,Mexico City Grand Prix,BOT,1,HARD,-0.011381573616400659,0.9623748480674145,42,8.0,49.0
2024,Mexico City Grand Prix,BOT,2,MEDIUM,0.06087142857142844,-0.25564285714284973,20,3.0,22.0
2024,Mexico City Grand Prix,COL,1,HARD,-0.019321294559099433,1.2907893058161328,40,7.0,46.0
2024,Mexico City Grand Prix,COL,2,MEDIUM,0.04510847741215825,0.6351486335750125,21,2.0,23.0
2024,Mexico City Grand Prix,GAS,1,MEDIUM,0.06564415584415556,-0.08642683982683651,21,7.0,27.0
2024,Mexico City Grand Prix,GAS,2,HARD,-0.019756445993031328,1.3052759581881512,41,2.0,42.0
2024,Mexico City Grand Prix,HAM,1,MEDIUM,0.026024675324675485,0.38539004329003546,21,7.0,27.0
2024,Mexico City Grand Prix,HAM,2,HARD,-0.020250507863695935,1.1961819790301498,41,2.0,43.0
2024,Mexico City Grand Prix,HUL,1,MEDIUM,0.05526764539808015,-0.15686561264821783,22,7.0,28.0
2024,Mexico City Grand Prix,HUL,2,HARD,-0.011640806754221465,1.3276523452157571,40,2.0,41.0
2024,Mexico City Grand Prix,LAW,1,HARD,0.021121700879765434,0.2570742302052783,32,7.0,38.0
2024,Mexico City Grand Prix,LAW,2,MEDIUM,-0.003003913043478283,0.6195111594202841,24,2.0,25.0
2024,Mexico City Grand Prix,LEC,1,MEDIUM,0.026449999999999987,0.276966666666665,24,7.0,30.0
2024,Mexico City Grand Prix,LEC,2,HARD,0.004428270042194136,0.4924016877637055,35,2.0,37.0
2024,Mexico City Grand Prix,MAG,1,MEDIUM,0.06228557312252956,-0.2237490118577052,23,7.0,29.0
2024,Mexico City Grand Prix,MAG,2,HARD,-0.029872420262664144,1.3171070356472778,40,2.0,41.0
2024,Mexico City Grand Prix,NOR,1,MEDIUM,0.030594170834936516,-0.06622931896883806,22,7.0,29.0
2024,Mexico City Grand Prix,NOR,2,HARD,-0.024112382739211975,1.262466228893055,40,2.0,41.0
2024,Mexico City Grand Prix,OCO,1,HARD,-0.016268641114982645,1.0711557491289196,41,7.0,47.0
2024,Mexico City Grand Prix,OCO,2,MEDIUM,0.003735064935065117,0.5995601731601661,21,2.0,22.0
2024,Mexico City Grand Prix,PER,1,HARD,0.06573401534526849,-0.13446291560102555,11,7.0,19.0
2024,Mexico City Grand Prix,PER,2,MEDIUM,0.12850779220779202,-0.08237922077922441,21,2.0,22.0
2024,Mexico City Grand Prix,PER,3,MEDIUM,0.07250988142292507,-0.110063241106721,23,2.0,24.0
2024,Mexico City Grand Prix,PIA,1,MEDIUM,-0.02261458625525944,1.4352493688639605,30,7.0,37.0
2024,Mexico City Grand Prix,PIA,2,HARD,-0.028060483870967677,1.1661250000000065,31,2.0,32.0
2024,Mexico City Grand Prix,RUS,1,MEDIUM,-0.0012300000000002008,0.5525466666666645,24,7.0,30.0
2024,Mexico City Grand Prix,RUS,2,HARD,-0.0027445344129554353,0.5916352226720701,39,2.0,40.0
2024,Mexico City Grand Prix,SAI,1,MEDIUM,-0.0018192307692306983,0.5056053846153781,25,7.0,31.0
2024,Mexico City Grand Prix,SAI,2,HARD,-0.01831305394463298,0.877075500601817,38,2.0,39.0
2024,Mexico City Grand Prix,STR,1,MEDIUM,0.04878650014867679,-0.19396164139161728,18,8.0,26.0
2024,Mexico City Grand Prix,STR,2,HARD,-0.03547115675022656,1.7284705527031057,43,3.0,45.0
2024,Mexico City Grand Prix,VER,1,MEDIUM,0.03080513784461165,0.24479385964912626,18,7.0,25.0
2024,Mexico City Grand Prix,VER,2,HARD,-0.02023495419309372,1.0068850599013393,44,2.0,45.0
2024,Mexico City Grand Prix,ZHO,1,HARD,0.0040350064350063684,0.8606628914628972,36,8.0,43.0
2024,Mexico City Grand Prix,ZHO,2,MEDIUM,0.0168160683760682,0.3629278632478676,26,3.0,28.0
2024,Miami Grand Prix,ALB,1,MEDIUM,-0.04021721311475428,0.6436885245901678,7,2.0,9.0
2024,Miami Grand Prix,ALB,2,HARD,-0.02202715331906626,1.3639674277972964,32,3.0,42.0
2024,Miami Grand Prix,ALO,1,HARD,-0.010805355715427638,0.7628557154276531,19,3.0,22.0
2024,Miami Grand Prix,ALO,2,MEDIUM,-0.03922787673169361,1.7093604749787952,28,3.0,36.0
2024,Miami Grand Prix,BOT,1,SOFT,-0.05230000000000027,1.0976888888888883,9,2.0,10.0
2024,Miami Grand Prix,BOT,2,HARD,-0.007181950087056917,0.4477214161346391,13,2.0,16.0
2024,Miami Grand Prix,BOT,3,MEDIUM,-0.030811538461538564,1.2805046153846185,25,4.0,28.0
2024,Miami Grand Prix,GAS,1,MEDIUM,0.04192727272727198,0.1542727272727308,10,2.0,11.0
2024,Miami Grand Prix,GAS,2,HARD,-0.030856210172407084,1.7747581957421614,36,2.0,45.0
2024,Miami Grand Prix,HAM,1,HARD,-0.05816619996705645,1.7059141821775599,23,2.0,25.0
2024,Miami Grand Prix,HAM,2,MEDIUM,-0.050566923076922954,1.655752307692302,25,10.0,34.0
2024,Miami Grand Prix,HUL,1,MEDIUM,0.13150909090909127,-0.12430909090909807,10,2.0,11.0
2024,Miami Grand Prix,HUL,2,HARD,0.08541791044776165,0.09237462686567041,10,2.0,14.0
2024,Miami Grand Prix,HUL,3,MEDIUM,-0.05033923076923065,1.4713669230769184,25,5.0,29.0
2024,Miami Grand Prix,LEC,1,MEDIUM,-0.037745098039215844,0.8866274509804,17,2.0,18.0
2024,Miami Grand Prix,LEC,2,HARD,-0.029652754245265193,1.289371794871791,31,2.0,38.0
2024,Miami Grand Prix,MAG,1,HARD,-0.07071428571428569,1.5266142857142886,20,2.0,21.0
2024,Miami Grand Prix,MAG,4,MEDIUM,0.03640384615384612,0.03925461538461472,25,5.0,29.0
2024,Miami Grand Prix,NOR,1,MEDIUM,-0.06607104140237564,2.010645946257641,25,2.0,27.0
2024,Miami Grand Prix,NOR,2,HARD,0.0013353846153848351,0.2012338461538397,25,4.0,28.0
2024,Miami Grand Prix,OCO,1,MEDIUM,-0.03563759398496237,1.0587323308270646,20,2.0,21.0
2024,Miami Grand Prix,OCO,2,HARD,-0.03105065243179127,1.3437529062870652,29,2.0,35.0
2024,Miami Grand Prix,PER,1,MEDIUM,0.022539285714286008,0.09247976190475236,15,2.0,16.0
2024,Miami Grand Prix,PER,2,HARD,-0.10097572815534014,1.1454223300970898,7,2.0,10.0
2024,Miami Grand Prix,PER,3,MEDIUM,-0.059089230769230616,2.17888307692307,25,10.0,34.0
2024,Miami Grand Prix,PIA,1,MEDIUM,-0.024066221079691464,0.8567355955441263,24,2.0,26.0
2024,Miami Grand Prix,PIA,2,HARD,-0.07750000000000033,1.5097857142857183,7,6.0,12.0
2024,Miami Grand Prix,PIA,3,MEDIUM,0.12091911764705912,-0.6763088235294155,16,8.0,23.0
2024,Miami Grand Prix,RIC,1,HARD,-0.054314105793450855,1.9371784634760671,24,2.0,27.0
2024,Miami Grand Prix,RIC,2,MEDIUM,-0.04230538461538471,1.7905184615384637,25,10.0,34.0
2024,Miami Grand Prix,RUS,1,MEDIUM,-0.03278421052631583,1.0425210526315831,20,5.0,24.0
2024,Miami Grand Prix,RUS,2,HARD,-0.01075151129494104,0.7245873369392228,26,2.0,33.0
2024,Miami Grand Prix,SAI,1,MEDIUM,-0.030481542416452494,1.0261860154241682,24,2.0,26.0
2024,Miami Grand Prix,SAI,2,HARD,-0.053198757763975243,1.644335403726712,24,6.0,30.0
2024,Miami Grand Prix,SAR,1,MEDIUM,-0.051716666666666744,0.9868555555555593,9,2.0,10.0
2024,Miami Grand Prix,SAR,2,HARD,0.011025827045850731,0.19054672083575222,13,2.0,16.0
2024,Miami Grand Prix,STR,1,MEDIUM,-0.023533333333333403,0.5832888888888873,9,3.0,11.0
2024,Miami Grand Prix,STR,2,HARD,0.010078527062998643,0.23119520851819944,11,3.0,16.0
2024,Miami Grand Prix,STR,3,MEDIUM,-0.06600903349001168,2.1780618390129294,22,5.0,29.0
2024,Miami Grand Prix,TSU,1,MEDIUM,-0.039368470802408684,1.4087604327125087,23,2.0,27.0
2024,Miami Grand Prix,TSU,2,HARD,-0.04189307692307698,1.2012623076923066,25,5.0,29.0
2024,Miami Grand Prix,VER,1,MEDIUM,-0.02085794583546222,0.7130592743995884,20,2.0,22.0
2024,Miami Grand Prix,VER,2,HARD,-0.023360642835781004,0.8029142623286318,28,2.0,34.0
2024,Miami Grand Prix,ZHO,1,MEDIUM,-0.02576030432855664,1.0700391490619003,23,3.0,27.0
2024,Miami Grand Prix,ZHO,2,SOFT,-0.03597465346534653,1.5813961056105623,24,5.0,29.0
2024,Monaco Grand Prix,ALB,2,HARD,-0.05465186344238983,5.238542674253199,75,2.0,76.0
2024,Monaco Grand Prix,ALO,2,MEDIUM,-0.061565710733357794,5.006632267335216,73,3.0,76.0
2024,Monaco Grand Prix,BOT,2,MEDIUM,-0.4765944055944044,5.187791375291362,12,2.0,13.0
2024,Monaco Grand Prix,BOT,3,HARD,-0.03812675804118743,4.563416006612019,59,3.0,62.0
2024,Monaco Grand Prix,GAS,2,MEDIUM,-0.059797297297297373,6.953521261261261,75,2.0,76.0
2024,Monaco Grand Prix,HAM,2,MEDIUM,-0.10738992618323925,5.161943117672606,48,2.0,49.0
2024,Monaco Grand Prix,HAM,3,HARD,-0.017991025641025622,1.7451782051281992,25,3.0,28.0
2024,Monaco Grand Prix,LEC,2,HARD,-0.06758205058099791,5.946530471633621,76,2.0,77.0
2024,Monaco Grand Prix,NOR,2,HARD,-0.06889166429587489,5.562999905168326,75,3.0,77.0
2024,Monaco Grand Prix,PIA,2,HARD,-0.06392121667805879,4.831954012303481,76,3.0,78.0
2024,Monaco Grand Prix,RIC,2,HARD,-0.06126964827841544,5.817110566456872,74,3.0,76.0
2024,Monaco Grand Prix,RUS,2,MEDIUM,-0.08788493506493505,6.833099671907045,76,2.0,77.0
2024,Monaco Grand Prix,SAI,2,HARD,-0.06669257689678741,6.431435734791525,76,2.0,77.0
2024,Monaco Grand Prix,SAR,2,HARD,-0.03469990470745201,3.0061286703513197,54,3.0,56.0
2024,Monaco Grand Prix,SAR,3,MEDIUM,0.038792569659442645,1.1945669074647352,18,2.0,19.0
2024,Monaco Grand Prix,STR,2,MEDIUM,-0.09522085020242904,4.204576653171382,39,3.0,41.0
2024,Monaco Grand Prix,STR,4,SOFT,0.019639804639804817,1.452921448921451,27,2.0,28.0
2024,Monaco Grand Prix,TSU,2,HARD,-0.06677294452347082,7.9263177809388345,75,3.0,77.0
2024,Monaco Grand Prix,VER,2,MEDIUM,-0.09506387755102046,4.160130204081635,49,2.0,50.0
2024,Monaco Grand Prix,VER,3,HARD,0.007860000000000231,0.9942999999999935,25,3.0,27.0
2024,Monaco Grand Prix,ZHO,2,HARD,-0.04067279910607389,4.652547968712578,67,2.0,68.0
2024,Qatar Grand Prix,ALB,1,MEDIUM,-0.0972429365962182,3.137937263626256,30,5.0,34.0
2024,Qatar Grand Prix,ALB,4,SOFT,0.20264335664335695,-1.2940186480186489,12,8.0,19.0
2024,Qatar Grand Prix,ALO,1,MEDIUM,-0.08875221674876864,2.977699507389165,29,6.0,34.0
2024,Qatar Grand Prix,ALO,4,MEDIUM,-0.1686749999999999,4.222433333333329,15,13.0,27.0
2024,Qatar Grand Prix,BOT,1,MEDIUM,-0.1763894736842104,4.050505263157893,19,5.0,23.0
2024,Qatar Grand Prix,BOT,2,HARD,0.1147142857142862,0.5763214285714304,8,2.0,9.0
2024,Qatar Grand Prix,BOT,4,MEDIUM,-0.0510455958549221,2.0092564766839325,14,16.0,30.0
2024,Qatar Grand Prix,GAS,1,MEDIUM,-0.12650007935248378,4.103139501666402,29,5.0,34.0
2024,Qatar Grand Prix,GAS,4,HARD,-0.13591929567131344,2.711182685253119,13,8.0,22.0
2024,Qatar Grand Prix,HAM,1,MEDIUM,-0.10405172413793112,3.0955640394088624,28,5.0,32.0
2024,Qatar Grand Prix,HAM,5,HARD,0.026133333333333106,0.4273555555555644,9,15.0,23.0
2024,Qatar Grand Prix,HUL,2,HARD,-0.13044136752136756,3.566397948717951,26,4.0,29.0
2024,Qatar Grand Prix,LAW,1,MEDIUM,-0.14381334816462762,4.2373269558769024,30,5.0,34.0
2024,Qatar Grand Prix,LAW,5,SOFT,0.032856083086054005,0.4733204747774488,12,4.0,17.0
2024,Qatar Grand Prix,LEC,1,MEDIUM,-0.1041799777530589,3.2095895439377036,30,6.0,35.0
2024,Qatar Grand Prix,LEC,4,HARD,-0.08763571428571444,1.7996023809523782,15,8.0,22.0
2024,Qatar Grand Prix,MAG,1,MEDIUM,-0.14440161740100407,3.3539493028444016,21,5.0,26.0
2024,Qatar Grand Prix,MAG,2,HARD,0.07939999999999905,0.0332000000000025,6,2.0,7.0
2024,Qatar Grand Prix,MAG,4,HARD,-0.20698750000000013,5.792137500000004,14,16.0,30.0
2024,Qatar Grand Prix,NOR,1,MEDIUM,-0.07770122358175748,2.3666071931775976,30,5.0,34.0
2024,Qatar Grand Prix,NOR,5,HARD,-0.014851612903226128,1.3173870967741996,9,12.0,21.0
2024,Qatar Grand Prix,PER,1,MEDIUM,-0.08664071190211345,2.6946272154245485,30,5.0,34.0
2024,Qatar Grand Prix,PIA,1,MEDIUM,-0.0823953044053348,2.532176580813465,27,5.0,33.0
2024,Qatar Grand Prix,PIA,4,HARD,-0.11915544041450787,2.4579378238341962,14,9.0,23.0
2024,Qatar Grand Prix,RUS,1,MEDIUM,-0.0926171310629515,1.965170622635013,18,6.0,23.0
2024,Qatar Grand Prix,RUS,2,HARD,-0.012133333333333206,0.424266666666661,10,2.0,11.0
2024,Qatar Grand Prix,RUS,5,HARD,-0.11697857142857133,2.2604785714285685,15,8.0,22.0
2024,Qatar Grand Prix,SAI,1,MEDIUM,-0.10324778325123138,3.1661970443349636,29,6.0,34.0
2024,Qatar Grand Prix,SAI,4,HARD,-0.14735714285714302,3.275780952380952,15,9.0,23.0
2024,Qatar Grand Prix,TSU,1,MEDIUM,-0.09437285873192446,3.0644040786058615,30,5.0,34.0
2024,Qatar Grand Prix,TSU,5,SOFT,0.02504642857142874,0.7177357142857088,15,3.0,17.0
2024,Qatar Grand Prix,VER,1,MEDIUM,-0.07515172413793114,2.4350919540229956,30,5.0,34.0
2024,Qatar Grand Prix,VER,4,HARD,-0.04096785714285719,1.0903845238095249,15,8.0,22.0
2024,Qatar Grand Prix,ZHO,1,MEDIUM,-0.12224760845383757,3.7329283648498266,30,5.0,34.0
2024,Qatar Grand Prix,ZHO,4,HARD,-0.19564642857142892,3.893763095238105,15,8.0,22.0
2024,Saudi Arabian Grand Prix,ALB,2,HARD,-0.09644360305312813,4.678392419438311,38,4.0,43.0
2024,Saudi Arabian Grand Prix,ALO,2,HARD,-0.07788850174216028,3.128202090592334,41,4.0,44.0
2024,Saudi Arabian Grand Prix,BEA,2,HARD,-0.09622996515679434,3.811874564459922,41,3.0,43.0
2024,Saudi Arabian Grand Prix,BOT,2,HARD,-0.07341825180433044,2.2859646832397775,24,3.0,27.0
2024,Saudi Arabian Grand Prix,BOT,3,SOFT,-0.01047252747252747,0.5335494505494479,13,2.0,14.0
2024,Saudi Arabian Grand Prix,HAM,1,MEDIUM,-0.06533015309518521,2.2124433104060355,31,2.0,35.0
2024,Saudi Arabian Grand Prix,HAM,2,SOFT,0.06915934065934044,-0.1739065934065884,13,5.0,17.0
2024,Saudi Arabian Grand Prix,HUL,1,MEDIUM,-0.07540103988115653,2.6720341103873917,27,3.0,32.0
2024,Saudi Arabian Grand Prix,HUL,2,HARD,-0.04520294117647059,0.8501779411764713,16,2.0,17.0
2024,Saudi Arabian Grand Prix,LEC,2,HARD,-0.06311550522648067,3.058168815331002,41,3.0,43.0
2024,Saudi Arabian Grand Prix,MAG,2,HARD,-0.09000287305980864,4.4599061700711315,37,4.0,43.0
2024,Saudi Arabian Grand Prix,NOR,1,MEDIUM,-0.044869020454730714,1.6491096691386236,31,2.0,36.0
2024,Saudi Arabian Grand Prix,NOR,2,SOFT,0.04936013986014003,-0.3307785547785605,12,8.0,19.0
2024,Saudi Arabian Grand Prix,OCO,2,HARD,-0.0762916510318949,3.3756871482176405,40,3.0,42.0
2024,Saudi Arabian Grand Prix,PER,2,HARD,-0.04341306620209055,1.7321102787456468,41,3.0,43.0
2024,Saudi Arabian Grand Prix,PIA,2,HARD,-0.06596697960505019,2.7968161217222387,39,4.0,44.0
2024,Saudi Arabian Grand Prix,RIC,2,HARD,-0.04672448415440801,3.260241109685066,39,3.0,42.0
2024,Saudi Arabian Grand Prix,RUS,2,HARD,-0.07267432829749079,3.1440561031084107,40,3.0,43.0
2024,Saudi Arabian Grand Prix,SAR,2,HARD,-0.08222917448405258,4.012631425891185,40,3.0,42.0
2024,Saudi Arabian Grand Prix,TSU,2,HARD,-0.07862225536418738,3.409931800250171,39,3.0,42.0
2024,Saudi Arabian Grand Prix,VER,2,HARD,-0.02966987136204639,1.719798788111123,40,3.0,43.0
2024,Saudi Arabian Grand Prix,ZHO,1,MEDIUM,-0.08798490458558812,3.6172499762650676,36,2.0,40.0
2024,Saudi Arabian Grand Prix,ZHO,2,SOFT,-0.07803571428571437,0.9998928571428557,7,2.0,8.0
2024,São Paulo Grand Prix,ALO,1,INTERMEDIATE,-0.08118797427652724,2.2923243086816703,24,2.0,26.0
2024,São Paulo Grand Prix,ALO,3,INTERMEDIATE,-0.21880192241316207,7.2321136399292945,30,2.0,37.0
2024,São Paulo Grand Prix,BEA,1,INTERMEDIATE,-0.1437669230769233,3.289296923076928,25,2.0,26.0
2024,São Paulo Grand Prix,BEA,3,INTERMEDIATE,-0.23532100761259037,7.306118133889902,30,2.0,37.0
2024,São Paulo Grand Prix,BOT,1,INTERMEDIATE,-0.08659461538461535,2.4494846153846153,25,2.0,26.0
2024,São Paulo Grand Prix,BOT,2,INTERMEDIATE,-0.3146387722980064,9.26492812172089,32,2.0,37.0
2024,São Paulo Grand Prix,COL,1,INTERMEDIATE,-0.09988858293814704,2.7237848656366266,20,2.0,25.0
2024,São Paulo Grand Prix,GAS,1,INTERMEDIATE,0.07478541534559281,0.746820291693087,26,2.0,29.0
2024,São Paulo Grand Prix,GAS,2,INTERMEDIATE,-0.193424636486284,6.021270536651185,32,2.0,37.0
2024,São Paulo Grand Prix,HAM,1,INTERMEDIATE,-0.08899793913581085,2.6222756749330216,23,2.0,26.0
2024,São Paulo Grand Prix,HAM,3,INTERMEDIATE,-0.26829553290361263,8.422981749362918,32,2.0,37.0
2024,São Paulo Grand Prix,HUL,1,INTERMEDIATE,-0.11336264822134388,2.8461057312253004,23,2.0,24.0
2024,São Paulo Grand Prix,LAW,1,INTERMEDIATE,-0.07095739130434775,2.2278802898550647,24,5.0,28.0
2024,São Paulo Grand Prix,LAW,3,INTERMEDIATE,-0.2798528331584471,9.49920514165792,32,5.0,40.0
2024,São Paulo Grand Prix,LEC,1,INTERMEDIATE,-0.08167250141163193,1.9606149068322989,22,4.0,25.0
2024,São Paulo Grand Prix,LEC,3,INTERMEDIATE,-0.17523586418621706,6.184167040872431,30,6.0,40.0
2024,São Paulo Grand Prix,NOR,1,INTERMEDIATE,-0.021428717948717885,1.3989641025641015,26,5.0,30.0
2024,São Paulo Grand Prix,NOR,3,INTERMEDIATE,-0.16825045255474458,6.208903357664238,30,7.0,41.0
2024,São Paulo Grand Prix,OCO,1,INTERMEDIATE,0.10782871274571978,-0.2970451997463621,26,4.0,31.0
2024,São Paulo Grand Prix,OCO,2,INTERMEDIATE,-0.1456992579823115,4.887901776345377,32,4.0,39.0
2024,São Paulo Grand Prix,PER,1,INTERMEDIATE,-0.03337615384615388,1.6188661538461584,25,2.0,26.0
2024,São Paulo Grand Prix,PER,3,INTERMEDIATE,-0.27306134762404444,8.47812438165193,32,2.0,37.0
2024,São Paulo Grand Prix,PIA,1,INTERMEDIATE,-0.04066846153846154,1.7974038461538477,25,5.0,29.0
2024,São Paulo Grand Prix,PIA,3,INTERMEDIATE,-0.25672537952133856,8.533701446441025,31,4.0,39.0
2024,São Paulo Grand Prix,RUS,1,INTERMEDIATE,-0.020007179487179526,1.4701641025641048,26,5.0,30.0
2024,São Paulo Grand Prix,RUS,3,INTERMEDIATE,-0.2120881427072404,7.1303544071353695,32,5.0,40.0
2024,São Paulo Grand Prix,SAI,1,INTERMEDIATE,-0.07719648648648657,2.4702686486486574,24,2.0,26.0
2024,São Paulo Grand Prix,TSU,1,INTERMEDIATE,-0.04654307692307678,1.5423123076923084,25,5.0,29.0
2024,São Paulo Grand Prix,TSU,3,INTERMEDIATE,-0.2849753410283316,9.618223767051417,32,5.0,40.0
2024,São Paulo Grand Prix,VER,1,INTERMEDIATE,-0.056000000000000036,2.1049999999999947,25,2.0,26.0
2024,São Paulo Grand Prix,VER,2,INTERMEDIATE,-0.18181408334582533,6.112150239844111,32,2.0,37.0
2024,São Paulo Grand Prix,ZHO,1,INTERMEDIATE,-0.048168431876606785,2.1875045415595586,24,2.0,26.0
2024,São Paulo Grand Prix,ZHO,5,INTERMEDIATE,-0.2998449257982311,9.583920251836302,32,3.0,38.0
2024,Singapore Grand Prix,ALB,1,MEDIUM,-0.059199999999999815,0.908866666666663,9,2.0,10.0
2024,Singapore Grand Prix,ALO,1,MEDIUM,0.00986660079051374,0.3367806324110675,23,3.0,25.0
2024,Singapore Grand Prix,ALO,2,HARD,8.365225998024917e-05,0.5956749752556897,34,3.0,37.0
2024,Singapore Grand Prix,BOT,1,HARD,0.0058806451612904015,0.8639967741935523,31,2.0,32.0
2024,Singapore Grand Prix,BOT,2,MEDIUM,-0.006131257631257785,0.9908577533577551,27,2.0,28.0
2024,Singapore Grand Prix,COL,1,MEDIUM,0.014657509157509137,0.25476699226698973,27,2.0,28.0
2024,Singapore Grand Prix,COL,2,HARD,0.0320593993325916,0.2953271783463142,30,3.0,32.0
2024,Singapore Grand Prix,GAS,1,MEDIUM,0.06646530369867669,-0.08780115371563972,34,2.0,36.0
2024,Singapore Grand Prix,GAS,2,SOFT,0.057574110671936594,0.3502756916995982,23,2.0,24.0
2024,Singapore Grand Prix,HAM,1,SOFT,-0.040817857142856864,0.9469297619047611,15,4.0,18.0
2024,Singapore Grand Prix,HAM,2,HARD,0.012228104606232665,0.7612782482326808,43,2.0,45.0
2024,Singapore Grand Prix,HUL,1,MEDIUM,0.0385610500610501,0.16095461945462375,27,2.0,28.0
2024,Singapore Grand Prix,HUL,2,HARD,0.022712096774193488,0.3027975806451634,31,2.0,32.0
2024,Singapore Grand Prix,LEC,1,MEDIUM,-0.00038101604278075363,0.8177673796791463,33,2.0,34.0
2024,Singapore Grand Prix,LEC,2,HARD,0.06298086956521737,0.3928415942029036,24,2.0,25.0
2024,Singapore Grand Prix,MAG,1,HARD,0.06202564102564099,0.08897435897436651,26,2.0,27.0
2024,Singapore Grand Prix,MAG,2,MEDIUM,0.022063157894736573,0.4868315789473686,19,2.0,20.0
2024,Singapore Grand Prix,NOR,1,MEDIUM,0.012984400656814358,0.7452060755336571,28,2.0,29.0
2024,Singapore Grand Prix,NOR,2,HARD,0.021158467741935368,1.4348221774193577,31,2.0,32.0
2024,Singapore Grand Prix,OCO,1,MEDIUM,0.05227838827838828,-0.025990638990634328,27,2.0,28.0
2024,Singapore Grand Prix,OCO,2,HARD,0.010447983870967785,0.6498358870967751,31,2.0,32.0
2024,Singapore Grand Prix,PER,1,MEDIUM,0.020433162393162452,0.6380652991452979,26,2.0,27.0
2024,Singapore Grand Prix,PER,2,HARD,0.014229758818061725,0.5231868793111838,30,2.0,33.0
2024,Singapore Grand Prix,PIA,1,MEDIUM,-0.015062934362934245,1.023699442299444,36,2.0,37.0
2024,Singapore Grand Prix,PIA,2,HARD,0.01991501976284574,0.6684960474308267,23,2.0,24.0
2024,Singapore Grand Prix,RIC,1,SOFT,-0.14114285714285799,1.324285714285719,8,2.0,9.0
2024,Singapore Grand Prix,RIC,2,MEDIUM,0.06045255920550032,0.07721588999236523,34,2.0,35.0
2024,Singapore Grand Prix,RIC,3,SOFT,0.04752727272727289,0.8634727272727295,10,2.0,11.0
2024,Singapore Grand Prix,RUS,1,MEDIUM,-0.006982307692307727,0.5352323076923114,25,2.0,26.0
2024,Singapore Grand Prix,RUS,2,HARD,0.009549296967643684,0.4837191682195502,32,2.0,35.0
2024,Singapore Grand Prix,SAI,1,MEDIUM,-0.05919090909090918,0.9622454545454543,11,2.0,12.0
2024,Singapore Grand Prix,SAI,2,HARD,0.002263623534520182,1.7856317665363959,48,2.0,49.0
2024,Singapore Grand Prix,STR,1,HARD,0.01515086956521738,0.33277072463768265,24,3.0,26.0
2024,Singapore Grand Prix,STR,2,MEDIUM,0.006306799083269545,0.7668409472880099,34,3.0,36.0
2024,Singapore Grand Prix,TSU,1,MEDIUM,0.04016451612903211,0.07888064516128876,31,2.0,32.0
2024,Singapore Grand Prix,TSU,2,SOFT,-0.06512512820512821,2.290728205128205,26,5.0,30.0
2024,Singapore Grand Prix,VER,1,MEDIUM,0.019920024420024354,0.26394037444037166,27,2.0,28.0
2024,Singapore Grand Prix,VER,2,HARD,-0.021245967741935316,1.12467943548387,32,2.0,33.0
2024,Singapore Grand Prix,ZHO,1,HARD,0.030548570381231745,0.4056812683284435,32,2.0,33.0
2024,Singapore Grand Prix,ZHO,2,MEDIUM,0.008802393162393295,0.7929422222222211,26,2.0,27.0
2024,Spanish Grand Prix,ALB,1,MEDIUM,0.037495588235293593,0.21660441176471218,16,2.0,17.0
2024,Spanish Grand Prix,ALB,2,SOFT,0.06669791078486743,0.4413670242800702,22,2.0,23.0
2024,Spanish Grand Prix,ALB,3,SOFT,-0.038241995924002646,1.7695176516994273,20,2.0,22.0
2024,Spanish Grand Prix,ALO,1,SOFT,-0.02208333333333321,1.4913958333333377,16,2.0,18.0
2024,Spanish Grand Prix,ALO,2,MEDIUM,-0.001641739130434636,0.7623052173913031,24,3.0,26.0
2024,Spanish Grand Prix,ALO,3,HARD,0.06820526315789478,0.2479578947368396,19,3.0,21.0
2024,Spanish Grand Prix,BOT,1,SOFT,-0.0167500000000006,0.37927777777778143,9,2.0,10.0
2024,Spanish Grand Prix,BOT,2,SOFT,0.2128428571428571,-0.4884476190476234,15,5.0,19.0
2024,Spanish Grand Prix,BOT,3,HARD,0.009564993564993692,1.1873715143715053,36,2.0,37.0
2024,Spanish Grand Prix,GAS,1,SOFT,0.08304545454545474,-0.20556060606061102,12,5.0,16.0
2024,Spanish Grand Prix,GAS,2,MEDIUM,0.0671970638057595,0.006491247882548151,22,2.0,23.0
2024,Spanish Grand Prix,GAS,3,HARD,0.023161782661782752,0.23105474155473948,27,2.0,28.0
2024,Spanish Grand Prix,HAM,1,SOFT,0.09413186813186822,-0.30108791208792124,14,5.0,18.0
2024,Spanish Grand Prix,HAM,2,MEDIUM,0.00979268152793181,0.606407448476271,22,2.0,26.0
2024,Spanish Grand Prix,HAM,3,SOFT,0.04754658385093153,0.17116431394692794,22,5.0,26.0
2024,Spanish Grand Prix,HUL,1,SOFT,0.005909090909091035,0.36189090909091254,10,2.0,11.0
2024,Spanish Grand Prix,HUL,2,MEDIUM,0.01350739130434776,0.6789418840579726,24,2.0,25.0
2024,Spanish Grand Prix,HUL,3,HARD,0.017611721611721733,0.7050463980464002,27,2.0,28.0
2024,Spanish Grand Prix,LEC,1,SOFT,0.020456239412761132,0.4051151891586665,22,2.0,23.0
2024,Spanish Grand Prix,LEC,2,MEDIUM,0.032787012987012996,0.4578891774891707,21,2.0,22.0
2024,Spanish Grand Prix,LEC,3,SOFT,0.06689576883384903,-0.3294262125902994,18,5.0,22.0
2024,Spanish Grand Prix,MAG,1,SOFT,-0.0699880952380953,0.7740595238095186,8,2.0,9.0
2024,Spanish Grand Prix,MAG,2,MEDIUM,0.06300735294117614,0.09616176470588228,17,2.0,18.0
2024,Spanish Grand Prix,MAG,3,HARD,0.03523473389355737,0.5676543417366902,35,2.0,36.0
2024,Spanish Grand Prix,NOR,1,SOFT,0.004250649350649408,0.7261826839826799,21,2.0,22.0
2024,Spanish Grand Prix,NOR,2,MEDIUM,-0.015439864483342575,1.2148164878599623,22,2.0,23.0
2024,Spanish Grand Prix,NOR,3,SOFT,0.05455392156862771,0.14397549019607858,17,5.0,21.0
2024,Spanish Grand Prix,OCO,1,SOFT,0.056445454545455166,0.22745454545454283,11,5.0,15.0
2024,Spanish Grand Prix,OCO,2,MEDIUM,0.0709079616036139,0.44892320722755785,22,2.0,23.0
2024,Spanish Grand Prix,OCO,3,HARD,-0.0051354679802956184,0.8112068965517268,28,2.0,29.0
2024,Spanish Grand Prix,PER,1,SOFT,-0.0257272727272723,0.5707272727272731,11,5.0,15.0
2024,Spanish Grand Prix,PER,2,SOFT,0.07831617647058824,-0.28913970588235893,16,5.0,20.0
2024,Spanish Grand Prix,PER,3,MEDIUM,0.04585000000000019,0.2526749999999991,16,2.0,17.0
2024,Spanish Grand Prix,PER,4,SOFT,0.08412352941176421,0.005080882352951788,16,5.0,20.0
2024,Spanish Grand Prix,PIA,1,SOFT,0.04294035087719293,0.17751929824561458,19,5.0,23.0
2024,Spanish Grand Prix,PIA,2,MEDIUM,-0.0010494071146242635,0.36120750988142036,23,2.0,24.0
2024,Spanish Grand Prix,PIA,3,SOFT,0.02390526315789485,0.22401052631579416,19,5.0,23.0
2024,Spanish Grand Prix,RIC,1,SOFT,-0.0736087912087908,1.3339604395604399,14,2.0,15.0
2024,Spanish Grand Prix,RIC,2,MEDIUM,0.01911626761630549,0.24439449158963394,23,2.0,25.0
2024,Spanish Grand Prix,RIC,3,HARD,-0.10298814229249012,2.414806324110669,22,2.0,23.0
2024,Spanish Grand Prix,RUS,1,SOFT,0.0767692307692309,0.3989230769230768,13,5.0,17.0
2024,Spanish Grand Prix,RUS,2,MEDIUM,0.052078947368420954,0.09107894736842499,19,2.0,20.0
2024,Spanish Grand Prix,RUS,3,HARD,0.01549064039408866,0.5319083743842309,29,2.0,30.0
2024,Spanish Grand Prix,SAI,1,SOFT,0.07482033351264149,-0.09532114039807009,12,2.0,14.0
2024,Spanish Grand Prix,SAI,2,MEDIUM,0.018568764069031973,0.39241129810268766,18,2.0,20.0
2024,Spanish Grand Prix,SAI,3,HARD,0.016207881773398904,0.46622561576354526,29,2.0,30.0
2024,Spanish Grand Prix,SAR,1,SOFT,-0.053557894736842165,0.9809578947368438,11,2.0,13.0
2024,Spanish Grand Prix,SAR,2,MEDIUM,0.11026418988648083,0.056559339525282894,18,2.0,19.0
2024,Spanish Grand Prix,SAR,3,HARD,0.07443742017879962,0.2775102171136669,28,2.0,30.0
2024,Spanish Grand Prix,STR,1,SOFT,-0.029217857142857205,0.6158940476190488,15,2.0,16.0
2024,Spanish Grand Prix,STR,2,MEDIUM,0.03440866873065004,0.26352253181975094,18,3.0,20.0
2024,Spanish Grand Prix,STR,3,HARD,0.0024627594627592486,0.983929181929187,27,3.0,29.0
2024,Spanish Grand Prix,TSU,1,SOFT,0.11385714285714446,0.13549999999999335,6,2.0,8.0
2024,Spanish Grand Prix,TSU,2,MEDIUM,0.0333010849909584,0.23180922242315,15,2.0,17.0
2024,Spanish Grand Prix,TSU,3,HARD,0.1880928571428574,-0.26530238095237685,15,2.0,16.0
2024,Spanish Grand Prix,TSU,4,SOFT,-0.011087218045112748,1.1097030075187935,20,2.0,21.0
2024,Spanish Grand Prix,VER,1,SOFT,0.07990357142857128,0.4876238095238074,15,5.0,19.0
2024,Spanish Grand Prix,VER,2,MEDIUM,0.0083238461538462,0.39858615384615376,25,2.0,26.0
2024,Spanish Grand Prix,VER,3,SOFT,0.05783116883116898,-0.14054545454545228,21,2.0,22.0
2024,Spanish Grand Prix,ZHO,1,SOFT,-0.02867857142857391,0.45796428571429393,7,2.0,8.0
2024,Spanish Grand Prix,ZHO,2,MEDIUM,0.019495216907675122,0.8708289210233662,30,2.0,31.0
2024,Spanish Grand Prix,ZHO,3,HARD,0.05534288537549408,0.24393379446640273,23,2.0,24.0
2024,United States Grand Prix,ALB,2,MEDIUM,-0.046194232577578175,1.5617166440288321,25,3.0,29.0
2024,United States Grand Prix,ALB,3,HARD,0.007202028740490206,0.5592155536770904,20,2.0,22.0
2024,United States Grand Prix,ALO,1,MEDIUM,-0.033242238289081794,1.1659956862506815,20,2.0,25.0
2024,United States Grand Prix,ALO,2,HARD,-0.027776844203930257,1.2975935630874387,27,3.0,30.0
2024,United States Grand Prix,BOT,1,MEDIUM,-0.10640590809628056,1.727451859956236,9,2.0,14.0
2024,United States Grand Prix,BOT,2,HARD,0.022840890688258973,0.23218744939271285,39,2.0,40.0
2024,United States Grand Prix,COL,1,HARD,-0.06758350778192419,2.6003238372622253,31,2.0,38.0
2024,United States Grand Prix,COL,2,MEDIUM,-0.032689285714286004,0.9683595238095228,15,3.0,17.0
2024,United States Grand Prix,GAS,1,MEDIUM,0.004559504132231515,0.6943355371900827,12,2.0,17.0
2024,United States Grand Prix,GAS,2,HARD,-0.07044326224291068,3.2497784638768725,36,2.0,38.0
2024,United States Grand Prix,HUL,1,MEDIUM,-0.0919237758174421,2.3547952036342426,20,2.0,26.0
2024,United States Grand Prix,HUL,2,HARD,-0.0511893436953248,1.5554338405826607,27,2.0,29.0
2024,United States Grand Prix,LAW,1,HARD,-0.0660898776418243,2.304309158324065,30,6.0,35.0
2024,United States Grand Prix,LAW,2,MEDIUM,-0.040824561403508756,1.073701754385972,19,2.0,20.0
2024,United States Grand Prix,LEC,1,MEDIUM,0.00468381601362876,0.5216499716070444,21,2.0,25.0
2024,United States Grand Prix,LEC,2,HARD,-0.0203655172413794,0.9977103448275849,29,2.0,30.0
2024,United States Grand Prix,MAG,1,MEDIUM,-0.026298507462686468,1.1163930348258697,12,2.0,16.0
2024,United States Grand Prix,MAG,2,HARD,-0.0560053596312574,1.446172151355992,18,2.0,20.0
2024,United States Grand Prix,MAG,3,MEDIUM,-0.06724117647058858,1.2747823529411864,16,3.0,18.0
2024,United States Grand Prix,NOR,1,MEDIUM,-0.05351999999999993,1.8016799999999935,25,2.0,30.0
2024,United States Grand Prix,NOR,2,HARD,-0.0033831800148233617,0.5904290883724993,22,2.0,25.0
2024,United States Grand Prix,OCO,1,MEDIUM,-0.04059800995024877,1.3633577114427842,26,2.0,30.0
2024,United States Grand Prix,OCO,2,HARD,-0.008801857585139404,0.632808393532859,18,2.0,19.0
2024,United States Grand Prix,PER,1,MEDIUM,-0.08044463373083491,2.2716536059057417,21,2.0,25.0
2024,United States Grand Prix,PER,2,HARD,-0.025491625615763503,1.16290049261084,29,2.0,30.0
2024,United States Grand Prix,PIA,1,MEDIUM,-0.0641364301307585,2.3566148358202152,26,2.0,31.0
2024,United States Grand Prix,PIA,2,HARD,0.0018067131904853997,0.4358720758796995,21,2.0,24.0
2024,United States Grand Prix,RUS,1,HARD,-0.10531127895998263,3.94905207349844,34,2.0,39.0
2024,United States Grand Prix,RUS,2,MEDIUM,0.03882554347826126,0.051805978260860426,14,2.0,16.0
2024,United States Grand Prix,SAI,1,MEDIUM,-0.008972041302621364,0.49365575853852733,16,2.0,20.0
2024,United States Grand Prix,SAI,2,HARD,-0.012921161191749493,1.1327767761650076,34,2.0,35.0
2024,United States Grand Prix,STR,1,HARD,0.0017738681493244437,0.6138698967434574,19,8.0,27.0
2024,United States Grand Prix,STR,2,MEDIUM,-0.007176434676434618,1.069905779405779,27,2.0,28.0
2024,United States Grand Prix,TSU,1,MEDIUM,0.002517335146158946,0.6811210061182845,13,2.0,17.0
2024,United States Grand Prix,TSU,2,HARD,-0.06495949450863937,2.2577361106142444,33,2.0,37.0
2024,United States Grand Prix,VER,1,MEDIUM,0.011713366641571632,0.13631318869345185,20,2.0,24.0
2024,United States Grand Prix,VER,2,HARD,-0.011710187320695396,0.7994768521122776,28,2.0,30.0
2024,United States Grand Prix,ZHO,1,MEDIUM,0.15177072310405687,0.7171128747795337,8,2.0,12.0
2024,United States Grand Prix,ZHO,2,MEDIUM,-0.01179542809642576,0.6242197838736554,19,2.0,21.0
2024,United States Grand Prix,ZHO,3,HARD,-0.05519999999999976,1.3708315789473604,19,2.0,20.0
2025,Abu Dhabi Grand Prix,ALB,1,SOFT,-0.20037142857142787,1.3061714285714245,6,2.0,7.0
2025,Abu Dhabi Grand Prix,ALB,2,HARD,0.05026860934795162,0.1267646662819797,21,2.0,24.0
2025,Abu Dhabi Grand Prix,ALB,3,MEDIUM,0.026989699638307968,0.19361440478062122,23,2.0,25.0
2025,Abu Dhabi Grand Prix,ALO,1,MEDIUM,-0.041676923076923264,0.756859340659345,14,3.0,16.0
2025,Abu Dhabi Grand Prix,ALO,2,HARD,-0.04143153310104534,2.2988520905923386,41,3.0,43.0
2025,Abu Dhabi Grand Prix,ANT,1,HARD,0.015419829102789632,0.5931323196783078,27,2.0,31.0
2025,Abu Dhabi Grand Prix,ANT,2,MEDIUM,0.05826692307692291,0.08082307692308159,25,2.0,26.0
2025,Abu Dhabi Grand Prix,BEA,1,MEDIUM,0.027273492286115145,0.2243085553997211,11,2.0,13.0
2025,Abu Dhabi Grand Prix,BEA,2,HARD,-0.012871186952582367,0.9645024161884641,43,2.0,44.0
2025,Abu Dhabi Grand Prix,BOR,1,MEDIUM,-0.01618131868131905,0.32521978021977777,13,2.0,14.0
2025,Abu Dhabi Grand Prix,BOR,2,HARD,-0.015414334947074736,1.1853939525724075,40,2.0,43.0
2025,Abu Dhabi Grand Prix,COL,1,MEDIUM,-0.014313186813186565,0.6588901098901045,13,2.0,14.0
2025,Abu Dhabi Grand Prix,COL,2,HARD,0.06592799839550735,-0.21834957882070427,20,2.0,24.0
2025,Abu Dhabi Grand Prix,COL,3,MEDIUM,0.09780882352941178,-0.09268382352940635,16,2.0,17.0
2025,Abu Dhabi Grand Prix,GAS,1,MEDIUM,0.045633870967742136,0.08182580645160807,9,3.0,12.0
2025,Abu Dhabi Grand Prix,GAS,2,HARD,0.03217026634382575,0.08634498789346742,24,2.0,26.0
2025,Abu Dhabi Grand Prix,GAS,3,MEDIUM,0.08184358752166379,-0.2960541594454019,15,5.0,20.0
2025,Abu Dhabi Grand Prix,HAD,1,MEDIUM,0.05670957309184976,-0.1384068564036211,11,2.0,13.0
2025,Abu Dhabi Grand Prix,HAD,2,HARD,-0.01261494558726782,1.0167246384706605,40,2.0,43.0
2025,Abu Dhabi Grand Prix,HAM,2,HARD,0.052477905198776806,0.6755669724770678,19,2.0,22.0
2025,Abu Dhabi Grand Prix,HAM,3,MEDIUM,0.031113504273504275,0.3442772649572707,26,2.0,27.0
2025,Abu Dhabi Grand Prix,HUL,2,HARD,0.028879729494650758,1.0063222797251534,31,2.0,34.0
2025,Abu Dhabi Grand Prix,HUL,3,MEDIUM,0.10136428571428605,0.12612142857142908,15,2.0,16.0
2025,Abu Dhabi Grand Prix,LAW,1,MEDIUM,0.08031587419514608,-0.316951461119369,17,2.0,20.0
2025,Abu Dhabi Grand Prix,LAW,2,HARD,0.0010896358543416383,0.6203826330532264,35,2.0,36.0
2025,Abu Dhabi Grand Prix,LEC,1,MEDIUM,0.008497968855789033,0.19709410968179164,13,2.0,15.0
2025,Abu Dhabi Grand Prix,LEC,2,HARD,-0.057859740259740354,1.3381740259740313,21,2.0,22.0
2025,Abu Dhabi Grand Prix,LEC,3,MEDIUM,0.0748087149187592,-0.22521048744460354,17,5.0,22.0
2025,Abu Dhabi Grand Prix,NOR,1,MEDIUM,-0.008940659340658678,0.3245670329670224,14,2.0,15.0
2025,Abu Dhabi Grand Prix,NOR,2,HARD,-0.08458780350084712,1.7266657255787783,22,2.0,23.0
2025,Abu Dhabi Grand Prix,NOR,3,HARD,0.06253676470588221,-0.004544117647055953,17,2.0,18.0
2025,Abu Dhabi Grand Prix,OCO,1,MEDIUM,0.040624999999999974,0.039338235294120366,17,2.0,18.0
2025,Abu Dhabi Grand Prix,OCO,2,HARD,-0.018118679624951756,1.1264098557177693,36,2.0,39.0
2025,Abu Dhabi Grand Prix,PIA,1,HARD,-0.017560595141985453,0.8571134096585868,38,2.0,40.0
2025,Abu Dhabi Grand Prix,PIA,2,MEDIUM,0.08118382352941199,-0.09830882352941317,16,2.0,17.0
2025,Abu Dhabi Grand Prix,RUS,1,MEDIUM,0.0007692307692305943,0.6775641025641005,12,2.0,13.0
2025,Abu Dhabi Grand Prix,RUS,2,HARD,-0.024245696164300834,1.23309287224403,43,2.0,44.0
2025,Abu Dhabi Grand Prix,SAI,1,MEDIUM,0.04051256281407048,0.3598844221105538,15,2.0,17.0
2025,Abu Dhabi Grand Prix,SAI,2,HARD,0.002016599190283483,0.522471929824554,39,2.0,40.0
2025,Abu Dhabi Grand Prix,STR,1,HARD,-0.023345145018915464,1.2641441361916816,39,3.0,42.0
2025,Abu Dhabi Grand Prix,STR,2,MEDIUM,0.03512857142857116,0.20358095238095,15,3.0,17.0
2025,Abu Dhabi Grand Prix,TSU,1,HARD,-0.0055749204414651254,0.715314713250728,28,2.0,31.0
2025,Abu Dhabi Grand Prix,TSU,2,MEDIUM,0.0417569230769229,0.07244307692307786,25,2.0,26.0
2025,Abu Dhabi Grand Prix,VER,1,MEDIUM,-0.0022649350649351415,0.4509887445887418,21,2.0,22.0
2025,Abu Dhabi Grand Prix,VER,2,HARD,0.009704535355629837,0.30603356340907206,32,2.0,35.0
2025,Australian Grand Prix,ALB,4,INTERMEDIATE,-0.2495623076923079,7.27376153846154,25,6.0,30.0
2025,Australian Grand Prix,ALB,6,INTERMEDIATE,-0.3248021582733809,4.620305755395677,7,2.0,13.0
2025,Australian Grand Prix,ALO,4,INTERMEDIATE,-0.2830976923076921,9.345273846153837,25,8.0,32.0
2025,Australian Grand Prix,ANT,4,INTERMEDIATE,-0.29953922077922085,9.262374285714289,24,8.0,32.0
2025,Australian Grand Prix,ANT,6,INTERMEDIATE,-0.2659766187050354,5.056354316546756,7,2.0,13.0
2025,Australian Grand Prix,BEA,4,INTERMEDIATE,-0.2566623076923077,6.8942769230769185,25,4.0,28.0
2025,Australian Grand Prix,BEA,6,INTERMEDIATE,-0.4614571428571421,5.815466666666659,6,8.0,13.0
2025,Australian Grand Prix,BOR,4,INTERMEDIATE,-0.2744176923076923,9.008393846153846,25,8.0,32.0
2025,Australian Grand Prix,GAS,4,INTERMEDIATE,-0.2690784615384614,8.585169230769221,25,8.0,32.0
2025,Australian Grand Prix,HAM,4,INTERMEDIATE,-0.247576153846154,7.655323076923084,25,8.0,32.0
2025,Australian Grand Prix,HAM,6,INTERMEDIATE,-0.953942857142857,9.570904761904766,6,5.0,10.0
2025,Australian Grand Prix,HUL,4,INTERMEDIATE,-0.27449769230769233,8.684273846153847,25,8.0,32.0
2025,Australian Grand Prix,HUL,6,INTERMEDIATE,-0.14269964028776932,2.6237823741007134,7,2.0,13.0
2025,Australian Grand Prix,LAW,4,INTERMEDIATE,-0.2573224324324325,7.726935405405408,24,7.0,31.0
2025,Australian Grand Prix,LEC,4,INTERMEDIATE,-0.24954538461538434,7.424387692307684,25,8.0,32.0
2025,Australian Grand Prix,LEC,6,INTERMEDIATE,-1.0564857142857131,9.944809523809507,6,5.0,10.0
2025,Australian Grand Prix,NOR,4,INTERMEDIATE,-0.23309299145299145,7.575906324786319,26,8.0,33.0
2025,Australian Grand Prix,NOR,6,INTERMEDIATE,-0.4226312949640282,6.654433453237394,7,2.0,13.0
2025,Australian Grand Prix,OCO,4,INTERMEDIATE,-0.23595153846153863,6.702664615384618,25,4.0,28.0
2025,Australian Grand Prix,OCO,6,INTERMEDIATE,-1.3718285714285698,14.332876190476167,6,6.0,11.0
2025,Australian Grand Prix,PIA,4,INTERMEDIATE,-0.24209929356357915,7.360549843014131,25,8.0,33.0
2025,Australian Grand Prix,PIA,6,INTERMEDIATE,-1.4497428571428577,18.27446666666668,6,8.0,13.0
2025,Australian Grand Prix,RUS,4,INTERMEDIATE,-0.2360392307692306,7.230184615384613,25,8.0,32.0
2025,Australian Grand Prix,RUS,6,INTERMEDIATE,-0.30053956834532425,4.593438848920862,7,2.0,13.0
2025,Australian Grand Prix,STR,4,INTERMEDIATE,-0.22541538461538477,5.92592615384616,25,4.0,28.0
2025,Australian Grand Prix,STR,6,INTERMEDIATE,-0.2382176258992813,3.5711636690647586,7,2.0,13.0
2025,Australian Grand Prix,TSU,4,INTERMEDIATE,-0.22314230769230767,6.816806153846146,25,8.0,32.0
2025,Australian Grand Prix,TSU,6,INTERMEDIATE,-1.1970857142857145,10.789476190476195,6,5.0,10.0
2025,Australian Grand Prix,VER,4,INTERMEDIATE,-0.22007076923076904,7.449643076923067,26,8.0,33.0
2025,Australian Grand Prix,VER,6,INTERMEDIATE,-1.1913142857142844,12.339838095238076,6,6.0,11.0
2025,Austrian Grand Prix,ALB,1,MEDIUM,-0.013833333333332868,0.6671111111111007,9,4.0,12.0
2025,Austrian Grand Prix,ALO,1,MEDIUM,0.020825054846149604,0.45232665804128425,28,5.0,33.0
2025,Austrian Grand Prix,ALO,2,HARD,0.014707282913165224,0.21402577030812112,35,3.0,37.0
2025,Austrian Grand Prix,BEA,1,SOFT,1.178490399565469e-17,0.36333333333332973,6,5.0,10.0
2025,Austrian Grand Prix,BEA,2,HARD,-0.0012544421145568164,0.5879737887650344,25,2.0,27.0
2025,Austrian Grand Prix,BEA,3,MEDIUM,0.029840886699507504,0.19130443349754248,29,2.0,30.0
2025,Austrian Grand Prix,BOR,1,MEDIUM,0.021352941176470113,0.25294117647058667,17,4.0,20.0
2025,Austrian Grand Prix,BOR,2,MEDIUM,0.003955897435897398,0.2701394871794841,26,2.0,27.0
2025,Austrian Grand Prix,BOR,3,HARD,0.05086666666666644,0.06815087719298576,19,2.0,20.0
2025,Austrian Grand Prix,COL,1,SOFT,-0.04808333333333297,1.1869999999999974,9,4.0,12.0
2025,Austrian Grand Prix,COL,2,MEDIUM,0.08118814512401806,-0.04641619164997335,23,2.0,25.0
2025,Austrian Grand Prix,COL,3,HARD,0.03750246305418707,0.40716748768473626,29,2.0,30.0
2025,Austrian Grand Prix,GAS,1,SOFT,0.05079761904762064,0.04549999999998655,8,7.0,14.0
2025,Austrian Grand Prix,GAS,2,HARD,0.057087391304347965,0.5095285507246385,24,2.0,25.0
2025,Austrian Grand Prix,GAS,3,MEDIUM,0.034933036707452896,0.07660489432703106,30,2.0,31.0
2025,Austrian Grand Prix,HAD,2,MEDIUM,0.02127130434782602,0.7126707246376783,24,2.0,25.0
2025,Austrian Grand Prix,HAD,3,HARD,0.04379671669793617,-0.10145440900562117,40,2.0,41.0
2025,Austrian Grand Prix,HAM,1,MEDIUM,0.03313099943534699,0.30364596273292105,22,4.0,25.0
2025,Austrian Grand Prix,HAM,2,HARD,0.011545695364238273,0.5718066225165573,21,2.0,23.0
2025,Austrian Grand Prix,HAM,3,MEDIUM,0.04012456140350867,0.10473508771929975,19,2.0,20.0
2025,Austrian Grand Prix,HUL,1,SOFT,-0.14951190476190532,1.7372142857142918,8,4.0,11.0
2025,Austrian Grand Prix,HUL,2,MEDIUM,-0.001242747673782142,0.34251258894362474,28,2.0,29.0
2025,Austrian Grand Prix,HUL,3,MEDIUM,-0.017787008547008657,1.0689500854700846,26,2.0,27.0
2025,Austrian Grand Prix,LAW,1,MEDIUM,0.027896004378763016,0.2344627805145013,28,4.0,31.0
2025,Austrian Grand Prix,LAW,2,HARD,-0.004374110953058261,0.5065362731152158,37,2.0,38.0
2025,Austrian Grand Prix,LEC,1,MEDIUM,0.05905805009532583,0.013246006179732416,20,4.0,24.0
2025,Austrian Grand Prix,LEC,2,HARD,-0.029267080745341744,0.8934748729531364,22,2.0,23.0
2025,Austrian Grand Prix,LEC,3,MEDIUM,0.0070721804511276855,0.29706992481203154,20,2.0,21.0
2025,Austrian Grand Prix,NOR,1,MEDIUM,0.10536699999999985,-0.2552259999999996,15,4.0,19.0
2025,Austrian Grand Prix,NOR,2,HARD,0.015717686318131228,0.2192248424175057,30,2.0,31.0
2025,Austrian Grand Prix,NOR,3,MEDIUM,0.047764705882352584,0.12011764705882137,17,2.0,18.0
2025,Austrian Grand Prix,OCO,1,MEDIUM,0.007964285714285401,0.6863261904761899,15,4.0,18.0
2025,Austrian Grand Prix,OCO,2,HARD,0.0033094718463551917,0.46349574421650147,28,2.0,30.0
2025,Austrian Grand Prix,OCO,3,HARD,0.03624251805985592,0.08406467148262692,18,2.0,19.0
2025,Austrian Grand Prix,PIA,1,MEDIUM,0.08310526315789467,0.0561789473684209,20,4.0,23.0
2025,Austrian Grand Prix,PIA,2,HARD,0.027297146110244787,0.0678379743075673,26,2.0,28.0
2025,Austrian Grand Prix,PIA,3,MEDIUM,0.07765357142857124,0.009784523809521233,15,2.0,16.0
2025,Austrian Grand Prix,RUS,1,MEDIUM,0.07129450549450525,-0.055949450549445154,14,4.0,17.0
2025,Austrian Grand Prix,RUS,2,MEDIUM,-0.03789692307692317,1.1411569230769287,25,2.0,26.0
2025,Austrian Grand Prix,RUS,3,HARD,0.026145217391304282,0.22520623188405728,24,2.0,25.0
2025,Austrian Grand Prix,STR,1,MEDIUM,0.05254136632598193,0.3350979020979016,21,5.0,26.0
2025,Austrian Grand Prix,STR,2,HARD,0.032142307692307505,0.06682538461538187,25,3.0,27.0
2025,Austrian Grand Prix,STR,3,SOFT,0.021110714285714517,0.3868702380952363,15,2.0,16.0
2025,Austrian Grand Prix,TSU,1,MEDIUM,0.03402637362637353,0.5415802197802201,14,4.0,17.0
2025,Austrian Grand Prix,TSU,2,HARD,0.03293939393939401,0.3021939393939386,10,2.0,11.0
2025,Austrian Grand Prix,TSU,3,MEDIUM,0.05359469074986337,-0.07675342090859658,28,2.0,29.0
2025,Austrian Grand Prix,TSU,4,SOFT,0.21617857142857094,0.043964285714283804,7,2.0,8.0
2025,Azerbaijan Grand Prix,ALB,2,MEDIUM,-0.4929272727272721,5.480381818181814,10,4.0,13.0
2025,Azerbaijan Grand Prix,ALB,3,HARD,-0.05277366946778719,2.5080997198879555,35,2.0,36.0
2025,Azerbaijan Grand Prix,ALO,1,MEDIUM,-0.22920840554592758,4.657240034662056,15,8.0,23.0
2025,Azerbaijan Grand Prix,ALO,2,HARD,-0.05241231527093592,1.859976354679806,29,2.0,30.0
2025,Azerbaijan Grand Prix,ANT,1,MEDIUM,-0.15752197802197807,3.172659340659348,13,10.0,22.0
2025,Azerbaijan Grand Prix,ANT,2,HARD,-0.04621535923753667,1.7155500366568979,32,2.0,33.0
2025,Azerbaijan Grand Prix,BEA,1,HARD,-0.14772628458498038,3.3853162055335964,23,5.0,27.0
2025,Azerbaijan Grand Prix,BEA,2,MEDIUM,0.0021981931112365263,0.6638407679277271,22,2.0,23.0
2025,Azerbaijan Grand Prix,BOR,1,HARD,-0.1408688311688313,2.991937229437232,21,5.0,25.0
2025,Azerbaijan Grand Prix,BOR,2,MEDIUM,-0.029273478260869516,1.271804057971007,24,5.0,28.0
2025,Azerbaijan Grand Prix,COL,1,MEDIUM,-0.2761909090909092,3.77072727272728,11,5.0,15.0
2025,Azerbaijan Grand Prix,COL,2,HARD,-0.011237299465240713,0.8856653297682665,33,2.0,34.0
2025,Azerbaijan Grand Prix,GAS,1,HARD,-0.1002738598442716,3.2095069336299673,30,5.0,34.0
2025,Azerbaijan Grand Prix,GAS,2,MEDIUM,0.0511890109890112,0.32810769230768544,14,2.0,15.0
2025,Azerbaijan Grand Prix,HAD,1,MEDIUM,-0.1250726086956523,3.7233634782608744,24,9.0,32.0
2025,Azerbaijan Grand Prix,HAD,2,HARD,-0.048562337662337675,1.2855961038961035,21,3.0,23.0
2025,Azerbaijan Grand Prix,HAM,1,HARD,-0.09569314516129032,3.2311209677419424,31,5.0,35.0
2025,Azerbaijan Grand Prix,HAM,2,MEDIUM,0.09412967032967032,-0.25903076923077295,14,2.0,15.0
2025,Azerbaijan Grand Prix,HUL,1,HARD,-0.08455000000000001,3.205709677419355,31,5.0,35.0
2025,Azerbaijan Grand Prix,HUL,2,MEDIUM,-0.01818901098901105,0.5413208791208756,14,2.0,15.0
2025,Azerbaijan Grand Prix,LAW,1,MEDIUM,-0.11130714285714262,2.5684619047619037,15,11.0,25.0
2025,Azerbaijan Grand Prix,LAW,2,HARD,-0.04834949944382636,1.6195495736002896,30,3.0,32.0
2025,Azerbaijan Grand Prix,LEC,1,MEDIUM,-0.217164835164835,4.16817582417582,14,8.0,21.0
2025,Azerbaijan Grand Prix,LEC,2,HARD,-0.032092338709677475,1.6022471774193554,31,2.0,32.0
2025,Azerbaijan Grand Prix,NOR,1,MEDIUM,-0.09698973607038121,3.0807895894428086,32,5.0,36.0
2025,Azerbaijan Grand Prix,NOR,2,HARD,-0.018406593406593424,0.8098681318681289,13,2.0,14.0
2025,Azerbaijan Grand Prix,OCO,3,HARD,-0.08195571230342281,3.9471659343200685,47,4.0,50.0
2025,Azerbaijan Grand Prix,RUS,1,HARD,-0.09707822765469833,3.3084466004583732,34,5.0,38.0
2025,Azerbaijan Grand Prix,RUS,2,MEDIUM,0.04467272727272673,-0.14892727272727224,11,8.0,18.0
2025,Azerbaijan Grand Prix,SAI,1,MEDIUM,-0.0745189158667421,2.1332286843591275,22,10.0,31.0
2025,Azerbaijan Grand Prix,SAI,2,HARD,-0.04710573122529652,1.406113636363643,23,2.0,24.0
2025,Azerbaijan Grand Prix,STR,1,MEDIUM,-0.09203574046920822,3.332621151026401,32,8.0,39.0
2025,Azerbaijan Grand Prix,STR,2,HARD,0.05809340659340602,0.2081758241758317,13,2.0,14.0
2025,Azerbaijan Grand Prix,TSU,1,HARD,-0.09193282085561494,3.178528631907311,33,5.0,37.0
2025,Azerbaijan Grand Prix,TSU,2,MEDIUM,-0.01270979020978983,0.5664988344988311,12,8.0,19.0
2025,Azerbaijan Grand Prix,VER,1,HARD,-0.06587507002801107,2.31048011204481,35,5.0,39.0
2025,Azerbaijan Grand Prix,VER,2,MEDIUM,0.10114545454545484,-0.5637272727272835,10,6.0,15.0
2025,Bahrain Grand Prix,ALB,1,SOFT,0.10936043956043946,0.11979340659340947,14,2.0,15.0
2025,Bahrain Grand Prix,ALB,2,HARD,0.12719120879120854,0.09830329670329438,14,2.0,15.0
2025,Bahrain Grand Prix,ALB,3,MEDIUM,0.04405815923207247,0.35247487295312624,22,4.0,25.0
2025,Bahrain Grand Prix,ALO,1,MEDIUM,0.020646153846154112,0.6163648351648336,14,2.0,15.0
2025,Bahrain Grand Prix,ALO,2,MEDIUM,0.07496923076923089,0.10997582417582605,14,2.0,15.0
2025,Bahrain Grand Prix,ALO,3,HARD,0.017348051948051613,0.30682683982683967,21,5.0,25.0
2025,Bahrain Grand Prix,ANT,1,SOFT,0.17448554913294825,-0.9168092485549131,8,5.0,14.0
2025,Bahrain Grand Prix,ANT,2,MEDIUM,0.07987362637362631,0.36870329670329793,13,2.0,14.0
2025,Bahrain Grand Prix,ANT,4,SOFT,0.08784935064935072,-0.5782406926406938,21,8.0,28.0
2025,Bahrain Grand Prix,BEA,1,SOFT,0.03627622377622365,0.20967832167832628,12,2.0,13.0
2025,Bahrain Grand Prix,BEA,2,HARD,0.10503970588235266,0.28331029411764597,16,2.0,17.0
2025,Bahrain Grand Prix,BEA,3,SOFT,0.05576427803427976,-0.04218525077477186,20,4.0,25.0
2025,Bahrain Grand Prix,BOR,1,MEDIUM,0.03392727272727297,0.24496363636363097,11,2.0,12.0
2025,Bahrain Grand Prix,BOR,2,HARD,0.07621078431372554,0.2204215686274469,17,2.0,18.0
2025,Bahrain Grand Prix,BOR,3,MEDIUM,0.003692828910220478,0.7502721626199848,22,4.0,25.0
2025,Bahrain Grand Prix,DOO,1,SOFT,0.1418928571428576,-0.21503571428571627,7,2.0,8.0
2025,Bahrain Grand Prix,DOO,2,MEDIUM,0.10799285714285677,-0.23192857142857207,15,3.0,17.0
2025,Bahrain Grand Prix,DOO,3,HARD,0.06586259088885585,0.4862200623237858,22,2.0,29.0
2025,Bahrain Grand Prix,GAS,1,SOFT,0.2572976190476196,-1.4001547619047594,8,5.0,12.0
2025,Bahrain Grand Prix,GAS,2,MEDIUM,0.04455882352941136,0.6145661764705854,16,2.0,17.0
2025,Bahrain Grand Prix,GAS,3,HARD,0.07135747663551385,-0.10976168224299468,24,2.0,29.0
2025,Bahrain Grand Prix,HAD,2,MEDIUM,0.053477757530281694,0.18913667059706465,18,3.0,21.0
2025,Bahrain Grand Prix,HAD,3,HARD,0.01961719134284312,0.990779881947862,24,2.0,29.0
2025,Bahrain Grand Prix,HAM,1,MEDIUM,0.036892857142857303,0.46863095238095326,15,2.0,16.0
2025,Bahrain Grand Prix,HAM,2,MEDIUM,-0.007802197802198017,0.943956043956044,13,2.0,14.0
2025,Bahrain Grand Prix,HAM,3,HARD,0.0803195041322315,-0.07051079889807328,21,4.0,25.0
2025,Bahrain Grand Prix,HUL,2,MEDIUM,0.051159398496240564,0.884866917293231,20,2.0,21.0
2025,Bahrain Grand Prix,HUL,3,MEDIUM,0.02487864434463065,0.3619192323397339,24,2.0,30.0
2025,Bahrain Grand Prix,LAW,1,MEDIUM,0.03454195804195831,0.08751864801864989,12,2.0,13.0
2025,Bahrain Grand Prix,LAW,2,HARD,0.10680849220103991,0.2284228769497392,15,2.0,17.0
2025,Bahrain Grand Prix,LAW,3,SOFT,0.01493337097684917,0.4571479390175097,22,4.0,25.0
2025,Bahrain Grand Prix,LEC,1,MEDIUM,0.053339285714285894,0.23987976190476,15,2.0,16.0
2025,Bahrain Grand Prix,LEC,2,MEDIUM,0.07087912087912093,0.1681208791208757,13,2.0,14.0
2025,Bahrain Grand Prix,LEC,3,HARD,0.09902928378219439,-0.592579324944141,21,4.0,25.0
2025,Bahrain Grand Prix,NOR,1,SOFT,0.14033333333333348,-0.5680833333333323,8,5.0,12.0
2025,Bahrain Grand Prix,NOR,2,MEDIUM,0.010156390977443683,0.4380015037593962,20,2.0,21.0
2025,Bahrain Grand Prix,NOR,3,MEDIUM,0.057843301123008777,0.1908348132671739,20,5.0,25.0
2025,Bahrain Grand Prix,OCO,1,SOFT,0.15034285714285792,-0.32420952380952683,6,2.0,7.0
2025,Bahrain Grand Prix,OCO,2,MEDIUM,0.09525735294117708,0.06542647058823291,17,2.0,18.0
2025,Bahrain Grand Prix,OCO,3,HARD,0.049875037354318114,-0.04637065444765297,25,2.0,30.0
2025,Bahrain Grand Prix,PIA,1,SOFT,0.10570629370629395,-0.18524941724942337,12,5.0,16.0
2025,Bahrain Grand Prix,PIA,2,MEDIUM,-0.011180729984301595,0.6235229591836812,15,2.0,17.0
2025,Bahrain Grand Prix,PIA,3,MEDIUM,0.028977978543195854,0.5854556747600224,22,4.0,25.0
2025,Bahrain Grand Prix,RUS,1,SOFT,0.11394545454545485,-0.29427272727272297,11,5.0,15.0
2025,Bahrain Grand Prix,RUS,2,MEDIUM,-0.014887254901960509,0.48351960784312825,17,2.0,18.0
2025,Bahrain Grand Prix,SAI,1,SOFT,0.20081468531468533,-0.4539708624708657,12,5.0,16.0
2025,Bahrain Grand Prix,SAI,2,MEDIUM,0.14895735294117662,0.3423426470588298,16,2.0,17.0
2025,Bahrain Grand Prix,SAI,3,HARD,0.2740000000000016,-1.3154285714285792,7,5.0,11.0
2025,Bahrain Grand Prix,STR,1,SOFT,0.06364848484848504,-0.024515151515150303,10,2.0,11.0
2025,Bahrain Grand Prix,STR,2,MEDIUM,0.03508359133126928,0.3335111799105596,18,2.0,19.0
2025,Bahrain Grand Prix,STR,3,HARD,0.0023259740259742225,0.6409601731601767,21,4.0,24.0
2025,Bahrain Grand Prix,TSU,1,SOFT,0.1387418546365917,-0.5753984962406,8,5.0,13.0
2025,Bahrain Grand Prix,TSU,2,MEDIUM,0.1076947368421054,-0.2481684210526327,19,2.0,20.0
2025,Bahrain Grand Prix,TSU,3,SOFT,0.04394218964181424,-0.007514333392927596,20,7.0,28.0
2025,Bahrain Grand Prix,VER,1,SOFT,0.17133333333333348,-1.0138333333333374,8,5.0,12.0
2025,Bahrain Grand Prix,VER,2,HARD,0.12221758241758256,0.5379362637362687,14,2.0,15.0
2025,Bahrain Grand Prix,VER,3,MEDIUM,0.04281174591909151,0.5217113200851667,23,2.0,31.0
2025,Belgian Grand Prix,ALB,1,INTERMEDIATE,0.47296428571428534,-2.5365714285714214,7,5.0,11.0
2025,Belgian Grand Prix,ALB,2,MEDIUM,-0.054978197997775265,1.504040266963289,30,2.0,31.0
2025,Belgian Grand Prix,ALO,1,INTERMEDIATE,0.6342285714285707,-3.5667142857142853,6,5.0,10.0
2025,Belgian Grand Prix,ALO,2,MEDIUM,-0.3038071428571433,4.0609309523809545,15,2.0,16.0
2025,Belgian Grand Prix,ANT,1,INTERMEDIATE,0.4812795031055904,-2.3077826086956508,6,5.0,11.0
2025,Belgian Grand Prix,ANT,2,MEDIUM,-0.13394411764705902,2.573719117647064,16,2.0,17.0
2025,Belgian Grand Prix,BEA,1,INTERMEDIATE,0.1747857142857133,0.18900000000001424,7,5.0,11.0
2025,Belgian Grand Prix,BEA,2,MEDIUM,-0.10379475806451607,3.197543145161286,31,2.0,32.0
2025,Belgian Grand Prix,BOR,1,INTERMEDIATE,0.4438509316770178,-1.5888322981366425,6,5.0,11.0
2025,Belgian Grand Prix,BOR,2,MEDIUM,-0.07031975806451597,1.9078552419354864,31,2.0,32.0
2025,Belgian Grand Prix,COL,1,INTERMEDIATE,0.369142857142856,-1.0228095238095227,6,5.0,11.0
2025,Belgian Grand Prix,COL,2,MEDIUM,-0.14337796123474508,2.142314429289301,13,2.0,15.0
2025,Belgian Grand Prix,GAS,2,MEDIUM,-0.10619409824046924,2.9781779692082044,32,2.0,33.0
2025,Belgian Grand Prix,HAD,1,INTERMEDIATE,0.5152142857142858,-2.3225476190476115,6,5.0,11.0
2025,Belgian Grand Prix,HAD,3,HARD,0.017687182382834416,0.48981931112365923,22,2.0,23.0
2025,Belgian Grand Prix,HAM,1,INTERMEDIATE,0.14857142857142733,0.23404761904762497,6,5.0,10.0
2025,Belgian Grand Prix,HAM,2,MEDIUM,-0.06854563782991205,2.1583924120234546,32,2.0,33.0
2025,Belgian Grand Prix,HUL,1,INTERMEDIATE,0.6855999999999988,-3.0816666666666594,6,5.0,10.0
2025,Belgian Grand Prix,HUL,2,MEDIUM,-0.16918771929824553,2.9749070175438526,19,2.0,20.0
2025,Belgian Grand Prix,LAW,1,INTERMEDIATE,0.4898928571428587,-2.063142857142872,7,5.0,11.0
2025,Belgian Grand Prix,LAW,2,MEDIUM,-0.06912620967741946,2.088597177419357,31,2.0,32.0
2025,Belgian Grand Prix,LEC,1,INTERMEDIATE,0.6190357142857147,-3.1835714285714336,7,5.0,11.0
2025,Belgian Grand Prix,LEC,2,MEDIUM,-0.04798185483870976,1.5023044354838655,31,2.0,32.0
2025,Belgian Grand Prix,NOR,1,INTERMEDIATE,0.23573809523809514,-0.33102380952380767,8,5.0,12.0
2025,Belgian Grand Prix,NOR,2,HARD,-0.04794127449467662,1.9109549760839302,29,2.0,31.0
2025,Belgian Grand Prix,OCO,1,INTERMEDIATE,0.4024285714285712,-1.1976428571428561,8,5.0,12.0
2025,Belgian Grand Prix,OCO,2,MEDIUM,-0.09035350389321474,3.305274008157214,30,9.0,38.0
2025,Belgian Grand Prix,PIA,1,INTERMEDIATE,0.5193214285714284,-2.7229999999999968,7,5.0,11.0
2025,Belgian Grand Prix,PIA,2,MEDIUM,-0.05721370967741937,2.0085040322580636,31,2.0,32.0
2025,Belgian Grand Prix,RUS,1,INTERMEDIATE,0.6374999999999993,-2.7432857142857174,7,5.0,11.0
2025,Belgian Grand Prix,RUS,2,MEDIUM,-0.055708064516128954,1.6702306451612854,31,2.0,32.0
2025,Belgian Grand Prix,SAI,2,MEDIUM,-0.06865384615384665,1.1146538461538535,12,2.0,13.0
2025,Belgian Grand Prix,STR,1,INTERMEDIATE,0.42096428571428635,-1.9364285714285825,7,5.0,11.0
2025,Belgian Grand Prix,STR,2,MEDIUM,-0.07271290322580652,2.0845387096774184,31,2.0,32.0
2025,Belgian Grand Prix,TSU,1,INTERMEDIATE,0.42465476190476287,-1.592190476190487,8,5.0,12.0
2025,Belgian Grand Prix,TSU,2,MEDIUM,-0.05717093596059092,1.6775970443349728,29,2.0,30.0
2025,Belgian Grand Prix,VER,1,INTERMEDIATE,0.6182857142857152,-3.160714285714293,7,5.0,11.0
2025,Belgian Grand Prix,VER,2,MEDIUM,-0.056112096774193536,1.7402927419354788,31,2.0,32.0
2025,British Grand Prix,ALB,2,INTERMEDIATE,-0.24909172932330836,7.724688721804513,20,10.0,29.0
2025,British Grand Prix,ALB,3,MEDIUM,-0.6556999999999995,5.556088888888888,9,2.0,10.0
2025,British Grand Prix,ALO,2,INTERMEDIATE,-0.24480357142857137,6.488464285714283,15,11.0,25.0
2025,British Grand Prix,ALO,3,MEDIUM,-1.1378615384615385,15.6988989010989,14,3.0,16.0
2025,British Grand Prix,BEA,2,INTERMEDIATE,-0.28212112332112327,8.042647374847368,19,2.0,30.0
2025,British Grand Prix,BEA,3,MEDIUM,-0.807387878787879,7.553121212121203,10,2.0,11.0
2025,British Grand Prix,GAS,2,INTERMEDIATE,-0.2337508771929823,6.943385964912275,19,11.0,29.0
2025,British Grand Prix,GAS,3,MEDIUM,-0.6800060606060605,6.529339393939387,10,2.0,11.0
2025,British Grand Prix,HAM,2,INTERMEDIATE,-0.3413751741880157,9.5214271626112,18,11.0,29.0
2025,British Grand Prix,HAM,3,SOFT,-0.599678787878787,8.088848484848473,10,5.0,14.0
2025,British Grand Prix,HUL,2,INTERMEDIATE,-0.2356887177311446,8.117925753075943,22,2.0,32.0
2025,British Grand Prix,HUL,3,MEDIUM,-0.46221666666666633,4.055077777777773,9,2.0,10.0
2025,British Grand Prix,LEC,2,INTERMEDIATE,-0.3005043902439025,10.648840000000002,20,2.0,31.0
2025,British Grand Prix,LEC,3,SOFT,-0.6655333333333324,7.666022222222209,9,5.0,13.0
2025,British Grand Prix,NOR,2,INTERMEDIATE,-0.2772518098287625,8.5755047682027,23,2.0,32.0
2025,British Grand Prix,NOR,3,MEDIUM,-0.09307142857142797,1.1115000000000026,7,2.0,8.0
2025,British Grand Prix,OCO,2,INTERMEDIATE,-0.28857293233082704,6.298834586466171,20,4.0,23.0
2025,British Grand Prix,OCO,3,MEDIUM,-0.4804333333333341,4.007933333333338,9,2.0,10.0
2025,British Grand Prix,PIA,2,INTERMEDIATE,-0.23401537457689317,7.546355042616522,22,2.0,31.0
2025,British Grand Prix,PIA,3,MEDIUM,-0.4301999999999983,3.4175999999999864,6,3.0,8.0
2025,British Grand Prix,RUS,2,INTERMEDIATE,-0.21898417602996248,6.7735900749063696,17,2.0,27.0
2025,British Grand Prix,RUS,3,HARD,-1.1291483516483505,13.233648351648343,13,2.0,14.0
2025,British Grand Prix,SAI,2,INTERMEDIATE,-0.2016807017543862,6.412561403508776,19,11.0,29.0
2025,British Grand Prix,SAI,3,MEDIUM,-1.2888749999999998,11.821166666666663,9,2.0,11.0
2025,British Grand Prix,STR,3,INTERMEDIATE,-0.16107645544662894,5.353332931704917,20,2.0,30.0
2025,British Grand Prix,STR,4,SOFT,-0.3951575757575753,4.235224242424246,10,2.0,11.0
2025,British Grand Prix,TSU,2,INTERMEDIATE,-0.21264912280701753,5.576824561403512,19,11.0,29.0
2025,British Grand Prix,TSU,3,MEDIUM,-1.224949999999999,10.820255555555548,9,2.0,10.0
2025,British Grand Prix,VER,2,INTERMEDIATE,-0.35604158122579155,10.342044201412621,20,2.0,29.0
2025,British Grand Prix,VER,3,MEDIUM,-0.5098333333333332,5.31072222222222,9,3.0,11.0
2025,Canadian Grand Prix,ALB,1,MEDIUM,0.08059480519480496,-0.42946926406926594,21,6.0,26.0
2025,Canadian Grand Prix,ALB,2,HARD,0.10967080745341627,-0.5345669113495236,22,2.0,23.0
2025,Canadian Grand Prix,ALO,1,MEDIUM,0.16636263736263746,-0.9541978021978016,13,6.0,18.0
2025,Canadian Grand Prix,ALO,2,HARD,-0.024240641711229916,1.3022994652406434,33,3.0,35.0
2025,Canadian Grand Prix,ALO,3,HARD,-0.007817582417582371,0.4679098901098881,14,3.0,16.0
2025,Canadian Grand Prix,ANT,1,MEDIUM,0.07941804511278137,-0.7122691729323277,11,8.0,19.0
2025,Canadian Grand Prix,ANT,2,HARD,-0.044885940146809925,1.0345511010728488,22,3.0,24.0
2025,Canadian Grand Prix,ANT,3,HARD,-0.03959768009768023,1.0818170533170577,27,2.0,28.0
2025,Canadian Grand Prix,BEA,1,MEDIUM,0.05884852941176521,0.18350147058823307,16,2.0,17.0
2025,Canadian Grand Prix,BEA,2,HARD,-0.016878328480522235,1.9032256968088803,43,2.0,47.0
2025,Canadian Grand Prix,BOR,1,HARD,-0.01920663737280298,1.3708893385753924,47,2.0,48.0
2025,Canadian Grand Prix,BOR,2,MEDIUM,0.065910714285715,0.032603571428565216,15,2.0,16.0
2025,Canadian Grand Prix,COL,1,MEDIUM,0.0007412587412581755,0.38940093240093887,12,7.0,18.0
2025,Canadian Grand Prix,COL,2,HARD,-0.005026170468187286,1.3325135174069695,50,2.0,51.0
2025,Canadian Grand Prix,GAS,1,HARD,-0.025412028763707243,1.9926046868404297,50,2.0,52.0
2025,Canadian Grand Prix,GAS,2,MEDIUM,0.10655454545454535,-0.13460909090908868,11,2.0,12.0
2025,Canadian Grand Prix,HAD,1,MEDIUM,0.052963636363636976,0.22434545454545599,11,2.0,12.0
2025,Canadian Grand Prix,HAD,2,HARD,0.0005434589346823308,0.9672835887516723,49,3.0,53.0
2025,Canadian Grand Prix,HAM,1,MEDIUM,0.029412087912087843,0.19624175824175233,13,2.0,14.0
2025,Canadian Grand Prix,HAM,2,HARD,-0.03441680350301055,1.152710454296659,28,2.0,29.0
2025,Canadian Grand Prix,HAM,3,HARD,-0.05082105263157879,1.1767684210526241,19,2.0,20.0
2025,Canadian Grand Prix,HUL,1,MEDIUM,0.03633333333333332,0.2570784313725529,17,2.0,18.0
2025,Canadian Grand Prix,HUL,2,HARD,-0.04478208168642952,2.3101032938076416,45,2.0,46.0
2025,Canadian Grand Prix,LAW,1,HARD,-0.014125868725868702,0.8795247533247489,36,3.0,38.0
2025,Canadian Grand Prix,LAW,2,MEDIUM,-0.048454945054944874,1.3992241758241801,14,2.0,15.0
2025,Canadian Grand Prix,LEC,1,HARD,-0.062436239316239414,1.5884793162393132,26,2.0,27.0
2025,Canadian Grand Prix,LEC,2,HARD,0.004169960474308422,0.3460079051383351,23,2.0,24.0
2025,Canadian Grand Prix,LEC,3,MEDIUM,0.05871353383458728,0.2576676691729316,11,2.0,13.0
2025,Canadian Grand Prix,NOR,1,HARD,-0.03941208791208794,1.0458479853479807,27,2.0,28.0
2025,Canadian Grand Prix,NOR,2,MEDIUM,0.022523529411764744,0.26015147058823834,16,2.0,17.0
2025,Canadian Grand Prix,NOR,3,HARD,-0.0015490196078429938,0.2585424836601302,18,2.0,19.0
2025,Canadian Grand Prix,OCO,1,HARD,-0.026791774891774787,1.7145432900432869,55,2.0,56.0
2025,Canadian Grand Prix,OCO,2,MEDIUM,-0.004857142857143739,0.2987142857142871,7,2.0,8.0
2025,Canadian Grand Prix,PIA,1,MEDIUM,0.02225714285714254,0.3454571428571442,14,2.0,15.0
2025,Canadian Grand Prix,PIA,2,HARD,-0.021293650793650684,0.7660343915343878,27,2.0,28.0
2025,Canadian Grand Prix,PIA,3,HARD,-0.014010526315789437,0.642321052631583,20,2.0,21.0
2025,Canadian Grand Prix,RUS,1,MEDIUM,0.05722727272727305,-0.045363636363645446,11,5.0,15.0
2025,Canadian Grand Prix,RUS,2,HARD,-0.023120879120879196,0.8349711029710972,27,3.0,29.0
2025,Canadian Grand Prix,RUS,3,HARD,-0.05732608695652176,1.494239130434784,23,2.0,24.0
2025,Canadian Grand Prix,SAI,1,HARD,-0.02691156851534206,1.7250722952798396,54,2.0,55.0
2025,Canadian Grand Prix,SAI,2,MEDIUM,-0.02392857142857095,0.5342142857142895,7,2.0,8.0
2025,Canadian Grand Prix,STR,1,HARD,-0.0033975155279500784,0.7822755505364111,22,3.0,24.0
2025,Canadian Grand Prix,STR,2,HARD,0.04087692307692303,0.022966153846154885,25,3.0,27.0
2025,Canadian Grand Prix,STR,3,MEDIUM,0.04996153846153836,-0.1211538461538455,13,2.0,14.0
2025,Canadian Grand Prix,TSU,1,HARD,-0.024953992757766358,1.6581147195222645,54,2.0,55.0
2025,Canadian Grand Prix,TSU,2,MEDIUM,0.0745714285714272,0.3368571428571486,8,2.0,9.0
2025,Canadian Grand Prix,VER,1,MEDIUM,0.09533333333333362,-0.3524666666666656,10,5.0,14.0
2025,Canadian Grand Prix,VER,2,HARD,0.005730237154150157,0.38455039525692014,23,2.0,24.0
2025,Canadian Grand Prix,VER,3,HARD,-0.03947619047619029,1.239595238095229,28,2.0,29.0
2025,Chinese Grand Prix,ALB,1,MEDIUM,-0.024998968008255972,0.9111558307533482,18,2.0,19.0
2025,Chinese Grand Prix,ALB,2,HARD,-0.05594425770308123,2.0073123249299676,35,2.0,36.0
2025,Chinese Grand Prix,ANT,1,MEDIUM,0.09682424242424231,-0.06035757575757081,10,2.0,11.0
2025,Chinese Grand Prix,ANT,2,HARD,-0.06933192389006342,3.114401691331918,43,2.0,44.0
2025,Chinese Grand Prix,BEA,1,HARD,-0.03694347826086947,1.297820289855078,24,2.0,25.0
2025,Chinese Grand Prix,BEA,2,MEDIUM,-0.028635960591133023,0.9876236453201966,29,2.0,30.0
2025,Chinese Grand Prix,BOR,2,HARD,0.06533794466403156,0.3823023715414993,23,2.0,24.0
2025,Chinese Grand Prix,BOR,3,HARD,0.05772441160372205,0.490950191570883,28,2.0,29.0
2025,Chinese Grand Prix,DOO,1,MEDIUM,-0.04698333333333286,0.5950111111111082,9,2.0,10.0
2025,Chinese Grand Prix,DOO,2,HARD,-0.04653659478939766,2.6228975532418,43,2.0,45.0
2025,Chinese Grand Prix,GAS,1,MEDIUM,0.0008452380952371879,0.6129761904761906,8,2.0,9.0
2025,Chinese Grand Prix,GAS,2,HARD,-0.05982173913043474,2.8651439613526595,45,2.0,46.0
2025,Chinese Grand Prix,HAD,1,MEDIUM,0.018351515151515507,0.21471515151515091,10,2.0,11.0
2025,Chinese Grand Prix,HAD,2,HARD,-0.0647543859649121,1.3575614035087722,19,2.0,20.0
2025,Chinese Grand Prix,HAD,3,HARD,0.014077245831091996,0.8652706831629947,21,2.0,23.0
2025,Chinese Grand Prix,HAM,1,MEDIUM,0.07983636363636386,0.004054545454537933,11,2.0,12.0
2025,Chinese Grand Prix,HAM,2,HARD,-0.030328063241106547,0.9056916996047476,22,2.0,23.0
2025,Chinese Grand Prix,HAM,3,HARD,-0.013685242518059719,0.5131950464396245,18,2.0,19.0
2025,Chinese Grand Prix,HUL,1,MEDIUM,0.07699587203302367,-0.029956656346752583,18,2.0,19.0
2025,Chinese Grand Prix,HUL,2,HARD,0.028565317035905244,0.3724828113063344,34,2.0,35.0
2025,Chinese Grand Prix,LAW,1,HARD,0.015023529411764687,0.5524014705882344,16,2.0,17.0
2025,Chinese Grand Prix,LAW,2,MEDIUM,0.011721212121212708,0.1920121212121148,10,2.0,11.0
2025,Chinese Grand Prix,LAW,3,HARD,0.03318769230769222,0.27545230769231,25,2.0,26.0
2025,Chinese Grand Prix,LEC,1,MEDIUM,0.038626373626373486,0.37198901098901505,13,2.0,14.0
2025,Chinese Grand Prix,LEC,2,HARD,-0.01684671669793625,1.2102044090056323,40,2.0,41.0
2025,Chinese Grand Prix,NOR,1,MEDIUM,0.06368681318681363,-0.018340659340657855,13,2.0,14.0
2025,Chinese Grand Prix,NOR,2,HARD,-0.02271988742964362,1.8203275797373435,40,2.0,41.0
2025,Chinese Grand Prix,OCO,1,MEDIUM,0.04094999999999991,-0.03714444444444928,9,2.0,10.0
2025,Chinese Grand Prix,OCO,2,HARD,-0.062108174770965516,3.195746652572239,44,2.0,45.0
2025,Chinese Grand Prix,PIA,1,MEDIUM,0.0431293706293706,0.0659463869463836,12,2.0,13.0
2025,Chinese Grand Prix,PIA,2,HARD,-0.04054668989547043,1.991173519163768,41,2.0,42.0
2025,Chinese Grand Prix,RUS,1,MEDIUM,0.07875174825174872,0.13927855477855716,12,2.0,13.0
2025,Chinese Grand Prix,RUS,2,HARD,-0.04894494773519157,2.0960083623693335,41,2.0,42.0
2025,Chinese Grand Prix,SAI,1,MEDIUM,0.0031321428571422466,0.40961071428571266,15,2.0,16.0
2025,Chinese Grand Prix,SAI,2,HARD,-0.03427431885326614,1.6665972207024864,38,2.0,39.0
2025,Chinese Grand Prix,STR,1,HARD,-0.03975019098548506,1.7704667685255873,34,2.0,35.0
2025,Chinese Grand Prix,STR,2,MEDIUM,0.02897543859649135,0.42590175438596484,19,2.0,20.0
2025,Chinese Grand Prix,TSU,1,MEDIUM,0.06330000000000004,-0.12168888888889151,9,2.0,10.0
2025,Chinese Grand Prix,TSU,2,HARD,-0.021631697200138307,0.6854075354303496,21,2.0,23.0
2025,Chinese Grand Prix,TSU,3,HARD,0.008816666666667592,0.28998888888888635,9,2.0,10.0
2025,Chinese Grand Prix,TSU,4,MEDIUM,0.22442857142857084,-1.8446785714285594,8,8.0,15.0
2025,Chinese Grand Prix,VER,1,MEDIUM,0.06678181818181729,0.025436363636361762,11,2.0,12.0
2025,Chinese Grand Prix,VER,2,HARD,-0.05342314237095862,2.4956159414418058,42,2.0,43.0
2025,Dutch Grand Prix,ALB,1,MEDIUM,-0.01483116883116852,0.36635497835497877,21,2.0,22.0
2025,Dutch Grand Prix,ALB,2,HARD,-0.01351095717884135,0.6748130982367767,24,4.0,29.0
2025,Dutch Grand Prix,ALB,3,SOFT,-0.02233217993079607,0.6862595155709406,11,5.0,19.0
2025,Dutch Grand Prix,ALO,1,MEDIUM,0.0008794117647055417,0.20027058823529964,16,2.0,17.0
2025,Dutch Grand Prix,ALO,2,HARD,0.012708774279973373,0.9788247823174842,14,2.0,21.0
2025,Dutch Grand Prix,ALO,3,HARD,0.019900585833481317,1.42029078643707,22,2.0,32.0
2025,Dutch Grand Prix,ANT,1,MEDIUM,-0.006172727272726981,0.7289774891774832,21,2.0,22.0
2025,Dutch Grand Prix,ANT,2,HARD,-0.03472738370318693,1.0301918733923405,22,4.0,27.0
2025,Dutch Grand Prix,ANT,4,SOFT,-0.024043944636678468,1.0525442906574392,11,8.0,22.0
2025,Dutch Grand Prix,BEA,1,HARD,-0.01784903269683067,1.5384538613188037,45,2.0,52.0
2025,Dutch Grand Prix,BEA,2,MEDIUM,-0.092995847750865,2.1201342560553584,11,5.0,19.0
2025,Dutch Grand Prix,BOR,1,MEDIUM,0.001997744360902384,0.7062759398496185,20,2.0,21.0
2025,Dutch Grand Prix,BOR,2,HARD,0.01628595731212793,0.5954018356971821,26,5.0,37.0
2025,Dutch Grand Prix,BOR,3,SOFT,0.2624792817679559,-0.35177762430939336,7,2.0,12.0
2025,Dutch Grand Prix,COL,1,SOFT,0.03518627450980431,0.13237254901960796,17,2.0,18.0
2025,Dutch Grand Prix,COL,2,HARD,0.016753511852502147,0.7585182177348535,25,3.0,33.0
2025,Dutch Grand Prix,COL,3,MEDIUM,-0.16342857142857123,2.3569999999999935,7,5.0,11.0
2025,Dutch Grand Prix,GAS,1,MEDIUM,0.009593910073989785,0.2583355150825285,20,2.0,22.0
2025,Dutch Grand Prix,GAS,2,HARD,0.011539180916191678,0.9634939202026553,34,4.0,49.0
2025,Dutch Grand Prix,HAD,1,MEDIUM,0.024538961038960992,0.33886580086579987,21,2.0,22.0
2025,Dutch Grand Prix,HAD,2,HARD,-0.011349874055415795,0.7155061712846363,24,4.0,29.0
2025,Dutch Grand Prix,HAD,3,SOFT,-0.03747647058823575,0.8500470588235369,11,7.0,21.0
2025,Dutch Grand Prix,HAM,1,MEDIUM,0.008064935064935469,0.5259350649350641,21,2.0,22.0
2025,Dutch Grand Prix,HUL,1,SOFT,0.01270343137254916,0.3965539215686284,17,2.0,18.0
2025,Dutch Grand Prix,HUL,2,HARD,-0.028004415274463196,1.6891300715990547,25,2.0,33.0
2025,Dutch Grand Prix,HUL,3,MEDIUM,0.0021958333333334337,0.9692458333333276,10,5.0,19.0
2025,Dutch Grand Prix,LAW,1,MEDIUM,0.02579350649350642,0.1260969696969658,21,2.0,22.0
2025,Dutch Grand Prix,LAW,3,SOFT,0.020834113516676543,0.21780427150379641,21,5.0,27.0
2025,Dutch Grand Prix,LAW,4,SOFT,0.14237681660899593,-1.364823529411758,11,9.0,23.0
2025,Dutch Grand Prix,LEC,1,MEDIUM,0.036198245614035146,0.35720000000000574,19,3.0,21.0
2025,Dutch Grand Prix,LEC,2,HARD,-0.012443713990249943,0.8382327522529195,23,6.0,30.0
2025,Dutch Grand Prix,NOR,1,MEDIUM,-0.02387142857142875,0.9911714285714333,21,2.0,22.0
2025,Dutch Grand Prix,NOR,2,HARD,-0.028003400503778367,1.0919333753148612,24,4.0,29.0
2025,Dutch Grand Prix,NOR,3,HARD,-0.10967857142857204,1.5319642857142899,7,6.0,12.0
2025,Dutch Grand Prix,OCO,1,HARD,-0.023048439560439546,1.8348269010989005,44,2.0,51.0
2025,Dutch Grand Prix,OCO,2,MEDIUM,-0.07987889273356369,2.609128027681653,11,6.0,20.0
2025,Dutch Grand Prix,PIA,1,MEDIUM,0.0008259740259741156,0.4365645021645048,21,2.0,22.0
2025,Dutch Grand Prix,PIA,2,HARD,-0.017862972292191446,0.8393143576826154,24,4.0,29.0
2025,Dutch Grand Prix,PIA,3,HARD,0.018969896193772134,0.28655674740483966,11,6.0,20.0
2025,Dutch Grand Prix,RUS,1,MEDIUM,0.007011704272059124,0.24686013394889858,20,2.0,22.0
2025,Dutch Grand Prix,RUS,2,HARD,0.011537405541561687,0.36048287153652686,24,4.0,29.0
2025,Dutch Grand Prix,RUS,3,SOFT,-0.01706747404844276,0.575520761245677,11,8.0,22.0
2025,Dutch Grand Prix,SAI,1,MEDIUM,0.004576623376623266,0.37803290043289955,21,2.0,22.0
2025,Dutch Grand Prix,SAI,3,SOFT,0.038455574419920854,0.22152857951330177,20,5.0,26.0
2025,Dutch Grand Prix,SAI,4,SOFT,0.18699999999999975,-1.8955714285714291,7,10.0,16.0
2025,Dutch Grand Prix,STR,1,MEDIUM,-0.11419999999999918,1.1997333333333293,6,2.0,7.0
2025,Dutch Grand Prix,STR,2,HARD,0.0158422571692878,0.6784789454208999,36,2.0,43.0
2025,Dutch Grand Prix,STR,3,HARD,-0.10188131487889289,2.5828854671280284,11,6.0,20.0
2025,Dutch Grand Prix,TSU,1,SOFT,0.008031862745097802,0.2222696078431448,17,2.0,18.0
2025,Dutch Grand Prix,TSU,2,HARD,0.029006432691367608,0.45568077035878296,26,2.0,33.0
2025,Dutch Grand Prix,TSU,3,SOFT,-0.07280138408304528,2.2844927335640173,11,8.0,22.0
2025,Dutch Grand Prix,VER,1,SOFT,0.03191038961038958,0.1138848484848533,21,2.0,22.0
2025,Dutch Grand Prix,VER,2,MEDIUM,-0.016334886649873873,0.5225405541561672,24,4.0,29.0
2025,Dutch Grand Prix,VER,3,SOFT,-0.05190899653979238,1.2145027681660845,11,8.0,22.0
2025,Emilia Romagna Grand Prix,ALB,1,MEDIUM,0.00563064713064725,0.3631328856328841,27,2.0,28.0
2025,Emilia Romagna Grand Prix,ALB,2,HARD,-0.008661538461538365,0.3654989010988993,14,3.0,16.0
2025,Emilia Romagna Grand Prix,ALB,3,HARD,-0.030558333333333295,1.8088833333333325,9,7.0,16.0
2025,Emilia Romagna Grand Prix,ALO,1,MEDIUM,0.1747454545454551,-0.9621818181818196,10,5.0,14.0
2025,Emilia Romagna Grand Prix,ALO,2,HARD,0.009448066848508373,0.7525899467463295,28,3.0,33.0
2025,Emilia Romagna Grand Prix,ALO,3,MEDIUM,-0.17309090909090907,3.4915999999999934,10,12.0,21.0
2025,Emilia Romagna Grand Prix,ANT,1,HARD,0.02006105006105001,0.7597138787138751,27,2.0,28.0
2025,Emilia Romagna Grand Prix,ANT,2,MEDIUM,-0.04706593406593393,0.9402087912087858,13,3.0,15.0
2025,Emilia Romagna Grand Prix,BEA,1,HARD,-0.009814407814407884,0.7994753764753725,27,2.0,28.0
2025,Emilia Romagna Grand Prix,BEA,3,HARD,0.03389286456071442,0.30723201978814685,22,2.0,32.0
2025,Emilia Romagna Grand Prix,BOR,1,MEDIUM,0.012139393939394418,0.5875939393939399,10,2.0,11.0
2025,Emilia Romagna Grand Prix,BOR,2,HARD,0.03785714285714305,0.06435238095238377,15,2.0,16.0
2025,Emilia Romagna Grand Prix,BOR,3,HARD,0.007131868131868191,0.2795934065934043,14,2.0,15.0
2025,Emilia Romagna Grand Prix,BOR,4,MEDIUM,-0.13015151515151552,4.086412121212134,10,20.0,29.0
2025,Emilia Romagna Grand Prix,COL,1,MEDIUM,0.03158646616541345,0.3464556390977447,20,2.0,21.0
2025,Emilia Romagna Grand Prix,COL,2,HARD,0.09606392358559902,-0.10598701934852343,18,2.0,22.0
2025,Emilia Romagna Grand Prix,COL,3,HARD,-0.16227272727272707,2.739309090909089,10,8.0,17.0
2025,Emilia Romagna Grand Prix,GAS,2,HARD,0.07040041279669772,0.1841289989680106,18,2.0,19.0
2025,Emilia Romagna Grand Prix,GAS,3,HARD,-0.007492974848222049,0.8503371494651663,24,2.0,34.0
2025,Emilia Romagna Grand Prix,HAD,1,MEDIUM,0.023639804639804474,0.6964770044770021,27,2.0,28.0
2025,Emilia Romagna Grand Prix,HAD,2,HARD,0.009369230769230394,0.5883494505494521,14,3.0,16.0
2025,Emilia Romagna Grand Prix,HAD,3,HARD,-0.10824242424242472,2.213430303030309,10,8.0,17.0
2025,Emilia Romagna Grand Prix,HAM,1,HARD,0.020880952380952278,0.7746005291005268,27,2.0,28.0
2025,Emilia Romagna Grand Prix,HAM,2,MEDIUM,-0.05300659340659337,1.3851340659340656,14,3.0,16.0
2025,Emilia Romagna Grand Prix,HAM,3,HARD,-0.21135151515151476,3.878593939393932,10,8.0,17.0
2025,Emilia Romagna Grand Prix,HUL,1,HARD,0.01374175824175819,0.39309584859585256,27,2.0,28.0
2025,Emilia Romagna Grand Prix,HUL,2,MEDIUM,-0.04312881283351991,1.80578569075697,23,3.0,34.0
2025,Emilia Romagna Grand Prix,LAW,1,MEDIUM,-0.16557142857142831,1.424392857142852,8,2.0,9.0
2025,Emilia Romagna Grand Prix,LAW,2,HARD,0.06405392156862719,0.3367549019607832,17,2.0,18.0
2025,Emilia Romagna Grand Prix,LAW,3,HARD,-0.008592367736340062,0.8994683434518675,24,2.0,34.0
2025,Emilia Romagna Grand Prix,LEC,1,MEDIUM,-0.059404761904762064,0.7624761904761937,8,2.0,9.0
2025,Emilia Romagna Grand Prix,LEC,2,HARD,0.041002450980392326,0.4919166666666705,17,2.0,18.0
2025,Emilia Romagna Grand Prix,LEC,3,HARD,0.011540542244640496,0.9075686633039088,24,3.0,34.0
2025,Emilia Romagna Grand Prix,NOR,1,MEDIUM,-0.03138495726495725,1.132120341880349,26,2.0,27.0
2025,Emilia Romagna Grand Prix,NOR,2,HARD,-0.004868131868132318,0.37590109890110945,14,4.0,17.0
2025,Emilia Romagna Grand Prix,NOR,3,HARD,-0.11193333333333326,2.021999999999995,10,9.0,18.0
2025,Emilia Romagna Grand Prix,OCO,2,HARD,0.04564692307692298,0.40198307692308094,25,2.0,26.0
2025,Emilia Romagna Grand Prix,PIA,1,MEDIUM,0.030372727272727603,0.10629999999999595,11,2.0,12.0
2025,Emilia Romagna Grand Prix,PIA,2,HARD,-0.023393406593406565,0.7921296703296756,14,2.0,15.0
2025,Emilia Romagna Grand Prix,PIA,3,HARD,-0.00974205548549805,0.9778662673392124,24,2.0,33.0
2025,Emilia Romagna Grand Prix,RUS,1,MEDIUM,0.14708333333333384,-0.8288611111111203,9,5.0,13.0
2025,Emilia Romagna Grand Prix,RUS,2,HARD,0.02928382352941195,0.09586617647058204,16,2.0,17.0
2025,Emilia Romagna Grand Prix,RUS,3,HARD,-0.0317606244579358,1.4015374385660544,24,2.0,34.0
2025,Emilia Romagna Grand Prix,SAI,1,MEDIUM,0.07239999999999995,0.09282222222222926,9,2.0,10.0
2025,Emilia Romagna Grand Prix,SAI,2,HARD,0.08253529411764716,-0.11408529411764973,16,2.0,17.0
2025,Emilia Romagna Grand Prix,SAI,3,HARD,-0.03739696444058983,1.5218893032668417,24,2.0,34.0
2025,Emilia Romagna Grand Prix,STR,1,MEDIUM,0.0768811188811191,-0.1607517482517526,12,5.0,16.0
2025,Emilia Romagna Grand Prix,STR,2,HARD,0.018188856015778986,0.4447125246548369,26,3.0,31.0
2025,Emilia Romagna Grand Prix,STR,3,MEDIUM,-0.1595090909090915,3.5148181818181845,10,14.0,23.0
2025,Emilia Romagna Grand Prix,TSU,1,HARD,0.023447496947496985,0.29462087912088286,27,2.0,28.0
2025,Emilia Romagna Grand Prix,TSU,2,MEDIUM,-0.04697753686036422,1.8774875108412796,24,2.0,34.0
2025,Emilia Romagna Grand Prix,VER,1,MEDIUM,0.0027216117216116234,0.35417582417583054,27,2.0,28.0
2025,Emilia Romagna Grand Prix,VER,2,HARD,-0.04561318681318645,0.819753846153837,14,3.0,16.0
2025,Emilia Romagna Grand Prix,VER,3,HARD,0.0283575757575753,-0.02296969696969147,10,8.0,17.0
2025,Hungarian Grand Prix,ALB,1,SOFT,-0.10047552447552459,1.314733100233108,12,2.0,13.0
2025,Hungarian Grand Prix,ALB,2,MEDIUM,0.08848395721925117,0.012126432391134387,21,2.0,23.0
2025,Hungarian Grand Prix,ALB,3,HARD,0.022602002224694124,0.8004669632925497,30,2.0,31.0
2025,Hungarian Grand Prix,ALO,1,MEDIUM,-0.013930772878141345,1.5603570412517718,37,3.0,39.0
2025,Hungarian Grand Prix,ALO,2,HARD,-0.0463319243604005,1.6870086763070078,30,3.0,32.0
2025,Hungarian Grand Prix,ANT,1,MEDIUM,-0.03993157894736817,1.0148263157894637,19,2.0,20.0
2025,Hungarian Grand Prix,ANT,2,HARD,-0.02800686038867923,1.9639745152931052,46,2.0,48.0
2025,Hungarian Grand Prix,BEA,1,MEDIUM,0.00556260055278252,0.6076165174703974,27,2.0,29.0
2025,Hungarian Grand Prix,BEA,2,HARD,0.07423529411764684,0.03463970588235121,16,2.0,17.0
2025,Hungarian Grand Prix,BOR,1,MEDIUM,-0.022588904694167824,0.8708620199146498,38,2.0,39.0
2025,Hungarian Grand Prix,BOR,2,HARD,-0.006706403940886728,0.44392315270936195,29,2.0,30.0
2025,Hungarian Grand Prix,COL,1,MEDIUM,-0.13123636363636387,1.3732909090909076,11,2.0,12.0
2025,Hungarian Grand Prix,COL,2,HARD,0.1103048760991207,-0.404571223021587,19,2.0,21.0
2025,Hungarian Grand Prix,COL,3,HARD,-0.011952874487076342,1.494267904733704,32,2.0,34.0
2025,Hungarian Grand Prix,GAS,1,HARD,0.007417733990147762,0.26217438423644995,29,3.0,31.0
2025,Hungarian Grand Prix,GAS,2,MEDIUM,0.03827917146144978,0.2951130034522399,35,2.0,37.0
2025,Hungarian Grand Prix,HAD,1,MEDIUM,0.0006592741935484489,0.676050403225806,31,2.0,32.0
2025,Hungarian Grand Prix,HAD,2,HARD,0.003959103641456655,0.6416627450980298,35,2.0,36.0
2025,Hungarian Grand Prix,HAM,1,HARD,-0.03733867814414939,2.059267731738164,39,2.0,41.0
2025,Hungarian Grand Prix,HAM,2,MEDIUM,0.06661162393162386,0.10070837606837058,26,2.0,27.0
2025,Hungarian Grand Prix,HUL,2,MEDIUM,0.030274380073390453,0.42439634530560777,33,2.0,35.0
2025,Hungarian Grand Prix,HUL,3,MEDIUM,0.004072167696595101,1.4298211317096783,26,2.0,28.0
2025,Hungarian Grand Prix,LAW,1,MEDIUM,-0.026400590874275195,1.5760805339752757,38,2.0,39.0
2025,Hungarian Grand Prix,LAW,2,HARD,-0.005736453201970337,0.5503004926108412,29,2.0,30.0
2025,Hungarian Grand Prix,LEC,1,MEDIUM,-0.018139705882353026,0.5981617647058887,17,2.0,18.0
2025,Hungarian Grand Prix,LEC,2,HARD,0.0230228070175439,0.166064912280705,19,2.0,20.0
2025,Hungarian Grand Prix,LEC,3,HARD,0.0735197044334976,-0.10076354679802912,29,2.0,30.0
2025,Hungarian Grand Prix,NOR,1,MEDIUM,-0.02795535146999349,1.268984924623115,28,2.0,30.0
2025,Hungarian Grand Prix,NOR,2,HARD,-0.0084235693183062,0.772606740343577,38,3.0,40.0
2025,Hungarian Grand Prix,OCO,1,MEDIUM,-0.10485664335664344,1.4321748251748254,12,2.0,13.0
2025,Hungarian Grand Prix,OCO,2,HARD,0.006014446350295374,0.8042734642017698,54,2.0,55.0
2025,Hungarian Grand Prix,PIA,1,MEDIUM,-0.06830441176470617,1.250329411764712,16,2.0,17.0
2025,Hungarian Grand Prix,PIA,2,HARD,0.009219999999999945,0.3029400000000038,25,3.0,27.0
2025,Hungarian Grand Prix,PIA,3,HARD,0.045597391304347694,-0.08048144927536566,24,2.0,25.0
2025,Hungarian Grand Prix,RUS,1,MEDIUM,-0.0642156862745098,1.1723921568627493,17,2.0,18.0
2025,Hungarian Grand Prix,RUS,2,HARD,0.008793856322462004,0.5260775273594132,21,2.0,23.0
2025,Hungarian Grand Prix,RUS,3,HARD,0.042278632478632304,0.46161367521367075,26,2.0,27.0
2025,Hungarian Grand Prix,SAI,1,SOFT,-0.07992857142857135,1.209120879120883,13,2.0,14.0
2025,Hungarian Grand Prix,SAI,2,HARD,0.017622918258212373,0.7859171886936607,34,2.0,35.0
2025,Hungarian Grand Prix,SAI,3,MEDIUM,0.05186029411764708,0.8177095588235224,16,2.0,18.0
2025,Hungarian Grand Prix,STR,1,MEDIUM,-0.019304965622612733,0.8608880061115372,34,3.0,36.0
2025,Hungarian Grand Prix,STR,2,HARD,-0.023906751336898426,0.8885616087344043,33,3.0,35.0
2025,Hungarian Grand Prix,TSU,1,MEDIUM,-0.05697110423116571,1.052141038871676,18,2.0,19.0
2025,Hungarian Grand Prix,TSU,2,SOFT,0.15681785714285668,-0.1906273809523781,15,2.0,16.0
2025,Hungarian Grand Prix,TSU,3,HARD,0.018361290322580496,0.6855999999999958,31,2.0,32.0
2025,Hungarian Grand Prix,VER,1,MEDIUM,-0.05973214285714266,0.847922619047619,15,2.0,16.0
2025,Hungarian Grand Prix,VER,2,HARD,-0.03958029556650239,1.6278364532019676,29,2.0,30.0
2025,Hungarian Grand Prix,VER,3,HARD,0.09032857142857148,0.11810476190476732,21,2.0,22.0
2025,Italian Grand Prix,ALB,1,HARD,-0.07391929839627298,2.94126537710127,38,2.0,40.0
2025,Italian Grand Prix,ALB,2,MEDIUM,-0.024390909090909834,0.7193727272727374,11,2.0,12.0
2025,Italian Grand Prix,ALO,1,MEDIUM,-0.0702982456140352,1.2705964912280718,18,3.0,20.0
2025,Italian Grand Prix,ANT,1,MEDIUM,-0.07127881355932203,1.99968599852616,23,2.0,27.0
2025,Italian Grand Prix,ANT,2,HARD,-0.037645217391304435,1.1831271014492732,24,2.0,25.0
2025,Italian Grand Prix,BEA,1,MEDIUM,-0.0661014705882353,1.0109014705882302,16,2.0,17.0
2025,Italian Grand Prix,BEA,2,HARD,-0.06057288800475943,2.297810394511794,33,2.0,35.0
2025,Italian Grand Prix,BOR,1,MEDIUM,-0.044468524251805835,0.8843639490884094,18,2.0,19.0
2025,Italian Grand Prix,BOR,2,HARD,-0.0528842882836588,1.754480781089417,31,2.0,33.0
2025,Italian Grand Prix,COL,1,MEDIUM,-0.04905267278700604,1.7280242868985787,29,2.0,32.0
2025,Italian Grand Prix,COL,2,HARD,-0.015037586944890258,0.9941449973247684,17,2.0,19.0
2025,Italian Grand Prix,GAS,1,HARD,-0.05364366044213996,2.744677714325757,44,2.0,48.0
2025,Italian Grand Prix,HAD,1,HARD,-0.0659017933661324,2.1041491509284294,29,3.0,32.0
2025,Italian Grand Prix,HAD,2,MEDIUM,-0.038846616541353164,0.8627360902255664,20,2.0,21.0
2025,Italian Grand Prix,HAM,1,MEDIUM,-0.04948275418275419,1.8465525954525948,36,2.0,37.0
2025,Italian Grand Prix,HAM,2,HARD,-0.03422637362637392,0.6007098901098865,14,2.0,15.0
2025,Italian Grand Prix,LAW,1,SOFT,-0.19678571428571506,1.4216428571428537,7,2.0,8.0
2025,Italian Grand Prix,LAW,2,HARD,-0.03111178167039041,1.6576557143321198,42,2.0,44.0
2025,Italian Grand Prix,LEC,1,MEDIUM,-0.0653743294631368,2.0552924769740155,30,2.0,32.0
2025,Italian Grand Prix,LEC,2,HARD,-0.04128070175438616,1.1392456140350922,19,2.0,20.0
2025,Italian Grand Prix,NOR,1,MEDIUM,-0.03073720930232559,1.448847145877373,44,2.0,45.0
2025,Italian Grand Prix,NOR,2,SOFT,-0.00508571428571429,0.2637238095238121,6,4.0,9.0
2025,Italian Grand Prix,OCO,1,HARD,-0.04447010204081644,2.2410389795918424,49,2.0,50.0
2025,Italian Grand Prix,PIA,1,MEDIUM,-0.05268665055874361,2.1755836605255223,43,2.0,44.0
2025,Italian Grand Prix,PIA,2,SOFT,-0.08653571428571556,1.1978571428571472,7,5.0,11.0
2025,Italian Grand Prix,RUS,1,MEDIUM,-0.05117384615384596,1.2881538461538413,25,2.0,26.0
2025,Italian Grand Prix,RUS,2,HARD,-0.032960834028356825,0.883879766472061,24,2.0,26.0
2025,Italian Grand Prix,SAI,1,MEDIUM,-0.0486419607843137,1.630805098039207,26,2.0,29.0
2025,Italian Grand Prix,SAI,2,HARD,-0.027950373821649183,1.0533261458446253,21,2.0,23.0
2025,Italian Grand Prix,STR,1,HARD,-0.03960092506938018,2.0389679925994435,46,4.0,49.0
2025,Italian Grand Prix,TSU,1,MEDIUM,-0.034105392156862833,0.6839362745098102,17,2.0,18.0
2025,Italian Grand Prix,TSU,2,HARD,-0.047572346501665856,1.712824845311753,32,2.0,34.0
2025,Italian Grand Prix,VER,1,MEDIUM,-0.025647899159663787,0.8974243697479003,35,2.0,36.0
2025,Italian Grand Prix,VER,2,HARD,-0.015792857142857285,0.4888690476190474,15,2.0,16.0
2025,Japanese Grand Prix,ALB,1,MEDIUM,-0.03556578204404285,0.8572540937323452,22,2.0,23.0
2025,Japanese Grand Prix,ALB,2,HARD,-0.08525889436234244,2.37837000547345,28,2.0,29.0
2025,Japanese Grand Prix,ALO,1,MEDIUM,-0.022002823263692857,0.732447204968941,22,3.0,24.0
2025,Japanese Grand Prix,ALO,2,HARD,-0.040046524356869145,1.3251962233169174,28,3.0,30.0
2025,Japanese Grand Prix,ANT,1,MEDIUM,-0.044276409414340585,1.408060755336623,28,3.0,30.0
2025,Japanese Grand Prix,ANT,2,HARD,-0.025364046733935372,0.7372457514604353,20,2.0,22.0
2025,Japanese Grand Prix,BEA,1,MEDIUM,-0.0006298701298699146,0.5287489177489114,21,2.0,22.0
2025,Japanese Grand Prix,BEA,2,HARD,-0.04517733990147767,1.339221674876844,29,3.0,31.0
2025,Japanese Grand Prix,BOR,1,HARD,-0.056044827586207005,2.038096551724135,29,2.0,30.0
2025,Japanese Grand Prix,BOR,2,MEDIUM,-0.01263506493506499,0.6519064935064867,21,2.0,22.0
2025,Japanese Grand Prix,DOO,1,SOFT,-0.09545054945054933,1.1669120879120907,13,2.0,14.0
2025,Japanese Grand Prix,DOO,2,HARD,-0.022986723565670976,1.081004741583688,37,2.0,38.0
2025,Japanese Grand Prix,GAS,1,MEDIUM,-0.012511010728401946,0.5696149068322968,22,2.0,23.0
2025,Japanese Grand Prix,GAS,2,HARD,-0.040230158730158824,1.118748677248685,27,2.0,28.0
2025,Japanese Grand Prix,HAD,1,MEDIUM,-0.04201482213438731,1.0030622529644273,23,2.0,24.0
2025,Japanese Grand Prix,HAD,2,HARD,-0.07485653235653232,1.962514652014657,27,2.0,28.0
2025,Japanese Grand Prix,HAM,1,HARD,-0.04217898193760268,1.415417077175694,28,2.0,29.0
2025,Japanese Grand Prix,HAM,2,MEDIUM,-0.0108300395256917,0.588102766798413,22,2.0,23.0
2025,Japanese Grand Prix,HUL,1,MEDIUM,-0.07758270676691738,1.5157511278195528,20,2.0,21.0
2025,Japanese Grand Prix,HUL,2,HARD,-0.024844938820911964,1.0100748238783794,30,2.0,31.0
2025,Japanese Grand Prix,LAW,1,MEDIUM,-0.03091451612903219,1.2634822580645109,31,2.0,32.0
2025,Japanese Grand Prix,LAW,2,SOFT,0.030056140350876955,0.25575087719297934,19,2.0,20.0
2025,Japanese Grand Prix,LEC,1,MEDIUM,-0.028107017543859757,0.6777561403508819,19,2.0,20.0
2025,Japanese Grand Prix,LEC,2,HARD,-0.03888185483870972,1.2831205645161357,31,2.0,32.0
2025,Japanese Grand Prix,NOR,1,MEDIUM,-0.04566315789473685,1.074821052631579,19,2.0,20.0
2025,Japanese Grand Prix,NOR,2,HARD,-0.045282091212458235,1.4225211716722277,30,2.0,31.0
2025,Japanese Grand Prix,OCO,1,HARD,-0.048490100111234814,1.7386767519466129,30,3.0,32.0
2025,Japanese Grand Prix,OCO,2,MEDIUM,-0.007879699248120306,0.6894165413533846,20,2.0,21.0
2025,Japanese Grand Prix,PIA,1,MEDIUM,-0.03285448916408671,0.7769721362229118,18,2.0,19.0
2025,Japanese Grand Prix,PIA,2,HARD,-0.05242155425219947,1.6879396994134876,32,2.0,33.0
2025,Japanese Grand Prix,RUS,1,MEDIUM,-0.01952696078431383,0.48368137254902516,17,2.0,18.0
2025,Japanese Grand Prix,RUS,2,HARD,-0.06332927239119476,1.961405562090405,32,2.0,34.0
2025,Japanese Grand Prix,SAI,1,MEDIUM,-0.023218059846664273,1.1582136257008835,29,2.0,32.0
2025,Japanese Grand Prix,SAI,2,SOFT,-0.010649122807017462,1.1399824561403564,19,2.0,20.0
2025,Japanese Grand Prix,STR,1,SOFT,-0.1997857142857152,1.4405000000000054,7,2.0,8.0
2025,Japanese Grand Prix,STR,2,HARD,-0.05283157894736835,1.371031578947368,19,3.0,21.0
2025,Japanese Grand Prix,STR,3,MEDIUM,-0.002779220779220867,0.8229870129870075,21,3.0,23.0
2025,Japanese Grand Prix,TSU,1,MEDIUM,-0.016738961038961313,0.9069151515151583,21,2.0,22.0
2025,Japanese Grand Prix,TSU,2,HARD,-0.04642305396715383,1.3417152813877866,28,2.0,30.0
2025,Japanese Grand Prix,VER,1,MEDIUM,-0.02835964912280707,0.7832719298245676,19,2.0,20.0
2025,Japanese Grand Prix,VER,2,HARD,-0.0452645161290321,1.5281419354838712,31,2.0,32.0
2025,Las Vegas Grand Prix,ALB,1,HARD,-0.2173500000000001,2.408022222222218,9,4.0,12.0
2025,Las Vegas Grand Prix,ALB,3,HARD,-0.021950464396284636,0.9355909872721017,18,2.0,19.0
2025,Las Vegas Grand Prix,ALO,1,MEDIUM,-0.08642727272727364,1.2996363636363746,11,5.0,15.0
2025,Las Vegas Grand Prix,ALO,2,HARD,0.004264037433155028,0.9179745989304775,33,2.0,34.0
2025,Las Vegas Grand Prix,ANT,2,HARD,-0.0737932631813669,3.5844370251602022,45,2.0,48.0
2025,Las Vegas Grand Prix,BEA,1,MEDIUM,-0.15418181818181764,2.1379999999999995,11,5.0,15.0
2025,Las Vegas Grand Prix,BEA,2,HARD,-0.05140194281524925,2.4659402492668576,32,2.0,33.0
2025,Las Vegas Grand Prix,COL,1,HARD,-0.0947400523199781,2.6939807242186484,19,4.0,24.0
2025,Las Vegas Grand Prix,COL,2,MEDIUM,-0.016147233201581034,0.7763053359683789,23,2.0,24.0
2025,Las Vegas Grand Prix,GAS,2,HARD,-0.03929468073245445,2.2742065217968315,45,2.0,48.0
2025,Las Vegas Grand Prix,HAD,1,MEDIUM,-0.0011548913043478624,0.42738586956521535,14,5.0,19.0
2025,Las Vegas Grand Prix,HAD,2,HARD,-0.04950197044334964,1.5361004926108306,29,2.0,30.0
2025,Las Vegas Grand Prix,HAM,1,HARD,-0.12387180345427767,3.2974215423751505,23,4.0,28.0
2025,Las Vegas Grand Prix,HAM,2,MEDIUM,-0.04466541353383453,1.2606022556391001,20,2.0,21.0
2025,Las Vegas Grand Prix,HUL,1,HARD,-0.10141680834001597,2.8295197754611117,24,5.0,29.0
2025,Las Vegas Grand Prix,HUL,2,MEDIUM,-0.031270175438596656,0.7386035087719317,19,2.0,20.0
2025,Las Vegas Grand Prix,LAW,2,HARD,-0.04739451935624194,1.2428260113092706,22,2.0,25.0
2025,Las Vegas Grand Prix,LAW,3,HARD,-0.020948872180451023,1.1186120300751823,20,2.0,21.0
2025,Las Vegas Grand Prix,LEC,1,MEDIUM,-0.0330412411626079,1.0809061272584481,18,5.0,23.0
2025,Las Vegas Grand Prix,LEC,2,HARD,-0.019543076923076927,0.8057230769230757,25,2.0,26.0
2025,Las Vegas Grand Prix,NOR,1,MEDIUM,-0.09282949019607831,1.943127843137258,16,5.0,21.0
2025,Las Vegas Grand Prix,NOR,2,HARD,0.03057814407814419,0.7184019129019072,27,2.0,28.0
2025,Las Vegas Grand Prix,OCO,1,MEDIUM,-0.06372994350282485,2.1204141242937893,20,5.0,26.0
2025,Las Vegas Grand Prix,OCO,2,HARD,-0.04636194240542074,1.2327515527950277,22,2.0,23.0
2025,Las Vegas Grand Prix,PIA,1,MEDIUM,-0.06489559543230027,1.6041859706362194,15,5.0,20.0
2025,Las Vegas Grand Prix,PIA,2,HARD,-0.04932375478927215,1.5924110563765776,28,2.0,29.0
2025,Las Vegas Grand Prix,RUS,1,MEDIUM,-0.050890909090909195,0.9050909090909054,11,5.0,15.0
2025,Las Vegas Grand Prix,RUS,2,HARD,-0.021384714076246345,1.199201246334311,32,2.0,33.0
2025,Las Vegas Grand Prix,SAI,1,MEDIUM,-0.040584156862744976,1.245234509803923,16,5.0,21.0
2025,Las Vegas Grand Prix,SAI,2,HARD,-0.04606166056166046,1.2751471306471327,27,2.0,28.0
2025,Las Vegas Grand Prix,TSU,2,HARD,-0.0021458784738577286,0.9105591615638272,21,3.0,25.0
2025,Las Vegas Grand Prix,TSU,3,MEDIUM,-0.016587238848108546,0.7884731789949209,22,3.0,24.0
2025,Las Vegas Grand Prix,VER,1,MEDIUM,-0.06360071485305806,1.5782945194598916,19,5.0,24.0
2025,Las Vegas Grand Prix,VER,2,HARD,-0.0591517391304349,1.8316734782608746,24,2.0,25.0
2025,Mexico City Grand Prix,ALB,1,HARD,-0.01264291497975703,1.0701678812415711,39,2.0,40.0
2025,Mexico City Grand Prix,ALB,2,SOFT,0.06360649572649582,0.35966735042734527,26,2.0,27.0
2025,Mexico City Grand Prix,ALO,1,SOFT,0.02140660474716211,0.9400639834881301,18,2.0,19.0
2025,Mexico City Grand Prix,ALO,2,MEDIUM,0.058461538461538516,0.42491025641025704,12,3.0,14.0
2025,Mexico City Grand Prix,ANT,1,SOFT,-0.00800902255639092,0.7283308270676676,20,5.0,24.0
2025,Mexico City Grand Prix,ANT,2,MEDIUM,0.003332015810276753,0.6601620553359685,23,2.0,24.0
2025,Mexico City Grand Prix,ANT,3,SOFT,0.04189983356029635,-0.2037343017097795,19,5.0,25.0
2025,Mexico City Grand Prix,BEA,1,SOFT,0.013548681082305048,0.2154684705083235,21,5.0,26.0
2025,Mexico City Grand Prix,BEA,2,MEDIUM,-0.01041840767927722,0.743093732354604,22,2.0,23.0
2025,Mexico City Grand Prix,BEA,3,SOFT,0.04568345864661643,-0.18326015037593574,20,5.0,24.0
2025,Mexico City Grand Prix,BOR,1,MEDIUM,0.006971428571428544,0.663057142857148,35,2.0,36.0
2025,Mexico City Grand Prix,BOR,2,SOFT,0.02444686786710644,0.5439873193000265,31,2.0,34.0
2025,Mexico City Grand Prix,COL,1,HARD,-0.014229540548874525,1.2165367869256838,46,2.0,47.0
2025,Mexico City Grand Prix,COL,2,SOFT,0.0853438596491229,-0.30451929824561336,19,2.0,20.0
2025,Mexico City Grand Prix,GAS,1,MEDIUM,-0.013872177419354951,1.1489883064516118,31,2.0,32.0
2025,Mexico City Grand Prix,GAS,2,SOFT,0.014396027501909948,0.3509676088617232,34,2.0,35.0
2025,Mexico City Grand Prix,HAD,1,MEDIUM,0.015480021994134724,0.7601308651026392,32,2.0,33.0
2025,Mexico City Grand Prix,HAD,2,SOFT,0.04508355614973264,-0.12466377005347556,33,5.0,37.0
2025,Mexico City Grand Prix,HAM,1,SOFT,0.028424610762086893,0.01735345534006656,20,5.0,25.0
2025,Mexico City Grand Prix,HAM,2,MEDIUM,0.0006854884246189997,0.6517950310559001,22,2.0,23.0
2025,Mexico City Grand Prix,HAM,3,SOFT,0.05575609756097543,-0.09887804878048416,20,5.0,25.0
2025,Mexico City Grand Prix,HUL,1,SOFT,-0.04938438735177859,1.9583883399209525,23,2.0,24.0
2025,Mexico City Grand Prix,LEC,1,SOFT,0.04027487684729062,-0.09443251231526513,29,2.0,30.0
2025,Mexico City Grand Prix,LEC,2,MEDIUM,-0.006236842105263159,0.5359800853485132,37,2.0,38.0
2025,Mexico City Grand Prix,NOR,1,SOFT,0.016963526392961857,0.1922945381231741,32,2.0,33.0
2025,Mexico City Grand Prix,NOR,2,MEDIUM,0.006555080213903857,0.6479368983957234,34,2.0,35.0
2025,Mexico City Grand Prix,OCO,1,SOFT,0.003630769230769039,0.8674492307692322,25,2.0,26.0
2025,Mexico City Grand Prix,OCO,2,MEDIUM,-0.012833549711031072,1.0161348521651732,41,2.0,44.0
2025,Mexico City Grand Prix,PIA,1,SOFT,-0.018403162055336063,0.8388853754940775,22,5.0,26.0
2025,Mexico City Grand Prix,PIA,2,MEDIUM,0.024650649350649385,0.48190649350649095,21,2.0,22.0
2025,Mexico City Grand Prix,PIA,3,SOFT,0.030385714285714266,0.1863095238095269,21,5.0,25.0
2025,Mexico City Grand Prix,RUS,1,SOFT,0.019014950087524195,0.31984695084449255,22,5.0,27.0
2025,Mexico City Grand Prix,RUS,2,MEDIUM,0.022885714285714377,0.6546571428571442,21,2.0,22.0
2025,Mexico City Grand Prix,RUS,3,SOFT,0.0807180451127818,0.28023834586465673,20,5.0,24.0
2025,Mexico City Grand Prix,SAI,1,MEDIUM,0.02629642857142823,0.5607321428571421,15,2.0,16.0
2025,Mexico City Grand Prix,SAI,2,SOFT,0.014260683760683953,0.7243817663817652,27,5.0,31.0
2025,Mexico City Grand Prix,SAI,3,SOFT,0.083226190476191,0.1834523809523777,8,5.0,12.0
2025,Mexico City Grand Prix,SAI,4,SOFT,0.06538181818181893,-0.8665454545454654,10,15.0,24.0
2025,Mexico City Grand Prix,STR,1,SOFT,-0.006847391304347714,1.0724814492753652,24,2.0,25.0
2025,Mexico City Grand Prix,STR,2,MEDIUM,0.04399285714285723,0.02827142857143236,15,3.0,17.0
2025,Mexico City Grand Prix,STR,3,SOFT,0.0030813043478261333,1.3935294202898518,24,3.0,26.0
2025,Mexico City Grand Prix,TSU,1,MEDIUM,0.016605042016806768,0.7400420168067272,34,2.0,35.0
2025,Mexico City Grand Prix,TSU,2,SOFT,0.008679812983759153,0.4406545344727254,32,2.0,35.0
2025,Mexico City Grand Prix,VER,1,MEDIUM,0.0197453600658207,0.3419943446065956,34,2.0,36.0
2025,Mexico City Grand Prix,VER,2,SOFT,0.006265322580645176,0.13201612903225426,31,5.0,35.0
2025,Miami Grand Prix,ALB,2,HARD,-0.02334434782608709,0.7815653623188425,24,2.0,25.0
2025,Miami Grand Prix,ALO,1,HARD,-0.06180686695279023,0.5495021459227564,6,2.0,9.0
2025,Miami Grand Prix,ALO,2,MEDIUM,0.020189723320158014,0.785691699604738,23,3.0,25.0
2025,Miami Grand Prix,ANT,2,HARD,-0.010196086956521746,0.48677217391304084,24,2.0,25.0
2025,Miami Grand Prix,BOR,1,MEDIUM,-0.0003107142857142881,0.4095511904761913,15,4.0,18.0
2025,Miami Grand Prix,BOR,2,HARD,0.06539285714285728,0.03703571428571409,7,2.0,8.0
2025,Miami Grand Prix,GAS,1,HARD,-0.05239484978540808,0.7799785407725343,6,1.0,8.0
2025,Miami Grand Prix,GAS,2,MEDIUM,0.023203043478260757,0.18696724637680695,24,2.0,25.0
2025,Miami Grand Prix,HAD,1,MEDIUM,-0.017190918472652212,0.5734420364637143,18,4.0,21.0
2025,Miami Grand Prix,HAD,2,HARD,-0.01976375423779219,0.8673144590495414,30,2.0,35.0
2025,Miami Grand Prix,HAM,1,HARD,-0.25332038834951454,2.5556990291262087,7,1.0,9.0
2025,Miami Grand Prix,HAM,2,MEDIUM,0.018474782608695707,0.2651737681159441,24,2.0,25.0
2025,Miami Grand Prix,HUL,1,HARD,-0.006700000000000256,0.48069999999999985,8,1.0,12.0
2025,Miami Grand Prix,HUL,2,MEDIUM,0.03833859649122819,-0.0816719298245635,19,2.0,20.0
2025,Miami Grand Prix,LAW,1,HARD,-0.36218025751072935,3.246751072961375,6,1.0,8.0
2025,Miami Grand Prix,LEC,1,MEDIUM,-0.007373390557938883,0.9080557939914066,6,1.0,8.0
2025,Miami Grand Prix,LEC,2,HARD,-0.02044956521739141,0.7757357971014527,24,2.0,25.0
2025,Miami Grand Prix,NOR,1,MEDIUM,-0.17760085836909875,1.517836909871245,6,1.0,8.0
2025,Miami Grand Prix,NOR,2,HARD,0.03324999999999991,-0.012673913043471654,23,3.0,25.0
2025,Miami Grand Prix,OCO,1,MEDIUM,0.05174561403508784,0.0025175438596477797,19,4.0,22.0
2025,Miami Grand Prix,OCO,2,HARD,0.007607247427567659,0.37474180865006307,29,2.0,34.0
2025,Miami Grand Prix,PIA,1,MEDIUM,-0.21475536480686702,1.7964806866952785,6,1.0,8.0
2025,Miami Grand Prix,PIA,2,HARD,0.01805434782608695,0.2414999999999974,23,3.0,25.0
2025,Miami Grand Prix,RUS,1,HARD,-0.23765236051502123,2.4150515021459222,6,1.0,8.0
2025,Miami Grand Prix,RUS,2,MEDIUM,-0.010184782608695467,0.4647028985507165,24,2.0,25.0
2025,Miami Grand Prix,SAI,2,HARD,-0.018997391304347883,0.6641314492753609,24,2.0,25.0
2025,Miami Grand Prix,STR,1,MEDIUM,0.007811764705882461,0.40197794117646546,16,5.0,20.0
2025,Miami Grand Prix,STR,2,HARD,-0.012393589794857437,1.0453034750269863,31,3.0,37.0
2025,Miami Grand Prix,TSU,2,HARD,-0.009048260869565377,0.445943188405801,24,2.0,25.0
2025,Miami Grand Prix,VER,2,HARD,0.004081739130434642,0.28172985507247295,24,2.0,25.0
2025,Monaco Grand Prix,ALB,1,MEDIUM,-0.21554395604395624,7.218855921855926,27,9.0,35.0
2025,Monaco Grand Prix,ALB,2,MEDIUM,-0.778085714285715,11.05357142857144,6,10.0,15.0
2025,Monaco Grand Prix,ALB,3,HARD,-0.15932380952380948,5.4379809523809595,35,2.0,36.0
2025,Monaco Grand Prix,ALO,1,HARD,-0.5724545454545454,9.44290909090909,11,6.0,16.0
2025,Monaco Grand Prix,ALO,2,HARD,-0.09278596491228101,2.2500631578947474,19,3.0,21.0
2025,Monaco Grand Prix,ANT,1,HARD,-0.03949860686800632,5.541691513093644,62,5.0,68.0
2025,Monaco Grand Prix,BEA,2,HARD,0.4691538461538463,-1.2177948717948774,12,4.0,15.0
2025,Monaco Grand Prix,BEA,3,MEDIUM,-0.021412265252776164,3.3686599386366542,56,2.0,58.0
2025,Monaco Grand Prix,BOR,2,HARD,0.08975324675324653,1.0758831168831156,21,4.0,24.0
2025,Monaco Grand Prix,BOR,3,SOFT,0.7763571428571424,-1.5220714285714247,7,2.0,8.0
2025,Monaco Grand Prix,BOR,4,MEDIUM,-0.000910037523452091,3.179490806754218,40,2.0,41.0
2025,Monaco Grand Prix,COL,1,HARD,-0.012940476190475718,1.186869047619045,8,5.0,12.0
2025,Monaco Grand Prix,COL,2,MEDIUM,0.1291454545454552,0.3095999999999913,11,9.0,19.0
2025,Monaco Grand Prix,COL,3,MEDIUM,-0.03188061224489798,3.6125081632653027,49,2.0,50.0
2025,Monaco Grand Prix,HAD,1,MEDIUM,-0.4393,5.996922222222229,9,5.0,13.0
2025,Monaco Grand Prix,HAD,3,HARD,0.01229427015815399,0.9002285022902121,57,3.0,59.0
2025,Monaco Grand Prix,HAM,1,HARD,-0.5481318681318677,9.383758241758231,13,5.0,17.0
2025,Monaco Grand Prix,HAM,2,HARD,0.01130453038674031,0.8474782320441983,35,3.0,38.0
2025,Monaco Grand Prix,HAM,3,MEDIUM,-0.013914285714285789,1.9719523809523798,21,5.0,25.0
2025,Monaco Grand Prix,HUL,1,MEDIUM,0.022142857142857655,1.5552857142857133,7,5.0,11.0
2025,Monaco Grand Prix,HUL,2,HARD,0.031560845383759875,1.9559127178346347,30,2.0,31.0
2025,Monaco Grand Prix,HUL,3,SOFT,-0.018585746456101886,3.0181133614343048,29,2.0,32.0
2025,Monaco Grand Prix,LAW,1,MEDIUM,-0.2101295698304696,6.024871525775577,25,5.0,30.0
2025,Monaco Grand Prix,LAW,2,SOFT,-0.30103571428571413,3.5478571428571435,7,5.0,11.0
2025,Monaco Grand Prix,LAW,3,HARD,0.04624658944658952,0.19238936078936053,36,3.0,38.0
2025,Monaco Grand Prix,LEC,1,MEDIUM,-0.3573544117647058,6.984992647058819,16,5.0,20.0
2025,Monaco Grand Prix,LEC,2,HARD,-0.040117692307692444,1.3034476923076865,25,2.0,26.0
2025,Monaco Grand Prix,LEC,3,MEDIUM,0.05586152162014236,0.09527613574165354,28,5.0,32.0
2025,Monaco Grand Prix,NOR,1,MEDIUM,-0.39147252747252714,7.311362637362629,14,5.0,18.0
2025,Monaco Grand Prix,NOR,2,HARD,-0.017357635467980314,1.322963546798029,29,2.0,30.0
2025,Monaco Grand Prix,NOR,3,HARD,0.01966117216117214,1.9920453805453777,27,2.0,28.0
2025,Monaco Grand Prix,OCO,1,MEDIUM,-0.5059999999999997,7.5991818181818145,11,5.0,15.0
2025,Monaco Grand Prix,OCO,2,MEDIUM,0.08055757575757591,0.5855454545454523,10,6.0,15.0
2025,Monaco Grand Prix,OCO,3,HARD,0.02290458098132865,1.4630998516427898,48,2.0,49.0
2025,Monaco Grand Prix,PIA,1,MEDIUM,-0.4252535714285714,7.706709523809527,15,5.0,19.0
2025,Monaco Grand Prix,PIA,2,HARD,-0.04187316239316253,1.8996608547008587,26,2.0,27.0
2025,Monaco Grand Prix,PIA,3,HARD,0.06529605911330047,0.34409064039408344,29,2.0,30.0
2025,Monaco Grand Prix,RUS,1,HARD,-0.07193587835701785,5.168182024967044,46,5.0,52.0
2025,Monaco Grand Prix,RUS,2,MEDIUM,-0.3319829721362224,4.674868421052625,11,2.0,14.0
2025,Monaco Grand Prix,RUS,3,HARD,-0.016392857142857285,0.6033928571428548,7,2.0,8.0
2025,Monaco Grand Prix,SAI,1,HARD,-0.10070311084264578,6.13932739353669,43,5.0,47.0
2025,Monaco Grand Prix,SAI,3,MEDIUM,-0.05483738001129298,3.175484472049687,22,10.0,31.0
2025,Monaco Grand Prix,STR,1,HARD,-0.16491608391608398,3.8257016317016355,12,6.0,17.0
2025,Monaco Grand Prix,STR,2,HARD,0.039584321475625836,1.1817475186649034,45,3.0,47.0
2025,Monaco Grand Prix,STR,3,MEDIUM,0.22388011988012063,-0.6880769230769241,10,3.0,13.0
2025,Monaco Grand Prix,TSU,2,HARD,-0.030423118522975388,4.628074483640699,67,4.0,71.0
2025,Monaco Grand Prix,VER,1,HARD,-0.23564624505928866,5.637600790513837,23,5.0,27.0
2025,Monaco Grand Prix,VER,2,MEDIUM,0.025903792784458833,0.412600832562438,46,2.0,48.0
2025,Qatar Grand Prix,ALB,2,MEDIUM,-0.03529822395289212,0.9829343717352045,18,5.0,24.0
2025,Qatar Grand Prix,ALB,3,MEDIUM,-0.06848217391304348,1.971384347826092,24,2.0,25.0
2025,Qatar Grand Prix,ALO,2,MEDIUM,-0.0861350649350648,2.4718432900432896,21,4.0,24.0
2025,Qatar Grand Prix,ALO,3,HARD,-0.09564304347826101,2.686806086956526,24,2.0,25.0
2025,Qatar Grand Prix,ANT,2,MEDIUM,-0.027941558441558406,0.9936580086580092,21,4.0,24.0
2025,Qatar Grand Prix,ANT,3,HARD,-0.0133985044530331,0.6396326667786935,23,2.0,25.0
2025,Qatar Grand Prix,BEA,2,MEDIUM,-0.03895454545454563,1.2194588744588835,21,4.0,24.0
2025,Qatar Grand Prix,BEA,3,HARD,0.058199999999998926,0.20959999999999912,6,2.0,7.0
2025,Qatar Grand Prix,BOR,2,MEDIUM,-0.039200000000000075,1.1721809523809512,21,4.0,24.0
2025,Qatar Grand Prix,BOR,3,SOFT,-0.005845652173912662,0.7273746376811503,24,2.0,25.0
2025,Qatar Grand Prix,COL,2,MEDIUM,-0.06064545454545438,1.42636969696969,21,4.0,24.0
2025,Qatar Grand Prix,COL,3,MEDIUM,0.006095255276925866,0.26827034097058805,22,2.0,24.0
2025,Qatar Grand Prix,GAS,2,HARD,-0.0782194805194806,1.8234060606060678,21,4.0,24.0
2025,Qatar Grand Prix,GAS,3,MEDIUM,0.00727667984189731,0.2453596837944617,23,2.0,24.0
2025,Qatar Grand Prix,HAD,2,MEDIUM,-0.06147922077922071,1.6956138528138551,21,4.0,24.0
2025,Qatar Grand Prix,HAD,3,HARD,-0.09555663865546224,1.94594050420169,20,2.0,22.0
2025,Qatar Grand Prix,HAM,2,MEDIUM,-0.054819480519480566,1.3480441558441574,21,4.0,24.0
2025,Qatar Grand Prix,HAM,3,MEDIUM,-0.01211739130434784,1.0353347826086963,24,2.0,25.0
2025,Qatar Grand Prix,LAW,2,MEDIUM,-0.04229787372390903,1.3162351258209193,20,4.0,24.0
2025,Qatar Grand Prix,LAW,3,HARD,-0.08776217391304329,2.333081014492748,24,2.0,25.0
2025,Qatar Grand Prix,LEC,2,MEDIUM,-0.043948051948051854,1.1363203463203395,21,4.0,24.0
2025,Qatar Grand Prix,LEC,3,HARD,-0.03889924302788842,1.1969335059760922,23,2.0,25.0
2025,Qatar Grand Prix,NOR,1,MEDIUM,-0.08027019017041219,1.8118682390713774,18,2.0,24.0
2025,Qatar Grand Prix,NOR,2,MEDIUM,-0.0342461122379986,0.8785534144692354,16,2.0,18.0
2025,Qatar Grand Prix,NOR,3,HARD,0.038094405594405224,0.31804195804195856,12,2.0,13.0
2025,Qatar Grand Prix,OCO,3,MEDIUM,-0.053916007905138265,1.381429841897231,23,2.0,24.0
2025,Qatar Grand Prix,OCO,4,HARD,0.03840779220779234,0.28079393939393965,21,3.0,23.0
2025,Qatar Grand Prix,PIA,1,MEDIUM,-0.06743972024098063,1.8299984765597999,18,2.0,23.0
2025,Qatar Grand Prix,PIA,2,MEDIUM,-0.05977205882352923,1.342147058823526,16,2.0,17.0
2025,Qatar Grand Prix,PIA,3,HARD,0.0497903804737979,0.052033022254130146,13,2.0,15.0
2025,Qatar Grand Prix,RUS,2,MEDIUM,-0.049070676691729154,1.3974541353383434,20,4.0,23.0
2025,Qatar Grand Prix,RUS,3,HARD,-0.07630197586990738,2.7037551145305208,22,2.0,25.0
2025,Qatar Grand Prix,SAI,2,MEDIUM,-0.03763896103896079,1.0589454545454444,21,4.0,24.0
2025,Qatar Grand Prix,SAI,3,HARD,-0.03580826086956518,1.1384531884058005,24,2.0,25.0
2025,Qatar Grand Prix,STR,2,MEDIUM,-0.09207142857142854,1.3300219780219815,13,4.0,16.0
2025,Qatar Grand Prix,STR,3,MEDIUM,-0.05817193675889334,1.4786264822134438,23,2.0,24.0
2025,Qatar Grand Prix,TSU,2,MEDIUM,-0.03981279872543787,1.1713417419012158,20,4.0,24.0
2025,Qatar Grand Prix,TSU,3,HARD,-0.08260478260869572,2.11812289855073,24,2.0,25.0
2025,Qatar Grand Prix,VER,2,MEDIUM,-0.06536623376623389,1.453793939393946,21,4.0,24.0
2025,Qatar Grand Prix,VER,3,HARD,-0.02294869565217353,1.1874740579710055,24,2.0,25.0
2025,Saudi Arabian Grand Prix,ALB,1,MEDIUM,-0.003994382022471771,0.5736966292134856,17,4.0,21.0
2025,Saudi Arabian Grand Prix,ALB,2,HARD,-0.031086080586080603,0.971031949531946,27,2.0,28.0
2025,Saudi Arabian Grand Prix,ALO,1,MEDIUM,-0.04329285714285719,1.2223809523809561,15,5.0,19.0
2025,Saudi Arabian Grand Prix,ALO,2,HARD,-0.061760449329238895,2.275238370777439,29,3.0,32.0
2025,Saudi Arabian Grand Prix,ANT,1,MEDIUM,-0.0032821428571429582,0.4138369047619114,15,4.0,18.0
2025,Saudi Arabian Grand Prix,ANT,2,HARD,-0.04633643122676575,1.8579832713754632,29,2.0,31.0
2025,Saudi Arabian Grand Prix,BEA,1,MEDIUM,-0.014993406593406883,1.0495736263736255,14,4.0,17.0
2025,Saudi Arabian Grand Prix,BEA,2,HARD,-0.06510725806451612,2.175823387096774,31,2.0,32.0
2025,Saudi Arabian Grand Prix,BOR,2,HARD,-0.014808914422952388,1.9112503620159846,44,3.0,48.0
2025,Saudi Arabian Grand Prix,DOO,2,HARD,0.005196496989600641,0.7424006568144511,28,3.0,30.0
2025,Saudi Arabian Grand Prix,DOO,3,HARD,0.07464264705882373,0.5569573529411699,16,2.0,17.0
2025,Saudi Arabian Grand Prix,HAD,1,HARD,-0.04434139692180264,1.8117993305266047,28,4.0,33.0
2025,Saudi Arabian Grand Prix,HAD,2,MEDIUM,0.011878571428571306,0.29842619047618685,15,2.0,16.0
2025,Saudi Arabian Grand Prix,HAM,1,MEDIUM,-0.0021543859649123215,0.5891649122806994,19,4.0,22.0
2025,Saudi Arabian Grand Prix,HAM,2,HARD,-0.03837192646063611,1.2238896345589931,25,2.0,27.0
2025,Saudi Arabian Grand Prix,HUL,1,HARD,-0.029470935960591294,1.4024423645320252,29,4.0,32.0
2025,Saudi Arabian Grand Prix,HUL,2,MEDIUM,0.13466785714285726,-0.4213440476190469,15,2.0,16.0
2025,Saudi Arabian Grand Prix,LAW,1,MEDIUM,-0.07197355334538802,1.3609073236889682,15,4.0,19.0
2025,Saudi Arabian Grand Prix,LAW,2,HARD,-0.08355979921431661,2.492462243561753,28,3.0,31.0
2025,Saudi Arabian Grand Prix,LEC,1,MEDIUM,-0.053554615384615346,1.664593846153851,25,4.0,28.0
2025,Saudi Arabian Grand Prix,LEC,2,HARD,-0.0033766917293234413,0.31918195488722517,20,2.0,21.0
2025,Saudi Arabian Grand Prix,NOR,1,HARD,-0.08680463418505008,2.7160292017140173,29,4.0,33.0
2025,Saudi Arabian Grand Prix,NOR,2,MEDIUM,0.0015214285714284558,0.3686404761904716,15,2.0,16.0
2025,Saudi Arabian Grand Prix,OCO,2,HARD,-0.023037812210915828,1.972110777058282,47,3.0,49.0
2025,Saudi Arabian Grand Prix,PIA,1,MEDIUM,0.035421428571428215,0.13803095238095017,15,4.0,18.0
2025,Saudi Arabian Grand Prix,PIA,2,HARD,-0.02112525027808689,0.995899962921773,30,2.0,31.0
2025,Saudi Arabian Grand Prix,RUS,1,MEDIUM,0.024808823529411817,0.17594852941176392,16,4.0,19.0
2025,Saudi Arabian Grand Prix,RUS,2,HARD,0.022660591133004778,0.3102926108374393,29,2.0,30.0
2025,Saudi Arabian Grand Prix,SAI,1,MEDIUM,-0.021409313725490226,0.8430882352941177,17,4.0,20.0
2025,Saudi Arabian Grand Prix,SAI,2,HARD,-0.04173234811165847,2.2054942528735704,28,2.0,29.0
2025,Saudi Arabian Grand Prix,STR,1,HARD,-0.026357282044793134,1.1413665443502408,34,5.0,39.0
2025,Saudi Arabian Grand Prix,STR,2,MEDIUM,0.10768333333333238,0.18866111111111464,9,3.0,11.0
2025,Saudi Arabian Grand Prix,VER,1,MEDIUM,0.014100490196078456,0.14679411764706174,17,4.0,20.0
2025,Saudi Arabian Grand Prix,VER,2,HARD,-0.03138286808976448,1.011398741105633,28,2.0,29.0
2025,São Paulo Grand Prix,ALB,1,MEDIUM,0.010571500415445802,1.108130340665584,27,12.0,40.0
2025,São Paulo Grand Prix,ALB,2,SOFT,0.07730650154798742,0.23377984176126493,18,4.0,21.0
2025,São Paulo Grand Prix,ALB,3,MEDIUM,0.24205357142857123,-0.7765488095238147,15,2.0,16.0
2025,São Paulo Grand Prix,ALO,1,HARD,0.001651952461799534,1.1518060271646822,20,6.0,27.0
2025,São Paulo Grand Prix,ALO,2,MEDIUM,0.0869000000000001,-0.7914500000000066,16,8.0,23.0
2025,São Paulo Grand Prix,ALO,3,MEDIUM,0.02240956521739121,0.5301375362318874,24,2.0,25.0
2025,São Paulo Grand Prix,ANT,1,SOFT,0.11478321678321712,-1.1765396270396287,12,12.0,23.0
2025,São Paulo Grand Prix,ANT,2,MEDIUM,0.00048739130434794956,0.8252118840579725,24,2.0,25.0
2025,São Paulo Grand Prix,ANT,3,MEDIUM,0.02215711462450588,0.09043280632410838,23,7.0,29.0
2025,São Paulo Grand Prix,BEA,1,SOFT,-0.10929329608938516,2.8603743016759764,9,8.0,18.0
2025,São Paulo Grand Prix,BEA,2,MEDIUM,0.018096837944664178,0.7586976284585022,23,2.0,24.0
2025,São Paulo Grand Prix,BEA,3,MEDIUM,0.006088669950738888,0.4580935960591083,28,8.0,35.0
2025,São Paulo Grand Prix,COL,1,MEDIUM,-0.025190345231129313,1.2824557050906968,21,6.0,28.0
2025,São Paulo Grand Prix,COL,2,SOFT,0.11510839160839137,-0.29756293706293674,12,2.0,13.0
2025,São Paulo Grand Prix,COL,3,MEDIUM,0.03236324786324779,0.7992549857549833,27,2.0,28.0
2025,São Paulo Grand Prix,GAS,1,SOFT,-0.06839289145052838,2.266311239193085,10,9.0,20.0
2025,São Paulo Grand Prix,GAS,2,MEDIUM,0.049987719298245616,0.4617140350877192,19,2.0,20.0
2025,São Paulo Grand Prix,GAS,3,MEDIUM,0.04356129032258056,-0.016619354838711516,31,8.0,38.0
2025,São Paulo Grand Prix,HAD,1,SOFT,0.022649375600384197,0.7568645533141255,10,9.0,20.0
2025,São Paulo Grand Prix,HAD,2,MEDIUM,0.053848039215686164,-0.10303921568627665,17,8.0,24.0
2025,São Paulo Grand Prix,HAD,3,MEDIUM,0.0315344251336899,0.4802894385026717,33,2.0,34.0
2025,São Paulo Grand Prix,HAM,2,HARD,-0.4082486486486481,4.655697297297292,6,4.0,11.0
2025,São Paulo Grand Prix,HAM,3,MEDIUM,0.07180882352941205,0.5466911764705894,16,2.0,17.0
2025,São Paulo Grand Prix,HUL,1,MEDIUM,-0.012179399727148795,1.0877728512960456,28,6.0,35.0
2025,São Paulo Grand Prix,HUL,2,SOFT,0.050021543162719596,0.36838976317799593,34,5.0,38.0
2025,São Paulo Grand Prix,LAW,1,SOFT,-0.0077578231292511155,1.6463510204081555,11,9.0,21.0
2025,São Paulo Grand Prix,LAW,2,MEDIUM,0.018865882352941156,0.6787388235294167,51,2.0,52.0
2025,São Paulo Grand Prix,NOR,1,MEDIUM,0.03686719703255416,0.4648538728097943,22,6.0,29.0
2025,São Paulo Grand Prix,NOR,2,SOFT,0.020214654282765577,0.08265772273821742,18,5.0,22.0
2025,São Paulo Grand Prix,NOR,3,MEDIUM,-0.011254135338346063,0.639709774436088,20,11.0,30.0
2025,São Paulo Grand Prix,OCO,2,MEDIUM,0.009976292081555331,1.5865011853959254,37,2.0,38.0
2025,São Paulo Grand Prix,OCO,3,MEDIUM,0.0901215415019762,-0.524666996047428,23,2.0,24.0
2025,São Paulo Grand Prix,PIA,1,MEDIUM,0.020052539657337626,0.4414880270203969,30,6.0,37.0
2025,São Paulo Grand Prix,PIA,2,SOFT,0.02994545454545425,0.1967636363636358,11,4.0,14.0
2025,São Paulo Grand Prix,PIA,3,MEDIUM,0.040978947368420934,-0.23215789473684575,19,11.0,29.0
2025,São Paulo Grand Prix,RUS,1,MEDIUM,0.0045703487634749925,1.0289934051997456,26,10.0,37.0
2025,São Paulo Grand Prix,RUS,2,SOFT,0.11265384615384606,-0.28630769230769654,12,3.0,14.0
2025,São Paulo Grand Prix,RUS,3,MEDIUM,0.03299604743082998,0.12356126482213967,22,5.0,26.0
2025,São Paulo Grand Prix,SAI,1,SOFT,-0.09420670391061406,2.1122122905027827,9,6.0,16.0
2025,São Paulo Grand Prix,SAI,2,MEDIUM,0.06995789473684214,0.5809368421052576,19,2.0,20.0
2025,São Paulo Grand Prix,SAI,3,MEDIUM,0.034428335777126125,0.27234787390028903,32,2.0,33.0
2025,São Paulo Grand Prix,STR,1,HARD,0.0622857142857143,-0.042185714285715735,20,9.0,28.0
2025,São Paulo Grand Prix,STR,2,MEDIUM,0.03831027667984174,-0.1602865612648149,23,8.0,30.0
2025,São Paulo Grand Prix,STR,3,MEDIUM,0.09810147058823544,-0.8416352941176442,16,8.0,23.0
2025,São Paulo Grand Prix,TSU,2,MEDIUM,-0.015118060200668715,1.3517665551839422,16,4.0,21.0
2025,São Paulo Grand Prix,TSU,3,MEDIUM,0.05738311688311703,0.3273073593073523,21,2.0,22.0
2025,São Paulo Grand Prix,TSU,4,MEDIUM,0.04811956521739132,0.40809782608695333,23,2.0,24.0
2025,São Paulo Grand Prix,VER,2,MEDIUM,0.0522861538461538,1.1564338461538415,25,2.0,26.0
2025,São Paulo Grand Prix,VER,3,MEDIUM,0.02370278637770897,0.1820096319229438,18,2.0,19.0
2025,São Paulo Grand Prix,VER,4,SOFT,0.07315882352941173,0.08874117647058372,16,2.0,17.0
2025,Singapore Grand Prix,ALB,1,MEDIUM,-0.046778986866791876,2.2012482176360213,40,2.0,41.0
2025,Singapore Grand Prix,ALB,2,SOFT,-0.07092162093495923,2.2229798018292715,17,2.0,19.0
2025,Singapore Grand Prix,ALO,1,SOFT,-0.05671000000000011,1.646229999999997,25,5.0,29.0
2025,Singapore Grand Prix,ALO,2,MEDIUM,-0.08113964858670748,2.9195466768525655,34,3.0,36.0
2025,Singapore Grand Prix,ANT,1,MEDIUM,-0.0911459732366059,2.2367755502181255,22,2.0,24.0
2025,Singapore Grand Prix,ANT,2,HARD,0.029764540171243543,0.7737040503970565,35,2.0,37.0
2025,Singapore Grand Prix,BEA,1,MEDIUM,-0.0788026899973886,2.0837020109689273,20,2.0,22.0
2025,Singapore Grand Prix,BEA,2,HARD,-0.04125465334482934,2.370565806157129,36,2.0,39.0
2025,Singapore Grand Prix,BOR,1,MEDIUM,-0.18713636363636396,1.958227272727279,11,2.0,12.0
2025,Singapore Grand Prix,BOR,2,HARD,0.04919091119333943,0.21954636910267927,47,2.0,48.0
2025,Singapore Grand Prix,COL,1,SOFT,-0.1733986013986013,1.8816561771561757,12,2.0,13.0
2025,Singapore Grand Prix,COL,2,MEDIUM,0.02885063553950011,0.798915472202416,44,2.0,47.0
2025,Singapore Grand Prix,GAS,1,MEDIUM,-0.09732298136645977,2.004309994353479,22,2.0,23.0
2025,Singapore Grand Prix,GAS,2,HARD,0.13841999999999982,0.2611633333333378,24,2.0,25.0
2025,Singapore Grand Prix,GAS,3,SOFT,0.6052166666666675,-1.7061888888888872,9,2.0,10.0
2025,Singapore Grand Prix,HAD,1,SOFT,-0.08336119711042315,1.758181630546953,18,4.0,21.0
2025,Singapore Grand Prix,HAD,2,HARD,-0.005651969981238307,1.4555673545966217,40,2.0,41.0
2025,Singapore Grand Prix,HAM,1,MEDIUM,-0.06110276679841894,1.5235573122529669,22,2.0,23.0
2025,Singapore Grand Prix,HAM,2,HARD,-0.017081203007518735,0.5435338345864658,20,2.0,21.0
2025,Singapore Grand Prix,HAM,3,SOFT,0.6714137931034477,-4.9779999999999935,13,5.0,19.0
2025,Singapore Grand Prix,HUL,1,MEDIUM,-0.05052272727272714,1.5706650197628416,23,2.0,24.0
2025,Singapore Grand Prix,HUL,2,HARD,0.053210784313725244,0.29442156862745944,17,2.0,18.0
2025,Singapore Grand Prix,HUL,3,SOFT,0.20312205882352952,-0.7360970588235276,16,2.0,17.0
2025,Singapore Grand Prix,LAW,1,MEDIUM,-0.003561208757323418,0.8679670058587772,46,2.0,47.0
2025,Singapore Grand Prix,LAW,2,SOFT,-0.296066433566433,3.7790815850815753,12,2.0,13.0
2025,Singapore Grand Prix,LEC,1,MEDIUM,-0.08136140350877195,1.6760280701754413,19,2.0,20.0
2025,Singapore Grand Prix,LEC,2,HARD,0.04628607477598104,-0.018373879905246637,39,2.0,41.0
2025,Singapore Grand Prix,NOR,1,MEDIUM,-0.06615478260869533,1.651422898550715,24,2.0,25.0
2025,Singapore Grand Prix,NOR,2,HARD,0.02237560230743124,0.3297975568374557,34,2.0,36.0
2025,Singapore Grand Prix,OCO,1,MEDIUM,-0.05736453201970459,1.48457881773399,28,2.0,29.0
2025,Singapore Grand Prix,OCO,2,HARD,0.030951062044031225,1.609507779714635,28,2.0,31.0
2025,Singapore Grand Prix,PIA,1,MEDIUM,-0.08028307692307707,2.010723076923086,25,2.0,26.0
2025,Singapore Grand Prix,PIA,2,HARD,0.0204458365164248,0.3097520244461396,34,2.0,35.0
2025,Singapore Grand Prix,RUS,1,MEDIUM,-0.025053359683794404,0.9358675889328055,23,2.0,24.0
2025,Singapore Grand Prix,RUS,2,HARD,0.017357915057914997,0.34654843414843334,36,2.0,37.0
2025,Singapore Grand Prix,SAI,1,MEDIUM,-0.014895496624141627,1.4263740747470517,47,2.0,49.0
2025,Singapore Grand Prix,SAI,2,SOFT,-0.04754545454545524,0.8807454545454633,10,2.0,11.0
2025,Singapore Grand Prix,STR,1,SOFT,-0.01662406692406686,0.9889748605748553,36,2.0,37.0
2025,Singapore Grand Prix,STR,2,MEDIUM,-0.14132710743801644,3.8509649035812643,21,3.0,24.0
2025,Singapore Grand Prix,TSU,1,SOFT,-0.20968181818181816,2.0360454545454565,11,2.0,12.0
2025,Singapore Grand Prix,TSU,2,HARD,0.007677728954671595,1.054546137835333,47,2.0,48.0
2025,Singapore Grand Prix,VER,1,SOFT,-0.07613480392156866,1.3995759803921595,17,5.0,21.0
2025,Singapore Grand Prix,VER,2,HARD,0.012307900397627244,0.4672106609738611,40,2.0,43.0
2025,Spanish Grand Prix,ALB,2,SOFT,0.14689700996677732,-0.08419933554816657,17,2.0,19.0
2025,Spanish Grand Prix,ALO,1,SOFT,0.0568590640129099,0.2521839698762814,12,4.0,16.0
2025,Spanish Grand Prix,ALO,2,MEDIUM,0.035263076923077015,0.609013846153853,25,3.0,27.0
2025,Spanish Grand Prix,ALO,3,SOFT,0.20168484848484872,-0.5558060606060626,10,5.0,14.0
2025,Spanish Grand Prix,ALO,4,SOFT,-0.4726000000000005,7.072666666666671,6,10.0,15.0
2025,Spanish Grand Prix,ANT,1,SOFT,0.04221052631578992,-0.027245614035089485,18,5.0,23.0
2025,Spanish Grand Prix,ANT,2,MEDIUM,0.00205002191540637,0.3306376835415373,25,2.0,27.0
2025,Spanish Grand Prix,BEA,1,SOFT,-0.2632857142857127,1.7246190476190417,6,2.0,7.0
2025,Spanish Grand Prix,BEA,2,MEDIUM,-0.0013538303341901062,1.688695938303345,24,2.0,26.0
2025,Spanish Grand Prix,BEA,3,MEDIUM,0.020751859364435202,0.7452633536173133,16,2.0,18.0
2025,Spanish Grand Prix,BEA,4,SOFT,-0.23245714285714353,4.812085714285726,6,13.0,18.0
2025,Spanish Grand Prix,BOR,1,SOFT,0.08244852941176468,-0.17836029411765061,17,5.0,21.0
2025,Spanish Grand Prix,BOR,2,MEDIUM,0.0315766283524904,0.27145511767925445,28,2.0,29.0
2025,Spanish Grand Prix,BOR,3,SOFT,0.08596478873239467,0.5150422535211244,9,2.0,17.0
2025,Spanish Grand Prix,COL,1,SOFT,0.006398496240601792,0.8129924812029992,11,2.0,13.0
2025,Spanish Grand Prix,COL,2,MEDIUM,0.07579743083003948,0.5835029644268812,23,2.0,24.0
2025,Spanish Grand Prix,COL,3,SOFT,-0.03239010989010967,2.4408131868131897,13,2.0,14.0
2025,Spanish Grand Prix,COL,4,SOFT,-0.2966857142857145,3.738200000000007,6,8.0,13.0
2025,Spanish Grand Prix,GAS,1,SOFT,-0.007214285714285201,0.7293571428571427,8,4.0,11.0
2025,Spanish Grand Prix,GAS,2,SOFT,0.04326140350877201,-0.035291228070174964,19,5.0,23.0
2025,Spanish Grand Prix,GAS,3,MEDIUM,-0.04545974025974034,1.7478025974026015,21,2.0,22.0
2025,Spanish Grand Prix,GAS,4,SOFT,-0.08011428571428514,1.989647619047612,6,9.0,14.0
2025,Spanish Grand Prix,HAD,1,SOFT,0.025249999999999998,0.20680882352940588,17,5.0,21.0
2025,Spanish Grand Prix,HAD,2,MEDIUM,-0.001936507936507994,0.41741798941799463,27,2.0,28.0
2025,Spanish Grand Prix,HAD,4,SOFT,-0.12325714285714412,2.421790476190495,6,9.0,14.0
2025,Spanish Grand Prix,HAM,1,SOFT,0.09298461538461553,-0.050323076923074986,14,5.0,18.0
2025,Spanish Grand Prix,HAM,2,MEDIUM,0.00997318007662846,0.4274871373836868,28,2.0,29.0
2025,Spanish Grand Prix,HAM,3,SOFT,0.14967857142857266,-0.8094285714285785,7,5.0,11.0
2025,Spanish Grand Prix,HAM,4,SOFT,0.15285714285714402,-0.695190476190493,6,9.0,14.0
2025,Spanish Grand Prix,HUL,1,SOFT,-0.04674999999999997,0.6286071428571485,7,2.0,8.0
2025,Spanish Grand Prix,HUL,2,MEDIUM,-0.02403025210084028,1.4560302521008353,34,2.0,35.0
2025,Spanish Grand Prix,HUL,3,SOFT,-0.051178571428573266,0.9140357142857275,7,2.0,8.0
2025,Spanish Grand Prix,HUL,4,SOFT,-0.06494285714285748,1.2532380952380922,6,5.0,10.0
2025,Spanish Grand Prix,LAW,1,SOFT,-0.0372808823529411,0.8892308823529423,16,2.0,17.0
2025,Spanish Grand Prix,LAW,2,MEDIUM,-0.022816086956521674,1.0750588405797088,24,2.0,25.0
2025,Spanish Grand Prix,LAW,3,SOFT,-0.02547451274362817,1.3963928035981974,13,5.0,25.0
2025,Spanish Grand Prix,LEC,1,SOFT,0.02991071428571431,0.29649285714286144,15,3.0,17.0
2025,Spanish Grand Prix,LEC,2,MEDIUM,0.04240779220779227,0.2721541125541141,21,2.0,22.0
2025,Spanish Grand Prix,LEC,3,MEDIUM,0.0377087912087916,0.13202197802197654,13,2.0,14.0
2025,Spanish Grand Prix,LEC,4,SOFT,0.3607428571428579,-3.3532095238095327,6,9.0,14.0
2025,Spanish Grand Prix,NOR,1,SOFT,0.018208771929824785,0.16349298245613292,19,2.0,20.0
2025,Spanish Grand Prix,NOR,2,MEDIUM,0.006867692307692168,0.4090123076923115,25,2.0,26.0
2025,Spanish Grand Prix,NOR,4,SOFT,0.305142857142858,-2.8621428571428655,6,9.0,14.0
2025,Spanish Grand Prix,OCO,1,SOFT,0.05819504643962869,0.17545201238389657,18,2.0,19.0
2025,Spanish Grand Prix,OCO,2,MEDIUM,0.06353766233766224,0.311929004329009,21,2.0,22.0
2025,Spanish Grand Prix,OCO,3,MEDIUM,0.08230297219558956,0.7533582614253814,15,2.0,23.0
2025,Spanish Grand Prix,PIA,1,SOFT,0.04355563909774451,0.37676015037593813,20,2.0,21.0
2025,Spanish Grand Prix,PIA,2,MEDIUM,-0.016387692307692162,0.8934276923076906,25,2.0,26.0
2025,Spanish Grand Prix,PIA,4,SOFT,0.33988571428571335,-3.1396857142856995,6,9.0,14.0
2025,Spanish Grand Prix,RUS,1,SOFT,0.04781424148606832,-0.031603371173038346,18,5.0,22.0
2025,Spanish Grand Prix,RUS,2,MEDIUM,0.04784210526315795,0.6814736842105303,19,2.0,20.0
2025,Spanish Grand Prix,RUS,3,SOFT,0.05994755244755289,0.3446433566433549,12,2.0,13.0
2025,Spanish Grand Prix,RUS,4,SOFT,0.03839999999999967,0.4464000000000044,6,9.0,14.0
2025,Spanish Grand Prix,SAI,1,SOFT,-0.030928571428571527,0.7482142857142825,7,2.0,8.0
2025,Spanish Grand Prix,SAI,2,SOFT,0.03408399209486185,0.3368646245059301,23,2.0,24.0
2025,Spanish Grand Prix,SAI,3,MEDIUM,-0.028861713106295053,0.695659098727208,18,2.0,19.0
2025,Spanish Grand Prix,SAI,4,SOFT,-0.3390857142857153,3.938895238095253,6,6.0,11.0
2025,Spanish Grand Prix,TSU,1,MEDIUM,-0.09802857142857054,1.047295238095237,6,2.0,7.0
2025,Spanish Grand Prix,TSU,2,SOFT,0.15190989010988976,0.6411230769230739,14,2.0,15.0
2025,Spanish Grand Prix,TSU,3,SOFT,0.10381217750258005,-0.11780564155486345,18,2.0,19.0
2025,Spanish Grand Prix,TSU,4,SOFT,0.15499999999999942,0.637999999999999,8,2.0,9.0
2025,Spanish Grand Prix,TSU,5,SOFT,-0.21682857142857156,3.489857142857147,6,10.0,15.0
2025,Spanish Grand Prix,VER,1,SOFT,0.10110909090909118,-0.1564545454545445,11,5.0,15.0
2025,Spanish Grand Prix,VER,2,SOFT,0.0675824175824176,0.005978021978019021,14,2.0,15.0
2025,Spanish Grand Prix,VER,3,MEDIUM,0.13342794117647064,-0.0376279411764634,16,2.0,17.0
2025,Spanish Grand Prix,VER,4,SOFT,0.28557142857142875,-0.9362857142857188,6,5.0,10.0
2025,United States Grand Prix,ALB,2,MEDIUM,0.004616286938867504,1.237184073990523,25,2.0,27.0
2025,United States Grand Prix,ALB,3,SOFT,0.027107017543859684,0.580875438596487,19,2.0,20.0
2025,United States Grand Prix,ALO,1,MEDIUM,-0.02579248756694731,1.1496405891354256,25,3.0,30.0
2025,United States Grand Prix,ALO,2,SOFT,-0.05766538461538457,1.772991538461536,25,5.0,29.0
2025,United States Grand Prix,ANT,1,MEDIUM,0.012094904037061528,1.5292181336863016,24,2.0,30.0
2025,United States Grand Prix,ANT,2,SOFT,-0.005782498833773797,1.775402697869692,23,5.0,28.0
2025,United States Grand Prix,BEA,1,MEDIUM,-0.018611738633114144,0.98257463540178,25,2.0,29.0
2025,United States Grand Prix,BEA,2,SOFT,-0.01511024390243902,0.8555034146341469,24,5.0,29.0
2025,United States Grand Prix,BOR,1,SOFT,-0.10495833333333361,1.4606666666666754,9,2.0,13.0
2025,United States Grand Prix,BOR,2,MEDIUM,0.08641917293233066,-0.11747117794485895,18,2.0,20.0
2025,United States Grand Prix,BOR,3,SOFT,0.11786377708978307,0.26676367389060407,18,2.0,19.0
2025,United States Grand Prix,COL,1,MEDIUM,-0.019617236842105184,1.7629269736842024,26,2.0,31.0
2025,United States Grand Prix,COL,2,SOFT,0.036779785431959415,0.2996476566911327,22,4.0,25.0
2025,United States Grand Prix,GAS,1,MEDIUM,-0.020478758640553072,0.952755832373271,23,2.0,26.0
2025,United States Grand Prix,GAS,2,SOFT,0.056130904392764976,0.33448888888889144,26,4.0,30.0
2025,United States Grand Prix,HAD,1,HARD,-0.010564972768600554,0.8550770581086486,22,4.0,27.0
2025,United States Grand Prix,HAD,2,SOFT,-0.015384004884004673,1.3296859991859906,27,2.0,28.0
2025,United States Grand Prix,HAM,1,MEDIUM,-0.002488670420488648,0.9942514757969276,25,2.0,30.0
2025,United States Grand Prix,HAM,2,SOFT,0.01735901136568666,0.20655655782066837,22,4.0,26.0
2025,United States Grand Prix,HUL,1,MEDIUM,-0.031107736389684837,1.5008676217765027,29,2.0,32.0
2025,United States Grand Prix,HUL,2,SOFT,-0.043953133822699234,1.697409937888203,22,5.0,26.0
2025,United States Grand Prix,LAW,1,MEDIUM,-0.03528445507345423,1.0586994875298943,26,2.0,29.0
2025,United States Grand Prix,LAW,2,SOFT,-0.03329000000000011,1.093819999999997,25,2.0,26.0
2025,United States Grand Prix,LEC,1,SOFT,-0.007179125364431433,0.9876085131195316,16,5.0,23.0
2025,United States Grand Prix,LEC,2,MEDIUM,0.005316510695187039,0.6518179590017901,33,2.0,34.0
2025,United States Grand Prix,NOR,1,MEDIUM,-0.026490212622342364,1.1127437563280518,24,2.0,31.0
2025,United States Grand Prix,NOR,2,SOFT,0.0027707509881422683,0.7403992094861637,23,8.0,30.0
2025,United States Grand Prix,OCO,1,HARD,-0.05380813362382016,2.095299491648515,19,2.0,23.0
2025,United States Grand Prix,OCO,2,MEDIUM,0.010191532258064547,0.32838911290321976,31,2.0,32.0
2025,United States Grand Prix,PIA,1,MEDIUM,-0.0014302608944954014,0.6816728067660585,22,2.0,29.0
2025,United States Grand Prix,PIA,2,SOFT,-0.024953846153846073,0.7939353846153905,25,5.0,29.0
2025,United States Grand Prix,RUS,1,MEDIUM,-0.013527313603113876,0.7373273270250369,28,2.0,32.0
2025,United States Grand Prix,RUS,2,SOFT,0.010070016939582227,0.4610965556182906,22,5.0,26.0
2025,United States Grand Prix,STR,1,SOFT,-0.0426520682098342,1.7291798383783084,23,2.0,27.0
2025,United States Grand Prix,STR,2,MEDIUM,-0.022216188052829204,0.913247982551801,26,3.0,29.0
2025,United States Grand Prix,TSU,1,MEDIUM,0.0006127968337733519,0.6540403693931335,25,2.0,28.0
2025,United States Grand Prix,TSU,2,SOFT,-0.03039186088636633,1.104701726844587,25,2.0,27.0
2025,United States Grand Prix,VER,1,MEDIUM,0.0013678194370342037,0.5638923865418469,28,2.0,32.0
2025,United States Grand Prix,VER,2,SOFT,0.0011733483907396718,0.4538046301524569,22,4.0,25.0
